plot_id,year,genotype,origin,genetic_cluster,genetic_cluster_raw,treatment,nitrogen_level,treatment_inferred,block,dtf_raw,dtf,flowering_event,flowering_code,height_cm_raw,height_cm,height_zero_flag,plants_m2_raw,plants_m2,plants_m2_zero_flag,number_of_tillers,days_to_harvest,normalized_difference_vegetation_index,fluorescence,thousand_seed_weight_g,protein_pct,fat_pct,thousand_seed_protein,thousand_seed_fat,panicle_length_cm,pedicel_length_cm
2023_Fm104_None_1,2023,Fm104,Sri Lanka,1,1,None,,FALSE,1,186,186,1,observed,85,85,FALSE,48,48,FALSE,,,,,,,,,,,
2023_Fm104_None_2,2023,Fm104,Sri Lanka,1,1,None,,FALSE,2,163,163,1,observed,96,96,FALSE,48,48,FALSE,,,,,,,,,,,
2023_Fm104_None_3,2023,Fm104,Sri Lanka,1,1,None,,FALSE,3,191,191,1,observed,85,85,FALSE,36,36,FALSE,,,,,,,,,,,
2023_Fm112_None_1,2023,Fm112,India,1,1,None,,FALSE,1,142,142,1,observed,115,115,FALSE,60,60,FALSE,,,,,,,,,,13,0.5
2023_Fm112_None_2,2023,Fm112,India,1,1,None,,FALSE,2,159,159,1,observed,106,106,FALSE,108,108,FALSE,,,,,,,,,,12,3.5
2023_Fm112_None_3,2023,Fm112,India,1,1,None,,FALSE,3,160,160,1,observed,120,120,FALSE,72,72,FALSE,,,,,,,,,,11,0.1
2023_Fm113_None_1,2023,Fm113,India,1,1,None,,FALSE,1,149,149,1,observed,113,113,FALSE,72,72,FALSE,,,,,,,,,,12.5,3
2023_Fm113_None_2,2023,Fm113,India,1,1,None,,FALSE,2,149,149,1,observed,116,116,FALSE,72,72,FALSE,,,,,,,,,,10,4
2023_Fm113_None_3,2023,Fm113,India,1,1,None,,FALSE,3,150,150,1,observed,118,118,FALSE,96,96,FALSE,,,,,,,,,,10,4.5
2023_Fm119_None_1,2023,Fm119,India,1,1,None,,FALSE,1,135,135,1,observed,113,113,FALSE,156,156,FALSE,,,,,,,,,,,
2023_Fm119_None_2,2023,Fm119,India,1,1,None,,FALSE,2,191,191,1,observed,115,115,FALSE,120,120,FALSE,,,,,,,,,,,
2023_Fm119_None_3,2023,Fm119,India,1,1,None,,FALSE,3,160,160,1,observed,127,127,FALSE,84,84,FALSE,,,,,,,,,,,
2023_Fm12_None_1,2023,Fm12,India,1,1,None,,FALSE,1,141,141,1,observed,118,118,FALSE,48,48,FALSE,,,,,,,,,,,
2023_Fm12_None_2,2023,Fm12,India,1,1,None,,FALSE,2,154,154,1,observed,128,128,FALSE,84,84,FALSE,,,,,,,,,,,
2023_Fm12_None_3,2023,Fm12,India,1,1,None,,FALSE,3,154,154,1,observed,128,128,FALSE,96,96,FALSE,,,,,,,,,,,
2023_Fm13_None_1,2023,Fm13,India,1,1,None,,FALSE,1,0,,,zero_code,118,118,FALSE,96,96,FALSE,,,,,,,,,,,
2023_Fm13_None_2,2023,Fm13,India,1,1,None,,FALSE,2,0,,,zero_code,124,124,FALSE,96,96,FALSE,,,,,,,,,,,
2023_Fm13_None_3,2023,Fm13,India,1,1,None,,FALSE,3,0,,,zero_code,140,140,FALSE,60,60,FALSE,,,,,,,,,,,
2023_Fm131_None_1,2023,Fm131,India,,*,None,,FALSE,1,165,165,1,observed,115,115,FALSE,66,66,FALSE,,,,,,,,,,,
2023_Fm131_None_2,2023,Fm131,India,,*,None,,FALSE,2,198,198,1,observed,97,97,FALSE,72,72,FALSE,,,,,,,,,,,
2023_Fm131_None_3,2023,Fm131,India,,*,None,,FALSE,3,198,198,1,observed,110,110,FALSE,72,72,FALSE,,,,,,,,,,,
2023_Fm132_None_1,2023,Fm132,Malawi,1,1,None,,FALSE,1,129,129,1,observed,130,130,FALSE,84,84,FALSE,,,,,,,,,,11.5,2.5
2023_Fm132_None_2,2023,Fm132,Malawi,1,1,None,,FALSE,2,138,138,1,observed,134,134,FALSE,48,48,FALSE,,,,,,,,,,10,5.3
2023_Fm132_None_3,2023,Fm132,Malawi,1,1,None,,FALSE,3,126,126,1,observed,129,129,FALSE,48,48,FALSE,,,,,,,,,,10.5,6
2023_Fm134_None_1,2023,Fm134,Cameroon,3,3,None,,FALSE,1,103,103,1,observed,117,117,FALSE,48,48,FALSE,,,,,,,,,,8.5,5.5
2023_Fm134_None_2,2023,Fm134,Cameroon,3,3,None,,FALSE,2,103,103,1,observed,125,125,FALSE,36,36,FALSE,,,,,,,,,,8.5,5.5
2023_Fm134_None_3,2023,Fm134,Cameroon,3,3,None,,FALSE,3,104,104,1,observed,114,114,FALSE,24,24,FALSE,,,,,,,,,,8.5,9
2023_Fm135_None_1,2023,Fm135,India,1,1,None,,FALSE,1,182,182,1,observed,92,92,FALSE,72,72,FALSE,,,,,,,,,,12,0.5
2023_Fm135_None_2,2023,Fm135,India,1,1,None,,FALSE,2,162,162,1,observed,101,101,FALSE,84,84,FALSE,,,,,,,,,,8,0.5
2023_Fm135_None_3,2023,Fm135,India,1,1,None,,FALSE,3,162,162,1,observed,106,106,FALSE,48,48,FALSE,,,,,,,,,,8,0.5
2023_Fm136_None_1,2023,Fm136,India,1,1,None,,FALSE,1,159,159,1,observed,108,108,FALSE,96,96,FALSE,,,,,,,,,,10.5,0.2
2023_Fm136_None_2,2023,Fm136,India,1,1,None,,FALSE,2,153,153,1,observed,104,104,FALSE,96,96,FALSE,,,,,,,,,,10.5,0.2
2023_Fm136_None_3,2023,Fm136,India,1,1,None,,FALSE,3,153,153,1,observed,125,125,FALSE,96,96,FALSE,,,,,,,,,,10,1.5
2023_Fm138_None_1,2023,Fm138,India,1,1,None,,FALSE,1,151,151,1,observed,120,120,FALSE,84,84,FALSE,,,,,,,,,,10,3
2023_Fm138_None_2,2023,Fm138,India,1,1,None,,FALSE,2,159,159,1,observed,120,120,FALSE,60,60,FALSE,,,,,,,,,,10,1
2023_Fm138_None_3,2023,Fm138,India,1,1,None,,FALSE,3,153,153,1,observed,125,125,FALSE,36,36,FALSE,,,,,,,,,,11,1
2023_Fm139_None_1,2023,Fm139,India,1,1,None,,FALSE,1,151,151,1,observed,127,127,FALSE,36,36,FALSE,,,,,,,,,,10,1
2023_Fm139_None_2,2023,Fm139,India,1,1,None,,FALSE,2,143,143,1,observed,136,136,FALSE,48,48,FALSE,,,,,,,,,,14.5,3
2023_Fm139_None_3,2023,Fm139,India,1,1,None,,FALSE,3,150,150,1,observed,106,106,FALSE,48,48,FALSE,,,,,,,,,,13,4.5
2023_Fm141_None_1,2023,Fm141,India,1,1,None,,FALSE,1,153,153,1,observed,113,113,FALSE,96,96,FALSE,,,,,,,,,,10,0.3
2023_Fm141_None_2,2023,Fm141,India,1,1,None,,FALSE,2,141,141,1,observed,113,113,FALSE,84,84,FALSE,,,,,,,,,,10,0.5
2023_Fm141_None_3,2023,Fm141,India,1,1,None,,FALSE,3,153,153,1,observed,124,124,FALSE,60,60,FALSE,,,,,,,,,,9.5,0.1
2023_Fm142_None_1,2023,Fm142,India,1,1,None,,FALSE,1,0,,,zero_code,99,99,FALSE,78,78,FALSE,,,,,,,,,,,
2023_Fm142_None_2,2023,Fm142,India,1,1,None,,FALSE,2,0,,,zero_code,96,96,FALSE,84,84,FALSE,,,,,,,,,,,
2023_Fm142_None_3,2023,Fm142,India,1,1,None,,FALSE,3,0,,,zero_code,105,105,FALSE,72,72,FALSE,,,,,,,,,,,
2023_Fm145_None_1,2023,Fm145,India,1,1,None,,FALSE,1,134,134,1,observed,116,116,FALSE,24,24,FALSE,,,,,,,,,,,
2023_Fm145_None_2,2023,Fm145,India,1,1,None,,FALSE,2,137,137,1,observed,117,117,FALSE,48,48,FALSE,,,,,,,,,,,
2023_Fm145_None_3,2023,Fm145,India,1,1,None,,FALSE,3,139,139,1,observed,118,118,FALSE,72,72,FALSE,,,,,,,,,,,
2023_Fm146_None_1,2023,Fm146,India,1,1,None,,FALSE,1,143,143,1,observed,124,124,FALSE,72,72,FALSE,,,,,,19.923427581787102,,,,11,1
2023_Fm146_None_2,2023,Fm146,India,1,1,None,,FALSE,2,116,116,1,observed,115,115,FALSE,36,36,FALSE,,,,,,17.610242843627923,,,,9,1
2023_Fm146_None_3,2023,Fm146,India,1,1,None,,FALSE,3,153,153,1,observed,113,113,FALSE,36,36,FALSE,,,,,,16.99551582336425,,,,13,1
2023_Fm150_None_1,2023,Fm150,Pakistan,1,1,None,,FALSE,1,159,159,1,observed,86,86,FALSE,108,108,FALSE,,,,,,,,,,12,3.5
2023_Fm150_None_2,2023,Fm150,Pakistan,1,1,None,,FALSE,2,163,163,1,observed,101,101,FALSE,60,60,FALSE,,,,,,,,,,11,0.7
2023_Fm150_None_3,2023,Fm150,Pakistan,1,1,None,,FALSE,3,159,159,1,observed,106,106,FALSE,72,72,FALSE,,,,,,,,,,11,1.5
2023_Fm157_None_1,2023,Fm157,India,1,1,None,,FALSE,1,0,,,zero_code,102,102,FALSE,60,60,FALSE,,,,,,,,,,,
2023_Fm157_None_2,2023,Fm157,India,1,1,None,,FALSE,2,0,,,zero_code,101,101,FALSE,84,84,FALSE,,,,,,,,,,,
2023_Fm157_None_3,2023,Fm157,India,1,1,None,,FALSE,3,0,,,zero_code,100,100,FALSE,84,84,FALSE,,,,,,,,,,,
2023_Fm161_None_1,2023,Fm161,India,1,1,None,,FALSE,1,0,,,zero_code,92,92,FALSE,120,120,FALSE,,,,,,,,,,,
2023_Fm161_None_2,2023,Fm161,India,1,1,None,,FALSE,2,0,,,zero_code,86,86,FALSE,108,108,FALSE,,,,,,,,,,,
2023_Fm161_None_3,2023,Fm161,India,1,1,None,,FALSE,3,0,,,zero_code,83,83,FALSE,96,96,FALSE,,,,,,,,,,,
2023_Fm170_None_1,2023,Fm170,India,1,1,None,,FALSE,1,153,153,1,observed,123,123,FALSE,72,72,FALSE,,,,,0.8175182481751827,,,,,11.5,4
2023_Fm170_None_2,2023,Fm170,India,1,1,None,,FALSE,2,138,138,1,observed,121,121,FALSE,72,72,FALSE,,,,,1.4626865671641789,,,,,13,3
2023_Fm170_None_3,2023,Fm170,India,1,1,None,,FALSE,3,141,141,1,observed,121,121,FALSE,36,36,FALSE,,,,,1.878727634194831,,,,,12.5,3
2023_Fm172_None_1,2023,Fm172,India,1,1,None,,FALSE,1,151,151,1,observed,115,115,FALSE,96,96,FALSE,,,,,,,,,,,
2023_Fm172_None_2,2023,Fm172,India,1,1,None,,FALSE,2,153,153,1,observed,117,117,FALSE,60,60,FALSE,,,,,,,,,,,
2023_Fm172_None_3,2023,Fm172,India,1,1,None,,FALSE,3,154,154,1,observed,100,100,FALSE,72,72,FALSE,,,,,,,,,,,
2023_Fm173_None_1,2023,Fm173,India,1,1,None,,FALSE,1,136,136,1,observed,121,121,FALSE,36,36,FALSE,,,,,2.8952912142152027,,,,,12,1
2023_Fm173_None_2,2023,Fm173,India,1,1,None,,FALSE,2,139,139,1,observed,115,115,FALSE,84,84,FALSE,,,,,2.401214215202369,,,,,12.5,0.5
2023_Fm173_None_3,2023,Fm173,India,1,1,None,,FALSE,3,139,139,1,observed,118,118,FALSE,48,48,FALSE,,,,,0.4,,,,,10,0.1
2023_Fm174_None_1,2023,Fm174,India,1,1,None,,FALSE,1,139,139,1,observed,100,100,FALSE,36,36,FALSE,,,,,2.4614754098360643,18.66315078735352,,0.4593888673313329,,11,2
2023_Fm174_None_2,2023,Fm174,India,1,1,None,,FALSE,2,135,135,1,observed,104,104,FALSE,48,48,FALSE,,,,,1.264625850340136,16.217063903808597,,0.2050851822937427,,9.5,2
2023_Fm174_None_3,2023,Fm174,India,1,1,None,,FALSE,3,139,139,1,observed,94,94,FALSE,48,48,FALSE,,,,,2.0576663356504468,14.733043670654297,,0.3031568798277324,,12.5,0.5
2023_Fm175_None_1,2023,Fm175,India,1,1,None,,FALSE,1,140,140,1,observed,104,104,FALSE,96,96,FALSE,,,,,,,,,,8.5,1
2023_Fm175_None_2,2023,Fm175,India,1,1,None,,FALSE,2,152,152,1,observed,118,118,FALSE,84,84,FALSE,,,,,,,,,,10.5,0.1
2023_Fm175_None_3,2023,Fm175,India,1,1,None,,FALSE,3,139,139,1,observed,123,123,FALSE,84,84,FALSE,,,,,,,,,,9.5,1
2023_Fm176_None_1,2023,Fm176,India,1,1,None,,FALSE,1,139,139,1,observed,98,98,FALSE,60,60,FALSE,,,,,2.298015564202335,,,,,13.5,7.5
2023_Fm176_None_2,2023,Fm176,India,1,1,None,,FALSE,2,140,140,1,observed,97,97,FALSE,60,60,FALSE,,,,,1.8147900763358777,,,,,11,6
2023_Fm176_None_3,2023,Fm176,India,1,1,None,,FALSE,3,128,128,1,observed,95,95,FALSE,48,48,FALSE,,,,,1.7774766355140184,,,,,11.5,6
2023_Fm177_None_1,2023,Fm177,India,1,1,None,,FALSE,1,141,141,1,observed,124,124,FALSE,36,36,FALSE,,,,,,,,,,13,0.3
2023_Fm177_None_2,2023,Fm177,India,1,1,None,,FALSE,2,154,154,1,observed,124,124,FALSE,36,36,FALSE,,,,,,,,,,11,1
2023_Fm177_None_3,2023,Fm177,India,1,1,None,,FALSE,3,154,154,1,observed,127,127,FALSE,36,36,FALSE,,,,,,,,,,13,1.5
2023_Fm180_None_1,2023,Fm180,India,1,1,None,,FALSE,1,135,135,1,observed,87,87,FALSE,60,60,FALSE,,,,,,,,,,10,4.5
2023_Fm180_None_2,2023,Fm180,India,1,1,None,,FALSE,2,140,140,1,observed,99,99,FALSE,84,84,FALSE,,,,,,,,,,8.5,7
2023_Fm180_None_3,2023,Fm180,India,1,1,None,,FALSE,3,143,143,1,observed,103,103,FALSE,36,36,FALSE,,,,,,,,,,12,10
2023_Fm181_None_1,2023,Fm181,India,2,2,None,,FALSE,1,79,79,1,observed,106,106,FALSE,36,36,FALSE,,,,,2.1006206896551722,15.271820068359373,4.553103964098413,0.32080301204286776,0.09564344389136106,15,20
2023_Fm181_None_2,2023,Fm181,India,2,2,None,,FALSE,2,79,79,1,observed,110,110,FALSE,72,72,FALSE,,,,,1.813827519379845,15.690970420837399,4.281999562565867,0.2846071395509003,0.07766808644554427,15,10.5
2023_Fm181_None_3,2023,Fm181,India,2,2,None,,FALSE,3,80,80,1,observed,118,118,FALSE,48,48,FALSE,,,,,2.0329787234042547,14.728808403015133,4.780441490624417,0.2994335410442759,0.09718535838918366,16,9
2023_Fm184_None_1,2023,Fm184,India,1,1,None,,FALSE,1,159,159,1,observed,107,107,FALSE,60,60,FALSE,,,,,,,,,,13,5
2023_Fm184_None_2,2023,Fm184,India,1,1,None,,FALSE,2,159,159,1,observed,114,114,FALSE,48,48,FALSE,,,,,,,,,,19,3
2023_Fm184_None_3,2023,Fm184,India,1,1,None,,FALSE,3,159,159,1,observed,129,129,FALSE,84,84,FALSE,,,,,,,,,,11,2
2023_Fm185_None_1,2023,Fm185,India,1,1,None,,FALSE,1,128,128,1,observed,130,130,FALSE,108,108,FALSE,,,,,0.9976371780515116,,,,,11,7
2023_Fm185_None_2,2023,Fm185,India,1,1,None,,FALSE,2,137,137,1,observed,121,121,FALSE,72,72,FALSE,,,,,1.206478342749529,,,,,11,5.5
2023_Fm185_None_3,2023,Fm185,India,1,1,None,,FALSE,3,138,138,1,observed,132,132,FALSE,84,84,FALSE,,,,,1.305652173913044,,,,,11,6
2023_Fm190_None_1,2023,Fm190,RUSSIAN FEDERATION,4,4,None,,FALSE,1,102,102,1,observed,118,118,FALSE,36,36,FALSE,,,,,3.1075820895522392,14.079517364501955,5.170565302144839,0.4375325599146603,0.16067956125805555,21,4.5
2023_Fm190_None_2,2023,Fm190,RUSSIAN FEDERATION,4,4,None,,FALSE,2,105,105,1,observed,104,104,FALSE,36,36,FALSE,,,,,2.650285433070865,14.788534164428713,4.774607214526859,0.39193836672456245,0.12654071949295598,20,8.5
2023_Fm190_None_3,2023,Fm190,RUSSIAN FEDERATION,4,4,None,,FALSE,3,100,100,1,observed,109,109,FALSE,36,36,FALSE,,,,,2.9732673267326732,15.523470878601074,4.517531663169401,0.4615542876083073,0.13431829291581898,22,4
2023_Fm191_None_1,2023,Fm191,RUSSIAN FEDERATION,5,5,None,,FALSE,1,108,108,1,observed,103,103,FALSE,12,12,FALSE,,,,,,,,,,,
2023_Fm191_None_2,2023,Fm191,RUSSIAN FEDERATION,5,5,None,,FALSE,2,103,103,1,observed,103,103,FALSE,36,36,FALSE,,,,,,,,,,,
2023_Fm191_None_3,2023,Fm191,RUSSIAN FEDERATION,5,5,None,,FALSE,3,108,108,1,observed,104,104,FALSE,0,0,TRUE,,,,,,,,,,,
2023_Fm193_None_1,2023,Fm193,China,4,4,None,,FALSE,1,100,100,1,observed,108,108,FALSE,72,72,FALSE,,,,,2.0218217821782183,13.475461006164553,4.184409822270713,0.272449805871567,0.08460130924227416,12.5,10
2023_Fm193_None_2,2023,Fm193,China,4,4,None,,FALSE,2,100,100,1,observed,119,119,FALSE,72,72,FALSE,,,,,1.9272691552062866,14.585240364074707,3.668747145684198,0.2810968387495089,0.0707066321212826,16,4.5
2023_Fm193_None_3,2023,Fm193,China,4,4,None,,FALSE,3,98,98,1,observed,110,110,FALSE,60,60,FALSE,,,,,1.8866503906249998,16.910446166992188,3.7260950030847737,0.31904099866598845,0.07029838593075748,14,8
2023_Fm194_None_1,2023,Fm194,RUSSIAN FEDERATION,4,4,None,,FALSE,1,118,118,1,observed,119,119,FALSE,48,48,FALSE,,,,,2.9581791044776122,16.779590606689453,3.1066412010734834,0.4963703431439757,0.09190001086124809,10,2.5
2023_Fm194_None_2,2023,Fm194,RUSSIAN FEDERATION,4,4,None,,FALSE,2,118,118,1,observed,122,122,FALSE,72,72,FALSE,,,,,2.7361308950914345,16.81310462951661,2.8909516049032553,0.460028550192252,0.07910022002389963,9,1.5
2023_Fm194_None_3,2023,Fm194,RUSSIAN FEDERATION,4,4,None,,FALSE,3,114,114,1,observed,121,121,FALSE,96,96,FALSE,,,,,2.894574468085107,13.861184120178224,3.2937173640808752,0.401222296516946,0.09533910187157074,10,2
2023_Fm195_None_1,2023,Fm195,Greece,2,2,None,,FALSE,1,104,104,1,observed,132,132,FALSE,72,72,FALSE,,,,,2.0833498513379594,19.151098251342777,4.275048169557059,0.3989843769489361,0.08906420968509313,15,28
2023_Fm195_None_2,2023,Fm195,Greece,2,2,None,,FALSE,2,105,105,1,observed,119,119,FALSE,48,48,FALSE,,,,,2.5349351944167493,16.160625457763672,4.317371687813357,0.4096613823667243,0.10944257438816521,20,14
2023_Fm195_None_3,2023,Fm195,Greece,2,2,None,,FALSE,3,102,102,1,observed,150,150,FALSE,72,72,FALSE,,,,,2.328581081081081,19.480068206787106,4.794349605670626,0.45360918284493534,0.11164031787853158,19,21
2023_Fm203_None_1,2023,Fm203,RUSSIAN FEDERATION,3,3,None,,FALSE,1,87,87,1,observed,119,119,FALSE,84,84,FALSE,,,,,1.972844660194174,,,,,19.5,6
2023_Fm203_None_2,2023,Fm203,RUSSIAN FEDERATION,3,3,None,,FALSE,2,83,83,1,observed,119,119,FALSE,84,84,FALSE,,,,,1.8780851063829789,,,,,14.5,3.5
2023_Fm203_None_3,2023,Fm203,RUSSIAN FEDERATION,3,3,None,,FALSE,3,85,85,1,observed,103,103,FALSE,60,60,FALSE,,,,,2.0919335937500003,,,,,12,7
2023_Fm205_None_1,2023,Fm205,Georgia,2,2,None,,FALSE,1,129,129,1,observed,128,128,FALSE,72,72,FALSE,,,,,,,,,,,
2023_Fm205_None_2,2023,Fm205,Georgia,2,2,None,,FALSE,2,138,138,1,observed,115,115,FALSE,60,60,FALSE,,,,,,,,,,,
2023_Fm205_None_3,2023,Fm205,Georgia,2,2,None,,FALSE,3,120,120,1,observed,115,115,FALSE,36,36,FALSE,,,,,,,,,,,
2023_Fm206_None_1,2023,Fm206,Georgia,2,2,None,,FALSE,1,140,140,1,observed,101,101,FALSE,36,36,FALSE,,,,,,,,,,,
2023_Fm206_None_2,2023,Fm206,Georgia,2,2,None,,FALSE,2,140,140,1,observed,107,107,FALSE,12,12,FALSE,,,,,,,,,,,
2023_Fm206_None_3,2023,Fm206,Georgia,2,2,None,,FALSE,3,139,139,1,observed,107,107,FALSE,48,48,FALSE,,,,,,,,,,,
2023_Fm207_None_1,2023,Fm207,Georgia,2,2,None,,FALSE,1,135,135,1,observed,120,120,FALSE,54,54,FALSE,,,,,,,,,,20,2
2023_Fm207_None_2,2023,Fm207,Georgia,2,2,None,,FALSE,2,141,141,1,observed,128,128,FALSE,48,48,FALSE,,,,,,,,,,15,2
2023_Fm207_None_3,2023,Fm207,Georgia,2,2,None,,FALSE,3,139,139,1,observed,115,115,FALSE,60,60,FALSE,,,,,,,,,,14,0.5
2023_Fm208_None_1,2023,Fm208,Georgia,2,2,None,,FALSE,1,149,149,1,observed,115,115,FALSE,36,36,FALSE,,,,,1.8991304347826088,13.470634460449222,,0.2558249187967052,,19.5,1.5
2023_Fm208_None_2,2023,Fm208,Georgia,2,2,None,,FALSE,2,140,140,1,observed,114,114,FALSE,48,48,FALSE,,,,,1.5588540646425075,17.78870773315429,,0.2772999935456518,,19,2
2023_Fm208_None_3,2023,Fm208,Georgia,2,2,None,,FALSE,3,139,139,1,observed,102,102,FALSE,12,12,FALSE,,,,,0.405944609297725,16.15199089050293,,0.06556813631425626,,21,4
2023_Fm214_None_1,2023,Fm214,China,5,5,None,,FALSE,1,88,88,1,observed,117,117,FALSE,24,24,FALSE,,,,,1.9501247600767753,11.23883533477783,3.072495141570851,0.21917131060776004,0.05991748850792915,12,6
2023_Fm214_None_2,2023,Fm214,China,5,5,None,,FALSE,2,91,91,1,observed,130,130,FALSE,48,48,FALSE,,,,,2.6310869565217394,12.2196044921875,3.2590932436849585,0.3215084199324899,0.0857495772354762,12,3
2023_Fm214_None_3,2023,Fm214,China,5,5,None,,FALSE,3,90,90,1,observed,122,122,FALSE,48,48,FALSE,,,,,1.9806401551891366,12.213047981262207,3.151828487406395,0.24189653248939558,0.06242638064426144,12.5,6
2023_Fm215_None_1,2023,Fm215,Germany,2,2,None,,FALSE,1,79,79,1,observed,133,133,FALSE,108,108,FALSE,,,,,2.423681102362205,13.11353874206543,4.519842915335568,0.31783036034238626,0.10954657859544507,18,5.5
2023_Fm215_None_2,2023,Fm215,Germany,2,2,None,,FALSE,2,79,79,1,observed,134,134,FALSE,84,84,FALSE,,,,,2.610029296875,15.67821979522705,4.514114414189398,0.4092061298838817,0.11781970870480059,20,8.5
2023_Fm215_None_3,2023,Fm215,Germany,2,2,None,,FALSE,3,79,79,1,observed,145,145,FALSE,72,72,FALSE,,,,,2.1042632612966607,13.341524124145508,3.323999299948054,0.28074079064142493,0.06994569607456509,19.5,11
2023_Fm216_None_1,2023,Fm216,Bulgaria,4,4,None,,FALSE,1,106,106,1,observed,103,103,FALSE,24,24,FALSE,,,,,3.8338299999999994,13.386609077453617,4.628649902069025,0.5132198347941398,0.17745456854049294,19.5,3.5
2023_Fm216_None_2,2023,Fm216,Bulgaria,4,4,None,,FALSE,2,107,107,1,observed,98,98,FALSE,12,12,FALSE,,,,,3.1641948310139174,12.921627044677733,4.170717480070294,0.4088654550305892,0.13196962692057812,19,5
2023_Fm216_None_3,2023,Fm216,Bulgaria,4,4,None,,FALSE,3,108,108,1,observed,105,105,FALSE,24,24,FALSE,,,,,3.883879999999999,13.409078598022463,4.502143878036991,0.5207925218528746,0.17485786565030315,14.5,5
2023_Fm219_None_1,2023,Fm219,Germany,2,2,None,,FALSE,1,87,87,1,observed,122,122,FALSE,48,48,FALSE,,,,,2.22222,14.223429679870605,4.1357522378056375,0.31607589903202066,0.09190551337896445,13,12
2023_Fm219_None_2,2023,Fm219,Germany,2,2,None,,FALSE,2,87,87,1,observed,125,125,FALSE,48,48,FALSE,,,,,2.1747916666666667,13.94855213165283,3.912039264748283,0.30335194937984156,0.08507870392647358,15,8
2023_Fm219_None_3,2023,Fm219,Germany,2,2,None,,FALSE,3,87,87,1,observed,124,124,FALSE,72,72,FALSE,,,,,2.175231071779744,14.165756225585943,4.364942670144329,0.3081379309715187,0.09494758922635184,16.5,9.5
2023_Fm220_None_1,2023,Fm220,Hungary,4,4,None,,FALSE,1,129,129,1,observed,95,95,FALSE,84,84,FALSE,,,,,,,,,,9,4
2023_Fm220_None_2,2023,Fm220,Hungary,4,4,None,,FALSE,2,130,130,1,observed,115,115,FALSE,72,72,FALSE,,,,,,,,,,16,2.5
2023_Fm220_None_3,2023,Fm220,Hungary,4,4,None,,FALSE,3,130,130,1,observed,109,109,FALSE,48,48,FALSE,,,,,,,,,,9,8
2023_Fm221_None_1,2023,Fm221,China,5,5,None,,FALSE,1,97,97,1,observed,124,124,FALSE,48,48,FALSE,,,,,1.555806451612903,13.390935897827152,3.0481087036359855,0.20833704462974306,0.04742267186334312,11,9.5
2023_Fm221_None_2,2023,Fm221,China,5,5,None,,FALSE,2,96,96,1,observed,137,137,FALSE,66,66,FALSE,,,,,1.676361886429259,14.037895202636719,3.166844749584913,0.23532592483388337,0.05308777838442758,12,3.5
2023_Fm221_None_3,2023,Fm221,China,5,5,None,,FALSE,3,96,96,1,observed,132,132,FALSE,48,48,FALSE,,,,,1.8632475247524753,14.050165176391602,2.357437207910048,0.2617893548727508,0.043924890423977805,12,9
2023_Fm225_None_1,2023,Fm225,Hungary,2,2,None,,FALSE,1,79,79,1,observed,110,110,FALSE,60,60,FALSE,,,,,2.055360315893386,17.01324462890625,,0.3496834785484019,,16,10
2023_Fm225_None_2,2023,Fm225,Hungary,2,2,None,,FALSE,2,79,79,1,observed,113,113,FALSE,72,72,FALSE,,,,,2.0217241379310344,17.749111175537106,,0.3588380649040485,,17.5,8.5
2023_Fm225_None_3,2023,Fm225,Hungary,2,2,None,,FALSE,3,82,82,1,observed,114,114,FALSE,72,72,FALSE,,,,,2.0376086956521737,16.754028320312504,,0.34138153792671533,,13.5,14
2023_Fm227_None_1,2023,Fm227,China,4,4,None,,FALSE,1,105,105,1,observed,127,127,FALSE,72,72,FALSE,,,,,2.3459384309831175,,,,,14,9
2023_Fm227_None_2,2023,Fm227,China,4,4,None,,FALSE,2,105,105,1,observed,143,143,FALSE,36,36,FALSE,,,,,2.186891757696128,,,,,14,9.5
2023_Fm227_None_3,2023,Fm227,China,4,4,None,,FALSE,3,107,107,1,observed,132,132,FALSE,36,36,FALSE,,,,,2.3977215189873426,,,,,15,8.5
2023_Fm228_None_1,2023,Fm228,Hungary,3,3,None,,FALSE,1,99,99,1,observed,115,115,FALSE,84,84,FALSE,,,,,2.537326043737575,,,,,8,5.5
2023_Fm228_None_2,2023,Fm228,Hungary,3,3,None,,FALSE,2,98,98,1,observed,99,99,FALSE,48,48,FALSE,,,,,2.694616151545364,,,,,9,6.5
2023_Fm228_None_3,2023,Fm228,Hungary,3,3,None,,FALSE,3,98,98,1,observed,105,105,FALSE,84,84,FALSE,,,,,2.8103472222222226,,,,,8,7
2023_Fm232_None_1,2023,Fm232,"KOREA, SOUTH",4,4,None,,FALSE,1,113,113,1,observed,125,125,FALSE,60,60,FALSE,,,,,2.425154536390828,,,,,10,9
2023_Fm232_None_2,2023,Fm232,"KOREA, SOUTH",4,4,None,,FALSE,2,114,114,1,observed,106,106,FALSE,60,60,FALSE,,,,,2.787098039215686,,,,,12,2
2023_Fm232_None_3,2023,Fm232,"KOREA, SOUTH",4,4,None,,FALSE,3,114,114,1,observed,119,119,FALSE,84,84,FALSE,,,,,2.4952182347235685,,,,,10,4.5
2023_Fm233_None_1,2023,Fm233,"KOREA, SOUTH",4,4,None,,FALSE,1,117,117,1,observed,114,114,FALSE,60,60,FALSE,,,,,1.9763079960513328,12.98147773742676,3.6774564259723115,0.25655398253038864,0.07267786539779433,17,2
2023_Fm233_None_2,2023,Fm233,"KOREA, SOUTH",4,4,None,,FALSE,2,116,116,1,observed,115,115,FALSE,48,48,FALSE,,,,,1.8547659980897802,15.16720199584961,3.3937142719308517,0.2813161054806132,0.06294545838809355,12,4
2023_Fm233_None_3,2023,Fm233,"KOREA, SOUTH",4,4,None,,FALSE,3,116,116,1,observed,100,100,FALSE,48,48,FALSE,,,,,1.9463888888888887,13.501585006713867,3.576117835231183,0.2627933503945668,0.06960516019851361,12,4
2023_Fm234_None_1,2023,Fm234,"KOREA, SOUTH",4,4,None,,FALSE,1,140,140,1,observed,102,102,FALSE,48,48,FALSE,,,,,,,,,,12,1
2023_Fm234_None_2,2023,Fm234,"KOREA, SOUTH",4,4,None,,FALSE,2,140,140,1,observed,102,102,FALSE,72,72,FALSE,,,,,,,,,,12,1.5
2023_Fm234_None_3,2023,Fm234,"KOREA, SOUTH",4,4,None,,FALSE,3,140,140,1,observed,117,117,FALSE,72,72,FALSE,,,,,,,,,,10.5,1.2
2023_Fm235_None_1,2023,Fm235,"KOREA, SOUTH",4,4,None,,FALSE,1,140,140,1,observed,130,130,FALSE,54,54,FALSE,,,,,2.874158415841584,15.353149414062502,,0.4412738359810102,,15,0.7
2023_Fm235_None_2,2023,Fm235,"KOREA, SOUTH",4,4,None,,FALSE,2,110,110,1,observed,134,134,FALSE,60,60,FALSE,,,,,2.179047619047619,15.229728698730467,,0.3318630405970982,,13,2
2023_Fm235_None_3,2023,Fm235,"KOREA, SOUTH",4,4,None,,FALSE,3,140,140,1,observed,140,140,FALSE,48,48,FALSE,,,,,2.4027988047808764,15.2732629776001,,0.3669857802768153,,12,5
2023_Fm236_None_1,2023,Fm236,Germany,3,3,None,,FALSE,1,91,91,1,observed,121,121,FALSE,36,36,FALSE,,,,,0.8035106382978724,16.514953613281254,1.8451042716492554,0.13269940919267373,0.014825609110390239,11.5,10
2023_Fm236_None_2,2023,Fm236,Germany,3,3,None,,FALSE,2,94,94,1,observed,126,126,FALSE,36,36,FALSE,,,,,2.416206896551724,17.58115577697754,2.9038243728460547,0.42479709837683316,0.07016240476045622,13,8
2023_Fm236_None_3,2023,Fm236,Germany,3,3,None,,FALSE,3,98,98,1,observed,112,112,FALSE,36,36,FALSE,,,,,2.234375,17.227746963500973,3.1498994712936237,0.384932471215725,0.07038056631171691,16.5,11
2023_Fm238_None_1,2023,Fm238,Italy,4,4,None,,FALSE,1,118,118,1,observed,145,145,FALSE,72,72,FALSE,,,,,2.6673353293413182,18.467063903808594,3.765978618631167,0.4925785197983245,0.1004512781901892,14,0.5
2023_Fm238_None_2,2023,Fm238,Italy,4,4,None,,FALSE,2,117,117,1,observed,140,140,FALSE,84,84,FALSE,,,,,2.4638513513513516,20.435573577880856,3.632098765431967,0.503502155755017,0.08948951451451123,10.5,0.3
2023_Fm238_None_3,2023,Fm238,Italy,4,4,None,,FALSE,3,116,116,1,observed,135,135,FALSE,36,36,FALSE,,,,,0.8069481765834936,17.530982971191406,2.6801014462954833,0.14146594742319182,0.021627029751469226,11,0.5
2023_Fm245_None_1,2023,Fm245,Georgia,2,2,None,,FALSE,1,139,139,1,observed,105,105,FALSE,48,48,FALSE,,,,,1.728530927835052,,,,,15,2
2023_Fm245_None_2,2023,Fm245,Georgia,2,2,None,,FALSE,2,140,140,1,observed,117,117,FALSE,72,72,FALSE,,,,,1.8426368159203979,,,,,19.5,2.5
2023_Fm245_None_3,2023,Fm245,Georgia,2,2,None,,FALSE,3,140,140,1,observed,125,125,FALSE,24,24,FALSE,,,,,1.7212962962962959,,,,,16,6
2023_Fm246_None_1,2023,Fm246,Georgia,2,2,None,,FALSE,1,138,138,1,observed,108,108,FALSE,96,96,FALSE,,,,,,,,,,21,3
2023_Fm246_None_2,2023,Fm246,Georgia,2,2,None,,FALSE,2,138,138,1,observed,112,112,FALSE,60,60,FALSE,,,,,,,,,,19,3.5
2023_Fm246_None_3,2023,Fm246,Georgia,2,2,None,,FALSE,3,139,139,1,observed,109,109,FALSE,60,60,FALSE,,,,,,,,,,17,0.5
2023_Fm249_None_1,2023,Fm249,Georgia,2,2,None,,FALSE,1,128,128,1,observed,117,117,FALSE,84,84,FALSE,,,,,1.7864307078763708,,,,,20,12
2023_Fm249_None_2,2023,Fm249,Georgia,2,2,None,,FALSE,2,128,128,1,observed,116,116,FALSE,60,60,FALSE,,,,,1.4042084168336673,,,,,16,6
2023_Fm249_None_3,2023,Fm249,Georgia,2,2,None,,FALSE,3,125,125,1,observed,130,130,FALSE,48,48,FALSE,,,,,1.9242524271844659,,,,,19,9
2023_Fm250_None_1,2023,Fm250,Georgia,2,2,None,,FALSE,1,139,139,1,observed,126,126,FALSE,48,48,FALSE,,,,,1.6501092353525322,17.736553192138675,3.5218909228152113,0.2926725022566946,0.058115047376416325,19.5,2
2023_Fm250_None_2,2023,Fm250,Georgia,2,2,None,,FALSE,2,138,138,1,observed,136,136,FALSE,36,36,FALSE,,,,,1.7438681102362206,16.124217987060547,4.3066322136086415,0.28118509550132154,0.0751019857982813,16,5.5
2023_Fm250_None_3,2023,Fm250,Georgia,2,2,None,,FALSE,3,127,127,1,observed,142,142,FALSE,24,24,FALSE,,,,,1.6568275862068966,15.67358112335205,3.9098774516022554,0.2596842157982136,0.06477992820502937,18.5,7
2023_Fm251_None_1,2023,Fm251,Georgia,2,2,None,,FALSE,1,153,153,1,observed,106,106,FALSE,108,108,FALSE,,,,,,,,,,10,1
2023_Fm251_None_2,2023,Fm251,Georgia,2,2,None,,FALSE,2,154,154,1,observed,118,118,FALSE,72,72,FALSE,,,,,,,,,,12.5,1
2023_Fm251_None_3,2023,Fm251,Georgia,2,2,None,,FALSE,3,132,132,1,observed,102,102,FALSE,72,72,FALSE,,,,,,,,,,12,2
2023_Fm255_None_1,2023,Fm255,Germany,3,3,None,,FALSE,1,83,83,1,observed,124,124,FALSE,60,60,FALSE,,,,,2.808279569892474,15.54604434967041,4.305049453409822,0.43657638739821747,0.1208978242738756,12,9
2023_Fm255_None_2,2023,Fm255,Germany,3,3,None,,FALSE,2,83,83,1,observed,124,124,FALSE,60,60,FALSE,,,,,2.9446989141164854,15.88146114349365,5.037559638615259,0.4676612138382893,0.14834096397627394,12,6.5
2023_Fm255_None_3,2023,Fm255,Germany,3,3,None,,FALSE,3,83,83,1,observed,116,116,FALSE,96,96,FALSE,,,,,3.0396340257171115,17.24317741394043,3.747659294498696,0.5241294877889012,0.11391512708353223,10,11
2023_Fm28_None_1,2023,Fm28,India,1,1,None,,FALSE,1,137,137,1,observed,124,124,FALSE,36,36,FALSE,,,,,,,,,,10,6.5
2023_Fm28_None_2,2023,Fm28,India,1,1,None,,FALSE,2,143,143,1,observed,118,118,FALSE,36,36,FALSE,,,,,,,,,,10.5,2.5
2023_Fm28_None_3,2023,Fm28,India,1,1,None,,FALSE,3,153,153,1,observed,110,110,FALSE,36,36,FALSE,,,,,,,,,,11.5,1
2023_Fm3_None_1,2023,Fm3,India,,*,None,,FALSE,1,139,139,1,observed,116,116,FALSE,48,48,FALSE,,,,,2.16,,,,,11.5,2.5
2023_Fm3_None_2,2023,Fm3,India,,*,None,,FALSE,2,140,140,1,observed,120,120,FALSE,60,60,FALSE,,,,,1.975903165735568,,,,,9,1
2023_Fm3_None_3,2023,Fm3,India,,*,None,,FALSE,3,141,141,1,observed,121,121,FALSE,72,72,FALSE,,,,,2.2763555114200593,,,,,8,3
2023_Fm30_None_1,2023,Fm30,India,1,1,None,,FALSE,1,140,140,1,observed,120,120,FALSE,108,108,FALSE,,,,,,,,,,13,3
2023_Fm30_None_2,2023,Fm30,India,1,1,None,,FALSE,2,141,141,1,observed,123,123,FALSE,60,60,FALSE,,,,,,,,,,14,6
2023_Fm30_None_3,2023,Fm30,India,1,1,None,,FALSE,3,141,141,1,observed,97,97,FALSE,84,84,FALSE,,,,,,,,,,10.5,6
2023_Fm31_None_1,2023,Fm31,India,1,1,None,,FALSE,1,143,143,1,observed,113,113,FALSE,108,108,FALSE,,,,,,,,,,11,1
2023_Fm31_None_2,2023,Fm31,India,1,1,None,,FALSE,2,152,152,1,observed,115,115,FALSE,60,60,FALSE,,,,,,,,,,9.5,0.5
2023_Fm31_None_3,2023,Fm31,India,1,1,None,,FALSE,3,141,141,1,observed,107,107,FALSE,72,72,FALSE,,,,,,,,,,11,1.5
2023_Fm321_None_1,2023,Fm321,RUSSIAN FEDERATION,5,5,None,,FALSE,1,89,89,1,observed,124,124,FALSE,72,72,FALSE,,,,,1.2782,17.26965522766113,,0.22074073311996462,,10,10.5
2023_Fm321_None_2,2023,Fm321,RUSSIAN FEDERATION,5,5,None,,FALSE,2,91,91,1,observed,115,115,FALSE,72,72,FALSE,,,,,1.6587999999999998,19.31438255310059,,0.3203869777908327,,13,6
2023_Fm321_None_3,2023,Fm321,RUSSIAN FEDERATION,5,5,None,,FALSE,3,89,89,1,observed,123,123,FALSE,84,84,FALSE,,,,,1.7408695652173911,21.88104057312011,,0.3809203758903173,,10,8
2023_Fm322_None_1,2023,Fm322,CHINA,4,4,None,,FALSE,1,139,139,1,observed,94,94,FALSE,48,48,FALSE,,,,,2.1089029126213594,14.903209686279299,2.5079493035967397,0.3142942231480126,0.052890215910618744,13.5,1
2023_Fm322_None_2,2023,Fm322,CHINA,4,4,None,,FALSE,2,139,139,1,observed,103,103,FALSE,48,48,FALSE,,,,,2.2936633663366344,15.21705436706543,3.3498140252196804,0.34902800145290874,0.07683345713687043,14,0.5
2023_Fm322_None_3,2023,Fm322,CHINA,4,4,None,,FALSE,3,139,139,1,observed,113,113,FALSE,96,96,FALSE,,,,,2.6362970297029706,15.933409690856935,3.0469017459770806,0.4200520064104667,0.0803253802271617,16.5,1.5
2023_Fm324_None_1,2023,Fm324,CHINA,5,5,None,,FALSE,1,100,100,1,observed,144,144,FALSE,36,36,FALSE,,,,,2.640433070866142,15.437230110168457,3.6903057251234217,0.4076097290545937,0.09744005278222538,12,5
2023_Fm324_None_2,2023,Fm324,CHINA,5,5,None,,FALSE,2,104,104,1,observed,134,134,FALSE,36,36,FALSE,,,,,2.4390838206627676,14.35557746887207,4.003558718861181,0.35014456740596844,0.0976501529624767,12,10.5
2023_Fm324_None_3,2023,Fm324,CHINA,5,5,None,,FALSE,3,113,113,1,observed,146,146,FALSE,36,36,FALSE,,,,,2.797052631578947,12.968336105346681,3.9868128498046436,0.36273118630660195,0.11151325373158844,12.5,12
2023_Fm325_None_1,2023,Fm325,CHINA,4,4,None,,FALSE,1,114,114,1,observed,126,126,FALSE,84,84,FALSE,,,,,2.455839057899902,13.363935470581056,4.254448762528383,0.32819674695906864,0.10448241440851107,18,4
2023_Fm325_None_2,2023,Fm325,CHINA,4,4,None,,FALSE,2,117,117,1,observed,132,132,FALSE,84,84,FALSE,,,,,2.114515503875969,12.29784297943115,4.047804498100924,0.26003979644239406,0.08559145367893291,11.5,5.5
2023_Fm325_None_3,2023,Fm325,CHINA,4,4,None,,FALSE,3,114,114,1,observed,133,133,FALSE,48,48,FALSE,,,,,1.976926782273603,13.658634185791016,3.97969126621898,0.2700211973116807,0.07867558249368649,17,3.5
2023_Fm328_None_1,2023,Fm328,CHINA,4,4,None,,FALSE,1,111,111,1,observed,131,131,FALSE,48,48,FALSE,,,,,2.607074829931974,13.034288406372067,4.656844957302065,0.3398136523032676,0.12140743275077848,10.5,7
2023_Fm328_None_2,2023,Fm328,CHINA,4,4,None,,FALSE,2,112,112,1,observed,127,127,FALSE,60,60,FALSE,,,,,2.487922330097087,15.917598724365234,4.3685921480370435,0.3960174930787318,0.10868717956188165,14,2
2023_Fm328_None_3,2023,Fm328,CHINA,4,4,None,,FALSE,3,111,111,1,observed,135,135,FALSE,48,48,FALSE,,,,,2.573459357277883,14.454860687255858,4.467497905475165,0.37198996493766817,0.11496924288464405,14.5,2
2023_Fm332_None_1,2023,Fm332,CHINA,5,5,None,,FALSE,1,129,129,1,observed,110,110,FALSE,48,48,FALSE,,,,,,14.336180686950684,4.058829643488529,,,11.5,3
2023_Fm332_None_2,2023,Fm332,CHINA,5,5,None,,FALSE,2,122,122,1,observed,102,102,FALSE,36,36,FALSE,,,,,,16.203542709350586,3.850638815656356,,,12,1
2023_Fm332_None_3,2023,Fm332,CHINA,5,5,None,,FALSE,3,118,118,1,observed,119,119,FALSE,48,48,FALSE,,,,,,14.727594375610352,4.181850167123472,,,11.5,4.5
2023_Fm334_None_1,2023,Fm334,CHINA,4,4,None,,FALSE,1,139,139,1,observed,114,114,FALSE,60,60,FALSE,,,,,,,,,,12,0.5
2023_Fm334_None_2,2023,Fm334,CHINA,4,4,None,,FALSE,2,140,140,1,observed,121,121,FALSE,48,48,FALSE,,,,,,,,,,12,1
2023_Fm334_None_3,2023,Fm334,CHINA,4,4,None,,FALSE,3,140,140,1,observed,125,125,FALSE,48,48,FALSE,,,,,,,,,,14.5,1
2023_Fm336_None_1,2023,Fm336,CHINA,4,4,None,,FALSE,1,111,111,1,observed,120,120,FALSE,54,54,FALSE,,,,,2.0472763028515244,,,,,12,4.5
2023_Fm336_None_2,2023,Fm336,CHINA,4,4,None,,FALSE,2,86,86,1,observed,132,132,FALSE,48,48,FALSE,,,,,2.169655172413793,,,,,12,8.5
2023_Fm336_None_3,2023,Fm336,CHINA,4,4,None,,FALSE,3,105,105,1,observed,128,128,FALSE,48,48,FALSE,,,,,2.851686046511628,,,,,11.5,8
2023_Fm337_None_1,2023,Fm337,CHINA,4,4,None,,FALSE,1,108,108,1,observed,109,109,FALSE,36,36,FALSE,,,,,2.8458835143139187,14.412087440490723,4.771573604061242,0.4101512205374323,0.13579342657133345,15,3
2023_Fm337_None_2,2023,Fm337,CHINA,4,4,None,,FALSE,2,109,109,1,observed,119,119,FALSE,48,48,FALSE,,,,,2.5832258064516136,13.512351036071776,4.171382757970609,0.34905453902213796,0.10775623588976979,13.5,7
2023_Fm337_None_3,2023,Fm337,CHINA,4,4,None,,FALSE,3,109,109,1,observed,109,109,FALSE,24,24,FALSE,,,,,2.826582278481013,11.643946647644045,3.9591376705593486,0.32912573245809046,0.11190828377669652,14,3.5
2023_Fm341_None_1,2023,Fm341,CHINA,5,5,None,,FALSE,1,111,111,1,observed,119,119,FALSE,36,36,FALSE,,,,,2.382858565737052,16.16927528381348,3.96489540754962,0.3852909611179535,0.09447784984131113,11.5,1.5
2023_Fm341_None_2,2023,Fm341,CHINA,5,5,None,,FALSE,2,113,113,1,observed,121,121,FALSE,36,36,FALSE,,,,,2.647110675808032,15.118085861206055,3.813762929617455,0.4001924648098101,0.10095452565991282,14.5,3
2023_Fm341_None_3,2023,Fm341,CHINA,5,5,None,,FALSE,3,118,118,1,observed,113,113,FALSE,36,36,FALSE,,,,,2.598090107737513,13.978921890258787,4.110952332346755,0.3631849867991673,0.10680624588050561,11,3.5
2023_Fm343_None_1,2023,Fm343,CHINA,4,4,None,,FALSE,1,137,137,1,observed,146,146,FALSE,58,58,FALSE,,,,,2.32515748031496,14.022434234619146,,0.3260436785284928,,11.5,3.5
2023_Fm343_None_2,2023,Fm343,CHINA,4,4,None,,FALSE,2,122,122,1,observed,138,138,FALSE,36,36,FALSE,,,,,2.124531095755183,13.7885684967041,,0.2929424253719816,,10,3
2023_Fm343_None_3,2023,Fm343,CHINA,4,4,None,,FALSE,3,118,118,1,observed,136,136,FALSE,72,72,FALSE,,,,,2.4801783944499505,13.49049472808838,,0.3345883355504576,,11,4
2023_Fm344_None_1,2023,Fm344,CHINA,5,5,None,,FALSE,1,116,116,1,observed,108,108,FALSE,48,48,FALSE,,,,,2.2941625857002936,20.137483596801758,4.2188040951582035,0.4619866143793599,0.09678622511511131,14.5,4
2023_Fm344_None_2,2023,Fm344,CHINA,5,5,None,,FALSE,2,120,120,1,observed,113,113,FALSE,36,36,FALSE,,,,,2.418844317096466,16.39370727539062,3.9041321476526996,0.39653825679221605,0.09443487858543353,12,5
2023_Fm344_None_3,2023,Fm344,CHINA,5,5,None,,FALSE,3,124,124,1,observed,110,110,FALSE,36,36,FALSE,,,,,2.2069291338582673,12.93311405181885,4.235463029432771,0.2854246619247078,0.09347366755034778,14,4
2023_Fm345_None_1,2023,Fm345,CHINA,4,4,None,,FALSE,1,114,114,1,observed,121,121,FALSE,60,60,FALSE,,,,,2.8004166666666666,,3.8845197115509507,,0.10878273742222475,21.5,2.5
2023_Fm345_None_2,2023,Fm345,CHINA,4,4,None,,FALSE,2,114,114,1,observed,128,128,FALSE,84,84,FALSE,,,,,2.906437440305635,,4.238460570997937,,0.12318820492807604,15,5
2023_Fm345_None_3,2023,Fm345,CHINA,4,4,None,,FALSE,3,114,114,1,observed,130,130,FALSE,48,48,FALSE,,,,,2.9304637681159416,,3.753630744022956,,0.10999878894245356,21,9
2023_Fm346_None_1,2023,Fm346,CHINA,4,4,None,,FALSE,1,118,118,1,observed,99,99,FALSE,24,24,FALSE,,,,,2.613887240356084,,,,,,
2023_Fm346_None_2,2023,Fm346,CHINA,4,4,None,,FALSE,2,128,128,1,observed,98,98,FALSE,0,0,TRUE,,,,,3.113778664007977,,,,,,
2023_Fm346_None_3,2023,Fm346,CHINA,4,4,None,,FALSE,3,118,118,1,observed,85,85,FALSE,12,12,FALSE,,,,,3.1454347826086964,,,,,,
2023_Fm347_None_1,2023,Fm347,CHINA,4,4,None,,FALSE,1,105,105,1,observed,136,136,FALSE,108,108,FALSE,,,,,2.5049272550921446,9.033812522888184,3.252783585354681,0.22629043205975335,0.08147986257871286,13,6
2023_Fm347_None_2,2023,Fm347,CHINA,4,4,None,,FALSE,2,103,103,1,observed,135,135,FALSE,96,96,FALSE,,,,,2.448630136986301,9.390410423278809,3.035437298652099,0.2299364196111078,0.07432663248411817,15,10
2023_Fm347_None_3,2023,Fm347,CHINA,4,4,None,,FALSE,3,111,111,1,observed,135,135,FALSE,60,60,FALSE,,,,,2.55327536231884,13.114645004272461,3.455030325915083,0.3348529997496674,0.08821643807223419,15.5,6.5
2023_Fm349_None_1,2023,Fm349,CHINA,4,4,None,,FALSE,1,120,120,1,observed,125,125,FALSE,60,60,FALSE,,,,,2.6321505376344083,10.799895286560059,2.832074092127519,0.28426950184914374,0.07454445344213928,19,1.5
2023_Fm349_None_2,2023,Fm349,CHINA,4,4,None,,FALSE,2,121,121,1,observed,126,126,FALSE,60,60,FALSE,,,,,2.4233695652173926,11.989435195922853,2.672605790646117,0.29054832357945665,0.06476711532875563,14.5,2.5
2023_Fm349_None_3,2023,Fm349,CHINA,4,4,None,,FALSE,3,118,118,1,observed,111,111,FALSE,48,48,FALSE,,,,,2.4098148148148146,14.702360153198242,2.714605275421802,0.35429965309920136,0.0654169600908591,13,0.5
2023_Fm351_None_1,2023,Fm351,CHINA,4,4,None,,FALSE,1,119,119,1,observed,132,132,FALSE,96,96,FALSE,,,,,2.5219747081712063,14.579607963562013,4.760127401214604,0.36769402539154883,0.1200492091353596,15,2.5
2023_Fm351_None_2,2023,Fm351,CHINA,4,4,None,,FALSE,2,118,118,1,observed,138,138,FALSE,72,72,FALSE,,,,,2.392203721841333,15.20132827758789,4.003842920620153,0.3636467408257764,0.095780079363756,14,1.5
2023_Fm351_None_3,2023,Fm351,CHINA,4,4,None,,FALSE,3,114,114,1,observed,127,127,FALSE,84,84,FALSE,,,,,2.627145593869732,15.835891723632812,3.731550397375875,0.41603193166740104,0.09803326184768878,12.5,2
2023_Fm352_None_1,2023,Fm352,CHINA,5,5,None,,FALSE,1,107,107,1,observed,144,144,FALSE,36,36,FALSE,,,,,2.8047821782178217,13.840368270874022,4.080136241070655,0.38819218266118866,0.1144389341365563,11,3
2023_Fm352_None_2,2023,Fm352,CHINA,5,5,None,,FALSE,2,109,109,1,observed,140,140,FALSE,12,12,FALSE,,,,,3.098099902056807,16.678874969482433,4.0523527874773135,0.5167282090937123,0.12554593773983094,13.5,1
2023_Fm352_None_3,2023,Fm352,CHINA,5,5,None,,FALSE,3,109,109,1,observed,150,150,FALSE,24,24,FALSE,,,,,3.125165562913908,14.789930343627931,3.55489342195747,0.4622098098780147,0.11109630502130664,11,7
2023_Fm354_None_1,2023,Fm354,CHINA,4,4,None,,FALSE,1,107,107,1,observed,132,132,FALSE,84,84,FALSE,,,,,2.4506219151036523,10.819410324096681,3.925904198912628,0.2651428404873003,0.09620906866452733,19,2
2023_Fm354_None_2,2023,Fm354,CHINA,4,4,None,,FALSE,2,108,108,1,observed,126,126,FALSE,54,54,FALSE,,,,,2.739891304347826,12.165926933288574,3.359827436637139,0.3333331741384838,0.09205561977751346,16,2
2023_Fm354_None_3,2023,Fm354,CHINA,4,4,None,,FALSE,3,111,111,1,observed,123,123,FALSE,48,48,FALSE,,,,,,11.196000099182129,3.5347722949015266,0,0,21,5.5
2023_Fm355_None_1,2023,Fm355,CHINA,4,4,None,,FALSE,1,109,109,1,observed,120,120,FALSE,36,36,FALSE,,,,,2.5394100294985242,13.263683319091799,3.6149988773290045,0.3368193044859399,0.09179964405715181,15,3
2023_Fm355_None_2,2023,Fm355,CHINA,4,4,None,,FALSE,2,109,109,1,observed,117,117,FALSE,48,48,FALSE,,,,,2.6151369863013705,13.251766204833984,3.396143196687087,0.3465518393607988,0.08881379684432168,14.5,3
2023_Fm355_None_3,2023,Fm355,CHINA,4,4,None,,FALSE,3,112,112,1,observed,135,135,FALSE,72,72,FALSE,,,,,2.384735294117647,14.188222885131832,3.4459702720769987,0.33835155874981593,0.08217726930302209,10,6
2023_Fm356_None_1,2023,Fm356,CHINA,4,4,None,,FALSE,1,118,118,1,observed,125,125,FALSE,72,72,FALSE,,,,,2.4608325171400582,15.869077682495117,3.527227722772119,0.3905114237810558,0.08679916675555506,15,3.5
2023_Fm356_None_2,2023,Fm356,CHINA,4,4,None,,FALSE,2,115,115,1,observed,118,118,FALSE,84,84,FALSE,,,,,2.5198612487611496,15.554248809814453,3.2489549465864256,0.39194548829440684,0.08186915668873981,16,4.5
2023_Fm356_None_3,2023,Fm356,CHINA,4,4,None,,FALSE,3,114,114,1,observed,122,122,FALSE,60,60,FALSE,,,,,2.5711960784313734,12.593786239624027,3.23349138429532,0.3238109379192429,0.08313940366941756,15,1
2023_Fm357_None_1,2023,Fm357,CHINA,5,5,None,,FALSE,1,104,104,1,observed,134,134,FALSE,108,108,FALSE,,,,,2.196368932038834,15.811750411987306,4.232492997199267,0.34728437366041165,0.09296116124120397,11,8
2023_Fm357_None_2,2023,Fm357,CHINA,5,5,None,,FALSE,2,109,109,1,observed,127,127,FALSE,72,72,FALSE,,,,,2.0315862068965522,16.130899429321293,3.7966694178761657,0.32771312785444595,0.07713261221503181,11,5
2023_Fm357_None_3,2023,Fm357,CHINA,5,5,None,,FALSE,3,109,109,1,observed,116,116,FALSE,72,72,FALSE,,,,,2.3945490196078425,15.192031860351562,4.445832932807899,0.3637806499705595,0.10645764890595416,10.5,9
2023_Fm358_None_1,2023,Fm358,CHINA,4,4,None,,FALSE,1,128,128,1,observed,133,133,FALSE,96,96,FALSE,,,,,2.5609241245136185,16.569959640502926,3.661430105647157,0.4243440938558097,0.09376644687772252,12,5.5
2023_Fm358_None_2,2023,Fm358,CHINA,4,4,None,,FALSE,2,137,137,1,observed,124,124,FALSE,96,96,FALSE,,,,,2.258470363288718,16.78652381896972,3.3887909223344566,0.3791186654778329,0.07653483865474209,11.5,4.5
2023_Fm358_None_3,2023,Fm358,CHINA,4,4,None,,FALSE,3,127,127,1,observed,126,126,FALSE,72,72,FALSE,,,,,2.252001982160555,14.576180458068851,3.4954407294836694,0.32825587283900987,0.07871739451321963,10.5,4.5
2023_Fm359_None_1,2023,Fm359,CHINA,4,4,None,,FALSE,1,121,121,1,observed,132,132,FALSE,84,84,FALSE,,,,,2.420977295162883,14.561921119689943,3.9234857601282114,0.3525408040472221,0.09498669943165285,17,5.5
2023_Fm359_None_2,2023,Fm359,CHINA,4,4,None,,FALSE,2,121,121,1,observed,124,124,FALSE,96,96,FALSE,,,,,1.98649564375605,17.14008140563965,2.9333998503369956,0.3404869704592724,0.05827186024089087,10,2.5
2023_Fm359_None_3,2023,Fm359,CHINA,4,4,None,,FALSE,3,120,120,1,observed,150,150,FALSE,108,108,FALSE,,,,,2.2893684210526315,15.678318977355955,3.740813326800834,0.3589344836194892,0.08564099899430669,16,7
2023_Fm36_None_1,2023,Fm36,India,1,1,None,,FALSE,1,137,137,1,observed,135,135,FALSE,84,84,FALSE,,,,,2.1386350148367947,16.31465148925782,,0.3489108492978603,,9,1.5
2023_Fm36_None_2,2023,Fm36,India,1,1,None,,FALSE,2,139,139,1,observed,139,139,FALSE,96,96,FALSE,,,,,2.354130434782608,18.42485046386719,,0.4337450123330821,,13,3
2023_Fm36_None_3,2023,Fm36,India,1,1,None,,FALSE,3,128,128,1,observed,137,137,FALSE,48,48,FALSE,,,,,2.069662027833002,19.163795471191406,,0.39662579795882913,,10,2
2023_Fm361_None_1,2023,Fm361,CHINA,4,4,None,,FALSE,1,108,108,1,observed,132,132,FALSE,120,120,FALSE,,,,,2.9714102564102562,16.65682220458984,3.8880805285883855,0.49494252337920364,0.1155308236039654,12,2.5
2023_Fm361_None_2,2023,Fm361,CHINA,4,4,None,,FALSE,2,108,108,1,observed,142,142,FALSE,96,96,FALSE,,,,,2.4579009900990094,15.291018486022947,3.4830035514969664,0.3758380947641808,0.08560877877742762,11,2.5
2023_Fm361_None_3,2023,Fm361,CHINA,4,4,None,,FALSE,3,113,113,1,observed,130,130,FALSE,72,72,FALSE,,,,,2.923617021276596,15.399821281433104,3.750305399462697,0.45023179623015375,0.10964456700854665,15,2.5
2023_Fm362_None_1,2023,Fm362,CHINA,4,4,None,,FALSE,1,109,109,1,observed,122,122,FALSE,72,72,FALSE,,,,,2.568419512195122,15.565861701965332,4.071125398699286,0.3997966291945853,0.1045635791061239,14.5,5
2023_Fm362_None_2,2023,Fm362,CHINA,4,4,None,,FALSE,2,109,109,1,observed,130,130,FALSE,96,96,FALSE,,,,,0.7722558593750002,14.08184623718262,3.8359915449650908,0.1087478826748207,0.029623669471122504,11,3
2023_Fm362_None_3,2023,Fm362,CHINA,4,4,None,,FALSE,3,114,114,1,observed,150,150,FALSE,60,60,FALSE,,,,,2.777284313725491,14.214992523193358,2.371366849961301,0.3947907575439004,0.0658595995448615,11,11
2023_Fm363_None_1,2023,Fm363,CHINA,5,5,None,,FALSE,1,116,116,1,observed,126,126,FALSE,72,72,FALSE,,,,,2.6448794599807135,14.360427856445318,3.401291885344779,0.3798160067404708,0.08996007044947481,18,6
2023_Fm363_None_2,2023,Fm363,CHINA,5,5,None,,FALSE,2,110,110,1,observed,134,134,FALSE,24,24,FALSE,,,,,2.788218503937008,11.590969085693358,3.6980687590488692,0.3231815448329205,0.1031102374281143,16,6.5
2023_Fm363_None_3,2023,Fm363,CHINA,5,5,None,,FALSE,3,107,107,1,observed,128,128,FALSE,36,36,FALSE,,,,,2.6628543689320394,13.122127532958984,3.6626764338035382,0.3494231463082323,0.0975317394373817,18.5,4
2023_Fm364_None_1,2023,Fm364,CHINA,4,4,None,,FALSE,1,118,118,1,observed,102,102,FALSE,72,72,FALSE,,,,,2.5590953785644053,14.195625305175781,3.710566854948616,0.3632795911430727,0.09495694490353264,14,3
2023_Fm364_None_2,2023,Fm364,CHINA,4,4,None,,FALSE,2,118,118,1,observed,116,116,FALSE,60,60,FALSE,,,,,2.466091173617847,16.076364517211914,2.9890409670291347,0.39645780639759437,0.07371247546372703,14,2.5
2023_Fm364_None_3,2023,Fm364,CHINA,4,4,None,,FALSE,3,120,120,1,observed,123,123,FALSE,72,72,FALSE,,,,,2.6362970297029706,12.319354057312013,3.3989657432813325,0.324774765091509,0.08960683293074727,19,5
2023_Fm365_None_1,2023,Fm365,CHINA,4,4,None,,FALSE,1,108,108,1,observed,126,126,FALSE,96,96,FALSE,,,,,2.396482758620689,,3.820291140175977,,0.09155261850343104,14,4.5
2023_Fm365_None_2,2023,Fm365,CHINA,4,4,None,,FALSE,2,104,104,1,observed,137,137,FALSE,72,72,FALSE,,,,,2.3552941176470585,,3.7410253180504536,,0.0881121492557295,14,10
2023_Fm365_None_3,2023,Fm365,CHINA,4,4,None,,FALSE,3,108,108,1,observed,137,137,FALSE,60,60,FALSE,,,,,2.4730588235294113,,3.8738413386300237,,0.0958023750345197,15,10.5
2023_Fm366_None_1,2023,Fm366,CHINA,4,4,None,,FALSE,1,102,102,1,observed,130,130,FALSE,72,72,FALSE,,,,,1.8155868089233753,12.480607986450195,3.359843794646977,0.22659627227542706,0.0610008807360411,17,5.5
2023_Fm366_None_2,2023,Fm366,CHINA,4,4,None,,FALSE,2,102,102,1,observed,124,124,FALSE,84,84,FALSE,,,,,1.7193879565646595,12.014033317565922,3.4596956031567383,0.20656784195989403,0.059485589534474026,20,6.5
2023_Fm366_None_3,2023,Fm366,CHINA,4,4,None,,FALSE,3,102,102,1,observed,123,123,FALSE,48,48,FALSE,,,,,2.0812871287128716,11.408017158508303,3.091299579601555,0.23743359276138917,0.06433882026020228,16,3.5
2023_Fm368_None_1,2023,Fm368,CHINA,5,5,None,,FALSE,1,113,113,1,observed,143,143,FALSE,96,96,FALSE,,,,,2.8418634146341457,14.172800064086916,4.551404927766216,0.40277161985053084,0.1293447114940438,11,2
2023_Fm368_None_2,2023,Fm368,CHINA,5,5,None,,FALSE,2,108,108,1,observed,137,137,FALSE,72,72,FALSE,,,,,2.662129538763494,13.36500072479248,3.5290480606877597,0.3557936321506556,0.0939478308607291,12.5,6.5
2023_Fm368_None_3,2023,Fm368,CHINA,5,5,None,,FALSE,3,112,112,1,observed,134,134,FALSE,48,48,FALSE,,,,,3.281164383561644,12.770898818969728,3.384933405369391,0.41903418350872934,0.11106522930426076,12,2
2023_Fm369_None_1,2023,Fm369,CHINA,5,5,None,,FALSE,1,98,98,1,observed,109,109,FALSE,84,84,FALSE,,,,,2.1582536585365855,14.790204048156738,3.53265273051319,0.31921011997436904,0.07624360679969351,13.5,2.5
2023_Fm369_None_2,2023,Fm369,CHINA,5,5,None,,FALSE,2,100,100,1,observed,110,110,FALSE,72,72,FALSE,,,,,2.2331506849315073,13.663394927978516,3.367517290722581,0.305124197419049,0.07520173544295823,16,5
2023_Fm369_None_3,2023,Fm369,CHINA,5,5,None,,FALSE,3,99,99,1,observed,120,120,FALSE,60,60,FALSE,,,,,2.5570099009900993,15.486903190612793,3.935236682733864,0.3960016479407208,0.10062439160489925,14,4.5
2023_Fm370_None_1,2023,Fm370,CHINA,5,5,None,,FALSE,1,114,114,1,observed,127,127,FALSE,96,96,FALSE,,,,,2.1782393669634033,14.498259544372557,3.4653918294523685,0.315806796920052,0.07548452904866475,12.5,5.5
2023_Fm370_None_2,2023,Fm370,CHINA,5,5,None,,FALSE,2,114,114,1,observed,137,137,FALSE,60,60,FALSE,,,,,2.2408974358974363,13.56802177429199,2.9806924413963043,0.30404545204211497,0.06679426049123847,12.5,1.5
2023_Fm370_None_3,2023,Fm370,CHINA,5,5,None,,FALSE,3,116,116,1,observed,127,127,FALSE,60,60,FALSE,,,,,2.218070678127985,15.859064102172852,3.508896797153529,0.35176525067581704,0.0778298109834344,16.5,4
2023_Fm372_None_1,2023,Fm372,CHINA,5,5,None,,FALSE,1,107,107,1,observed,138,138,FALSE,48,48,FALSE,,,,,2.869862068965517,,,,,12,2
2023_Fm372_None_2,2023,Fm372,CHINA,5,5,None,,FALSE,2,113,113,1,observed,132,132,FALSE,36,36,FALSE,,,,,2.9252524271844655,,,,,11.5,1.5
2023_Fm372_None_3,2023,Fm372,CHINA,5,5,None,,FALSE,3,113,113,1,observed,135,135,FALSE,48,48,FALSE,,,,,3.0274146341463415,,,,,13,4
2023_Fm375_None_1,2023,Fm375,CHINA,5,5,None,,FALSE,1,111,111,1,observed,126,126,FALSE,60,60,FALSE,,,,,2.413894736842105,15.855850219726568,4.421254285138039,0.3827435339355469,0.10672442449135314,10,4
2023_Fm375_None_2,2023,Fm375,CHINA,5,5,None,,FALSE,2,109,109,1,observed,133,133,FALSE,60,60,FALSE,,,,,2.4669194312796203,15.048663139343262,4.021068545929362,0.3712383951322728,0.09919652130460432,6,8.5
2023_Fm375_None_3,2023,Fm375,CHINA,5,5,None,,FALSE,3,114,114,1,observed,131,131,FALSE,36,36,FALSE,,,,,2.5737193326790972,15.129192352294922,5.197921820881031,0.3893829484492219,0.13377991880156048,9.5,5.5
2023_Fm376_None_1,2023,Fm376,CHINA,5,5,None,,FALSE,1,99,99,1,observed,125,125,FALSE,96,96,FALSE,,,,,2.29025641025641,17.07191658020019,3.9867352661480844,0.3909906638316619,0.09130645999290947,14,5
2023_Fm376_None_2,2023,Fm376,CHINA,5,5,None,,FALSE,2,100,100,1,observed,140,140,FALSE,72,72,FALSE,,,,,2.3570058139534877,15.678540229797365,4.647052966945485,0.3695441047593605,0.1095313086084032,13,4
2023_Fm376_None_3,2023,Fm376,CHINA,5,5,None,,FALSE,3,105,105,1,observed,132,132,FALSE,72,72,FALSE,,,,,2.4506219151036523,15.92796325683594,4.59593835802806,0.3903341582016788,0.11262907260649062,11,2.5
2023_Fm377_None_1,2023,Fm377,CHINA,5,5,None,,FALSE,1,110,110,1,observed,143,143,FALSE,60,60,FALSE,,,,,2.554072620215898,15.116172790527344,4.782067247820146,0.3860780304673843,0.12213747025688633,11.5,4
2023_Fm377_None_2,2023,Fm377,CHINA,5,5,None,,FALSE,2,111,111,1,observed,142,142,FALSE,72,72,FALSE,,,,,2.384735294117647,13.56953525543213,5.062905070529686,0.32359749648402725,0.1207368841245934,12,5.5
2023_Fm377_None_3,2023,Fm377,CHINA,5,5,None,,FALSE,3,110,110,1,observed,130,130,FALSE,36,36,FALSE,,,,,2.458251473477407,15.657238960266113,4.9879110251450385,0.38489430744662034,0.12261539627136997,12.5,1.5
2023_Fm378_None_1,2023,Fm378,CHINA,5,5,None,,FALSE,1,104,104,1,observed,146,146,FALSE,48,48,FALSE,,,,,2.571739130434782,,,,,11.5,7
2023_Fm378_None_2,2023,Fm378,CHINA,5,5,None,,FALSE,2,105,105,1,observed,138,138,FALSE,84,84,FALSE,,,,,1.8720251937984498,,,,,13.5,8.5
2023_Fm378_None_3,2023,Fm378,CHINA,5,5,None,,FALSE,3,103,103,1,observed,152,152,FALSE,48,48,FALSE,,,,,2.405580933465739,,,,,11,8
2023_Fm379_None_1,2023,Fm379,CHINA,5,5,None,,FALSE,1,112,112,1,observed,117,117,FALSE,84,84,FALSE,,,,,2.348499999999999,16.585969924926754,4.0575762556647605,0.38952150368690486,0.09529217836428691,9,5
2023_Fm379_None_2,2023,Fm379,CHINA,5,5,None,,FALSE,2,113,113,1,observed,133,133,FALSE,72,72,FALSE,,,,,2.48294921875,15.68937015533447,3.849758657856442,0.3895590936986729,0.09558755251900702,7,3
2023_Fm379_None_3,2023,Fm379,CHINA,5,5,None,,FALSE,3,112,112,1,observed,135,135,FALSE,48,48,FALSE,,,,,2.3599214145383103,14.756443023681644,4.127426484720123,0.3482404589400075,0.09740402148223598,9.5,4.5
2023_Fm380_None_1,2023,Fm380,CHINA,5,5,None,,FALSE,1,104,104,1,observed,128,128,FALSE,36,36,FALSE,,,,,2.680379746835444,14.782251358032227,3.5348410167197386,0.39622047152700307,0.09474716269498795,13,5
2023_Fm380_None_2,2023,Fm380,CHINA,5,5,None,,FALSE,2,107,107,1,observed,132,132,FALSE,48,48,FALSE,,,,,3.061882352941177,15.311819076538086,3.3941520467832778,0.4688298862188004,0.10392494255244894,9.5,5.5
2023_Fm380_None_3,2023,Fm380,CHINA,5,5,None,,FALSE,3,111,111,1,observed,127,127,FALSE,48,48,FALSE,,,,,2.3427659574468076,13.890537261962894,3.1916603522302953,0.32542277827973065,0.07477313220937826,9,3
2023_Fm381_None_1,2023,Fm381,CHINA,5,5,None,,FALSE,1,106,106,1,observed,146,146,FALSE,60,60,FALSE,,,,,2.339615384615384,14.572544097900396,4.066323557972863,0.3409414836443388,0.09513633155057281,10,9
2023_Fm381_None_2,2023,Fm381,CHINA,5,5,None,,FALSE,2,107,107,1,observed,140,140,FALSE,48,48,FALSE,,,,,2.18,15.300506591796877,4.159865459761206,0.3335510437011718,0.09068506702279429,10,8
2023_Fm381_None_3,2023,Fm381,CHINA,5,5,None,,FALSE,3,103,103,1,observed,144,144,FALSE,72,72,FALSE,,,,,2.3092567567567572,13.197869300842285,3.9488098794942466,0.3047726885776263,0.09118815895369925,13,4
2023_Fm382_None_1,2023,Fm382,CHINA,5,5,None,,FALSE,1,107,107,1,observed,126,126,FALSE,36,36,FALSE,,,,,2.88136454183267,,,,,14.5,2.5
2023_Fm382_None_2,2023,Fm382,CHINA,5,5,None,,FALSE,2,104,104,1,observed,133,133,FALSE,60,60,FALSE,,,,,2.480781099324976,,,,,12,4
2023_Fm382_None_3,2023,Fm382,CHINA,5,5,None,,FALSE,3,107,107,1,observed,137,137,FALSE,60,60,FALSE,,,,,2.813138033763654,,,,,12.5,8
2023_Fm383_None_1,2023,Fm383,CHINA,5,5,None,,FALSE,1,112,112,1,observed,144,144,FALSE,84,84,FALSE,,,,,2.7291233140655113,17.063966751098636,4.436381834104903,0.4656966949086199,0.12107433093552405,13,5
2023_Fm383_None_2,2023,Fm383,CHINA,5,5,None,,FALSE,2,113,113,1,observed,148,148,FALSE,48,48,FALSE,,,,,2.855794117647059,14.995281219482424,4.128395304288269,0.4282343589906133,0.11789847025308182,12,2.5
2023_Fm383_None_3,2023,Fm383,CHINA,5,5,None,,FALSE,3,109,109,1,observed,142,142,FALSE,96,96,FALSE,,,,,2.826120434353405,16.463682174682614,3.8266204052897224,0.46528348618570464,0.10814490121903,10.5,2
2023_Fm384_None_1,2023,Fm384,CHINA,5,5,None,,FALSE,1,115,115,1,observed,105,105,FALSE,60,60,FALSE,,,,,2.2732261208576996,15.051080703735352,3.8586350268733765,0.34214509802868476,0.08771549933945014,14,3
2023_Fm384_None_2,2023,Fm384,CHINA,5,5,None,,FALSE,2,118,118,1,observed,110,110,FALSE,72,72,FALSE,,,,,2.392828685258963,14.52802085876465,3.7976576127585377,0.34763065050892605,0.09087144072600706,11,1.5
2023_Fm384_None_3,2023,Fm384,CHINA,5,5,None,,FALSE,3,114,114,1,observed,99,99,FALSE,48,48,FALSE,,,,,2.384271653543307,15.518218040466307,3.9259905912023583,0.3699964738738819,0.09360628078681511,12,3
2023_Fm387_None_1,2023,Fm387,CHINA,,*,None,,FALSE,1,138,138,1,observed,120,120,FALSE,60,60,FALSE,,,,,1.474109452736318,13.627857208251953,,0.2008895313122498,,13,1.5
2023_Fm387_None_2,2023,Fm387,CHINA,,*,None,,FALSE,2,139,139,1,observed,116,116,FALSE,60,60,FALSE,,,,,1.9395402298850575,13.19889831542969,,0.2559979427293799,,11.5,2.5
2023_Fm387_None_3,2023,Fm387,CHINA,,*,None,,FALSE,3,127,127,1,observed,129,129,FALSE,84,84,FALSE,,,,,2.8134615384615382,11.685407638549808,,0.32876444952304545,,14.5,2
2023_Fm388_None_1,2023,Fm388,CHINA,5,5,None,,FALSE,1,107,107,1,observed,138,138,FALSE,60,60,FALSE,,,,,2.6485603112840472,16.351001739501953,4.75511057538614,0.43306614256981296,0.12594197145734784,15,2
2023_Fm388_None_2,2023,Fm388,CHINA,5,5,None,,FALSE,2,105,105,1,observed,142,142,FALSE,48,48,FALSE,,,,,2.832839506172839,14.506586074829105,4.554944923084093,0.4109483013247267,0.12903427926554023,14,3.5
2023_Fm388_None_3,2023,Fm388,CHINA,5,5,None,,FALSE,3,108,108,1,observed,138,138,FALSE,60,60,FALSE,,,,,2.660760869565218,15.423008918762209,4.974123059229767,0.41036938621997837,0.1323495199640059,17,5
2023_Fm389_None_1,2023,Fm389,CHINA,5,5,None,,FALSE,1,110,110,1,observed,112,112,FALSE,66,66,FALSE,,,,,2.362241887905604,13.496613502502443,3.8031480948268452,0.31882265760483647,0.08983955735508373,13,2.5
2023_Fm389_None_2,2023,Fm389,CHINA,5,5,None,,FALSE,2,115,115,1,observed,98,98,FALSE,60,60,FALSE,,,,,2.524689655172414,15.102526664733887,3.4920712013404605,0.3812919283741918,0.08816396037149765,12,1
2023_Fm389_None_3,2023,Fm389,CHINA,5,5,None,,FALSE,3,114,114,1,observed,105,105,FALSE,96,96,FALSE,,,,,2.5748554336989025,13.503953933715819,3.4579930266992305,0.34770729162647857,0.08903832134489434,12.5,2.5
2023_Fm39_None_1,2023,Fm39,India,1,1,None,,FALSE,1,0,,,zero_code,107,107,FALSE,36,36,FALSE,,,,,,,,,,,
2023_Fm39_None_2,2023,Fm39,India,1,1,None,,FALSE,2,0,,,zero_code,100,100,FALSE,24,24,FALSE,,,,,,,,,,,
2023_Fm39_None_3,2023,Fm39,India,1,1,None,,FALSE,3,0,,,zero_code,103,103,FALSE,48,48,FALSE,,,,,,,,,,,
2023_Fm390_None_1,2023,Fm390,CHINA,5,5,None,,FALSE,1,100,100,1,observed,125,125,FALSE,36,36,FALSE,,,,,,,,,,11.5,8
2023_Fm390_None_2,2023,Fm390,CHINA,5,5,None,,FALSE,2,98,98,1,observed,106,106,FALSE,60,60,FALSE,,,,,,,,,,10.5,1
2023_Fm390_None_3,2023,Fm390,CHINA,5,5,None,,FALSE,3,98,98,1,observed,113,113,FALSE,48,48,FALSE,,,,,,,,,,12,7.5
2023_Fm391_None_1,2023,Fm391,CHINA,5,5,None,,FALSE,1,108,108,1,observed,144,144,FALSE,48,48,FALSE,,,,,2.029451518119491,12.825599670410156,4.021086183646333,0.2602893272190674,0.0816059945989036,11,8.5
2023_Fm391_None_2,2023,Fm391,CHINA,5,5,None,,FALSE,2,108,108,1,observed,130,130,FALSE,24,24,FALSE,,,,,2.0370886075949373,13.77562999725342,3.718274111675208,0.28062178929848014,0.07574453832808749,14,9.5
2023_Fm391_None_3,2023,Fm391,CHINA,5,5,None,,FALSE,3,104,104,1,observed,146,146,FALSE,72,72,FALSE,,,,,2.3599214145383103,13.615473747253418,4.134328358209041,0.32131448065227525,0.09756690027270531,10.5,7
2023_Fm392_None_1,2023,Fm392,CHINA,5,5,None,,FALSE,1,91,91,1,observed,110,110,FALSE,48,48,FALSE,,,,,1.8297849462365594,15.996286392211916,3.834573369497591,0.29269764036158075,0.0701644462674629,11,7
2023_Fm392_None_2,2023,Fm392,CHINA,5,5,None,,FALSE,2,91,91,1,observed,121,121,FALSE,72,72,FALSE,,,,,1.6764556962025317,13.42277526855469,3.847893770456824,0.2250268805781497,0.06450823429864579,9.5,7
2023_Fm392_None_3,2023,Fm392,CHINA,5,5,None,,FALSE,3,91,91,1,observed,116,116,FALSE,36,36,FALSE,,,,,2.035763888888888,15.611421585083008,3.6570931665014936,0.31781168317132524,0.0744497820666606,11,6
2023_Fm394_None_1,2023,Fm394,CHINA,5,5,None,,FALSE,1,97,97,1,observed,120,120,FALSE,72,72,FALSE,,,,,2.514683544303798,13.848954200744629,3.9970728506901594,0.3482573723442947,0.10051373323014016,14,6.5
2023_Fm394_None_2,2023,Fm394,CHINA,5,5,None,,FALSE,2,102,102,1,observed,125,125,FALSE,84,84,FALSE,,,,,1.8500972762645913,14.895552635192873,3.871415470791199,0.2755822135882619,0.07162495217799399,11.5,9
2023_Fm394_None_3,2023,Fm394,CHINA,5,5,None,,FALSE,3,98,98,1,observed,137,137,FALSE,84,84,FALSE,,,,,2.4901966568338247,12.757377624511717,4.030386157417029,0.3176837911052573,0.10036454134949212,14,5.5
2023_Fm395_None_1,2023,Fm395,CHINA,5,5,None,,FALSE,1,110,110,1,observed,142,142,FALSE,60,60,FALSE,,,,,3.211500493583415,12.568858146667479,3.889462679799723,0.4036489414180255,0.1249101131595109,16,2.5
2023_Fm395_None_2,2023,Fm395,CHINA,5,5,None,,FALSE,2,112,112,1,observed,125,125,FALSE,60,60,FALSE,,,,,3.0255937193326794,16.916833877563473,3.7942311948257283,0.5118346633095036,0.11479802072760852,16,4
2023_Fm395_None_3,2023,Fm395,CHINA,5,5,None,,FALSE,3,113,113,1,observed,126,126,FALSE,36,36,FALSE,,,,,2.779512195121951,16.3291015625,3.243137637979955,0.4538693692835366,0.09014340615224282,13,2
2023_Fm396_None_1,2023,Fm396,CHINA,5,5,None,,FALSE,1,113,113,1,observed,127,127,FALSE,48,48,FALSE,,,,,2.415521350546177,19.22786140441895,3.874183916189962,0.4644530974771675,0.0935817396549945,12,1.5
2023_Fm396_None_2,2023,Fm396,CHINA,5,5,None,,FALSE,2,113,113,1,observed,130,130,FALSE,24,24,FALSE,,,,,2.406344827586207,16.192110061645508,3.9562666415319545,0.3896380029454724,0.09520141769402274,17.5,3.5
2023_Fm396_None_3,2023,Fm396,CHINA,5,5,None,,FALSE,3,110,110,1,observed,121,121,FALSE,48,48,FALSE,,,,,2.377962441314554,16.136915206909183,3.8032529114047096,0.3837297828070771,0.0904399257814063,14.5,4.5
2023_Fm398_None_1,2023,Fm398,CHINA,5,5,None,,FALSE,1,107,107,1,observed,134,134,FALSE,60,60,FALSE,,,,,2.554340866290019,,3.9129796397812657,,0.09995083802854088,11,9
2023_Fm398_None_2,2023,Fm398,CHINA,5,5,None,,FALSE,2,105,105,1,observed,137,137,FALSE,24,24,FALSE,,,,,2.689398642095054,,3.956788707992843,,0.10641382178332993,9.5,6
2023_Fm398_None_3,2023,Fm398,CHINA,5,5,None,,FALSE,3,109,109,1,observed,141,141,FALSE,48,48,FALSE,,,,,3.027655172413793,,4.21870131115358,,0.12772772845582983,10.5,8.5
2023_Fm400_None_1,2023,Fm400,CHINA,5,5,None,,FALSE,1,110,110,1,observed,140,140,FALSE,84,84,FALSE,,,,,2.177748091603053,13.45359516143799,3.5701434226085094,0.29298541188021654,0.07774873025334877,17,4
2023_Fm400_None_2,2023,Fm400,CHINA,5,5,None,,FALSE,2,112,112,1,observed,135,135,FALSE,72,72,FALSE,,,,,2.7723046488625136,15.401801109313965,3.956636858670138,0.4269848481620691,0.10969002757151995,18,1
2023_Fm400_None_3,2023,Fm400,CHINA,5,5,None,,FALSE,3,105,105,1,observed,125,125,FALSE,72,72,FALSE,,,,,2.8544894026974954,17.101753234863278,3.93061587050932,0.4881677337646486,0.11219901348443446,14.5,1
2023_Fm401_None_1,2023,Fm401,CHINA,5,5,None,,FALSE,1,107,107,1,observed,102,102,FALSE,60,60,FALSE,,,,,2.8345148514851486,15.321805000305174,4.037147900836821,0.43429883824924437,0.11443355682564062,18.5,3
2023_Fm401_None_2,2023,Fm401,CHINA,5,5,None,,FALSE,2,108,108,1,observed,113,113,FALSE,72,72,FALSE,,,,,2.7137338629592853,14.984748840332031,3.67127573677832,0.40664620355948916,0.09962865287156125,11,5
2023_Fm401_None_3,2023,Fm401,CHINA,5,5,None,,FALSE,3,104,104,1,observed,122,122,FALSE,84,84,FALSE,,,,,2.25031007751938,14.470739364624025,3.4095559648043605,0.3256365062136983,0.07672558147465565,13.5,2.5
2023_Fm402_None_1,2023,Fm402,CHINA,5,5,None,,FALSE,1,105,105,1,observed,132,132,FALSE,60,60,FALSE,,,,,2.0788484251968495,,,,,,
2023_Fm402_None_2,2023,Fm402,CHINA,5,5,None,,FALSE,2,109,109,1,observed,143,143,FALSE,48,48,FALSE,,,,,2.8113605442176874,,,,,,
2023_Fm402_None_3,2023,Fm402,CHINA,5,5,None,,FALSE,3,105,105,1,observed,140,140,FALSE,60,60,FALSE,,,,,2.417546071774976,,,,,,
2023_Fm403_None_1,2023,Fm403,CHINA,4,4,None,,FALSE,1,102,102,1,observed,112,112,FALSE,120,120,FALSE,,,,,2.325852941176471,16.254398345947266,4.265763444027193,0.3780534019997542,0.09921538452653719,15,4
2023_Fm403_None_2,2023,Fm403,CHINA,4,4,None,,FALSE,2,102,102,1,observed,126,126,FALSE,96,96,FALSE,,,,,2.3569780743565296,16.04648399353027,4.314247669773731,0.3782121094326386,0.10168587165000435,15,4
2023_Fm403_None_3,2023,Fm403,CHINA,4,4,None,,FALSE,3,103,103,1,observed,122,122,FALSE,84,84,FALSE,,,,,2.4134782608695646,16.1037540435791,4.059487477595831,0.3886606030256852,0.09797484777449768,19,3
2023_Fm404_None_1,2023,Fm404,CHINA,4,4,None,,FALSE,1,111,111,1,observed,127,127,FALSE,36,36,FALSE,,,,,2.3369649805447463,15.383656501770021,4.1483180029704885,0.35951066517366054,0.09694473901105352,11,1
2023_Fm404_None_2,2023,Fm404,CHINA,4,4,None,,FALSE,2,109,109,1,observed,142,142,FALSE,48,48,FALSE,,,,,2.211282051282052,14.032705307006836,4.313475316518046,0.3103026937631461,0.09538310546064521,12,2
2023_Fm404_None_3,2023,Fm404,CHINA,4,4,None,,FALSE,3,114,114,1,observed,139,139,FALSE,48,48,FALSE,,,,,2.5148275862068967,13.583617210388185,4.358475796065465,0.34160455281158963,0.10960815165760497,11,4
2023_Fm405_None_1,2023,Fm405,CHINA,5,5,None,,FALSE,1,110,110,1,observed,140,140,FALSE,54,54,FALSE,,,,,2.8274691943127963,17.04696846008301,4.31115276476138,0.4819977817730656,0.12189651634339246,13,4
2023_Fm405_None_2,2023,Fm405,CHINA,5,5,None,,FALSE,2,122,122,1,observed,146,146,FALSE,84,84,FALSE,,,,,2.516585365853658,16.24421691894531,4.467770478291616,0.4087995857797018,0.11243525803661684,13,4.5
2023_Fm405_None_3,2023,Fm405,CHINA,5,5,None,,FALSE,3,116,116,1,observed,143,143,FALSE,24,24,FALSE,,,,,2.739578947368421,15.562690734863285,4.371516719745378,0.42635219901637034,0.11976115173483495,13,8.5
2023_Fm406_None_1,2023,Fm406,CHINA,5,5,None,,FALSE,1,101,101,1,observed,120,120,FALSE,48,48,FALSE,,,,,2.42751872659176,14.233996391296387,4.150531891218756,0.34553292794111506,0.10075493891249848,13,5
2023_Fm406_None_2,2023,Fm406,CHINA,5,5,None,,FALSE,2,101,101,1,observed,116,116,FALSE,36,36,FALSE,,,,,2.6151369863013705,13.989745140075684,4.104338938957133,0.3658509994474176,0.1073340856358372,13,7.5
2023_Fm406_None_3,2023,Fm406,CHINA,5,5,None,,FALSE,3,100,100,1,observed,111,111,FALSE,24,24,FALSE,,,,,2.6719528949950937,12.225486755371096,3.906117811993736,0.3266592472873797,0.10436962795948565,11,8.5
2023_Fm407_None_1,2023,Fm407,CHINA,4,4,None,,FALSE,1,122,122,1,observed,104,104,FALSE,66,66,FALSE,,,,,2.421616062683644,14.7222261428833,3.961921805483188,0.35651579306067277,0.09594253483254667,16.5,9.5
2023_Fm407_None_2,2023,Fm407,CHINA,4,4,None,,FALSE,2,80,80,1,observed,125,125,FALSE,72,72,FALSE,,,,,2.5559514563106793,13.009413719177248,4.106580777395208,0.33251429941279215,0.10496221118440728,16,8
2023_Fm407_None_3,2023,Fm407,CHINA,4,4,None,,FALSE,3,111,111,1,observed,125,125,FALSE,60,60,FALSE,,,,,2.6205197305101064,11.87875556945801,3.8565349544074645,0.31128513343671516,0.10106125939426651,16,9
2023_Fm409_None_1,2023,Fm409,CHINA,5,5,None,,FALSE,1,109,109,1,observed,112,112,FALSE,36,36,FALSE,,,,,3.1116129032258057,14.198485374450684,4.086891602244683,0.44180190297403654,0.12716824643629746,17,2.5
2023_Fm409_None_2,2023,Fm409,CHINA,5,5,None,,FALSE,2,112,112,1,observed,135,135,FALSE,72,72,FALSE,,,,,2.8233333333333337,15.759878158569336,3.7808247211710313,0.4449538933436076,0.10674528462772875,21,2.5
2023_Fm409_None_3,2023,Fm409,CHINA,5,5,None,,FALSE,3,109,109,1,observed,138,138,FALSE,24,24,FALSE,,,,,1.8879371316306486,17.379741668701172,4.200926894902025,0.3281185963448936,0.07931085872151376,15,6.5
2023_Fm41_None_1,2023,Fm41,India,1,1,None,,FALSE,1,141,141,1,observed,105,105,FALSE,60,60,FALSE,,,,,2.700326086956522,17.014013290405273,,0.45943383931906323,,14,4
2023_Fm41_None_2,2023,Fm41,India,1,1,None,,FALSE,2,142,142,1,observed,114,114,FALSE,84,84,FALSE,,,,,1.9627450980392156,17.380453109741207,,0.34113399142844997,,13,1.7
2023_Fm41_None_3,2023,Fm41,India,1,1,None,,FALSE,3,144,144,1,observed,126,126,FALSE,48,48,FALSE,,,,,2.206772591857001,15.706740379333496,,0.34661204176526794,,12,2
2023_Fm410_None_1,2023,Fm410,CHINA,5,5,None,,FALSE,1,109,109,1,observed,142,142,FALSE,96,96,FALSE,,,,,2.8474193548387094,14.90109443664551,3.6292640858566174,0.4242966470718384,0.10334036801889147,,
2023_Fm410_None_2,2023,Fm410,CHINA,5,5,None,,FALSE,2,108,108,1,observed,136,136,FALSE,60,60,FALSE,,,,,2.5318261718749997,16.092645645141598,4.049632538004582,0.40743781419079744,0.10252965646196584,,
2023_Fm410_None_3,2023,Fm410,CHINA,5,5,None,,FALSE,3,106,106,1,observed,131,131,FALSE,60,60,FALSE,,,,,2.649990338164251,18.698547363281246,3.497222290203308,0.4955096985040195,0.09267605279451421,,
2023_Fm411_None_1,2023,Fm411,CHINA,4,4,None,,FALSE,1,107,107,1,observed,120,120,FALSE,60,60,FALSE,,,,,2.633689416419387,14.309854507446293,3.831309422950303,0.3768771236676256,0.10090479078252083,16,5
2023_Fm411_None_2,2023,Fm411,CHINA,4,4,None,,FALSE,2,110,110,1,observed,119,119,FALSE,36,36,FALSE,,,,,2.6772074729596853,14.796419143676758,3.3699685313047123,0.3961308390449517,0.09022104935647955,21,5.5
2023_Fm411_None_3,2023,Fm411,CHINA,4,4,None,,FALSE,3,109,109,1,observed,133,133,FALSE,84,84,FALSE,,,,,2.711246319921491,12.259999275207521,4.096460409646173,0.3323987791714655,0.11106513210357274,19,14
2023_Fm412_None_1,2023,Fm412,CHINA,5,5,None,,FALSE,1,108,108,1,observed,131,131,FALSE,60,60,FALSE,,,,,2.553472356935014,,,,,13,5.5
2023_Fm412_None_2,2023,Fm412,CHINA,5,5,None,,FALSE,2,104,104,1,observed,119,119,FALSE,36,36,FALSE,,,,,2.4329861111111106,,,,,12,3
2023_Fm412_None_3,2023,Fm412,CHINA,5,5,None,,FALSE,3,107,107,1,observed,117,117,FALSE,36,36,FALSE,,,,,2.495329512893983,,,,,12.5,2
2023_Fm413_None_1,2023,Fm413,CHINA,5,5,None,,FALSE,1,114,114,1,observed,125,125,FALSE,48,48,FALSE,,,,,2.567909002904163,14.286908149719238,4.299868688074054,0.3668748006132888,0.11041671515411071,12.5,3.5
2023_Fm413_None_2,2023,Fm413,CHINA,5,5,None,,FALSE,2,107,107,1,observed,114,114,FALSE,60,60,FALSE,,,,,2.884069306930693,14.633883476257322,4.072902164282953,0.42205134175073983,0.11746532122140055,14,3
2023_Fm413_None_3,2023,Fm413,CHINA,5,5,None,,FALSE,3,111,111,1,observed,102,102,FALSE,60,60,FALSE,,,,,2.9474952198852775,17.05495643615723,3.8737483224942957,0.5026940257092506,0.11417854663590551,15,2.5
2023_Fm414_None_1,2023,Fm414,CHINA,5,5,None,,FALSE,1,98,98,1,observed,129,129,FALSE,60,60,FALSE,,,,,1.8890466926070038,,,,,14,6
2023_Fm414_None_2,2023,Fm414,CHINA,5,5,None,,FALSE,2,94,94,1,observed,125,125,FALSE,84,84,FALSE,,,,,2.5369155206286833,,,,,12,5.5
2023_Fm414_None_3,2023,Fm414,CHINA,5,5,None,,FALSE,3,98,98,1,observed,127,127,FALSE,96,96,FALSE,,,,,2.0277173913043485,,,,,13.5,6
2023_Fm415_None_1,2023,Fm415,CHINA,5,5,None,,FALSE,1,98,98,1,observed,135,135,FALSE,96,96,FALSE,,,,,2.0207981220657274,18.89590835571289,4.646186388568218,0.38184816119950704,0.09389004728786002,9,3
2023_Fm415_None_2,2023,Fm415,CHINA,5,5,None,,FALSE,2,99,99,1,observed,143,143,FALSE,72,72,FALSE,,,,,1.4853548387096773,17.69869804382324,4.149336745994583,0.2628884677825437,0.061632374130989216,9.5,4
2023_Fm415_None_3,2023,Fm415,CHINA,5,5,None,,FALSE,3,98,98,1,observed,133,133,FALSE,60,60,FALSE,,,,,1.9128019801980198,17.489429473876946,4.452287911256969,0.33453815330165443,0.08516345133064036,11,4
2023_Fm416_None_1,2023,Fm416,CHINA,5,5,None,,FALSE,1,117,117,1,observed,127,127,FALSE,120,120,FALSE,,,,,2.5000960614793475,17.43893241882324,3.367680321688518,0.4359900625670449,0.08419524308574966,12,4
2023_Fm416_None_2,2023,Fm416,CHINA,5,5,None,,FALSE,2,111,111,1,observed,138,138,FALSE,84,84,FALSE,,,,,2.552152777777778,15.427178382873532,3.7551729423182794,0.3937251616312398,0.09583775055773545,14,4.5
2023_Fm416_None_3,2023,Fm416,CHINA,5,5,None,,FALSE,3,111,111,1,observed,138,138,FALSE,72,72,FALSE,,,,,2.246146341463415,14.41518020629883,3.78588166373766,0.32378604281913936,0.08503644248217772,14,6
2023_Fm417_None_1,2023,Fm417,CHINA,5,5,None,,FALSE,1,128,128,1,observed,117,117,FALSE,48,48,FALSE,,,,,2.3945490196078425,18.381811141967773,3.380290169165154,0.4401614784861545,0.0809427051056445,10,0.5
2023_Fm417_None_2,2023,Fm417,CHINA,5,5,None,,FALSE,2,141,141,1,observed,127,127,FALSE,60,60,FALSE,,,,,2.296411764705882,18.511346817016605,4.738803170871519,0.4250967461114772,0.10882243352214892,9,4.5
2023_Fm417_None_3,2023,Fm417,CHINA,5,5,None,,FALSE,3,130,130,1,observed,123,123,FALSE,84,84,FALSE,,,,,2.458251473477407,20.273929595947262,3.9989569999526187,0.4983841730241459,0.09830441937506318,8.5,1
2023_Fm418_None_1,2023,Fm418,CHINA,5,5,None,,FALSE,1,118,118,1,observed,116,116,FALSE,96,96,FALSE,,,,,2.661505376344086,14.766308784484862,3.2126901259980496,0.3930061021866338,0.0855059204287137,10.5,4.5
2023_Fm418_None_2,2023,Fm418,CHINA,5,5,None,,FALSE,2,116,116,1,observed,108,108,FALSE,72,72,FALSE,,,,,2.6134482758620687,16.874214172363278,3.5568975664674536,0.4409988593529011,0.09295767812502355,14,1.5
2023_Fm418_None_3,2023,Fm418,CHINA,5,5,None,,FALSE,3,114,114,1,observed,109,109,FALSE,108,108,FALSE,,,,,2.605342465753424,15.57443428039551,3.8507551966505393,0.4057673501080029,0.10032536039054331,12.5,0.7
2023_Fm419_None_1,2023,Fm419,CHINA,5,5,None,,FALSE,1,96,96,1,observed,117,117,FALSE,60,60,FALSE,,,,,1.8262820512820517,12.885930061340334,2.7021281621274347,0.2353334278510167,0.04934848162757091,11,4
2023_Fm419_None_2,2023,Fm419,CHINA,5,5,None,,FALSE,2,98,98,1,observed,120,120,FALSE,72,72,FALSE,,,,,1.940518234165067,14.374097824096681,4.0075779656075,0.27893198927332025,0.07776778117099502,9,3
2023_Fm419_None_3,2023,Fm419,CHINA,5,5,None,,FALSE,3,91,91,1,observed,120,120,FALSE,60,60,FALSE,,,,,1.996071076011846,14.155188560485842,2.8912605080099034,0.28254762461079536,0.05771161473253885,12.5,6
2023_Fm420_None_1,2023,Fm420,CHINA,5,5,None,,FALSE,1,107,107,1,observed,140,140,FALSE,60,60,FALSE,,,,,2.68,12.681600570678713,2.7276336377007446,0.3398668952941895,0.07310058149037996,,
2023_Fm420_None_2,2023,Fm420,CHINA,5,5,None,,FALSE,2,107,107,1,observed,138,138,FALSE,72,72,FALSE,,,,,2.085416666666667,11.170658111572266,3.2707028531661133,0.23295476603507995,0.06820778241706832,,
2023_Fm420_None_3,2023,Fm420,CHINA,5,5,None,,FALSE,3,109,109,1,observed,128,128,FALSE,108,108,FALSE,,,,,2.5561598440545805,13.547333717346191,3.4669387574033648,0.34629150442287,0.08862049633470971,,
2023_Fm421_None_1,2023,Fm421,CHINA,5,5,None,,FALSE,1,109,109,1,observed,140,140,FALSE,60,60,FALSE,,,,,2.919583333333333,15.031612396240234,3.253923503430641,0.43886045025189735,0.09500100828557712,,
2023_Fm421_None_2,2023,Fm421,CHINA,5,5,None,,FALSE,2,113,113,1,observed,142,142,FALSE,60,60,FALSE,,,,,3.0413864306784655,14.876355171203615,2.886365813931031,0.45244744755652094,0.08778553820464044,,
2023_Fm421_None_3,2023,Fm421,CHINA,5,5,None,,FALSE,3,111,111,1,observed,151,151,FALSE,48,48,FALSE,,,,,3.0538983050847452,12.9485502243042,3.46157335994934,0.395435555833073,0.10571293016875799,,
2023_Fm428_None_1,2023,Fm428,KAZAKHSTAN,4,4,None,,FALSE,1,97,97,1,observed,109,109,FALSE,36,36,FALSE,,,,,2.379587426326129,,,,,,
2023_Fm428_None_2,2023,Fm428,KAZAKHSTAN,4,4,None,,FALSE,2,92,92,1,observed,117,117,FALSE,48,48,FALSE,,,,,2.089892682926829,,,,,,
2023_Fm428_None_3,2023,Fm428,KAZAKHSTAN,4,4,None,,FALSE,3,92,92,1,observed,118,118,FALSE,24,24,FALSE,,,,,3.0875638506876237,,,,,,
2023_Fm429_None_1,2023,Fm429,KAZAKHSTAN,3,3,None,,FALSE,1,97,97,1,observed,136,136,FALSE,96,96,FALSE,,,,,2.3483870967741938,15.712533950805666,3.28942947382506,0.3689911198769845,0.07724853732079497,,
2023_Fm429_None_2,2023,Fm429,KAZAKHSTAN,3,3,None,,FALSE,2,90,90,1,observed,129,129,FALSE,48,48,FALSE,,,,,2.1702674307545364,18.31216430664063,3.333904067705541,0.39742293781327886,0.07235463415401404,,
2023_Fm429_None_3,2023,Fm429,KAZAKHSTAN,3,3,None,,FALSE,3,90,90,1,observed,135,135,FALSE,84,84,FALSE,,,,,2.416881720430107,14.299037933349611,3.4300856294626225,0.34559083400849366,0.08290111257358213,,
2023_Fm43_None_1,2023,Fm43,India,1,1,None,,FALSE,1,139,139,1,observed,105,105,FALSE,60,60,FALSE,,,,,2.114515503875969,,,,,13,2
2023_Fm43_None_2,2023,Fm43,India,1,1,None,,FALSE,2,140,140,1,observed,101,101,FALSE,84,84,FALSE,,,,,2.23,,,,,10,4.5
2023_Fm43_None_3,2023,Fm43,India,1,1,None,,FALSE,3,151,151,1,observed,94,94,FALSE,60,60,FALSE,,,,,1.1968478260869568,,,,,9,3.5
2023_Fm44_None_1,2023,Fm44,India,1,1,None,,FALSE,1,124,124,1,observed,108,108,FALSE,48,48,FALSE,,,,,2.586080550098232,21.001623153686527,,0.5431188915824141,,12,4
2023_Fm44_None_2,2023,Fm44,India,1,1,None,,FALSE,2,124,124,1,observed,114,114,FALSE,84,84,FALSE,,,,,2.2795049504950495,19.448066711425778,,0.4433196434625305,,10.5,1.5
2023_Fm44_None_3,2023,Fm44,India,1,1,None,,FALSE,3,119,119,1,observed,129,129,FALSE,72,72,FALSE,,,,,1.2267156862745099,16.9074649810791,,0.20740652507426693,,10,5.5
2023_Fm442_None_1,2023,Fm442,RUSSIAN FEDERATION,4,4,None,,FALSE,1,100,100,1,observed,120,120,FALSE,60,60,FALSE,,,,,2.5219747081712063,14.462131500244144,3.675057764806367,0.36473129869861814,0.09268402733909861,,
2023_Fm442_None_2,2023,Fm442,RUSSIAN FEDERATION,4,4,None,,FALSE,2,102,102,1,observed,126,126,FALSE,96,96,FALSE,,,,,2.4385854616895877,14.26045608520508,3.771147492112603,0.3477534088644391,0.09196265448152943,,
2023_Fm442_None_3,2023,Fm442,RUSSIAN FEDERATION,4,4,None,,FALSE,3,113,113,1,observed,121,121,FALSE,72,72,FALSE,,,,,2.254679611650485,16.28214836120605,3.4458908677716127,0.36711027943879654,0.17866789008162837,,
2023_Fm443_None_1,2023,Fm443,RUSSIAN FEDERATION,5,5,None,,FALSE,1,102,102,1,observed,116,116,FALSE,60,60,FALSE,,,,,1.7916731517509725,12.618489265441896,4.313582939537071,0.22608208432550098,0.07728530740619609,,
2023_Fm443_None_2,2023,Fm443,RUSSIAN FEDERATION,5,5,None,,FALSE,2,102,102,1,observed,117,117,FALSE,60,60,FALSE,,,,,2.128110236220474,13.601051330566404,3.48853665440186,0.28944536559938455,0.07423990563662917,,
2023_Fm443_None_3,2023,Fm443,RUSSIAN FEDERATION,5,5,None,,FALSE,3,100,100,1,observed,119,119,FALSE,72,72,FALSE,,,,,2.262146892655368,13.938305854797363,3.7246722288440037,0.3153049527830997,0.08425755708639204,,
2023_Fm444_None_1,2023,Fm444,RUSSIAN FEDERATION,5,5,None,,FALSE,1,118,118,1,observed,112,112,FALSE,96,96,FALSE,,,,,2.39731182795699,,,,,,
2023_Fm444_None_2,2023,Fm444,RUSSIAN FEDERATION,5,5,None,,FALSE,2,109,109,1,observed,118,118,FALSE,120,120,FALSE,,,,,2.1760869565217393,,,,,,
2023_Fm444_None_3,2023,Fm444,RUSSIAN FEDERATION,5,5,None,,FALSE,3,112,112,1,observed,90,90,FALSE,96,96,FALSE,,,,,2.2559121951219514,,,,,,
2023_Fm446_None_1,2023,Fm446,RUSSIAN FEDERATION,4,4,None,,FALSE,1,112,112,1,observed,142,142,FALSE,72,72,FALSE,,,,,2.642081673306773,12.077710151672363,3.328748280605614,0.31910296647244724,0.08794824827239521,,
2023_Fm446_None_2,2023,Fm446,RUSSIAN FEDERATION,4,4,None,,FALSE,2,117,117,1,observed,135,135,FALSE,108,108,FALSE,,,,,2.5994961240310075,14.249745368957518,2.9325930671224616,0.37042157855033875,0.07623264311345045,,
2023_Fm446_None_3,2023,Fm446,RUSSIAN FEDERATION,4,4,None,,FALSE,3,113,113,1,observed,135,135,FALSE,84,84,FALSE,,,,,2.0508292682926834,14.211307525634764,2.995978392784938,0.29144965414279844,0.061442401750958234,,
2023_Fm45_None_1,2023,Fm45,India,1,1,None,,FALSE,1,134,134,1,observed,115,115,FALSE,60,60,FALSE,,,,,,,,,,13,1
2023_Fm45_None_2,2023,Fm45,India,1,1,None,,FALSE,2,137,137,1,observed,112,112,FALSE,48,48,FALSE,,,,,,,,,,11,2.5
2023_Fm45_None_3,2023,Fm45,India,1,1,None,,FALSE,3,137,137,1,observed,113,113,FALSE,72,72,FALSE,,,,,,,,,,8.5,0.5
2023_Fm458_None_1,2023,Fm458,GEORGIA,2,2,None,,FALSE,1,142,142,1,observed,131,131,FALSE,96,96,FALSE,,,,,,,,,,,
2023_Fm458_None_2,2023,Fm458,GEORGIA,2,2,None,,FALSE,2,140,140,1,observed,118,118,FALSE,96,96,FALSE,,,,,,,,,,,
2023_Fm458_None_3,2023,Fm458,GEORGIA,2,2,None,,FALSE,3,142,142,1,observed,139,139,FALSE,72,72,FALSE,,,,,,,,,,,
2023_Fm46_None_1,2023,Fm46,India,1,1,None,,FALSE,1,123,123,1,observed,121,121,FALSE,96,96,FALSE,,,,,,,,,,12,2.5
2023_Fm46_None_2,2023,Fm46,India,1,1,None,,FALSE,2,138,138,1,observed,112,112,FALSE,96,96,FALSE,,,,,,,,,,11,3
2023_Fm46_None_3,2023,Fm46,India,1,1,None,,FALSE,3,125,125,1,observed,129,129,FALSE,72,72,FALSE,,,,,,,,,,11,7.5
2023_Fm461_None_1,2023,Fm461,GEORGIA,2,2,None,,FALSE,1,87,87,1,observed,120,120,FALSE,48,48,FALSE,,,,,2.275443902439024,15.317975044250487,,0.3485519291215291,,,
2023_Fm461_None_2,2023,Fm461,GEORGIA,2,2,None,,FALSE,2,91,91,1,observed,120,120,FALSE,60,60,FALSE,,,,,2.173986486486487,13.99035930633545,,0.3041485207306372,,,
2023_Fm461_None_3,2023,Fm461,GEORGIA,2,2,None,,FALSE,3,97,97,1,observed,120,120,FALSE,96,96,FALSE,,,,,1.6667182962245886,14.384365081787108,,0.23974684461388676,,,
2023_Fm463_None_1,2023,Fm463,GEORGIA,4,4,None,,FALSE,1,142,142,1,observed,108,108,FALSE,96,96,FALSE,,,,,,,,,,,
2023_Fm463_None_2,2023,Fm463,GEORGIA,4,4,None,,FALSE,2,151,151,1,observed,116,116,FALSE,84,84,FALSE,,,,,,,,,,,
2023_Fm463_None_3,2023,Fm463,GEORGIA,4,4,None,,FALSE,3,154,154,1,observed,133,133,FALSE,84,84,FALSE,,,,,,,,,,,
2023_Fm464_None_1,2023,Fm464,GEORGIA,4,4,None,,FALSE,1,139,139,1,observed,112,112,FALSE,48,48,FALSE,,,,,,,,,,,
2023_Fm464_None_2,2023,Fm464,GEORGIA,4,4,None,,FALSE,2,125,125,1,observed,112,112,FALSE,60,60,FALSE,,,,,,,,,,,
2023_Fm464_None_3,2023,Fm464,GEORGIA,4,4,None,,FALSE,3,125,125,1,observed,117,117,FALSE,60,60,FALSE,,,,,,,,,,,
2023_Fm468_None_1,2023,Fm468,GEORGIA,2,2,None,,FALSE,1,139,139,1,observed,121,121,FALSE,36,36,FALSE,,,,,,,,,,,
2023_Fm468_None_2,2023,Fm468,GEORGIA,2,2,None,,FALSE,2,138,138,1,observed,110,110,FALSE,36,36,FALSE,,,,,,,,,,,
2023_Fm468_None_3,2023,Fm468,GEORGIA,2,2,None,,FALSE,3,137,137,1,observed,131,131,FALSE,36,36,FALSE,,,,,,,,,,,
2023_Fm474_None_1,2023,Fm474,UKRAINE,4,4,None,,FALSE,1,149,149,1,observed,128,128,FALSE,24,24,FALSE,,,,,1.1346589817483193,16.500951766967777,3.884350080719759,0.18722953129785772,0.04407412707343482,,
2023_Fm474_None_2,2023,Fm474,UKRAINE,4,4,None,,FALSE,2,154,154,1,observed,130,130,FALSE,60,60,FALSE,,,,,2.128339805825243,19.4252758026123,4.104626761267043,0.4134358772983366,0.08736040524060194,,
2023_Fm474_None_3,2023,Fm474,UKRAINE,4,4,None,,FALSE,3,154,154,1,observed,131,131,FALSE,60,60,FALSE,,,,,2.342556538839724,13.364596366882326,3.86756447966539,0.3130732260819381,0.09059988461224416,,
2023_Fm475_None_1,2023,Fm475,UKRAINE,4,4,None,,FALSE,1,110,110,1,observed,106,106,FALSE,84,84,FALSE,,,,,3.0059762140733395,13.97861957550049,4.701875546936108,0.4201939794953443,0.14133726055623025,,
2023_Fm475_None_2,2023,Fm475,UKRAINE,4,4,None,,FALSE,2,108,108,1,observed,116,116,FALSE,84,84,FALSE,,,,,3.1417524752475243,13.616207122802733,4.495592556316948,0.42778752431548467,0.14124039041513128,,
2023_Fm475_None_3,2023,Fm475,UKRAINE,4,4,None,,FALSE,3,104,104,1,observed,110,110,FALSE,72,72,FALSE,,,,,3.4231605184446665,13.352838516235355,4.862818369554549,0.4570890961794412,0.16646207851026604,,
2023_Fm476_None_1,2023,Fm476,UKRAINE,4,4,None,,FALSE,1,105,105,1,observed,111,111,FALSE,48,48,FALSE,,,,,3.0000872938894276,14.882143974304201,3.873133580518786,0.4464773104314313,0.11619738842450875,,
2023_Fm476_None_2,2023,Fm476,UKRAINE,4,4,None,,FALSE,2,104,104,1,observed,104,104,FALSE,60,60,FALSE,,,,,3.177001953125,13.201141357421873,4.275012144921078,0.41940051876008516,0.1358172193404736,,
2023_Fm476_None_3,2023,Fm476,UKRAINE,4,4,None,,FALSE,3,111,111,1,observed,110,110,FALSE,96,96,FALSE,,,,,3.385591397849463,13.297454833984377,3.904851625058647,0.45019748699229256,0.13220232071677054,,
2023_Fm477_None_1,2023,Fm477,UKRAINE,5,5,None,,FALSE,1,107,107,1,observed,132,132,FALSE,24,24,FALSE,,,,,3.021701081612586,11.820877075195314,3.332231248819064,0.3571915704372709,0.10069006768739822,,
2023_Fm477_None_2,2023,Fm477,UKRAINE,5,5,None,,FALSE,2,107,107,1,observed,132,132,FALSE,36,36,FALSE,,,,,2.470257680872151,13.361451148986816,2.8713727874291815,0.33006227328382715,0.07093030682794214,,
2023_Fm477_None_3,2023,Fm477,UKRAINE,5,5,None,,FALSE,3,114,114,1,observed,133,133,FALSE,36,36,FALSE,,,,,3.0542322834645668,11.340736389160156,3.6679860861225073,0.3463724319803434,0.1852981514905176,,
2023_Fm478_None_1,2023,Fm478,RUSSIAN FEDERATION,5,5,None,,FALSE,1,110,110,1,observed,138,138,FALSE,108,108,FALSE,,,,,1.9242524271844659,,,,,,
2023_Fm478_None_2,2023,Fm478,RUSSIAN FEDERATION,5,5,None,,FALSE,2,109,109,1,observed,150,150,FALSE,98,98,FALSE,,,,,2.0196474045053865,,,,,,
2023_Fm478_None_3,2023,Fm478,RUSSIAN FEDERATION,5,5,None,,FALSE,3,114,114,1,observed,145,145,FALSE,96,96,FALSE,,,,,1.9132413793103444,,,,,,
2023_Fm480_None_1,2023,Fm480,RUSSIAN FEDERATION,5,5,None,,FALSE,1,114,114,1,observed,132,132,FALSE,84,84,FALSE,,,,,2.030736842105264,12.310420989990234,3.9438675802309766,0.24999225446199128,0.08008957195559577,,
2023_Fm480_None_2,2023,Fm480,RUSSIAN FEDERATION,5,5,None,,FALSE,2,109,109,1,observed,131,131,FALSE,60,60,FALSE,,,,,1.98,12.964023590087892,4.673661580164716,0.25668766708374036,0.09253849928726136,,
2023_Fm480_None_3,2023,Fm480,RUSSIAN FEDERATION,5,5,None,,FALSE,3,113,113,1,observed,110,110,FALSE,60,60,FALSE,,,,,2.5819444444444444,13.51487064361572,3.791602303047468,0.34894645175668926,0.09789706501896171,,
2023_Fm482_None_1,2023,Fm482,RUSSIAN FEDERATION,5,5,None,,FALSE,1,109,109,1,observed,137,137,FALSE,84,84,FALSE,,,,,1.7693942403177754,12.750614166259766,3.9210782965316473,0.2256086326629427,0.06937933353718133,,
2023_Fm482_None_2,2023,Fm482,RUSSIAN FEDERATION,5,5,None,,FALSE,2,108,108,1,observed,152,152,FALSE,96,96,FALSE,,,,,1.800430107526882,13.48381805419922,4.3713624926931445,0.2427667198919481,0.07870332642758492,,
2023_Fm482_None_3,2023,Fm482,RUSSIAN FEDERATION,5,5,None,,FALSE,3,108,108,1,observed,150,150,FALSE,60,60,FALSE,,,,,1.9652127659574468,13.561609268188478,4.000701877522666,0.2665144766077083,0.0786223040249747,,
2023_Fm484_None_1,2023,Fm484,UKRAINE,4,4,None,,FALSE,1,101,101,1,observed,115,115,FALSE,48,48,FALSE,,,,,2.7586614173228345,14.357810974121096,4.666834297208793,0.3960833917152225,0.12874215716748835,,
2023_Fm484_None_2,2023,Fm484,UKRAINE,4,4,None,,FALSE,2,99,99,1,observed,112,112,FALSE,24,24,FALSE,,,,,2.238564453125,14.210124015808105,4.913183589053381,0.31810278496285915,0.10998478134132007,,
2023_Fm484_None_3,2023,Fm484,UKRAINE,4,4,None,,FALSE,3,98,98,1,observed,100,100,FALSE,54,54,FALSE,,,,,3.701923076923077,13.03849792480469,4.181997450881449,0.4826751635624813,0.15481432871051518,,
2023_Fm489_None_1,2023,Fm489,UKRAINE,3,3,None,,FALSE,1,94,94,1,observed,138,138,FALSE,84,84,FALSE,,,,,2.6054736842105264,10.868118286132812,2.2601384767562185,0.2831659619140626,0.058887313238599893,,
2023_Fm489_None_2,2023,Fm489,UKRAINE,3,3,None,,FALSE,2,98,98,1,observed,135,135,FALSE,48,48,FALSE,,,,,2.4335334645669295,14.62529468536377,2.8798026936190504,0.35591144045985595,0.07008096226271944,,
2023_Fm489_None_3,2023,Fm489,UKRAINE,3,3,None,,FALSE,3,91,91,1,observed,143,143,FALSE,60,60,FALSE,,,,,2.463090551181103,13.762691497802734,2.1379908336428657,0.33898755387058405,0.0526606502085755,,
2023_Fm491_None_1,2023,Fm491,RUSSIAN FEDERATION,4,4,None,,FALSE,1,111,111,1,observed,107,107,FALSE,60,60,FALSE,,,,,3.144604878048781,,3.6713286713288458,,0.1154487804878104,,
2023_Fm491_None_2,2023,Fm491,RUSSIAN FEDERATION,4,4,None,,FALSE,2,109,109,1,observed,115,115,FALSE,36,36,FALSE,,,,,2.719134328358209,,4.160138831979284,,0.11311976308770895,,
2023_Fm491_None_3,2023,Fm491,RUSSIAN FEDERATION,4,4,None,,FALSE,3,109,109,1,observed,120,120,FALSE,48,48,FALSE,,,,,2.917085828343313,,3.6188731103985985,,0.1055656346491644,,
2023_Fm492_None_1,2023,Fm492,RUSSIAN FEDERATION,4,4,None,,FALSE,1,117,117,1,observed,155,155,FALSE,108,108,FALSE,,,,,,13.177765846252441,4.424578191891368,,,,
2023_Fm492_None_2,2023,Fm492,RUSSIAN FEDERATION,4,4,None,,FALSE,2,117,117,1,observed,139,139,FALSE,72,72,FALSE,,,,,,16.674631118774418,3.423767672907895,,,,
2023_Fm492_None_3,2023,Fm492,RUSSIAN FEDERATION,4,4,None,,FALSE,3,120,120,1,observed,141,141,FALSE,60,60,FALSE,,,,,,11.048843383789062,3.75778346285718,,,,
2023_Fm496_None_1,2023,Fm496,UKRAINE,3,3,None,,FALSE,1,93,93,1,observed,125,125,FALSE,60,60,FALSE,,,,,,,,,,,
2023_Fm496_None_2,2023,Fm496,UKRAINE,3,3,None,,FALSE,2,91,91,1,observed,142,142,FALSE,48,48,FALSE,,,,,,,,,,,
2023_Fm496_None_3,2023,Fm496,UKRAINE,3,3,None,,FALSE,3,97,97,1,observed,129,129,FALSE,48,48,FALSE,,,,,,,,,,,
2023_Fm505_None_1,2023,Fm505,UKRAINE,4,4,None,,FALSE,1,128,128,1,observed,111,111,FALSE,48,48,FALSE,,,,,,,,,,,
2023_Fm505_None_2,2023,Fm505,UKRAINE,4,4,None,,FALSE,2,139,139,1,observed,97,97,FALSE,60,60,FALSE,,,,,,,,,,,
2023_Fm505_None_3,2023,Fm505,UKRAINE,4,4,None,,FALSE,3,143,143,1,observed,112,112,FALSE,84,84,FALSE,,,,,,,,,,,
2023_Fm507_None_1,2023,Fm507,KAZAKHSTAN,3,3,None,,FALSE,1,106,106,1,observed,95,95,FALSE,48,48,FALSE,,,,,,,,,,,
2023_Fm507_None_2,2023,Fm507,KAZAKHSTAN,3,3,None,,FALSE,2,108,108,1,observed,98,98,FALSE,12,12,FALSE,,,,,,,,,,,
2023_Fm507_None_3,2023,Fm507,KAZAKHSTAN,3,3,None,,FALSE,3,108,108,1,observed,96,96,FALSE,36,36,FALSE,,,,,,,,,,,
2023_Fm510_None_1,2023,Fm510,RUSSIAN FEDERATION,4,4,None,,FALSE,1,137,137,1,observed,118,118,FALSE,36,36,FALSE,,,,,1.9178494623655913,,,,,,
2023_Fm510_None_2,2023,Fm510,RUSSIAN FEDERATION,4,4,None,,FALSE,2,138,138,1,observed,122,122,FALSE,72,72,FALSE,,,,,0.35260273972602735,,,,,,
2023_Fm510_None_3,2023,Fm510,RUSSIAN FEDERATION,4,4,None,,FALSE,3,140,140,1,observed,122,122,FALSE,48,48,FALSE,,,,,1.8966315789473682,,,,,,
2023_Fm518_None_1,2023,Fm518,RUSSIAN FEDERATION,5,5,None,,FALSE,1,102,102,1,observed,122,122,FALSE,36,36,FALSE,,,,,2.0406859903381633,12.835614204406742,2.88581592028086,0.2619345808431838,0.05889044119211989,,
2023_Fm518_None_2,2023,Fm518,RUSSIAN FEDERATION,5,5,None,,FALSE,2,105,105,1,observed,115,115,FALSE,48,48,FALSE,,,,,2.0812871287128716,13.089381217956545,3.001399862386243,0.27242760651748965,0.06246774901705071,,
2023_Fm518_None_3,2023,Fm518,RUSSIAN FEDERATION,5,5,None,,FALSE,3,108,108,1,observed,140,140,FALSE,72,72,FALSE,,,,,2.337310344827587,8.64608097076416,3.183695545284868,0.20208574495184015,0.07441284532775827,,
2023_Fm519_None_1,2023,Fm519,RUSSIAN FEDERATION,5,5,None,,FALSE,1,104,104,1,observed,102,102,FALSE,72,72,FALSE,,,,,2.4134782608695646,14.045386314392092,3.424624796864799,0.33898234535300215,0.08265257498868044,,
2023_Fm519_None_2,2023,Fm519,RUSSIAN FEDERATION,5,5,None,,FALSE,2,104,104,1,observed,112,112,FALSE,96,96,FALSE,,,,,1.9094788593903638,13.473658561706545,3.039413726687743,0.2572766618222263,0.058036962560511274,,
2023_Fm519_None_3,2023,Fm519,RUSSIAN FEDERATION,5,5,None,,FALSE,3,104,104,1,observed,126,126,FALSE,48,48,FALSE,,,,,2.330164888457808,12.395853996276855,2.9191254716068338,0.2888438374457373,0.06802043678941082,,
2023_Fm522_None_1,2023,Fm522,UKRAINE,5,5,None,,FALSE,1,117,117,1,observed,143,143,FALSE,108,108,FALSE,,,,,1.8620964566929132,,,,,,
2023_Fm522_None_2,2023,Fm522,UKRAINE,5,5,None,,FALSE,2,117,117,1,observed,135,135,FALSE,60,60,FALSE,,,,,1.923490196078431,,,,,,
2023_Fm522_None_3,2023,Fm522,UKRAINE,5,5,None,,FALSE,3,120,120,1,observed,134,134,FALSE,72,72,FALSE,,,,,0.5480979827089335,,,,,,
2023_Fm523_None_1,2023,Fm523,UKRAINE,3,3,None,,FALSE,1,90,90,1,observed,141,141,FALSE,108,108,FALSE,,,,,2.978283950617284,15.582076072692871,3.0486051193554733,0.46407847084598786,0.09079611698746097,,
2023_Fm523_None_2,2023,Fm523,UKRAINE,3,3,None,,FALSE,2,94,94,1,observed,147,147,FALSE,108,108,FALSE,,,,,2.4332608695652174,15.558128356933592,3.1892805408010596,0.378569849345995,0.07760351541997011,,
2023_Fm523_None_3,2023,Fm523,UKRAINE,3,3,None,,FALSE,3,90,90,1,observed,126,126,FALSE,72,72,FALSE,,,,,2.6310869565217394,14.637062072753904,3.0129883205798067,0.38511383101421864,0.07927434270429871,,
2023_Fm524_None_1,2023,Fm524,UZBEKISTAN,4,4,None,,FALSE,1,102,102,1,observed,126,126,FALSE,84,84,FALSE,,,,,2.629178605539637,15.76539993286133,3.7799848702993684,0.41450052211255034,0.09938255350254617,,
2023_Fm524_None_2,2023,Fm524,UZBEKISTAN,4,4,None,,FALSE,2,102,102,1,observed,132,132,FALSE,72,72,FALSE,,,,,2.766048309178743,16.515905380249027,4.088705768298623,0.4568379215159393,0.11309557677131786,,
2023_Fm524_None_3,2023,Fm524,UZBEKISTAN,4,4,None,,FALSE,3,99,99,1,observed,126,126,FALSE,48,48,FALSE,,,,,3.1484608030592733,13.861590385437013,3.7105893139103814,0.43642673996611725,0.11682645011097438,,
2023_Fm537_None_1,2023,Fm537,KAZAKHSTAN,5,5,None,,FALSE,1,101,101,1,observed,127,127,FALSE,84,84,FALSE,,,,,1.7612903225806449,16.167869567871094,3.780171324896741,0.28476312206637466,0.14747868810437864,,
2023_Fm537_None_2,2023,Fm537,KAZAKHSTAN,5,5,None,,FALSE,2,103,103,1,observed,138,138,FALSE,96,96,FALSE,,,,,1.701988472622478,15.681217193603514,4.26510758614073,0.26689250900202605,0.07259163946106209,,
2023_Fm537_None_3,2023,Fm537,KAZAKHSTAN,5,5,None,,FALSE,3,109,109,1,observed,133,133,FALSE,60,60,FALSE,,,,,1.6666896551724135,17.175888061523438,4.2056074766353575,0.2862687495054048,0.07009442475023911,,
2023_Fm54_None_1,2023,Fm54,India,1,1,None,,FALSE,1,159,159,1,observed,98,98,FALSE,96,96,FALSE,,,,,,,,,,7,1.5
2023_Fm54_None_2,2023,Fm54,India,1,1,None,,FALSE,2,160,160,1,observed,119,119,FALSE,48,48,FALSE,,,,,,,,,,8.5,1
2023_Fm54_None_3,2023,Fm54,India,1,1,None,,FALSE,3,160,160,1,observed,108,108,FALSE,48,48,FALSE,,,,,,,,,,10,2
2023_Fm55_None_1,2023,Fm55,India,1,1,None,,FALSE,1,140,140,1,observed,146,146,FALSE,96,96,FALSE,,,,,,,,,,13.5,2.5
2023_Fm55_None_2,2023,Fm55,India,1,1,None,,FALSE,2,140,140,1,observed,132,132,FALSE,96,96,FALSE,,,,,,,,,,11,3
2023_Fm55_None_3,2023,Fm55,India,1,1,None,,FALSE,3,139,139,1,observed,134,134,FALSE,84,84,FALSE,,,,,,,,,,11.5,2.5
2023_Fm552_None_1,2023,Fm552,TURKEY,2,2,None,,FALSE,1,107,107,1,observed,110,110,FALSE,72,72,FALSE,,,,,,,,,,,
2023_Fm552_None_2,2023,Fm552,TURKEY,2,2,None,,FALSE,2,108,108,1,observed,104,104,FALSE,60,60,FALSE,,,,,,,,,,,
2023_Fm552_None_3,2023,Fm552,TURKEY,2,2,None,,FALSE,3,108,108,1,observed,115,115,FALSE,96,96,FALSE,,,,,,,,,,,
2023_Fm559_None_1,2023,Fm559,SOUTH AFRICA,,*,None,,FALSE,1,151,151,1,observed,117,117,FALSE,60,60,FALSE,,,,,,,,,,,
2023_Fm559_None_2,2023,Fm559,SOUTH AFRICA,,*,None,,FALSE,2,139,139,1,observed,138,138,FALSE,72,72,FALSE,,,,,,,,,,,
2023_Fm559_None_3,2023,Fm559,SOUTH AFRICA,,*,None,,FALSE,3,140,140,1,observed,127,127,FALSE,72,72,FALSE,,,,,,,,,,,
2023_Fm56_None_1,2023,Fm56,India,1,1,None,,FALSE,1,138,138,1,observed,131,131,FALSE,60,60,FALSE,,,,,2.215652173913043,,,,,12,6.5
2023_Fm56_None_2,2023,Fm56,India,1,1,None,,FALSE,2,141,141,1,observed,130,130,FALSE,60,60,FALSE,,,,,2.7203191489361713,,,,,9.5,4.5
2023_Fm56_None_3,2023,Fm56,India,1,1,None,,FALSE,3,142,142,1,observed,140,140,FALSE,84,84,FALSE,,,,,0.9718446601941748,,,,,10,1.5
2023_Fm560_None_1,2023,Fm560,AFGHANISTAN,2,2,None,,FALSE,1,84,84,1,observed,83,83,FALSE,72,72,FALSE,,,,,,14.438474655151367,3.9449610265927455,,,,
2023_Fm560_None_2,2023,Fm560,AFGHANISTAN,2,2,None,,FALSE,2,84,84,1,observed,90,90,FALSE,84,84,FALSE,,,,,,15.746231079101562,4.328887138848855,,,,
2023_Fm560_None_3,2023,Fm560,AFGHANISTAN,2,2,None,,FALSE,3,84,84,1,observed,89,89,FALSE,84,84,FALSE,,,,,,18.449449539184563,4.4081476705594325,,,,
2023_Fm566_None_1,2023,Fm566,AFGHANISTAN,1,1,None,,FALSE,1,106,106,1,observed,96,96,FALSE,96,96,FALSE,,,,,2.500048971596474,17.413431167602543,4.6548877553532355,0.4353443068253072,0.11637447345667877,,
2023_Fm566_None_2,2023,Fm566,AFGHANISTAN,1,1,None,,FALSE,2,107,107,1,observed,120,120,FALSE,72,72,FALSE,,,,,2.4134782608695646,18.062286376953118,5.112435133577157,0.4359293551237687,0.1233875105499426,,
2023_Fm566_None_3,2023,Fm566,AFGHANISTAN,1,1,None,,FALSE,3,107,107,1,observed,115,115,FALSE,48,48,FALSE,,,,,2.585753424657534,16.8808479309082,5.171198388720981,0.4364971034846894,0.13371443943218803,,
2023_Fm569_None_1,2023,Fm569,AFGHANISTAN,2,2,None,,FALSE,1,85,85,1,observed,117,117,FALSE,72,72,FALSE,,,,,2.861385658914729,17.300392150878906,4.146205762113393,0.49503093994125846,0.11863893706620876,,
2023_Fm569_None_2,2023,Fm569,AFGHANISTAN,2,2,None,,FALSE,2,85,85,1,observed,119,119,FALSE,60,60,FALSE,,,,,2.6467793240556663,14.452438354492191,4.006417818885594,0.38252415018859015,0.10604103846554594,,
2023_Fm569_None_3,2023,Fm569,AFGHANISTAN,2,2,None,,FALSE,3,84,84,1,observed,124,124,FALSE,72,72,FALSE,,,,,3.0116045845272197,15.063982963562013,4.0879299622061165,0.45366760154303293,0.12311228615406128,,
2023_Fm57_None_1,2023,Fm57,India,1,1,None,,FALSE,1,162,162,1,observed,104,104,FALSE,78,78,FALSE,,,,,,,,,,,
2023_Fm57_None_2,2023,Fm57,India,1,1,None,,FALSE,2,196,196,1,observed,90,90,FALSE,96,96,FALSE,,,,,,,,,,,
2023_Fm57_None_3,2023,Fm57,India,1,1,None,,FALSE,3,191,191,1,observed,88,88,FALSE,72,72,FALSE,,,,,,,,,,,
2023_Fm573_None_1,2023,Fm573,KENYA,1,1,None,,FALSE,1,141,141,1,observed,107,107,FALSE,108,108,FALSE,,,,,,,,,,,
2023_Fm573_None_2,2023,Fm573,KENYA,1,1,None,,FALSE,2,143,143,1,observed,103,103,FALSE,96,96,FALSE,,,,,,,,,,,
2023_Fm573_None_3,2023,Fm573,KENYA,1,1,None,,FALSE,3,142,142,1,observed,110,110,FALSE,96,96,FALSE,,,,,,,,,,,
2023_Fm585_None_1,2023,Fm585,SPAIN,2,2,None,,FALSE,1,102,102,1,observed,119,119,FALSE,24,24,FALSE,,,,,2.268275862068965,14.470599174499513,5.444388014220719,0.32823310817192325,0.12349373916394445,,
2023_Fm585_None_2,2023,Fm585,SPAIN,2,2,None,,FALSE,2,107,107,1,observed,127,127,FALSE,12,12,FALSE,,,,,2.137962598425197,14.830286979675297,5.3804878048785065,0.3170659888645795,0.11503281688113136,,
2023_Fm585_None_3,2023,Fm585,SPAIN,2,2,None,,FALSE,3,107,107,1,observed,136,136,FALSE,24,24,FALSE,,,,,2.3720845624385447,16.649518966674805,5.380315917375175,0.39494066912877057,0.12762564328648032,,
2023_Fm589_None_1,2023,Fm589,BELGIUM,2,2,None,,FALSE,1,109,109,1,observed,115,115,FALSE,96,96,FALSE,,,,,2.277666015625,14.80127716064453,4.556210160324787,0.3371236597664654,0.10377525042217105,,
2023_Fm589_None_2,2023,Fm589,BELGIUM,2,2,None,,FALSE,2,104,104,1,observed,117,117,FALSE,108,108,FALSE,,,,,2.161468330134357,14.348409652709964,3.7759377494020296,0.31013633052126677,0.08161569861891285,,
2023_Fm589_None_3,2023,Fm589,BELGIUM,2,2,None,,FALSE,3,109,109,1,observed,118,118,FALSE,84,84,FALSE,,,,,2.3640217391304352,12.881673812866214,3.678690202097694,0.3045255693000297,0.0869650360928508,,
2023_Fm590_None_1,2023,Fm590,LEBANON,2,2,None,,FALSE,1,88,88,1,observed,85,85,FALSE,108,108,FALSE,,,,,2.0974280039721944,15.348878860473631,4.160339383421038,0.3219316835153423,0.08726012328815695,,
2023_Fm590_None_2,2023,Fm590,LEBANON,2,2,None,,FALSE,2,88,88,1,observed,90,90,FALSE,96,96,FALSE,,,,,2.5147311827956993,16.386676788330075,4.532517622024225,0.4120808710200814,0.11398063400675328,,
2023_Fm590_None_3,2023,Fm590,LEBANON,2,2,None,,FALSE,3,90,90,1,observed,93,93,FALSE,84,84,FALSE,,,,,2.157070506454817,17.29755973815918,4.351178142919056,0.37312055944823463,0.09385798040421536,,
2023_Fm592_None_1,2023,Fm592,LEBANON,2,2,None,,FALSE,1,90,90,1,observed,94,94,FALSE,96,96,FALSE,,,,,2.792573673870334,19.049375534057617,5.121133060007259,0.5319678462007894,0.143011413637633,,
2023_Fm592_None_2,2023,Fm592,LEBANON,2,2,None,,FALSE,2,91,91,1,observed,76,76,FALSE,108,108,FALSE,,,,,2.830413793103448,19.295701980590817,4.800482218204112,0.5461482103347781,0.13587351083952756,,
2023_Fm592_None_3,2023,Fm592,LEBANON,2,2,None,,FALSE,3,94,94,1,observed,86,86,FALSE,60,60,FALSE,,,,,2.753241650294695,18.286844253540036,4.997443418821741,0.5034810125129865,0.13759169365691137,,
2023_Fm595_None_1,2023,Fm595,ETHIOPIA,1,1,None,,FALSE,1,162,162,1,observed,129,129,FALSE,108,108,FALSE,,,,,,,,,,,
2023_Fm595_None_2,2023,Fm595,ETHIOPIA,1,1,None,,FALSE,2,159,159,1,observed,123,123,FALSE,60,60,FALSE,,,,,,,,,,,
2023_Fm595_None_3,2023,Fm595,ETHIOPIA,1,1,None,,FALSE,3,163,163,1,observed,121,121,FALSE,72,72,FALSE,,,,,,,,,,,
2023_Fm597_None_1,2023,Fm597,SOUTH AFRICA,1,1,None,,FALSE,1,137,137,1,observed,116,116,FALSE,78,78,FALSE,,,,,,,,,,,
2023_Fm597_None_2,2023,Fm597,SOUTH AFRICA,1,1,None,,FALSE,2,139,139,1,observed,128,128,FALSE,84,84,FALSE,,,,,,,,,,,
2023_Fm597_None_3,2023,Fm597,SOUTH AFRICA,1,1,None,,FALSE,3,154,154,1,observed,150,150,FALSE,84,84,FALSE,,,,,,,,,,,
2023_Fm599_None_1,2023,Fm599,KENYA,1,1,None,,FALSE,1,153,153,1,observed,126,126,FALSE,84,84,FALSE,,,,,,,,,,,
2023_Fm599_None_2,2023,Fm599,KENYA,1,1,None,,FALSE,2,139,139,1,observed,116,116,FALSE,84,84,FALSE,,,,,,,,,,,
2023_Fm599_None_3,2023,Fm599,KENYA,1,1,None,,FALSE,3,139,139,1,observed,121,121,FALSE,84,84,FALSE,,,,,,,,,,,
2023_Fm60_None_1,2023,Fm60,India,1,1,None,,FALSE,1,0,,,zero_code,117,117,FALSE,96,96,FALSE,,,,,,,,,,,
2023_Fm60_None_2,2023,Fm60,India,1,1,None,,FALSE,2,0,,,zero_code,100,100,FALSE,84,84,FALSE,,,,,,,,,,,
2023_Fm60_None_3,2023,Fm60,India,1,1,None,,FALSE,3,0,,,zero_code,122,122,FALSE,48,48,FALSE,,,,,,,,,,,
2023_Fm600_None_1,2023,Fm600,KENYA,1,1,None,,FALSE,1,121,121,1,observed,109,109,FALSE,84,84,FALSE,,,,,2.826120434353405,16.7032413482666,4.220139389569884,0.4720537169427297,0.11926622164683161,,
2023_Fm600_None_2,2023,Fm600,KENYA,1,1,None,,FALSE,2,122,122,1,observed,115,115,FALSE,60,60,FALSE,,,,,2.7264591439688712,14.271062850952148,3.633495145630964,0.38909469804132957,0.09906576064372051,,
2023_Fm600_None_3,2023,Fm600,KENYA,1,1,None,,FALSE,3,127,127,1,observed,130,130,FALSE,72,72,FALSE,,,,,2.953770491803278,16.07227897644043,3.796428312510911,0.47473823376639934,0.11213777923741246,,
2023_Fm601_None_1,2023,Fm601,KENYA,1,1,None,,FALSE,1,136,136,1,observed,127,127,FALSE,132,132,FALSE,,,,,2.5248659384309833,17.91765403747559,,0.45239674375812494,,,
2023_Fm601_None_2,2023,Fm601,KENYA,1,1,None,,FALSE,2,140,140,1,observed,128,128,FALSE,84,84,FALSE,,,,,2.013846153846153,17.567590713500977,,0.3537842499072735,,,
2023_Fm601_None_3,2023,Fm601,KENYA,1,1,None,,FALSE,3,138,138,1,observed,128,128,FALSE,84,84,FALSE,,,,,2.5,13.9802770614624,,0.34950692653655996,,,
2023_Fm603_None_1,2023,Fm603,LEBANON,2,2,None,,FALSE,1,93,93,1,observed,125,125,FALSE,60,60,FALSE,,,,,2.3941240157480315,13.939361572265625,4.403503176900381,0.3337256030435637,0.10542532709239956,,
2023_Fm603_None_2,2023,Fm603,LEBANON,2,2,None,,FALSE,2,94,94,1,observed,110,110,FALSE,48,48,FALSE,,,,,2.1747916666666667,18.34784507751465,4.769302853197132,0.39902740575869877,0.10372240100942677,,
2023_Fm603_None_3,2023,Fm603,LEBANON,2,2,None,,FALSE,3,92,92,1,observed,116,116,FALSE,36,36,FALSE,,,,,2.3310958904109587,16.334341049194336,4.583407354769899,0.3807691529234794,0.10684362048783477,,
2023_Fm609_None_1,2023,Fm609,LEBANON,2,2,None,,FALSE,1,84,84,1,observed,99,99,FALSE,48,48,FALSE,,,,,,,,,,,
2023_Fm609_None_2,2023,Fm609,LEBANON,2,2,None,,FALSE,2,85,85,1,observed,98,98,FALSE,48,48,FALSE,,,,,,,,,,,
2023_Fm609_None_3,2023,Fm609,LEBANON,2,2,None,,FALSE,3,84,84,1,observed,87,87,FALSE,60,60,FALSE,,,,,,,,,,,
2023_Fm610_None_1,2023,Fm610,LEBANON,1,1,None,,FALSE,1,113,113,1,observed,114,114,FALSE,96,96,FALSE,,,,,2.475696202531646,19.313673019409183,4.336909381419573,0.47814786951089217,0.10736870086304302,,
2023_Fm610_None_2,2023,Fm610,LEBANON,1,1,None,,FALSE,2,114,114,1,observed,113,113,FALSE,72,72,FALSE,,,,,2.2408974358974363,21.99008560180664,4.5779467680607935,0.4927752644025362,0.10258709174222387,,
2023_Fm610_None_3,2023,Fm610,LEBANON,1,1,None,,FALSE,3,116,116,1,observed,113,113,FALSE,84,84,FALSE,,,,,2.3679569892473125,18.11829948425293,4.690583413449769,0.4290335389701269,0.11107099777525896,,
2023_Fm611_None_1,2023,Fm611,LEBANON,1,1,None,,FALSE,1,107,107,1,observed,105,105,FALSE,108,108,FALSE,,,,,2.4901480750246785,18.29025268554687,4.40374499300238,0.4554543751662952,0.10965977117224442,,
2023_Fm611_None_2,2023,Fm611,LEBANON,1,1,None,,FALSE,2,111,111,1,observed,115,115,FALSE,96,96,FALSE,,,,,2.529674234945706,19.117441177368164,4.3653797628060005,0.48360898384478357,0.11042988711723738,,
2023_Fm611_None_3,2023,Fm611,LEBANON,1,1,None,,FALSE,3,109,109,1,observed,103,103,FALSE,132,132,FALSE,,,,,2.3787099903006785,19.79919052124023,4.398900274931671,0.47096532292740656,0.10463708030316368,,
2023_Fm612_None_1,2023,Fm612,LEBANON,1,1,None,,FALSE,1,104,104,1,observed,108,108,FALSE,72,72,FALSE,,,,,2.124215116279069,17.183443069458008,4.783239569278947,0.3650132951786351,0.10160629797846525,,
2023_Fm612_None_2,2023,Fm612,LEBANON,1,1,None,,FALSE,2,110,110,1,observed,93,93,FALSE,48,48,FALSE,,,,,2.52978196233895,16.84813690185547,4.660086396216312,0.426221128333312,0.11789002508089153,,
2023_Fm612_None_3,2023,Fm612,LEBANON,1,1,None,,FALSE,3,109,109,1,observed,96,96,FALSE,84,84,FALSE,,,,,2.6263861386138605,19.17668724060059,4.477345701034764,0.5036538555324668,0.11759238686980063,,
2023_Fm614_None_1,2023,Fm614,MOROCCO,5,5,None,,FALSE,1,128,128,1,observed,124,124,FALSE,120,120,FALSE,,,,,1.7578536585365854,16.49381828308105,3.2925472747494253,0.28993718812151653,0.05787816272822939,,
2023_Fm614_None_2,2023,Fm614,MOROCCO,5,5,None,,FALSE,2,129,129,1,observed,140,140,FALSE,72,72,FALSE,,,,,2.081382978723404,16.917634963989254,4.064770285480111,0.35212077454303176,0.08460343684618973,,
2023_Fm614_None_3,2023,Fm614,MOROCCO,5,5,None,,FALSE,3,135,135,1,observed,135,135,FALSE,72,72,FALSE,,,,,2.0115789473684207,15.783311843872067,3.547924192191944,0.3174937782488371,0.07136929611872427,,
2023_Fm615_None_1,2023,Fm615,FRANCE,2,2,None,,FALSE,1,108,108,1,observed,152,152,FALSE,60,60,FALSE,,,,,2.0175193798449613,16.82064628601074,4.235968041807606,0.3393597986354384,0.08546147616750753,,
2023_Fm615_None_2,2023,Fm615,FRANCE,2,2,None,,FALSE,2,108,108,1,observed,138,138,FALSE,84,84,FALSE,,,,,1.63487106017192,18.20721054077148,3.9866774323775487,0.2976644159956444,0.0651770356043455,,
2023_Fm615_None_3,2023,Fm615,FRANCE,2,2,None,,FALSE,3,109,109,1,observed,130,130,FALSE,96,96,FALSE,,,,,,22.455802917480472,4.432578636882996,0,0,,
2023_Fm616_None_1,2023,Fm616,AFGHANISTAN,2,2,None,,FALSE,1,107,107,1,observed,105,105,FALSE,84,84,FALSE,,,,,2.851454183266932,17.06947898864746,4.271233834323727,0.48672837268365815,0.12179227584593649,,
2023_Fm616_None_2,2023,Fm616,AFGHANISTAN,2,2,None,,FALSE,2,106,106,1,observed,110,110,FALSE,96,96,FALSE,,,,,2.407837051406402,16.57933807373047,4.423666616398133,0.3992034450172106,0.10651468382033016,,
2023_Fm616_None_3,2023,Fm616,AFGHANISTAN,2,2,None,,FALSE,3,107,107,1,observed,112,112,FALSE,96,96,FALSE,,,,,3.0693372898120677,19.47035789489746,4.058832195649019,0.5976109553279554,0.12457925011195325,,
2023_Fm620_None_1,2023,Fm620,MOROCCO,2,2,None,,FALSE,1,91,91,1,observed,105,105,FALSE,108,108,FALSE,,,,,1.6715917968749998,,,,,,
2023_Fm620_None_2,2023,Fm620,MOROCCO,2,2,None,,FALSE,2,90,90,1,observed,99,99,FALSE,96,96,FALSE,,,,,1.7111956521739127,,,,,,
2023_Fm620_None_3,2023,Fm620,MOROCCO,2,2,None,,FALSE,3,94,94,1,observed,108,108,FALSE,60,60,FALSE,,,,,1.6779768786127167,,,,,,
2023_Fm621_None_1,2023,Fm621,KAZAKHSTAN,4,4,None,,FALSE,1,102,102,1,observed,130,130,FALSE,72,72,FALSE,,,,,2.7549559255631726,14.58291244506836,3.5532226316051196,0.4017528105251002,0.09788971743785693,,
2023_Fm621_None_2,2023,Fm621,KAZAKHSTAN,4,4,None,,FALSE,2,106,106,1,observed,137,137,FALSE,60,60,FALSE,,,,,2.7417828685258976,14.979807853698732,3.9984036317379594,0.4107138054708087,0.10962754578950866,,
2023_Fm621_None_3,2023,Fm621,KAZAKHSTAN,4,4,None,,FALSE,3,103,103,1,observed,134,134,FALSE,96,96,FALSE,,,,,3.171485148514851,14.12945079803467,4.053818796787061,0.4481134336263826,0.1285662610878051,,
2023_Fm63_None_1,2023,Fm63,India,1,1,None,,FALSE,1,162,162,1,observed,105,105,FALSE,84,84,FALSE,,,,,,,,,,8,0.5
2023_Fm63_None_2,2023,Fm63,India,1,1,None,,FALSE,2,162,162,1,observed,88,88,FALSE,72,72,FALSE,,,,,,,,,,12,0.5
2023_Fm63_None_3,2023,Fm63,India,1,1,None,,FALSE,3,154,154,1,observed,107,107,FALSE,48,48,FALSE,,,,,,,,,,11,3
2023_Fm65_None_1,2023,Fm65,India,1,1,None,,FALSE,1,122,122,1,observed,143,143,FALSE,108,108,FALSE,,,,,,19.480697631835927,,,,12,1.2
2023_Fm65_None_2,2023,Fm65,India,1,1,None,,FALSE,2,128,128,1,observed,142,142,FALSE,84,84,FALSE,,,,,,19.24789428710937,,,,12,1.5
2023_Fm65_None_3,2023,Fm65,India,1,1,None,,FALSE,3,127,127,1,observed,141,141,FALSE,84,84,FALSE,,,,,,20.646118164062504,,,,10,1.5
2023_Fm74_None_1,2023,Fm74,India,1,1,None,,FALSE,1,154,154,1,observed,121,121,FALSE,84,84,FALSE,,,,,,,,,,10,2
2023_Fm74_None_2,2023,Fm74,India,1,1,None,,FALSE,2,162,162,1,observed,108,108,FALSE,48,48,FALSE,,,,,,,,,,9,0.5
2023_Fm74_None_3,2023,Fm74,India,1,1,None,,FALSE,3,160,160,1,observed,118,118,FALSE,36,36,FALSE,,,,,,,,,,11,0.5
2023_Fm78_None_1,2023,Fm78,India,1,1,None,,FALSE,1,128,128,1,observed,115,115,FALSE,48,48,FALSE,,,,,2.456382153249272,19.44100952148437,3.9038053901286864,0.477545488297234,0.0958923789007042,11,9.5
2023_Fm78_None_2,2023,Fm78,India,1,1,None,,FALSE,2,137,137,1,observed,92,92,FALSE,36,36,FALSE,,,,,2.0868904593639575,21.26032829284668,3.7740147315666652,0.4436797627728736,0.07875955336805497,8.5,4.5
2023_Fm78_None_3,2023,Fm78,India,1,1,None,,FALSE,3,137,137,1,observed,120,120,FALSE,12,12,FALSE,,,,,2.272801932367149,19.305446624755856,3.7795471510328915,0.43877456393956,0.08590162068340312,11,6
2023_Fm79_None_1,2023,Fm79,India,,*,None,,FALSE,1,141,141,1,observed,102,102,FALSE,48,48,FALSE,,,,,,,,,,7,0.5
2023_Fm79_None_2,2023,Fm79,India,,*,None,,FALSE,2,153,153,1,observed,125,125,FALSE,36,36,FALSE,,,,,,,,,,9.5,4
2023_Fm79_None_3,2023,Fm79,India,,*,None,,FALSE,3,143,143,1,observed,114,114,FALSE,36,36,FALSE,,,,,,,,,,11,2
2023_Fm81_None_1,2023,Fm81,India,1,1,None,,FALSE,1,141,141,1,observed,127,127,FALSE,96,96,FALSE,,,,,,,,,,10,2
2023_Fm81_None_2,2023,Fm81,India,1,1,None,,FALSE,2,137,137,1,observed,125,125,FALSE,48,48,FALSE,,,,,,,,,,12,1
2023_Fm81_None_3,2023,Fm81,India,1,1,None,,FALSE,3,139,139,1,observed,125,125,FALSE,84,84,FALSE,,,,,,,,,,11,1.5
2023_Fm83_None_1,2023,Fm83,India,1,1,None,,FALSE,1,140,140,1,observed,101,101,FALSE,60,60,FALSE,,,,,,,,,,12.5,2
2023_Fm83_None_2,2023,Fm83,India,1,1,None,,FALSE,2,143,143,1,observed,107,107,FALSE,36,36,FALSE,,,,,,,,,,11,2
2023_Fm83_None_3,2023,Fm83,India,1,1,None,,FALSE,3,153,153,1,observed,116,116,FALSE,60,60,FALSE,,,,,,,,,,11,4
2023_Fm84_None_1,2023,Fm84,India,1,1,None,,FALSE,1,154,154,1,observed,123,123,FALSE,84,84,FALSE,,,,,,,,,,7,1
2023_Fm84_None_2,2023,Fm84,India,1,1,None,,FALSE,2,160,160,1,observed,103,103,FALSE,72,72,FALSE,,,,,,,,,,9,2
2023_Fm84_None_3,2023,Fm84,India,1,1,None,,FALSE,3,151,151,1,observed,117,117,FALSE,60,60,FALSE,,,,,,,,,,10,1
2023_Fm86_None_1,2023,Fm86,India,1,1,None,,FALSE,1,140,140,1,observed,126,126,FALSE,60,60,FALSE,,,,,1.7323107177974433,,,,,9,3.5
2023_Fm86_None_2,2023,Fm86,India,1,1,None,,FALSE,2,153,153,1,observed,118,118,FALSE,60,60,FALSE,,,,,1.392857142857143,,,,,7.5,0.5
2023_Fm86_None_3,2023,Fm86,India,1,1,None,,FALSE,3,143,143,1,observed,129,129,FALSE,96,96,FALSE,,,,,0.3373042616451933,,,,,8.5,0.5
2023_Fm87_None_1,2023,Fm87,India,1,1,None,,FALSE,1,151,151,1,observed,102,102,FALSE,48,48,FALSE,,,,,,,,,,9,0.2
2023_Fm87_None_2,2023,Fm87,India,1,1,None,,FALSE,2,160,160,1,observed,121,121,FALSE,60,60,FALSE,,,,,,,,,,9.5,2
2023_Fm87_None_3,2023,Fm87,India,1,1,None,,FALSE,3,160,160,1,observed,125,125,FALSE,36,36,FALSE,,,,,,,,,,9,1.5
2023_Fm88_None_1,2023,Fm88,India,1,1,None,,FALSE,1,137,137,1,observed,102,102,FALSE,54,54,FALSE,,,,,,,,,,11,4.5
2023_Fm88_None_2,2023,Fm88,India,1,1,None,,FALSE,2,142,142,1,observed,103,103,FALSE,60,60,FALSE,,,,,,,,,,11.5,3.5
2023_Fm88_None_3,2023,Fm88,India,1,1,None,,FALSE,3,143,143,1,observed,110,110,FALSE,48,48,FALSE,,,,,,,,,,9,4
2023_Fm91_None_1,2023,Fm91,India,1,1,None,,FALSE,1,160,160,1,observed,115,115,FALSE,72,72,FALSE,,,,,,,,,,12,0.5
2023_Fm91_None_2,2023,Fm91,India,1,1,None,,FALSE,2,160,160,1,observed,115,115,FALSE,72,72,FALSE,,,,,,,,,,8.5,0.3
2023_Fm91_None_3,2023,Fm91,India,1,1,None,,FALSE,3,150,150,1,observed,123,123,FALSE,48,48,FALSE,,,,,,,,,,9,1
2023_Fm96_None_1,2023,Fm96,Sri Lanka,1,1,None,,FALSE,1,154,154,1,observed,85,85,FALSE,96,96,FALSE,,,,,,,,,,12.5,4
2023_Fm96_None_2,2023,Fm96,Sri Lanka,1,1,None,,FALSE,2,160,160,1,observed,92,92,FALSE,96,96,FALSE,,,,,,,,,,9,2.5
2023_Fm96_None_3,2023,Fm96,Sri Lanka,1,1,None,,FALSE,3,154,154,1,observed,86,86,FALSE,132,132,FALSE,,,,,,,,,,8,3
2023_Fm97_None_1,2023,Fm97,Sri Lanka,1,1,None,,FALSE,1,141,141,1,observed,126,126,FALSE,48,48,FALSE,,,,,,,,,,11,2.5
2023_Fm97_None_2,2023,Fm97,Sri Lanka,1,1,None,,FALSE,2,139,139,1,observed,123,123,FALSE,84,84,FALSE,,,,,,,,,,11,3.5
2023_Fm97_None_3,2023,Fm97,Sri Lanka,1,1,None,,FALSE,3,139,139,1,observed,120,120,FALSE,72,72,FALSE,,,,,,,,,,12,1
2024_Fm134_N120_1,2024,Fm134,Cameroon,3,3,N120,120,FALSE,1,105,105,1,observed,60,60,FALSE,6,6,FALSE,30,159,0.73,0.56,,,,,,,
2024_Fm134_N120_2,2024,Fm134,Cameroon,3,3,N120,120,FALSE,2,112,112,1,observed,30,30,FALSE,*,,,28,187,0.51,0.21000000000000002,,,,,,,
2024_Fm134_N120_3,2024,Fm134,Cameroon,3,3,N120,120,FALSE,3,105,105,1,observed,50,50,FALSE,*,,,22,167,0.6599999999999999,0.61,,,,,,,
2024_Fm134_N40_1,2024,Fm134,Cameroon,3,3,N40,40,FALSE,1,116,116,1,observed,32,32,FALSE,6,6,FALSE,22,177,0.63,0.5800000000000001,,,,,,,
2024_Fm134_N40_2,2024,Fm134,Cameroon,3,3,N40,40,FALSE,2,106,106,1,observed,74,74,FALSE,10,10,FALSE,25,168,0.7799999999999999,0.4,,,,,,,
2024_Fm134_N40_3,2024,Fm134,Cameroon,3,3,N40,40,FALSE,3,118,118,1,observed,42,42,FALSE,6,6,FALSE,20,186,0.59,0.35,,,,,,,
2024_Fm156_N120_1,2024,Fm156,India,,*,N120,120,FALSE,1,0,,,zero_code,102,102,FALSE,30,30,FALSE,2,,0.63,0.59,,,,,,,
2024_Fm156_N120_2,2024,Fm156,India,,*,N120,120,FALSE,2,0,,,zero_code,114,114,FALSE,34,34,FALSE,1,,0.55,0.6,,,,,,,
2024_Fm156_N120_3,2024,Fm156,India,,*,N120,120,FALSE,3,0,,,zero_code,93,93,FALSE,*,,,2,,0.56,0.59,,,,,,,
2024_Fm156_N40_1,2024,Fm156,India,,*,N40,40,FALSE,1,0,,,zero_code,90,90,FALSE,24,24,FALSE,2,,0.62,0.5800000000000001,,,,,,,
2024_Fm156_N40_2,2024,Fm156,India,,*,N40,40,FALSE,2,0,,,zero_code,88,88,FALSE,26,26,FALSE,1,,0.6799999999999999,0.63,,,,,,,
2024_Fm156_N40_3,2024,Fm156,India,,*,N40,40,FALSE,3,0,,,zero_code,90,90,FALSE,34,34,FALSE,1,,0.46,0.44,,,,,,,
2024_Fm161_N120_1,2024,Fm161,India,1,1,N120,120,FALSE,1,0,,,zero_code,70,70,FALSE,70,70,FALSE,4,,0.72,0.65,,,,,,,
2024_Fm161_N120_2,2024,Fm161,India,1,1,N120,120,FALSE,2,0,,,zero_code,62,62,FALSE,*,,,2,,0.73,0.75,,,,,,,
2024_Fm161_N120_3,2024,Fm161,India,1,1,N120,120,FALSE,3,0,,,zero_code,57,57,FALSE,*,,,3,,0.6799999999999999,0.6699999999999999,,,,,,,
2024_Fm161_N40_1,2024,Fm161,India,1,1,N40,40,FALSE,1,0,,,zero_code,70,70,FALSE,68,68,FALSE,2,,0.6699999999999999,0.51,,,,,,,
2024_Fm161_N40_2,2024,Fm161,India,1,1,N40,40,FALSE,2,0,,,zero_code,75,75,FALSE,62,62,FALSE,3,,0.61,0.72,,,,,,,
2024_Fm161_N40_3,2024,Fm161,India,1,1,N40,40,FALSE,3,0,,,zero_code,56,56,FALSE,64,64,FALSE,1,,0.62,0.5800000000000001,,,,,,,
2024_Fm168_N120_1,2024,Fm168,India,1,1,N120,120,FALSE,1,0,,,zero_code,85,85,FALSE,18,18,FALSE,1,,0.64,0.51,,,,,,,
2024_Fm168_N120_2,2024,Fm168,India,1,1,N120,120,TRUE,2,*,,,star_code,*,,,32,32,FALSE,,,,,,,,,,,
2024_Fm168_N120_3,2024,Fm168,India,1,1,N120,120,FALSE,3,*,,,star_code,89,89,FALSE,*,,,1,,0.69,0.4,,,,,,,
2024_Fm168_N40_1,2024,Fm168,India,1,1,N40,40,FALSE,1,0,,,zero_code,90,90,FALSE,*,,,1,,0.64,0.6,,,,,,,
2024_Fm168_N40_2,2024,Fm168,India,1,1,N40,40,FALSE,2,0,,,zero_code,103,103,FALSE,*,,,1,,0.64,0.5800000000000001,,,,,,,
2024_Fm168_N40_3,2024,Fm168,India,1,1,N40,40,FALSE,3,0,,,zero_code,95,95,FALSE,26,26,FALSE,1,,0.7,0.6699999999999999,,,,,,,
2024_Fm170_N120_1,2024,Fm170,India,1,1,N120,120,FALSE,1,138,138,1,observed,102,102,FALSE,30,30,FALSE,3,186,0.61,0.74,,,,,,,
2024_Fm170_N120_2,2024,Fm170,India,1,1,N120,120,FALSE,2,146,146,1,observed,118,118,FALSE,22,22,FALSE,3,181,0.63,0.72,,,,,,,
2024_Fm170_N120_3,2024,Fm170,India,1,1,N120,120,FALSE,3,130,130,1,observed,103,103,FALSE,*,,,2,186,0.51,0.3,,,,,,,
2024_Fm170_N40_1,2024,Fm170,India,1,1,N40,40,FALSE,1,130,130,1,observed,104,104,FALSE,18,18,FALSE,1,180,0.59,0.57,,,,,,,
2024_Fm170_N40_2,2024,Fm170,India,1,1,N40,40,FALSE,2,139,139,1,observed,117,117,FALSE,16,16,FALSE,3,162,0.54,0.51,,,,,,,
2024_Fm170_N40_3,2024,Fm170,India,1,1,N40,40,FALSE,3,138,138,1,observed,110,110,FALSE,20,20,FALSE,2,177,0.57,0.6799999999999999,,,,,,,
2024_Fm173_N120_1,2024,Fm173,India,1,1,N120,120,FALSE,1,137,137,1,observed,104,104,FALSE,44,44,FALSE,7,187,0.73,0.6,,,,,,,
2024_Fm173_N120_2,2024,Fm173,India,1,1,N120,120,FALSE,2,138,138,1,observed,97,97,FALSE,*,,,7,186,0.73,0.7899999999999999,,,,,,,
2024_Fm173_N120_3,2024,Fm173,India,1,1,N120,120,FALSE,3,121,121,1,observed,108,108,FALSE,*,,,11,192,0.6599999999999999,0.6,,,,,,,
2024_Fm173_N40_1,2024,Fm173,India,1,1,N40,40,FALSE,1,130,130,1,observed,102,102,FALSE,32,32,FALSE,7,,0.73,0.75,,,,,,,
2024_Fm173_N40_2,2024,Fm173,India,1,1,N40,40,FALSE,2,125,125,1,observed,110,110,FALSE,44,44,FALSE,15,183,0.71,0.76,,,,,,,
2024_Fm173_N40_3,2024,Fm173,India,1,1,N40,40,FALSE,3,124,124,1,observed,108,108,FALSE,60,60,FALSE,8,186,0.62,0.5,,,,,,,
2024_Fm174_N120_1,2024,Fm174,India,1,1,N120,120,FALSE,1,141,141,1,observed,88,88,FALSE,26,26,FALSE,6,180,0.74,0.65,,,,,,,
2024_Fm174_N120_2,2024,Fm174,India,1,1,N120,120,FALSE,2,139,139,1,observed,95,95,FALSE,22,22,FALSE,6,177,0.72,0.6799999999999999,,,,,,,
2024_Fm174_N120_3,2024,Fm174,India,1,1,N120,120,FALSE,3,138,138,1,observed,89,89,FALSE,*,,,11,186,0.73,0.6699999999999999,,,,,,,
2024_Fm174_N40_1,2024,Fm174,India,1,1,N40,40,FALSE,1,139,139,1,observed,88,88,FALSE,24,24,FALSE,5,180,0.7799999999999999,0.62,,,,,,,
2024_Fm174_N40_2,2024,Fm174,India,1,1,N40,40,FALSE,2,139,139,1,observed,101,101,FALSE,26,26,FALSE,5,,0.75,0.71,,,,,,,
2024_Fm174_N40_3,2024,Fm174,India,1,1,N40,40,FALSE,3,139,139,1,observed,90,90,FALSE,22,22,FALSE,7,181,0.69,0.72,,,,,,,
2024_Fm176_N120_1,2024,Fm176,India,1,1,N120,120,FALSE,1,120,120,1,observed,102,102,FALSE,18,18,FALSE,4,187,0.48000000000000004,0.65,,,,,,,
2024_Fm176_N120_2,2024,Fm176,India,1,1,N120,120,FALSE,2,136,136,1,observed,91,91,FALSE,*,,,6,181,0.56,0.33999999999999997,,,,,,,
2024_Fm176_N120_3,2024,Fm176,India,1,1,N120,120,FALSE,3,130,130,1,observed,79,79,FALSE,*,,,3,192,0.46,0.3,,,,,,,
2024_Fm176_N40_1,2024,Fm176,India,1,1,N40,40,FALSE,1,130,130,1,observed,102,102,FALSE,20,20,FALSE,5,187,0.47000000000000003,0.5,,,,,,,
2024_Fm176_N40_2,2024,Fm176,India,1,1,N40,40,FALSE,2,122,122,1,observed,95,95,FALSE,16,16,FALSE,3,183,0.57,0.3,,,,,,,
2024_Fm176_N40_3,2024,Fm176,India,1,1,N40,40,FALSE,3,130,130,1,observed,99,99,FALSE,22,22,FALSE,3,192,0.47000000000000003,0.3,,,,,,,
2024_Fm181_N120_1,2024,Fm181,India,2,2,N120,120,FALSE,1,82,82,1,observed,97,97,FALSE,68,68,FALSE,2,128,0.61,0.69,,13.48,,,,,
2024_Fm181_N120_2,2024,Fm181,India,2,2,N120,120,FALSE,2,82,82,1,observed,78,78,FALSE,*,,,5,128,0.56,0.65,,13.88,,,,,
2024_Fm181_N120_3,2024,Fm181,India,2,2,N120,120,FALSE,3,83,83,1,observed,98,98,FALSE,*,,,3,128,0.5800000000000001,0.61,,15.629999999999999,,,,,
2024_Fm181_N40_1,2024,Fm181,India,2,2,N40,40,FALSE,1,78,78,1,observed,98,98,FALSE,64,64,FALSE,4,124,0.7,0.73,,14.29,,,,,
2024_Fm181_N40_2,2024,Fm181,India,2,2,N40,40,FALSE,2,78,78,1,observed,107,107,FALSE,86,86,FALSE,4,124,0.73,0.72,,15.53,,,,,
2024_Fm181_N40_3,2024,Fm181,India,2,2,N40,40,FALSE,3,83,83,1,observed,98,98,FALSE,90,90,FALSE,4,131,0.6,0.61,,,,,,,
2024_Fm185_N120_1,2024,Fm185,India,1,1,N120,120,FALSE,1,121,121,1,observed,111,111,FALSE,50,50,FALSE,2,183,0.42000000000000004,0.43000000000000005,,,,,,,
2024_Fm185_N120_2,2024,Fm185,India,1,1,N120,120,FALSE,2,121,121,1,observed,102,102,FALSE,*,,,0,177,0.33999999999999997,0.3,,,,,,,
2024_Fm185_N120_3,2024,Fm185,India,1,1,N120,120,FALSE,3,118,118,1,observed,105,105,FALSE,*,,,1,192,0.38,0.4,,,,,,,
2024_Fm185_N40_1,2024,Fm185,India,1,1,N40,40,FALSE,1,122,122,1,observed,114,114,FALSE,*,,,1,179,0.61,0.55,,,,,,,
2024_Fm185_N40_2,2024,Fm185,India,1,1,N40,40,FALSE,2,121,121,1,observed,110,110,FALSE,76,76,FALSE,1,183,0.38,0.5,,,,,,,
2024_Fm185_N40_3,2024,Fm185,India,1,1,N40,40,FALSE,3,122,122,1,observed,95,95,FALSE,60,60,FALSE,0,186,0.41000000000000003,0.3,,,,,,,
2024_Fm190_N120_1,2024,Fm190,RUSSIAN FEDERATION,4,4,N120,120,FALSE,1,91,91,1,observed,102,102,FALSE,58,58,FALSE,2,152,0.6,0.77,,13.83,,,,,
2024_Fm190_N120_2,2024,Fm190,RUSSIAN FEDERATION,4,4,N120,120,FALSE,2,99,99,1,observed,130,130,FALSE,*,,,1,138,0.6599999999999999,0.75,,17.16,,,,,
2024_Fm190_N120_3,2024,Fm190,RUSSIAN FEDERATION,4,4,N120,120,FALSE,3,99,99,1,observed,98,98,FALSE,*,,,1,153,0.6799999999999999,0.76,,13.9,,,,,
2024_Fm190_N40_1,2024,Fm190,RUSSIAN FEDERATION,4,4,N40,40,FALSE,1,99,99,1,observed,113,113,FALSE,40,40,FALSE,0,152,0.65,0.75,,15.06,,,,,
2024_Fm190_N40_2,2024,Fm190,RUSSIAN FEDERATION,4,4,N40,40,FALSE,2,99,99,1,observed,113,113,FALSE,48,48,FALSE,2,149,0.72,0.6699999999999999,,14.01,,,,,
2024_Fm190_N40_3,2024,Fm190,RUSSIAN FEDERATION,4,4,N40,40,FALSE,3,98,98,1,observed,102,102,FALSE,62,62,FALSE,1,150,0.64,0.57,,,,,,,
2024_Fm193_N120_1,2024,Fm193,China,4,4,N120,120,FALSE,1,99,99,1,observed,94,94,FALSE,87,87,FALSE,1,152,0.5800000000000001,0.6599999999999999,,15.77,,,,,
2024_Fm193_N120_2,2024,Fm193,China,4,4,N120,120,FALSE,2,94,94,1,observed,104,104,FALSE,90,90,FALSE,2,139,0.63,0.6799999999999999,,15.360000000000001,,,,,
2024_Fm193_N120_3,2024,Fm193,China,4,4,N120,120,FALSE,3,99,99,1,observed,98,98,FALSE,*,,,0,150,0.5800000000000001,0.55,,15.2,,,,,
2024_Fm193_N40_1,2024,Fm193,China,4,4,N40,40,FALSE,1,99,99,1,observed,85,85,FALSE,62,62,FALSE,1,149,0.5800000000000001,0.6,,15.88,,,,,
2024_Fm193_N40_2,2024,Fm193,China,4,4,N40,40,FALSE,2,95,95,1,observed,94,94,FALSE,70,70,FALSE,2,147,0.64,0.72,,15.15,,,,,
2024_Fm193_N40_3,2024,Fm193,China,4,4,N40,40,FALSE,3,95,95,1,observed,98,98,FALSE,64,64,FALSE,1,147,0.5800000000000001,0.55,,15.51,,,,,
2024_Fm194_N120_1,2024,Fm194,RUSSIAN FEDERATION,4,4,N120,120,FALSE,1,99,99,1,observed,80,80,FALSE,*,,,2,159,0.5800000000000001,0.6699999999999999,,14.77,,,,,
2024_Fm194_N120_2,2024,Fm194,RUSSIAN FEDERATION,4,4,N120,120,FALSE,2,99,99,1,observed,88,88,FALSE,28,28,FALSE,1,159,0.59,0.57,,13.350000000000001,,,,,
2024_Fm194_N120_3,2024,Fm194,RUSSIAN FEDERATION,4,4,N120,120,FALSE,3,99,99,1,observed,81,81,FALSE,20,20,FALSE,1,160,0.47000000000000003,0.6699999999999999,,14.44,,,,,
2024_Fm194_N40_1,2024,Fm194,RUSSIAN FEDERATION,4,4,N40,40,FALSE,1,100,100,1,observed,88,88,FALSE,12,12,FALSE,3,149,0.71,0.59,,15.52,,,,,
2024_Fm194_N40_2,2024,Fm194,RUSSIAN FEDERATION,4,4,N40,40,FALSE,2,100,100,1,observed,93,93,FALSE,12,12,FALSE,2,149,0.6699999999999999,0.5800000000000001,,15.12,,,,,
2024_Fm194_N40_3,2024,Fm194,RUSSIAN FEDERATION,4,4,N40,40,FALSE,3,92,92,1,observed,86,86,FALSE,16,16,FALSE,1,160,0.5800000000000001,0.6599999999999999,,,,,,,
2024_Fm195_N120_1,2024,Fm195,Greece,2,2,N120,120,FALSE,1,106,106,1,observed,125,125,FALSE,52,52,FALSE,0,159,0.63,0.6699999999999999,,18.479999999999997,,,,,
2024_Fm195_N120_2,2024,Fm195,Greece,2,2,N120,120,FALSE,2,106,106,1,observed,135,135,FALSE,*,,,0,156,0.69,0.75,,17.29,,,,,
2024_Fm195_N120_3,2024,Fm195,Greece,2,2,N120,120,FALSE,3,107,107,1,observed,135,135,FALSE,*,,,0,160,0.5800000000000001,0.72,,21.8,,,,,
2024_Fm195_N40_1,2024,Fm195,Greece,2,2,N40,40,FALSE,1,106,106,1,observed,125,125,FALSE,68,68,FALSE,0,156,0.6699999999999999,0.7,,18.81,,,,,
2024_Fm195_N40_2,2024,Fm195,Greece,2,2,N40,40,FALSE,2,106,106,1,observed,135,135,FALSE,58,58,FALSE,0,156,0.65,0.6799999999999999,,15.629999999999999,,,,,
2024_Fm195_N40_3,2024,Fm195,Greece,2,2,N40,40,FALSE,3,107,107,1,observed,125,125,FALSE,70,70,FALSE,0,156,0.65,0.73,,,,,,,
2024_Fm20_N120_1,2024,Fm20,India,1,1,N120,120,FALSE,1,0,,,zero_code,101,101,FALSE,64,64,FALSE,1,,0.6799999999999999,0.64,,,,,,,
2024_Fm20_N120_2,2024,Fm20,India,1,1,N120,120,FALSE,2,0,,,zero_code,95,95,FALSE,76,76,FALSE,0,,0.52,0.62,,,,,,,
2024_Fm20_N120_3,2024,Fm20,India,1,1,N120,120,FALSE,3,0,,,zero_code,81,81,FALSE,84,84,FALSE,1,,0.56,0.62,,,,,,,
2024_Fm20_N40_1,2024,Fm20,India,1,1,N40,40,FALSE,1,0,,,zero_code,100,100,FALSE,68,68,FALSE,1,,0.65,0.6699999999999999,,,,,,,
2024_Fm20_N40_2,2024,Fm20,India,1,1,N40,40,FALSE,2,0,,,zero_code,102,102,FALSE,74,74,FALSE,0,,0.59,0.63,,,,,,,
2024_Fm20_N40_3,2024,Fm20,India,1,1,N40,40,FALSE,3,0,,,zero_code,88,88,FALSE,62,62,FALSE,1,,0.62,0.45,,,,,,,
2024_Fm203_N120_1,2024,Fm203,RUSSIAN FEDERATION,3,3,N120,120,FALSE,1,86,86,1,observed,104,104,FALSE,22,22,FALSE,7,132,0.63,0.73,,13.67,,,,,
2024_Fm203_N120_2,2024,Fm203,RUSSIAN FEDERATION,3,3,N120,120,FALSE,2,86,86,1,observed,99,99,FALSE,42,42,FALSE,4,132,0.6799999999999999,0.7899999999999999,,11.78,,,,,
2024_Fm203_N120_3,2024,Fm203,RUSSIAN FEDERATION,3,3,N120,120,FALSE,3,86,86,1,observed,112,112,FALSE,*,,,4,132,0.64,0.76,,13.43,,,,,
2024_Fm203_N40_1,2024,Fm203,RUSSIAN FEDERATION,3,3,N40,40,FALSE,1,85,85,1,observed,99,99,FALSE,36,36,FALSE,7,131,0.59,0.52,,13.4,,,,,
2024_Fm203_N40_2,2024,Fm203,RUSSIAN FEDERATION,3,3,N40,40,FALSE,2,86,86,1,observed,96,96,FALSE,42,42,FALSE,4,132,0.6599999999999999,0.65,,12.129999999999999,,,,,
2024_Fm203_N40_3,2024,Fm203,RUSSIAN FEDERATION,3,3,N40,40,FALSE,3,85,85,1,observed,106,106,FALSE,30,30,FALSE,4,131,0.6699999999999999,0.64,,,,,,,
2024_Fm208_N120_1,2024,Fm208,Georgia,2,2,N120,120,FALSE,1,124,124,1,observed,88,88,FALSE,8,8,FALSE,1,180,0.57,0.6699999999999999,,,,,,,
2024_Fm208_N120_2,2024,Fm208,Georgia,2,2,N120,120,FALSE,2,123,123,1,observed,108,108,FALSE,24,24,FALSE,1,177,0.59,0.72,,,,,,,
2024_Fm208_N120_3,2024,Fm208,Georgia,2,2,N120,120,FALSE,3,163,163,1,observed,90,90,FALSE,12,12,FALSE,0,186,0.69,0.6699999999999999,,,,,,,
2024_Fm208_N40_1,2024,Fm208,Georgia,2,2,N40,40,FALSE,1,123,123,1,observed,110,110,FALSE,14,14,FALSE,1,186,0.63,0.5,,,,,,,
2024_Fm208_N40_2,2024,Fm208,Georgia,2,2,N40,40,FALSE,2,121,121,1,observed,106,106,FALSE,10,10,FALSE,0,179,0.6,0.65,,,,,,,
2024_Fm208_N40_3,2024,Fm208,Georgia,2,2,N40,40,FALSE,3,124,124,1,observed,102,102,FALSE,8,8,FALSE,0,186,0.62,0.44,,,,,,,
2024_Fm214_N120_1,2024,Fm214,China,5,5,N120,120,FALSE,1,91,91,1,observed,110,110,FALSE,58,58,FALSE,3,132,0.6599999999999999,0.81,,14.12,,,,,
2024_Fm214_N120_2,2024,Fm214,China,5,5,N120,120,FALSE,2,99,99,1,observed,90,90,FALSE,62,62,FALSE,3,138,0.6,0.6699999999999999,,12.15,,,,,
2024_Fm214_N120_3,2024,Fm214,China,5,5,N120,120,FALSE,3,87,87,1,observed,115,115,FALSE,*,,,3,132,0.6699999999999999,0.73,,14.58,,,,,
2024_Fm214_N40_1,2024,Fm214,China,5,5,N40,40,FALSE,1,91,91,1,observed,102,102,FALSE,46,46,FALSE,4,138,0.71,0.76,,13.2,,,,,
2024_Fm214_N40_2,2024,Fm214,China,5,5,N40,40,FALSE,2,91,91,1,observed,94,94,FALSE,60,60,FALSE,1,138,0.57,0.7899999999999999,,13.93,,,,,
2024_Fm214_N40_3,2024,Fm214,China,5,5,N40,40,FALSE,3,89,89,1,observed,112,112,FALSE,76,76,FALSE,4,138,0.6599999999999999,0.81,,14.07,,,,,
2024_Fm215_N120_1,2024,Fm215,Germany,2,2,N120,120,FALSE,1,75,75,1,observed,129,129,FALSE,74,74,FALSE,2,125,0.56,0.73,,13.77,,,,,
2024_Fm215_N120_2,2024,Fm215,Germany,2,2,N120,120,FALSE,2,77,77,1,observed,129,129,FALSE,*,,,1,124,0.6,0.73,,12.209999999999999,,,,,
2024_Fm215_N120_3,2024,Fm215,Germany,2,2,N120,120,FALSE,3,76,76,1,observed,124,124,FALSE,*,,,1,124,0.5800000000000001,0.7899999999999999,,14.59,,,,,
2024_Fm215_N40_1,2024,Fm215,Germany,2,2,N40,40,FALSE,1,76,76,1,observed,121,121,FALSE,112,112,FALSE,2,122,0.62,0.7899999999999999,,14.18,,,,,
2024_Fm215_N40_2,2024,Fm215,Germany,2,2,N40,40,FALSE,2,76,76,1,observed,120,120,FALSE,94,94,FALSE,2,122,0.65,0.8,,15.88,,,,,
2024_Fm215_N40_3,2024,Fm215,Germany,2,2,N40,40,FALSE,3,74,74,1,observed,128,128,FALSE,78,78,FALSE,1,121,0.57,0.77,,,,,,,
2024_Fm216_N120_1,2024,Fm216,Bulgaria,4,4,N120,120,FALSE,1,103,103,1,observed,88,88,FALSE,2,2,FALSE,,155,0.64,0.72,,16.12,,,,,
2024_Fm216_N120_2,2024,Fm216,Bulgaria,4,4,N120,120,FALSE,2,109,109,1,observed,100,100,FALSE,4,4,FALSE,1,166,0.59,0.74,,16.739999999999995,,,,,
2024_Fm216_N120_3,2024,Fm216,Bulgaria,4,4,N120,120,FALSE,3,105,105,1,observed,100,100,FALSE,6,6,FALSE,2,160,0.7,0.74,,18.71,,,,,
2024_Fm216_N40_1,2024,Fm216,Bulgaria,4,4,N40,40,FALSE,1,*,,,star_code,*,,,4,4,FALSE,,,,,,,,,,,
2024_Fm216_N40_2,2024,Fm216,Bulgaria,4,4,N40,40,FALSE,2,104,104,1,observed,90,90,FALSE,6,6,FALSE,0,162,0.6,0.7,,,,,,,
2024_Fm216_N40_3,2024,Fm216,Bulgaria,4,4,N40,40,FALSE,3,*,,,star_code,*,,,4,4,FALSE,,,,,,,,,,,
2024_Fm219_N120_1,2024,Fm219,Germany,2,2,N120,120,FALSE,1,74,74,1,observed,107,107,FALSE,80,80,FALSE,5,121,0.62,0.75,,13.370000000000001,,,,,
2024_Fm219_N120_2,2024,Fm219,Germany,2,2,N120,120,FALSE,2,73,73,1,observed,120,120,FALSE,96,96,FALSE,2,,0.59,0.76,,12.88,,,,,
2024_Fm219_N120_3,2024,Fm219,Germany,2,2,N120,120,FALSE,3,73,73,1,observed,102,102,FALSE,100,100,FALSE,4,125,0.55,0.74,,11.139999999999999,,,,,
2024_Fm219_N40_1,2024,Fm219,Germany,2,2,N40,40,FALSE,1,73,73,1,observed,98,98,FALSE,80,80,FALSE,5,121,0.6,0.72,,11.93,,,,,
2024_Fm219_N40_2,2024,Fm219,Germany,2,2,N40,40,FALSE,2,73,73,1,observed,106,106,FALSE,84,84,FALSE,6,121,0.6,0.8,,,,,,,
2024_Fm219_N40_3,2024,Fm219,Germany,2,2,N40,40,FALSE,3,72,72,1,observed,108,108,FALSE,104,104,FALSE,2,121,0.5800000000000001,0.75,,,,,,,
2024_Fm221_N120_1,2024,Fm221,China,5,5,N120,120,FALSE,1,101,101,1,observed,93,93,FALSE,28,28,FALSE,2,153,0.61,0.6699999999999999,,12.950000000000001,,,,,
2024_Fm221_N120_2,2024,Fm221,China,5,5,N120,120,FALSE,2,101,101,1,observed,108,108,FALSE,24,24,FALSE,1,152,0.7,0.77,,14.870000000000001,,,,,
2024_Fm221_N120_3,2024,Fm221,China,5,5,N120,120,FALSE,3,132,132,1,observed,110,110,FALSE,30,30,FALSE,1,153,0.4,0.44,,14.209999999999999,,,,,
2024_Fm221_N40_1,2024,Fm221,China,5,5,N40,40,FALSE,1,95,95,1,observed,102,102,FALSE,30,30,FALSE,1,147,0.72,0.72,,12.92,,,,,
2024_Fm221_N40_2,2024,Fm221,China,5,5,N40,40,FALSE,2,104,104,1,observed,95,95,FALSE,36,36,FALSE,0,159,0.62,0.65,,13.360000000000001,,,,,
2024_Fm221_N40_3,2024,Fm221,China,5,5,N40,40,FALSE,3,104,104,1,observed,105,105,FALSE,28,28,FALSE,3,159,0.63,0.6799999999999999,,14.65,,,,,
2024_Fm225_N120_1,2024,Fm225,Hungary,2,2,N120,120,FALSE,1,84,84,1,observed,97,97,FALSE,88,88,FALSE,4,131,0.63,0.5800000000000001,,13.07,,,,,
2024_Fm225_N120_2,2024,Fm225,Hungary,2,2,N120,120,FALSE,2,79,79,1,observed,107,107,FALSE,88,88,FALSE,4,131,0.6,0.71,,13.31,,,,,
2024_Fm225_N120_3,2024,Fm225,Hungary,2,2,N120,120,FALSE,3,84,84,1,observed,100,100,FALSE,*,,,2,131,0.5800000000000001,0.5800000000000001,,14.139999999999999,,,,,
2024_Fm225_N40_1,2024,Fm225,Hungary,2,2,N40,40,FALSE,1,82,82,1,observed,111,111,FALSE,94,94,FALSE,4,128,0.61,0.62,,13.08,,,,,
2024_Fm225_N40_2,2024,Fm225,Hungary,2,2,N40,40,FALSE,2,83,83,1,observed,100,100,FALSE,82,82,FALSE,4,128,0.56,0.5800000000000001,,13.61,,,,,
2024_Fm225_N40_3,2024,Fm225,Hungary,2,2,N40,40,FALSE,3,82,82,1,observed,98,98,FALSE,90,90,FALSE,4,128,0.59,0.6799999999999999,,,,,,,
2024_Fm227_N120_1,2024,Fm227,China,4,4,N120,120,FALSE,1,106,106,1,observed,110,110,FALSE,10,10,FALSE,1,177,0.6,0.6599999999999999,,18.53,,,,,
2024_Fm227_N120_2,2024,Fm227,China,4,4,N120,120,FALSE,2,112,112,1,observed,90,90,FALSE,12,12,FALSE,1,168,0.43000000000000005,0.32999999999999996,,19.65,,,,,
2024_Fm227_N120_3,2024,Fm227,China,4,4,N120,120,FALSE,3,106,106,1,observed,98,98,FALSE,2,2,FALSE,3,177,0.55,0.7,,,,,,,
2024_Fm227_N40_1,2024,Fm227,China,4,4,N40,40,FALSE,1,106,106,1,observed,98,98,FALSE,2,2,FALSE,5,166,0.57,0.7,,,,,,,
2024_Fm227_N40_2,2024,Fm227,China,4,4,N40,40,FALSE,2,109,109,1,observed,77,77,FALSE,12,12,FALSE,2,186,0.42000000000000004,0.55,,,,,,,
2024_Fm227_N40_3,2024,Fm227,China,4,4,N40,40,FALSE,3,109,109,1,observed,115,115,FALSE,12,12,FALSE,2,167,0.6,0.62,,,,,,,
2024_Fm233_N120_1,2024,Fm233,"KOREA, SOUTH",4,4,N120,120,FALSE,1,116,116,1,observed,93,93,FALSE,40,40,FALSE,0,186,0.54,0.55,,17.610000000000003,,,,,
2024_Fm233_N120_2,2024,Fm233,"KOREA, SOUTH",4,4,N120,120,FALSE,2,116,116,1,observed,106,106,FALSE,40,40,FALSE,0,177,0.6599999999999999,0.62,,19.68,,,,,
2024_Fm233_N120_3,2024,Fm233,"KOREA, SOUTH",4,4,N120,120,FALSE,3,119,119,1,observed,98,98,FALSE,44,44,FALSE,1,192,0.57,0.53,,18.59,,,,,
2024_Fm233_N40_1,2024,Fm233,"KOREA, SOUTH",4,4,N40,40,FALSE,1,115,115,1,observed,103,103,FALSE,36,36,FALSE,0,181,0.52,0.63,,16.439999999999998,,,,,
2024_Fm233_N40_2,2024,Fm233,"KOREA, SOUTH",4,4,N40,40,FALSE,2,116,116,1,observed,93,93,FALSE,22,22,FALSE,0,187,0.51,0.39,,,,,,,
2024_Fm233_N40_3,2024,Fm233,"KOREA, SOUTH",4,4,N40,40,FALSE,3,112,112,1,observed,110,110,FALSE,40,40,FALSE,0,187,0.64,0.5,,,,,,,
2024_Fm235_N120_1,2024,Fm235,"KOREA, SOUTH",4,4,N120,120,FALSE,1,121,121,1,observed,105,105,FALSE,20,20,FALSE,1,183,0.52,0.42000000000000004,,,,,,,
2024_Fm235_N120_2,2024,Fm235,"KOREA, SOUTH",4,4,N120,120,FALSE,2,124,124,1,observed,105,105,FALSE,24,24,FALSE,1,181,0.6,0.47000000000000003,,,,,,,
2024_Fm235_N120_3,2024,Fm235,"KOREA, SOUTH",4,4,N120,120,FALSE,3,147,147,1,observed,91,91,FALSE,*,,,1,177,0.6799999999999999,0.63,,,,,,,
2024_Fm235_N40_1,2024,Fm235,"KOREA, SOUTH",4,4,N40,40,FALSE,1,121,121,1,observed,101,101,FALSE,32,32,FALSE,2,179,0.6799999999999999,0.4,,,,,,,
2024_Fm235_N40_2,2024,Fm235,"KOREA, SOUTH",4,4,N40,40,FALSE,2,129,129,1,observed,110,110,FALSE,28,28,FALSE,1,177,0.62,0.59,,,,,,,
2024_Fm235_N40_3,2024,Fm235,"KOREA, SOUTH",4,4,N40,40,FALSE,3,124,124,1,observed,110,110,FALSE,20,20,FALSE,2,192,0.48000000000000004,0.4,,,,,,,
2024_Fm236_N120_1,2024,Fm236,Germany,3,3,N120,120,FALSE,1,95,95,1,observed,116,116,FALSE,54,54,FALSE,1,147,0.61,0.7799999999999999,,15.709999999999999,,,,,
2024_Fm236_N120_2,2024,Fm236,Germany,3,3,N120,120,FALSE,2,95,95,1,observed,122,122,FALSE,64,64,FALSE,0,147,0.59,0.65,,15.5,,,,,
2024_Fm236_N120_3,2024,Fm236,Germany,3,3,N120,120,FALSE,3,99,99,1,observed,115,115,FALSE,*,,,1,153,0.55,0.56,,,,,,,
2024_Fm236_N40_1,2024,Fm236,Germany,3,3,N40,40,FALSE,1,95,95,1,observed,122,122,FALSE,56,56,FALSE,0,147,0.62,0.74,,15.38,,,,,
2024_Fm236_N40_2,2024,Fm236,Germany,3,3,N40,40,FALSE,2,91,91,1,observed,121,121,FALSE,60,60,FALSE,1,138,0.64,0.77,,16.53,,,,,
2024_Fm236_N40_3,2024,Fm236,Germany,3,3,N40,40,FALSE,3,95,95,1,observed,133,133,FALSE,56,56,FALSE,1,147,0.5800000000000001,0.54,,16.59,,,,,
2024_Fm238_N120_1,2024,Fm238,Italy,4,4,N120,120,FALSE,1,119,119,1,observed,111,111,FALSE,34,34,FALSE,4,181,0.45,0.5800000000000001,,15.25,,,,,
2024_Fm238_N120_2,2024,Fm238,Italy,4,4,N120,120,FALSE,2,116,116,1,observed,122,122,FALSE,*,,,4,180,0.5,0.6699999999999999,,15.51,,,,,
2024_Fm238_N120_3,2024,Fm238,Italy,4,4,N120,120,FALSE,3,121,121,1,observed,110,110,FALSE,*,,,4,192,0.41000000000000003,0.45,,,,,,,
2024_Fm238_N40_1,2024,Fm238,Italy,4,4,N40,40,FALSE,1,121,121,1,observed,101,101,FALSE,24,24,FALSE,4,183,0.5,0.7,,,,,,,
2024_Fm238_N40_2,2024,Fm238,Italy,4,4,N40,40,FALSE,2,118,118,1,observed,108,108,FALSE,36,36,FALSE,2,,0.4,0.4,,,,,,,
2024_Fm238_N40_3,2024,Fm238,Italy,4,4,N40,40,FALSE,3,124,124,1,observed,113,113,FALSE,36,36,FALSE,4,186,0.4,0.53,,,,,,,
2024_Fm249_N120_1,2024,Fm249,Georgia,2,2,N120,120,FALSE,1,137,137,1,observed,120,120,FALSE,48,48,FALSE,0,183,0.64,0.7,,,,,,,
2024_Fm249_N120_2,2024,Fm249,Georgia,2,2,N120,120,FALSE,2,138,138,1,observed,119,119,FALSE,*,,,0,181,0.65,0.69,,,,,,,
2024_Fm249_N120_3,2024,Fm249,Georgia,2,2,N120,120,FALSE,3,137,137,1,observed,109,109,FALSE,*,,,0,186,0.64,0.6599999999999999,,,,,,,
2024_Fm249_N40_1,2024,Fm249,Georgia,2,2,N40,40,FALSE,1,124,124,1,observed,118,118,FALSE,48,48,FALSE,0,,0.63,0.7,,,,,,,
2024_Fm249_N40_2,2024,Fm249,Georgia,2,2,N40,40,FALSE,2,125,125,1,observed,121,121,FALSE,56,56,FALSE,0,187,0.59,0.71,,,,,,,
2024_Fm249_N40_3,2024,Fm249,Georgia,2,2,N40,40,FALSE,3,138,138,1,observed,115,115,FALSE,44,44,FALSE,1,186,0.64,0.5,,,,,,,
2024_Fm250_N120_1,2024,Fm250,Georgia,2,2,N120,120,FALSE,1,122,122,1,observed,130,130,FALSE,*,,,0,187,0.62,0.71,,,,,,,
2024_Fm250_N120_2,2024,Fm250,Georgia,2,2,N120,120,FALSE,2,137,137,1,observed,113,113,FALSE,*,,,0,187,0.63,0.48000000000000004,,,,,,,
2024_Fm250_N120_3,2024,Fm250,Georgia,2,2,N120,120,FALSE,3,134,134,1,observed,132,132,FALSE,*,,,1,186,0.62,0.77,,,,,,,
2024_Fm250_N40_1,2024,Fm250,Georgia,2,2,N40,40,FALSE,1,136,136,1,observed,120,120,FALSE,20,20,FALSE,0,186,0.6,0.65,,,,,,,
2024_Fm250_N40_2,2024,Fm250,Georgia,2,2,N40,40,FALSE,2,136,136,1,observed,127,127,FALSE,18,18,FALSE,1,187,0.65,0.5800000000000001,,,,,,,
2024_Fm250_N40_3,2024,Fm250,Georgia,2,2,N40,40,FALSE,3,121,121,1,observed,135,135,FALSE,30,30,FALSE,0,177,0.5800000000000001,0.75,,,,,,,
2024_Fm3_N120_1,2024,Fm3,India,,*,N120,120,FALSE,1,139,139,1,observed,120,120,FALSE,54,54,FALSE,3,186,0.6599999999999999,0.62,,,,,,,
2024_Fm3_N120_2,2024,Fm3,India,,*,N120,120,FALSE,2,138,138,1,observed,104,104,FALSE,72,72,FALSE,3,180,0.6,0.65,,,,,,,
2024_Fm3_N120_3,2024,Fm3,India,,*,N120,120,FALSE,3,146,146,1,observed,101,101,FALSE,*,,,2,177,0.72,0.72,,,,,,,
2024_Fm3_N40_1,2024,Fm3,India,,*,N40,40,FALSE,1,135,135,1,observed,110,110,FALSE,64,64,FALSE,1,180,0.6699999999999999,0.6599999999999999,,,,,,,
2024_Fm3_N40_2,2024,Fm3,India,,*,N40,40,FALSE,2,147,147,1,observed,120,120,FALSE,64,64,FALSE,2,181,0.71,0.64,,,,,,,
2024_Fm3_N40_3,2024,Fm3,India,,*,N40,40,FALSE,3,140,140,1,observed,105,105,FALSE,52,52,FALSE,4,181,0.73,0.7899999999999999,,,,,,,
2024_Fm321_N120_1,2024,Fm321,RUSSIAN FEDERATION,5,5,N120,120,FALSE,1,89,89,1,observed,100,100,FALSE,20,20,FALSE,4,138,0.73,0.7799999999999999,,16.18,,,,,
2024_Fm321_N120_2,2024,Fm321,RUSSIAN FEDERATION,5,5,N120,120,FALSE,2,85,85,1,observed,81,81,FALSE,*,,,4,131,0.6599999999999999,0.57,,15.8,,,,,
2024_Fm321_N120_3,2024,Fm321,RUSSIAN FEDERATION,5,5,N120,120,FALSE,3,100,100,1,observed,89,89,FALSE,*,,,3,152,0.72,0.77,,16.779999999999998,,,,,
2024_Fm321_N40_1,2024,Fm321,RUSSIAN FEDERATION,5,5,N40,40,FALSE,1,86,86,1,observed,97,97,FALSE,33,33,FALSE,2,132,0.6599999999999999,0.77,,16.19,,,,,
2024_Fm321_N40_2,2024,Fm321,RUSSIAN FEDERATION,5,5,N40,40,FALSE,2,91,91,1,observed,100,100,FALSE,32,32,FALSE,5,138,0.71,0.81,,14.850000000000001,,,,,
2024_Fm321_N40_3,2024,Fm321,RUSSIAN FEDERATION,5,5,N40,40,FALSE,3,92,92,1,observed,93,93,FALSE,24,24,FALSE,3,139,0.69,0.7899999999999999,,14.29,,,,,
2024_Fm322_N120_1,2024,Fm322,CHINA,4,4,N120,120,FALSE,1,135,135,1,observed,107,107,FALSE,28,28,FALSE,0,183,0.6799999999999999,0.65,,15.139999999999999,,,,,
2024_Fm322_N120_2,2024,Fm322,CHINA,4,4,N120,120,FALSE,2,130,130,1,observed,106,106,FALSE,*,,,0,181,0.64,0.6,,,,,,,
2024_Fm322_N120_3,2024,Fm322,CHINA,4,4,N120,120,FALSE,3,124,124,1,observed,102,102,FALSE,*,,,1,186,0.7,0.65,,,,,,,
2024_Fm322_N40_1,2024,Fm322,CHINA,4,4,N40,40,FALSE,1,125,125,1,observed,100,100,FALSE,16,16,FALSE,1,183,0.6599999999999999,0.57,,,,,,,
2024_Fm322_N40_2,2024,Fm322,CHINA,4,4,N40,40,FALSE,2,113,113,1,observed,100,100,FALSE,32,32,FALSE,0,179,0.72,0.73,,,,,,,
2024_Fm322_N40_3,2024,Fm322,CHINA,4,4,N40,40,FALSE,3,124,124,1,observed,102,102,FALSE,16,16,FALSE,0,177,0.71,0.69,,,,,,,
2024_Fm337_N120_1,2024,Fm337,CHINA,4,4,N120,120,FALSE,1,104,104,1,observed,85,85,FALSE,16,16,FALSE,1,162,0.51,0.7,,15.41,,,,,
2024_Fm337_N120_2,2024,Fm337,CHINA,4,4,N120,120,FALSE,2,104,104,1,observed,102,102,FALSE,10,10,FALSE,1,159,0.64,0.63,,16.86,,,,,
2024_Fm337_N120_3,2024,Fm337,CHINA,4,4,N120,120,FALSE,3,103,103,1,observed,100,100,FALSE,14,14,FALSE,0,155,0.6599999999999999,0.71,,16.8,,,,,
2024_Fm337_N40_1,2024,Fm337,CHINA,4,4,N40,40,FALSE,1,103,103,1,observed,87,87,FALSE,2,2,FALSE,0,168,0.4,0.35,,15.709999999999999,,,,,
2024_Fm337_N40_2,2024,Fm337,CHINA,4,4,N40,40,FALSE,2,100,100,1,observed,100,100,FALSE,6,6,FALSE,0,155,0.61,0.64,,22.38,,,,,
2024_Fm337_N40_3,2024,Fm337,CHINA,4,4,N40,40,FALSE,3,103,103,1,observed,90,90,FALSE,10,10,FALSE,0,162,0.63,0.56,,16.279999999999998,,,,,
2024_Fm341_N120_1,2024,Fm341,CHINA,5,5,N120,120,FALSE,1,106,106,1,observed,103,103,FALSE,60,60,FALSE,6,162,0.6799999999999999,0.71,,12.83,,,,,
2024_Fm341_N120_2,2024,Fm341,CHINA,5,5,N120,120,FALSE,2,110,110,1,observed,90,90,FALSE,64,64,FALSE,4,156,0.71,0.61,,14.83,,,,,
2024_Fm341_N120_3,2024,Fm341,CHINA,5,5,N120,120,FALSE,3,110,110,1,observed,101,101,FALSE,*,,,3,167,0.71,0.73,,14.98,,,,,
2024_Fm341_N40_1,2024,Fm341,CHINA,5,5,N40,40,FALSE,1,106,106,1,observed,105,105,FALSE,56,56,FALSE,1,166,0.6699999999999999,0.69,,13.55,,,,,
2024_Fm341_N40_2,2024,Fm341,CHINA,5,5,N40,40,FALSE,2,104,104,1,observed,106,106,FALSE,70,70,FALSE,2,156,0.6699999999999999,0.57,,14.41,,,,,
2024_Fm341_N40_3,2024,Fm341,CHINA,5,5,N40,40,FALSE,3,106,106,1,observed,108,108,FALSE,60,60,FALSE,2,159,0.6799999999999999,0.63,,,,,,,
2024_Fm343_N120_1,2024,Fm343,CHINA,4,4,N120,120,FALSE,1,121,121,1,observed,138,138,FALSE,54,54,FALSE,2,186,0.6699999999999999,0.72,,,,,,,
2024_Fm343_N120_2,2024,Fm343,CHINA,4,4,N120,120,FALSE,2,124,124,1,observed,132,132,FALSE,*,,,2,183,0.72,0.74,,,,,,,
2024_Fm343_N120_3,2024,Fm343,CHINA,4,4,N120,120,FALSE,3,124,124,1,observed,122,122,FALSE,*,,,1,186,0.53,0.65,,,,,,,
2024_Fm343_N40_1,2024,Fm343,CHINA,4,4,N40,40,FALSE,1,119,119,1,observed,122,122,FALSE,50,50,FALSE,1,180,0.7,0.65,,,,,,,
2024_Fm343_N40_2,2024,Fm343,CHINA,4,4,N40,40,FALSE,2,118,118,1,observed,118,118,FALSE,62,62,FALSE,1,186,0.6,0.72,,,,,,,
2024_Fm343_N40_3,2024,Fm343,CHINA,4,4,N40,40,FALSE,3,124,124,1,observed,132,132,FALSE,62,62,FALSE,1,186,0.61,0.43000000000000005,,,,,,,
2024_Fm344_N120_1,2024,Fm344,CHINA,5,5,N120,120,FALSE,1,121,121,1,observed,88,88,FALSE,12,12,FALSE,1,186,0.44,0.12000000000000001,,,,,,,
2024_Fm344_N120_2,2024,Fm344,CHINA,5,5,N120,120,FALSE,2,118,118,1,observed,94,94,FALSE,4,4,FALSE,1,183,0.45,0.32999999999999996,,,,,,,
2024_Fm344_N120_3,2024,Fm344,CHINA,5,5,N120,120,FALSE,3,119,119,1,observed,80,80,FALSE,14,14,FALSE,1,181,0.43000000000000005,0.65,,,,,,,
2024_Fm344_N40_1,2024,Fm344,CHINA,5,5,N40,40,FALSE,1,122,122,1,observed,83,83,FALSE,10,10,FALSE,0,183,0.56,0.32999999999999996,,,,,,,
2024_Fm344_N40_2,2024,Fm344,CHINA,5,5,N40,40,FALSE,2,124,124,1,observed,86,86,FALSE,22,22,FALSE,2,187,0.38,0.3,,,,,,,
2024_Fm344_N40_3,2024,Fm344,CHINA,5,5,N40,40,FALSE,3,118,118,1,observed,98,98,FALSE,14,14,FALSE,1,177,0.43000000000000005,0.36,,,,,,,
2024_Fm345_N120_1,2024,Fm345,CHINA,4,4,N120,120,FALSE,1,117,117,1,observed,100,100,FALSE,22,22,FALSE,3,180,0.6699999999999999,0.73,,16.65,,,,,
2024_Fm345_N120_2,2024,Fm345,CHINA,4,4,N120,120,FALSE,2,113,113,1,observed,110,110,FALSE,*,,,2,166,0.69,0.77,,14.01,,,,,
2024_Fm345_N120_3,2024,Fm345,CHINA,4,4,N120,120,FALSE,3,108,108,1,observed,110,110,FALSE,*,,,2,167,0.71,0.73,,,,,,,
2024_Fm345_N40_1,2024,Fm345,CHINA,4,4,N40,40,FALSE,1,116,116,1,observed,108,108,FALSE,14,14,FALSE,4,,0.64,0.62,,,,,,,
2024_Fm345_N40_2,2024,Fm345,CHINA,4,4,N40,40,FALSE,2,108,108,1,observed,112,112,FALSE,6,6,FALSE,2,168,0.6599999999999999,0.65,,,,,,,
2024_Fm345_N40_3,2024,Fm345,CHINA,4,4,N40,40,FALSE,3,115,115,1,observed,100,100,FALSE,16,16,FALSE,1,186,0.62,0.48000000000000004,,,,,,,
2024_Fm346_N120_1,2024,Fm346,CHINA,4,4,N120,120,FALSE,1,116,116,1,observed,106,106,FALSE,2,2,FALSE,1,186,0.53,0.75,,16.76,,,,,
2024_Fm346_N120_2,2024,Fm346,CHINA,4,4,N120,120,FALSE,2,116,116,1,observed,86,86,FALSE,*,,,1,183,0.48000000000000004,0.3,,,,,,,
2024_Fm346_N120_3,2024,Fm346,CHINA,4,4,N120,120,FALSE,3,*,,,star_code,100,100,FALSE,*,,,,,,,,,,,,,
2024_Fm346_N40_1,2024,Fm346,CHINA,4,4,N40,40,FALSE,1,116,116,1,observed,95,95,FALSE,2,2,FALSE,0,180,0.52,0.7,,,,,,,
2024_Fm346_N40_2,2024,Fm346,CHINA,4,4,N40,40,FALSE,2,116,116,1,observed,87,87,FALSE,2,2,FALSE,0,,0.49,0.25,,,,,,,
2024_Fm346_N40_3,2024,Fm346,CHINA,4,4,N40,40,FALSE,3,*,,,star_code,*,,,4,4,FALSE,,,,,,,,,,,
2024_Fm347_N120_1,2024,Fm347,CHINA,4,4,N120,120,FALSE,1,101,101,1,observed,102,102,FALSE,32,32,FALSE,0,153,0.6599999999999999,0.65,,14.719999999999999,,,,,
2024_Fm347_N120_2,2024,Fm347,CHINA,4,4,N120,120,FALSE,2,102,102,1,observed,106,106,FALSE,36,36,FALSE,1,153,0.63,0.72,,12.91,,,,,
2024_Fm347_N120_3,2024,Fm347,CHINA,4,4,N120,120,FALSE,3,100,100,1,observed,102,102,FALSE,*,,,2,153,0.61,0.6799999999999999,,12.870000000000001,,,,,
2024_Fm347_N40_1,2024,Fm347,CHINA,4,4,N40,40,FALSE,1,100,100,1,observed,100,100,FALSE,36,36,FALSE,1,153,0.6,0.64,,12.05,,,,,
2024_Fm347_N40_2,2024,Fm347,CHINA,4,4,N40,40,FALSE,2,101,101,1,observed,107,107,FALSE,42,42,FALSE,1,159,0.6699999999999999,0.64,,14.1,,,,,
2024_Fm347_N40_3,2024,Fm347,CHINA,4,4,N40,40,FALSE,3,102,102,1,observed,100,100,FALSE,32,32,FALSE,1,155,0.6,0.6699999999999999,,,,,,,
2024_Fm349_N120_1,2024,Fm349,CHINA,4,4,N120,120,FALSE,1,105,105,1,observed,115,115,FALSE,24,24,FALSE,2,166,0.72,0.74,,13.49,,,,,
2024_Fm349_N120_2,2024,Fm349,CHINA,4,4,N120,120,FALSE,2,111,111,1,observed,110,110,FALSE,*,,,2,187,0.61,0.6599999999999999,,15.11,,,,,
2024_Fm349_N120_3,2024,Fm349,CHINA,4,4,N120,120,FALSE,3,112,112,1,observed,112,112,FALSE,*,,,1,177,0.71,0.72,,15.870000000000001,,,,,
2024_Fm349_N40_1,2024,Fm349,CHINA,4,4,N40,40,FALSE,1,112,112,1,observed,109,109,FALSE,24,24,FALSE,2,166,0.69,0.73,,14.27,,,,,
2024_Fm349_N40_2,2024,Fm349,CHINA,4,4,N40,40,FALSE,2,109,109,1,observed,116,116,FALSE,28,28,FALSE,1,166,0.62,0.63,,,,,,,
2024_Fm349_N40_3,2024,Fm349,CHINA,4,4,N40,40,FALSE,3,103,103,1,observed,121,121,FALSE,26,26,FALSE,2,155,0.75,0.6599999999999999,,,,,,,
2024_Fm351_N120_1,2024,Fm351,CHINA,4,4,N120,120,FALSE,1,113,113,1,observed,105,105,FALSE,42,42,FALSE,2,187,0.49,0.65,,17.25,,,,,
2024_Fm351_N120_2,2024,Fm351,CHINA,4,4,N120,120,FALSE,2,116,116,1,observed,116,116,FALSE,40,40,FALSE,3,186,0.5,0.5800000000000001,,18.06,,,,,
2024_Fm351_N120_3,2024,Fm351,CHINA,4,4,N120,120,FALSE,3,117,117,1,observed,104,104,FALSE,*,,,1,192,0.51,0.5,,19.3,,,,,
2024_Fm351_N40_1,2024,Fm351,CHINA,4,4,N40,40,FALSE,1,112,112,1,observed,113,113,FALSE,28,28,FALSE,2,168,0.7,0.65,,15.3,,,,,
2024_Fm351_N40_2,2024,Fm351,CHINA,4,4,N40,40,FALSE,2,106,106,1,observed,96,96,FALSE,36,36,FALSE,2,181,0.59,0.75,,,,,,,
2024_Fm351_N40_3,2024,Fm351,CHINA,4,4,N40,40,FALSE,3,113,113,1,observed,105,105,FALSE,48,48,FALSE,1,167,0.6699999999999999,0.72,,,,,,,
2024_Fm352_N120_1,2024,Fm352,CHINA,5,5,N120,120,FALSE,1,101,101,1,observed,105,105,FALSE,4,4,FALSE,5,159,0.6699999999999999,0.52,,17.1,,,,,
2024_Fm352_N120_2,2024,Fm352,CHINA,5,5,N120,120,FALSE,2,106,106,1,observed,104,104,FALSE,6,6,FALSE,2,159,0.6599999999999999,0.62,,16.34,,,,,
2024_Fm352_N120_3,2024,Fm352,CHINA,5,5,N120,120,FALSE,3,105,105,1,observed,113,113,FALSE,*,,,3,160,0.65,0.61,,17.02,,,,,
2024_Fm352_N40_1,2024,Fm352,CHINA,5,5,N40,40,FALSE,1,109,109,1,observed,110,110,FALSE,*,,,1,166,0.6,0.6699999999999999,,,,,,,
2024_Fm352_N40_2,2024,Fm352,CHINA,5,5,N40,40,FALSE,2,104,104,1,observed,100,100,FALSE,4,4,FALSE,1,162,0.61,0.6,,,,,,,
2024_Fm352_N40_3,2024,Fm352,CHINA,5,5,N40,40,FALSE,3,*,,,star_code,*,,,12,12,FALSE,,,,,,,,,,,
2024_Fm354_N120_1,2024,Fm354,CHINA,4,4,N120,120,FALSE,1,104,104,1,observed,108,108,FALSE,36,36,FALSE,1,162,0.65,0.6,,14.19,,,,,
2024_Fm354_N120_2,2024,Fm354,CHINA,4,4,N120,120,FALSE,2,104,104,1,observed,116,116,FALSE,*,,,1,162,0.71,0.65,,16,,,,,
2024_Fm354_N120_3,2024,Fm354,CHINA,4,4,N120,120,FALSE,3,116,116,1,observed,101,101,FALSE,*,,,1,177,0.62,0.63,,16.16,,,,,
2024_Fm354_N40_1,2024,Fm354,CHINA,4,4,N40,40,FALSE,1,104,104,1,observed,110,110,FALSE,32,32,FALSE,0,183,0.5800000000000001,0.65,,13.46,,,,,
2024_Fm354_N40_2,2024,Fm354,CHINA,4,4,N40,40,FALSE,2,112,112,1,observed,110,110,FALSE,28,28,FALSE,0,187,0.53,0.6599999999999999,,,,,,,
2024_Fm354_N40_3,2024,Fm354,CHINA,4,4,N40,40,FALSE,3,104,104,1,observed,117,117,FALSE,22,22,FALSE,1,159,0.6699999999999999,0.52,,,,,,,
2024_Fm355_N120_1,2024,Fm355,CHINA,4,4,N120,120,FALSE,1,116,116,1,observed,90,90,FALSE,30,30,FALSE,2,168,0.61,0.71,,16.37,,,,,
2024_Fm355_N120_2,2024,Fm355,CHINA,4,4,N120,120,FALSE,2,106,106,1,observed,105,105,FALSE,36,36,FALSE,1,166,0.55,0.65,,16.5,,,,,
2024_Fm355_N120_3,2024,Fm355,CHINA,4,4,N120,120,FALSE,3,109,109,1,observed,91,91,FALSE,*,,,1,167,0.6,0.6699999999999999,,16.23,,,,,
2024_Fm355_N40_1,2024,Fm355,CHINA,4,4,N40,40,FALSE,1,104,104,1,observed,92,92,FALSE,36,36,FALSE,1,156,0.64,0.7,,13.88,,,,,
2024_Fm355_N40_2,2024,Fm355,CHINA,4,4,N40,40,FALSE,2,106,106,1,observed,100,100,FALSE,26,26,FALSE,1,159,0.69,0.6599999999999999,,14.79,,,,,
2024_Fm355_N40_3,2024,Fm355,CHINA,4,4,N40,40,FALSE,3,106,106,1,observed,87,87,FALSE,36,36,FALSE,0,162,0.6699999999999999,0.56,,,,,,,
2024_Fm356_N120_1,2024,Fm356,CHINA,4,4,N120,120,FALSE,1,112,112,1,observed,95,95,FALSE,36,36,FALSE,1,180,0.55,0.7,,17.82,,,,,
2024_Fm356_N120_2,2024,Fm356,CHINA,4,4,N120,120,FALSE,2,118,118,1,observed,110,110,FALSE,*,,,0,,0.56,0.57,,19.45,,,,,
2024_Fm356_N120_3,2024,Fm356,CHINA,4,4,N120,120,FALSE,3,116,116,1,observed,100,100,FALSE,*,,,0,192,0.4,0.2,,,,,,,
2024_Fm356_N40_1,2024,Fm356,CHINA,4,4,N40,40,FALSE,1,106,106,1,observed,100,100,FALSE,36,36,FALSE,0,166,0.64,0.8,,15.89,,,,,
2024_Fm356_N40_2,2024,Fm356,CHINA,4,4,N40,40,FALSE,2,112,112,1,observed,110,110,FALSE,28,28,FALSE,0,186,0.54,0.6599999999999999,,,,,,,
2024_Fm356_N40_3,2024,Fm356,CHINA,4,4,N40,40,FALSE,3,115,115,1,observed,110,110,FALSE,40,40,FALSE,1,186,0.53,0.46,,,,,,,
2024_Fm358_N120_1,2024,Fm358,CHINA,4,4,N120,120,FALSE,1,116,116,1,observed,97,97,FALSE,88,88,FALSE,2,187,0.48000000000000004,0.35,,20.95,,,,,
2024_Fm358_N120_2,2024,Fm358,CHINA,4,4,N120,120,FALSE,2,122,122,1,observed,114,114,FALSE,84,84,FALSE,3,181,0.56,0.2,,,,,,,
2024_Fm358_N120_3,2024,Fm358,CHINA,4,4,N120,120,FALSE,3,121,121,1,observed,110,110,FALSE,*,,,1,181,0.48000000000000004,0.47000000000000003,,,,,,,
2024_Fm358_N40_1,2024,Fm358,CHINA,4,4,N40,40,FALSE,1,123,123,1,observed,100,100,FALSE,56,56,FALSE,1,180,0.51,0.73,,,,,,,
2024_Fm358_N40_2,2024,Fm358,CHINA,4,4,N40,40,FALSE,2,122,122,1,observed,110,110,FALSE,*,,,2,181,0.47000000000000003,0.65,,,,,,,
2024_Fm358_N40_3,2024,Fm358,CHINA,4,4,N40,40,FALSE,3,121,121,1,observed,102,102,FALSE,76,76,FALSE,1,186,0.51,0.45,,,,,,,
2024_Fm359_N120_1,2024,Fm359,CHINA,4,4,N120,120,FALSE,1,115,115,1,observed,113,113,FALSE,26,26,FALSE,2,168,0.64,0.62,,17.97,,,,,
2024_Fm359_N120_2,2024,Fm359,CHINA,4,4,N120,120,FALSE,2,109,109,1,observed,106,106,FALSE,34,34,FALSE,1,167,0.65,0.65,,20.43,,,,,
2024_Fm359_N120_3,2024,Fm359,CHINA,4,4,N120,120,FALSE,3,112,112,1,observed,113,113,FALSE,*,,,2,167,0.65,0.7,,,,,,,
2024_Fm359_N40_1,2024,Fm359,CHINA,4,4,N40,40,FALSE,1,115,115,1,observed,103,103,FALSE,26,26,FALSE,0,168,0.6599999999999999,0.65,,19.26,,,,,
2024_Fm359_N40_2,2024,Fm359,CHINA,4,4,N40,40,FALSE,2,116,116,1,observed,112,112,FALSE,40,40,FALSE,1,186,0.6,0.51,,18.22,,,,,
2024_Fm359_N40_3,2024,Fm359,CHINA,4,4,N40,40,FALSE,3,115,115,1,observed,106,106,FALSE,26,26,FALSE,1,177,0.52,0.38,,,,,,,
2024_Fm36_N120_1,2024,Fm36,India,1,1,N120,120,FALSE,1,113,113,1,observed,120,120,FALSE,40,40,FALSE,4,168,0.63,0.6,,23.43,,,,,
2024_Fm36_N120_2,2024,Fm36,India,1,1,N120,120,FALSE,2,116,116,1,observed,110,110,FALSE,48,48,FALSE,4,177,0.37,0.4,,29.2,,,,,
2024_Fm36_N120_3,2024,Fm36,India,1,1,N120,120,FALSE,3,116,116,1,observed,121,121,FALSE,*,,,4,186,0.36,0.61,,,,,,,
2024_Fm36_N40_1,2024,Fm36,India,1,1,N40,40,FALSE,1,113,113,1,observed,120,120,FALSE,48,48,FALSE,4,168,0.5,0.65,,,,,,,
2024_Fm36_N40_2,2024,Fm36,India,1,1,N40,40,FALSE,2,116,116,1,observed,100,100,FALSE,54,54,FALSE,3,186,0.37,0.32999999999999996,,,,,,,
2024_Fm36_N40_3,2024,Fm36,India,1,1,N40,40,FALSE,3,116,116,1,observed,98,98,FALSE,44,44,FALSE,4,181,0.32999999999999996,0.43000000000000005,,,,,,,
2024_Fm361_N120_1,2024,Fm361,CHINA,4,4,N120,120,FALSE,1,101,101,1,observed,102,102,FALSE,56,56,FALSE,2,149,0.72,0.75,,17.85,,,,,
2024_Fm361_N120_2,2024,Fm361,CHINA,4,4,N120,120,FALSE,2,*,,,star_code,*,,,*,,,,152,,,,19.26,,,,,
2024_Fm361_N120_3,2024,Fm361,CHINA,4,4,N120,120,FALSE,3,104,104,1,observed,118,118,FALSE,*,,,2,159,0.6799999999999999,0.75,,14.79,,,,,
2024_Fm361_N40_1,2024,Fm361,CHINA,4,4,N40,40,FALSE,1,106,106,1,observed,106,106,FALSE,46,46,FALSE,0,156,0.62,0.54,,17.8,,,,,
2024_Fm361_N40_2,2024,Fm361,CHINA,4,4,N40,40,FALSE,2,101,101,1,observed,105,105,FALSE,48,48,FALSE,0,155,0.64,0.76,,21.62,,,,,
2024_Fm361_N40_3,2024,Fm361,CHINA,4,4,N40,40,FALSE,3,104,104,1,observed,102,102,FALSE,52,52,FALSE,1,156,0.6599999999999999,0.77,,,,,,,
2024_Fm363_N120_1,2024,Fm363,CHINA,5,5,N120,120,FALSE,1,134,134,1,observed,105,105,FALSE,28,28,FALSE,2,167,0.65,0.6799999999999999,,16.170000000000005,,,,,
2024_Fm363_N120_2,2024,Fm363,CHINA,5,5,N120,120,FALSE,2,110,110,1,observed,117,117,FALSE,26,26,FALSE,1,166,0.69,0.64,,14.9,,,,,
2024_Fm363_N120_3,2024,Fm363,CHINA,5,5,N120,120,FALSE,3,106,106,1,observed,120,120,FALSE,*,,,1,159,0.63,0.7,,14.860000000000001,,,,,
2024_Fm363_N40_1,2024,Fm363,CHINA,5,5,N40,40,FALSE,1,106,106,1,observed,115,115,FALSE,36,36,FALSE,1,162,0.6699999999999999,0.6599999999999999,,13.33,,,,,
2024_Fm363_N40_2,2024,Fm363,CHINA,5,5,N40,40,FALSE,2,101,101,1,observed,110,110,FALSE,30,30,FALSE,1,156,0.7,0.7,,,,,,,
2024_Fm363_N40_3,2024,Fm363,CHINA,5,5,N40,40,FALSE,3,116,116,1,observed,106,106,FALSE,26,26,FALSE,1,181,0.45,0.64,,,,,,,
2024_Fm364_N120_1,2024,Fm364,CHINA,4,4,N120,120,FALSE,1,120,120,1,observed,94,94,FALSE,14,14,FALSE,1,181,0.65,0.61,,,,,,,
2024_Fm364_N120_2,2024,Fm364,CHINA,4,4,N120,120,FALSE,2,121,121,1,observed,100,100,FALSE,16,16,FALSE,1,179,0.5800000000000001,0.72,,,,,,,
2024_Fm364_N120_3,2024,Fm364,CHINA,4,4,N120,120,FALSE,3,116,116,1,observed,90,90,FALSE,8,8,FALSE,1,160,0.6599999999999999,0.61,,,,,,,
2024_Fm364_N40_1,2024,Fm364,CHINA,4,4,N40,40,FALSE,1,120,120,1,observed,90,90,FALSE,4,4,FALSE,0,,0.52,0.4,,18.53,,,,,
2024_Fm364_N40_2,2024,Fm364,CHINA,4,4,N40,40,FALSE,2,118,118,1,observed,95,95,FALSE,6,6,FALSE,0,187,0.55,0.62,,,,,,,
2024_Fm364_N40_3,2024,Fm364,CHINA,4,4,N40,40,FALSE,3,122,122,1,observed,97,97,FALSE,10,10,FALSE,0,181,0.5,0.49,,,,,,,
2024_Fm365_N120_1,2024,Fm365,CHINA,4,4,N120,120,FALSE,1,104,104,1,observed,110,110,FALSE,*,,,1,166,0.61,0.5,,15.68,,,,,
2024_Fm365_N120_2,2024,Fm365,CHINA,4,4,N120,120,FALSE,2,105,105,1,observed,105,105,FALSE,*,,,1,162,0.49,0.6699999999999999,,15.950000000000001,,,,,
2024_Fm365_N120_3,2024,Fm365,CHINA,4,4,N120,120,FALSE,3,106,106,1,observed,110,110,FALSE,*,,,0,167,0.65,0.65,,16.53,,,,,
2024_Fm365_N40_1,2024,Fm365,CHINA,4,4,N40,40,FALSE,1,100,100,1,observed,96,96,FALSE,58,58,FALSE,2,152,0.6,0.75,,15.139999999999999,,,,,
2024_Fm365_N40_2,2024,Fm365,CHINA,4,4,N40,40,FALSE,2,103,103,1,observed,104,104,FALSE,56,56,FALSE,0,181,0.48000000000000004,0.7,,14.76,,,,,
2024_Fm365_N40_3,2024,Fm365,CHINA,4,4,N40,40,FALSE,3,101,101,1,observed,105,105,FALSE,64,64,FALSE,1,155,0.62,0.71,,,,,,,
2024_Fm366_N120_1,2024,Fm366,CHINA,4,4,N120,120,FALSE,1,101,101,1,observed,95,95,FALSE,36,36,FALSE,1,167,0.72,0.72,,14.729999999999999,,,,,
2024_Fm366_N120_2,2024,Fm366,CHINA,4,4,N120,120,FALSE,2,106,106,1,observed,89,89,FALSE,55,55,FALSE,1,159,0.6699999999999999,0.7,,18.06,,,,,
2024_Fm366_N120_3,2024,Fm366,CHINA,4,4,N120,120,FALSE,3,101,101,1,observed,95,95,FALSE,*,,,0,160,0.69,0.76,,14.01,,,,,
2024_Fm366_N40_1,2024,Fm366,CHINA,4,4,N40,40,FALSE,1,100,100,1,observed,96,96,FALSE,46,46,FALSE,0,159,0.71,0.65,,13.07,,,,,
2024_Fm366_N40_2,2024,Fm366,CHINA,4,4,N40,40,FALSE,2,100,100,1,observed,85,85,FALSE,34,34,FALSE,0,149,0.64,0.7,,13.94,,,,,
2024_Fm366_N40_3,2024,Fm366,CHINA,4,4,N40,40,FALSE,3,102,102,1,observed,107,107,FALSE,30,30,FALSE,0,160,0.65,0.64,,13.98,,,,,
2024_Fm368_N120_1,2024,Fm368,CHINA,5,5,N120,120,FALSE,1,116,116,1,observed,100,100,FALSE,16,16,FALSE,2,177,0.45,0.62,,17.43,,,,,
2024_Fm368_N120_2,2024,Fm368,CHINA,5,5,N120,120,FALSE,2,109,109,1,observed,110,110,FALSE,14,14,FALSE,1,183,0.61,0.7,,17.04,,,,,
2024_Fm368_N120_3,2024,Fm368,CHINA,5,5,N120,120,FALSE,3,85,85,1,observed,106,106,FALSE,8,8,FALSE,2,177,0.52,0.51,,,,,,,
2024_Fm368_N40_1,2024,Fm368,CHINA,5,5,N40,40,FALSE,1,101,101,1,observed,112,112,FALSE,12,12,FALSE,1,155,0.6799999999999999,0.74,,13.68,,,,,
2024_Fm368_N40_2,2024,Fm368,CHINA,5,5,N40,40,FALSE,2,85,85,1,observed,105,105,FALSE,4,4,FALSE,2,,0.71,0.7,,17.91,,,,,
2024_Fm368_N40_3,2024,Fm368,CHINA,5,5,N40,40,FALSE,3,112,112,1,observed,102,102,FALSE,6,6,FALSE,1,177,0.46,0.3,,,,,,,
2024_Fm369_N120_1,2024,Fm369,CHINA,5,5,N120,120,FALSE,1,104,104,1,observed,90,90,FALSE,0,0,TRUE,1,159,0.7,0.6,,16.77,,,,,
2024_Fm369_N120_2,2024,Fm369,CHINA,5,5,N120,120,FALSE,2,101,101,1,observed,85,85,FALSE,4,4,FALSE,1,187,0.54,0.48000000000000004,,16.52,,,,,
2024_Fm369_N120_3,2024,Fm369,CHINA,5,5,N120,120,FALSE,3,106,106,1,observed,75,75,FALSE,*,,,1,167,0.74,0.6,,20.43,,,,,
2024_Fm369_N40_1,2024,Fm369,CHINA,5,5,N40,40,FALSE,1,124,124,1,observed,75,75,FALSE,0,0,TRUE,2,181,0.5,0.74,,13.88,,,,,
2024_Fm369_N40_2,2024,Fm369,CHINA,5,5,N40,40,FALSE,2,99,99,1,observed,72,72,FALSE,0,0,TRUE,1,149,0.7,0.77,,,,,,,
2024_Fm369_N40_3,2024,Fm369,CHINA,5,5,N40,40,FALSE,3,112,112,1,observed,77,77,FALSE,12,12,FALSE,1,177,0.52,0.65,,,,,,,
2024_Fm370_N120_1,2024,Fm370,CHINA,5,5,N120,120,FALSE,1,117,117,1,observed,100,100,FALSE,46,46,FALSE,2,179,0.4,0.5,,19.42,,,,,
2024_Fm370_N120_2,2024,Fm370,CHINA,5,5,N120,120,FALSE,2,111,111,1,observed,122,122,FALSE,32,32,FALSE,2,166,0.6599999999999999,0.73,,22.14,,,,,
2024_Fm370_N120_3,2024,Fm370,CHINA,5,5,N120,120,FALSE,3,121,121,1,observed,97,97,FALSE,*,,,2,186,0.43000000000000005,0.3,,23.39,,,,,
2024_Fm370_N40_1,2024,Fm370,CHINA,5,5,N40,40,FALSE,1,118,118,1,observed,110,110,FALSE,38,38,FALSE,3,186,0.36,0.3,,,,,,,
2024_Fm370_N40_2,2024,Fm370,CHINA,5,5,N40,40,FALSE,2,106,106,1,observed,118,118,FALSE,36,36,FALSE,2,168,0.6699999999999999,0.75,,,,,,,
2024_Fm370_N40_3,2024,Fm370,CHINA,5,5,N40,40,FALSE,3,115,115,1,observed,104,104,FALSE,34,34,FALSE,2,181,0.4,0.35,,,,,,,
2024_Fm372_N120_1,2024,Fm372,CHINA,5,5,N120,120,FALSE,1,104,104,1,observed,96,96,FALSE,*,,,5,162,0.6699999999999999,0.73,,15.65,,,,,
2024_Fm372_N120_2,2024,Fm372,CHINA,5,5,N120,120,FALSE,2,106,106,1,observed,102,102,FALSE,36,36,FALSE,4,159,0.64,0.71,,14.09,,,,,
2024_Fm372_N120_3,2024,Fm372,CHINA,5,5,N120,120,FALSE,3,115,115,1,observed,102,102,FALSE,30,30,FALSE,5,162,0.7,0.71,,15.93,,,,,
2024_Fm372_N40_1,2024,Fm372,CHINA,5,5,N40,40,FALSE,1,112,112,1,observed,85,85,FALSE,24,24,FALSE,5,168,0.6699999999999999,0.64,,17.479999999999997,,,,,
2024_Fm372_N40_2,2024,Fm372,CHINA,5,5,N40,40,FALSE,2,112,112,1,observed,90,90,FALSE,24,24,FALSE,4,167,0.64,0.64,,15.78,,,,,
2024_Fm372_N40_3,2024,Fm372,CHINA,5,5,N40,40,FALSE,3,110,110,1,observed,95,95,FALSE,26,26,FALSE,2,167,0.62,0.65,,,,,,,
2024_Fm375_N120_1,2024,Fm375,CHINA,5,5,N120,120,FALSE,1,106,106,1,observed,115,115,FALSE,76,76,FALSE,3,159,0.7,0.56,,15.53,,,,,
2024_Fm375_N120_2,2024,Fm375,CHINA,5,5,N120,120,FALSE,2,109,109,1,observed,105,105,FALSE,78,78,FALSE,2,168,0.45,0.71,,16.62,,,,,
2024_Fm375_N120_3,2024,Fm375,CHINA,5,5,N120,120,FALSE,3,109,109,1,observed,105,105,FALSE,74,74,FALSE,2,167,0.6699999999999999,0.55,,17.37,,,,,
2024_Fm375_N40_1,2024,Fm375,CHINA,5,5,N40,40,FALSE,1,106,106,1,observed,110,110,FALSE,88,88,FALSE,4,156,0.65,0.54,,15.350000000000001,,,,,
2024_Fm375_N40_2,2024,Fm375,CHINA,5,5,N40,40,FALSE,2,106,106,1,observed,110,110,FALSE,86,86,FALSE,2,156,0.65,0.7,,16.5,,,,,
2024_Fm375_N40_3,2024,Fm375,CHINA,5,5,N40,40,FALSE,3,106,106,1,observed,120,120,FALSE,82,82,FALSE,4,156,0.61,0.62,,,,,,,
2024_Fm376_N120_1,2024,Fm376,CHINA,5,5,N120,120,FALSE,1,103,103,1,observed,110,110,FALSE,44,44,FALSE,3,155,0.6599999999999999,0.51,,15.33,,,,,
2024_Fm376_N120_2,2024,Fm376,CHINA,5,5,N120,120,FALSE,2,101,101,1,observed,113,113,FALSE,44,44,FALSE,3,155,0.6,0.57,,17.35,,,,,
2024_Fm376_N120_3,2024,Fm376,CHINA,5,5,N120,120,FALSE,3,106,106,1,observed,102,102,FALSE,*,,,1,159,0.62,0.56,,17.53,,,,,
2024_Fm376_N40_1,2024,Fm376,CHINA,5,5,N40,40,FALSE,1,103,103,1,observed,110,110,FALSE,38,38,FALSE,1,155,0.64,0.55,,15.79,,,,,
2024_Fm376_N40_2,2024,Fm376,CHINA,5,5,N40,40,FALSE,2,104,104,1,observed,105,105,FALSE,30,30,FALSE,1,167,0.54,0.52,,15.43,,,,,
2024_Fm376_N40_3,2024,Fm376,CHINA,5,5,N40,40,FALSE,3,104,104,1,observed,105,105,FALSE,44,44,FALSE,2,156,0.64,0.52,,,,,,,
2024_Fm377_N120_1,2024,Fm377,CHINA,5,5,N120,120,FALSE,1,109,109,1,observed,106,106,FALSE,102,102,FALSE,4,166,0.7,0.6799999999999999,,16.62,,,,,
2024_Fm377_N120_2,2024,Fm377,CHINA,5,5,N120,120,FALSE,2,110,110,1,observed,106,106,FALSE,*,,,1,162,0.6799999999999999,0.7,,16.41,,,,,
2024_Fm377_N120_3,2024,Fm377,CHINA,5,5,N120,120,FALSE,3,112,112,1,observed,104,104,FALSE,*,,,1,167,0.6699999999999999,0.59,,,,,,,
2024_Fm377_N40_1,2024,Fm377,CHINA,5,5,N40,40,FALSE,1,104,104,1,observed,109,109,FALSE,78,78,FALSE,2,168,0.61,0.6599999999999999,,16.91,,,,,
2024_Fm377_N40_2,2024,Fm377,CHINA,5,5,N40,40,FALSE,2,111,111,1,observed,103,103,FALSE,78,78,FALSE,1,166,0.73,0.76,,,,,,,
2024_Fm377_N40_3,2024,Fm377,CHINA,5,5,N40,40,FALSE,3,106,106,1,observed,90,90,FALSE,76,76,FALSE,1,162,0.69,0.74,,,,,,,
2024_Fm378_N120_1,2024,Fm378,CHINA,5,5,N120,120,FALSE,1,106,106,1,observed,113,113,FALSE,*,,,4,167,0.64,0.59,,22.62,,,,,
2024_Fm378_N120_2,2024,Fm378,CHINA,5,5,N120,120,FALSE,2,101,101,1,observed,110,110,FALSE,*,,,2,162,0.64,0.6,,20.84,,,,,
2024_Fm378_N120_3,2024,Fm378,CHINA,5,5,N120,120,FALSE,3,100,100,1,observed,105,105,FALSE,*,,,4,186,0.35,0.3,,20.110000000000003,,,,,
2024_Fm378_N40_1,2024,Fm378,CHINA,5,5,N40,40,FALSE,1,100,100,1,observed,114,114,FALSE,16,16,FALSE,1,155,0.57,0.52,,19.53,,,,,
2024_Fm378_N40_2,2024,Fm378,CHINA,5,5,N40,40,FALSE,2,94,94,1,observed,110,110,FALSE,26,26,FALSE,3,147,0.72,0.6799999999999999,,,,,,,
2024_Fm378_N40_3,2024,Fm378,CHINA,5,5,N40,40,FALSE,3,99,99,1,observed,112,112,FALSE,22,22,FALSE,2,162,0.62,0.65,,,,,,,
2024_Fm379_N120_1,2024,Fm379,CHINA,5,5,N120,120,FALSE,1,101,101,1,observed,101,101,FALSE,24,24,FALSE,3,156,0.72,0.7,,16.69,,,,,
2024_Fm379_N120_2,2024,Fm379,CHINA,5,5,N120,120,FALSE,2,104,104,1,observed,105,105,FALSE,32,32,FALSE,4,152,0.65,0.69,,15.76,,,,,
2024_Fm379_N120_3,2024,Fm379,CHINA,5,5,N120,120,FALSE,3,109,109,1,observed,109,109,FALSE,*,,,4,167,0.6799999999999999,0.72,,18.71,,,,,
2024_Fm379_N40_1,2024,Fm379,CHINA,5,5,N40,40,FALSE,1,103,103,1,observed,95,95,FALSE,*,,,6,159,0.75,0.53,,15,,,,,
2024_Fm379_N40_2,2024,Fm379,CHINA,5,5,N40,40,FALSE,2,105,105,1,observed,100,100,FALSE,30,30,FALSE,3,,0.71,0.69,,16.329999999999995,,,,,
2024_Fm379_N40_3,2024,Fm379,CHINA,5,5,N40,40,FALSE,3,104,104,1,observed,100,100,FALSE,30,30,FALSE,5,156,0.6699999999999999,0.69,,,,,,,
2024_Fm380_N120_1,2024,Fm380,CHINA,5,5,N120,120,FALSE,1,112,112,1,observed,98,98,FALSE,34,34,FALSE,5,166,0.57,0.7,,18.48999999999999,,,,,
2024_Fm380_N120_2,2024,Fm380,CHINA,5,5,N120,120,FALSE,2,113,113,1,observed,123,123,FALSE,44,44,FALSE,1,162,0.64,0.52,,18.56,,,,,
2024_Fm380_N120_3,2024,Fm380,CHINA,5,5,N120,120,FALSE,3,115,115,1,observed,109,109,FALSE,36,36,FALSE,1,167,0.59,0.72,,16.47,,,,,
2024_Fm380_N40_1,2024,Fm380,CHINA,5,5,N40,40,FALSE,1,104,104,1,observed,101,101,FALSE,36,36,FALSE,2,159,0.65,0.5800000000000001,,15.62,,,,,
2024_Fm380_N40_2,2024,Fm380,CHINA,5,5,N40,40,FALSE,2,110,110,1,observed,95,95,FALSE,28,28,FALSE,1,187,0.45,0.51,,15.53,,,,,
2024_Fm380_N40_3,2024,Fm380,CHINA,5,5,N40,40,FALSE,3,106,106,1,observed,105,105,FALSE,26,26,FALSE,1,162,0.6699999999999999,0.6799999999999999,,,,,,,
2024_Fm381_N120_1,2024,Fm381,CHINA,5,5,N120,120,FALSE,1,99,99,1,observed,119,119,FALSE,*,,,1,155,0.61,0.65,,15.49,,,,,
2024_Fm381_N120_2,2024,Fm381,CHINA,5,5,N120,120,FALSE,2,99,99,1,observed,105,105,FALSE,*,,,3,150,0.71,0.6599999999999999,,14.56,,,,,
2024_Fm381_N120_3,2024,Fm381,CHINA,5,5,N120,120,FALSE,3,101,101,1,observed,120,120,FALSE,*,,,1,160,0.6,0.6699999999999999,,13.79,,,,,
2024_Fm381_N40_1,2024,Fm381,CHINA,5,5,N40,40,FALSE,1,104,104,1,observed,110,110,FALSE,52,52,FALSE,1,159,0.6699999999999999,0.63,,14.66,,,,,
2024_Fm381_N40_2,2024,Fm381,CHINA,5,5,N40,40,FALSE,2,103,103,1,observed,105,105,FALSE,50,50,FALSE,2,159,0.65,0.45,,,,,,,
2024_Fm381_N40_3,2024,Fm381,CHINA,5,5,N40,40,FALSE,3,104,104,1,observed,112,112,FALSE,64,64,FALSE,0,167,0.64,0.6,,,,,,,
2024_Fm382_N120_1,2024,Fm382,CHINA,5,5,N120,120,FALSE,1,104,104,1,observed,89,89,FALSE,20,20,FALSE,6,166,0.71,0.6799999999999999,,14.1,,,,,
2024_Fm382_N120_2,2024,Fm382,CHINA,5,5,N120,120,FALSE,2,110,110,1,observed,94,94,FALSE,16,16,FALSE,5,159,0.74,0.7799999999999999,,17.23,,,,,
2024_Fm382_N120_3,2024,Fm382,CHINA,5,5,N120,120,FALSE,3,104,104,1,observed,93,93,FALSE,*,,,7,160,0.63,0.6799999999999999,,14.93,,,,,
2024_Fm382_N40_1,2024,Fm382,CHINA,5,5,N40,40,FALSE,1,103,103,1,observed,84,84,FALSE,10,10,FALSE,8,155,0.61,0.6,,14.54,,,,,
2024_Fm382_N40_2,2024,Fm382,CHINA,5,5,N40,40,FALSE,2,103,103,1,observed,95,95,FALSE,18,18,FALSE,7,155,0.6799999999999999,0.7,,12.49,,,,,
2024_Fm382_N40_3,2024,Fm382,CHINA,5,5,N40,40,FALSE,3,101,101,1,observed,86,86,FALSE,6,6,FALSE,5,153,0.6799999999999999,0.6799999999999999,,,,,,,
2024_Fm384_N120_1,2024,Fm384,CHINA,5,5,N120,120,FALSE,1,118,118,1,observed,90,90,FALSE,30,30,FALSE,3,181,0.54,0.65,,15.31,,,,,
2024_Fm384_N120_2,2024,Fm384,CHINA,5,5,N120,120,FALSE,2,116,116,1,observed,83,83,FALSE,30,30,FALSE,2,181,0.56,0.38,,15.84,,,,,
2024_Fm384_N120_3,2024,Fm384,CHINA,5,5,N120,120,FALSE,3,118,118,1,observed,89,89,FALSE,*,,,2,192,0.41000000000000003,0.3,,17.93,,,,,
2024_Fm384_N40_1,2024,Fm384,CHINA,5,5,N40,40,FALSE,1,117,117,1,observed,89,89,FALSE,30,30,FALSE,0,183,0.54,0.6,,18.85,,,,,
2024_Fm384_N40_2,2024,Fm384,CHINA,5,5,N40,40,FALSE,2,118,118,1,observed,84,84,FALSE,18,18,FALSE,1,187,0.57,0.3,,,,,,,
2024_Fm384_N40_3,2024,Fm384,CHINA,5,5,N40,40,FALSE,3,120,120,1,observed,75,75,FALSE,20,20,FALSE,2,186,0.51,0.55,,,,,,,
2024_Fm387_N120_1,2024,Fm387,CHINA,,*,N120,120,FALSE,1,124,124,1,observed,96,96,FALSE,34,34,FALSE,3,186,0.55,0.69,,,,,,,
2024_Fm387_N120_2,2024,Fm387,CHINA,,*,N120,120,FALSE,2,130,130,1,observed,100,100,FALSE,*,,,1,192,0.6699999999999999,0.75,,,,,,,
2024_Fm387_N120_3,2024,Fm387,CHINA,,*,N120,120,FALSE,3,124,124,1,observed,95,95,FALSE,*,,,1,,0.47000000000000003,0.5800000000000001,,,,,,,
2024_Fm387_N40_1,2024,Fm387,CHINA,,*,N40,40,FALSE,1,124,124,1,observed,93,93,FALSE,46,46,FALSE,2,183,0.64,0.7,,,,,,,
2024_Fm387_N40_2,2024,Fm387,CHINA,,*,N40,40,FALSE,2,120,120,1,observed,112,112,FALSE,44,44,FALSE,1,181,0.57,0.6699999999999999,,,,,,,
2024_Fm387_N40_3,2024,Fm387,CHINA,,*,N40,40,FALSE,3,125,125,1,observed,105,105,FALSE,56,56,FALSE,1,186,0.6,0.64,,,,,,,
2024_Fm388_N120_1,2024,Fm388,CHINA,5,5,N120,120,FALSE,1,115,115,1,observed,104,104,FALSE,4,4,FALSE,6,168,0.61,0.63,,17.130000000000003,,,,,
2024_Fm388_N120_2,2024,Fm388,CHINA,5,5,N120,120,FALSE,2,103,103,1,observed,100,100,FALSE,10,10,FALSE,4,155,0.6599999999999999,0.6699999999999999,,18.510000000000005,,,,,
2024_Fm388_N120_3,2024,Fm388,CHINA,5,5,N120,120,FALSE,3,104,104,1,observed,90,90,FALSE,*,,,7,167,0.7,0.5,,15.129999999999999,,,,,
2024_Fm388_N40_1,2024,Fm388,CHINA,5,5,N40,40,FALSE,1,111,111,1,observed,96,96,FALSE,8,8,FALSE,5,186,0.52,0.57,,15.67,,,,,
2024_Fm388_N40_2,2024,Fm388,CHINA,5,5,N40,40,FALSE,2,103,103,1,observed,115,115,FALSE,4,4,FALSE,2,167,0.55,0.5800000000000001,,15.04,,,,,
2024_Fm388_N40_3,2024,Fm388,CHINA,5,5,N40,40,FALSE,3,106,106,1,observed,102,102,FALSE,20,20,FALSE,4,159,0.61,0.5,,,,,,,
2024_Fm389_N120_1,2024,Fm389,CHINA,5,5,N120,120,FALSE,1,118,118,1,observed,81,81,FALSE,30,30,FALSE,3,187,0.54,0.63,,20.72,,,,,
2024_Fm389_N120_2,2024,Fm389,CHINA,5,5,N120,120,FALSE,2,118,118,1,observed,85,85,FALSE,54,54,FALSE,2,183,0.5,0.3,,17.47,,,,,
2024_Fm389_N120_3,2024,Fm389,CHINA,5,5,N120,120,FALSE,3,124,124,1,observed,83,83,FALSE,*,,,1,181,0.5,0.59,,17.439999999999998,,,,,
2024_Fm389_N40_1,2024,Fm389,CHINA,5,5,N40,40,FALSE,1,123,123,1,observed,70,70,FALSE,22,22,FALSE,0,177,0.51,0.45,,15.57,,,,,
2024_Fm389_N40_2,2024,Fm389,CHINA,5,5,N40,40,FALSE,2,118,118,1,observed,82,82,FALSE,28,28,FALSE,1,186,0.49,0.63,,,,,,,
2024_Fm389_N40_3,2024,Fm389,CHINA,5,5,N40,40,FALSE,3,118,118,1,observed,88,88,FALSE,28,28,FALSE,1,181,0.51,0.41000000000000003,,,,,,,
2024_Fm391_N120_1,2024,Fm391,CHINA,5,5,N120,120,FALSE,1,101,101,1,observed,105,105,FALSE,12,12,FALSE,3,167,0.6799999999999999,0.73,,16.21,,,,,
2024_Fm391_N120_2,2024,Fm391,CHINA,5,5,N120,120,FALSE,2,101,101,1,observed,100,100,FALSE,0,0,TRUE,3,162,0.6699999999999999,0.6599999999999999,,15.7,,,,,
2024_Fm391_N120_3,2024,Fm391,CHINA,5,5,N120,120,FALSE,3,102,102,1,observed,109,109,FALSE,*,,,2,167,0.64,0.7,,18.91,,,,,
2024_Fm391_N40_1,2024,Fm391,CHINA,5,5,N40,40,FALSE,1,104,104,1,observed,100,100,FALSE,10,10,FALSE,1,162,0.71,0.72,,16.09,,,,,
2024_Fm391_N40_2,2024,Fm391,CHINA,5,5,N40,40,FALSE,2,104,104,1,observed,100,100,FALSE,10,10,FALSE,2,159,0.64,0.53,,21.19,,,,,
2024_Fm391_N40_3,2024,Fm391,CHINA,5,5,N40,40,FALSE,3,100,100,1,observed,94,94,FALSE,4,4,FALSE,2,155,0.54,0.6799999999999999,,14.139999999999999,,,,,
2024_Fm392_N120_1,2024,Fm392,CHINA,5,5,N120,120,FALSE,1,100,100,1,observed,90,90,FALSE,26,26,FALSE,6,152,0.53,0.63,,13.1,,,,,
2024_Fm392_N120_2,2024,Fm392,CHINA,5,5,N120,120,FALSE,2,91,91,1,observed,110,110,FALSE,54,54,FALSE,5,138,0.65,0.7899999999999999,,13.82,,,,,
2024_Fm392_N120_3,2024,Fm392,CHINA,5,5,N120,120,FALSE,3,89,89,1,observed,95,95,FALSE,30,30,FALSE,4,138,0.5800000000000001,0.7799999999999999,,15.11,,,,,
2024_Fm392_N40_1,2024,Fm392,CHINA,5,5,N40,40,FALSE,1,93,93,1,observed,101,101,FALSE,36,36,FALSE,3,139,0.71,0.77,,12.69,,,,,
2024_Fm392_N40_2,2024,Fm392,CHINA,5,5,N40,40,FALSE,2,91,91,1,observed,96,96,FALSE,36,36,FALSE,5,138,0.7,0.8,,13.55,,,,,
2024_Fm392_N40_3,2024,Fm392,CHINA,5,5,N40,40,FALSE,3,93,93,1,observed,99,99,FALSE,16,16,FALSE,3,139,0.65,0.76,,12.83,,,,,
2024_Fm394_N120_1,2024,Fm394,CHINA,5,5,N120,120,FALSE,1,99,99,1,observed,97,97,FALSE,16,16,FALSE,5,149,0.5800000000000001,0.71,,15.209999999999999,,,,,
2024_Fm394_N120_2,2024,Fm394,CHINA,5,5,N120,120,FALSE,2,99,99,1,observed,92,92,FALSE,*,,,4,,0.6699999999999999,0.6799999999999999,,14.93,,,,,
2024_Fm394_N120_3,2024,Fm394,CHINA,5,5,N120,120,FALSE,3,106,106,1,observed,95,95,FALSE,*,,,3,160,0.62,0.4,,15.4,,,,,
2024_Fm394_N40_1,2024,Fm394,CHINA,5,5,N40,40,FALSE,1,100,100,1,observed,100,100,FALSE,12,12,FALSE,7,,0.55,0.65,,19.31,,,,,
2024_Fm394_N40_2,2024,Fm394,CHINA,5,5,N40,40,FALSE,2,95,95,1,observed,91,91,FALSE,16,16,FALSE,4,147,0.6699999999999999,0.72,,16.510000000000005,,,,,
2024_Fm394_N40_3,2024,Fm394,CHINA,5,5,N40,40,FALSE,3,106,106,1,observed,82,82,FALSE,6,6,FALSE,2,186,0.47000000000000003,,,,,,,,
2024_Fm395_N120_1,2024,Fm395,CHINA,5,5,N120,120,FALSE,1,115,115,1,observed,108,108,FALSE,*,,,4,166,0.61,0.7,,18.72,,,,,
2024_Fm395_N120_2,2024,Fm395,CHINA,5,5,N120,120,FALSE,2,106,106,1,observed,116,116,FALSE,*,,,2,159,0.69,0.64,,14.15,,,,,
2024_Fm395_N120_3,2024,Fm395,CHINA,5,5,N120,120,FALSE,3,109,109,1,observed,117,117,FALSE,*,,,1,167,0.71,0.768,,17.09,,,,,
2024_Fm395_N40_1,2024,Fm395,CHINA,5,5,N40,40,FALSE,1,109,109,1,observed,113,113,FALSE,12,12,FALSE,3,166,0.69,0.6799999999999999,,15.33,,,,,
2024_Fm395_N40_2,2024,Fm395,CHINA,5,5,N40,40,FALSE,2,106,106,1,observed,103,103,FALSE,20,20,FALSE,0,168,0.6799999999999999,0.6799999999999999,,,,,,,
2024_Fm395_N40_3,2024,Fm395,CHINA,5,5,N40,40,FALSE,3,115,115,1,observed,115,115,FALSE,16,16,FALSE,3,167,0.65,0.56,,,,,,,
2024_Fm396_N120_1,2024,Fm396,CHINA,5,5,N120,120,FALSE,1,113,113,1,observed,90,90,FALSE,6,6,FALSE,6,166,0.6699999999999999,0.72,,22.14,,,,,
2024_Fm396_N120_2,2024,Fm396,CHINA,5,5,N120,120,FALSE,2,115,115,1,observed,90,90,FALSE,20,20,FALSE,5,162,0.74,0.75,,19.89,,,,,
2024_Fm396_N120_3,2024,Fm396,CHINA,5,5,N120,120,FALSE,3,106,106,1,observed,90,90,FALSE,*,,,7,160,0.6699999999999999,0.6,,16.75,,,,,
2024_Fm396_N40_1,2024,Fm396,CHINA,5,5,N40,40,FALSE,1,116,116,1,observed,98,98,FALSE,6,6,FALSE,5,180,0.46,0.5,,,,,,,
2024_Fm396_N40_2,2024,Fm396,CHINA,5,5,N40,40,FALSE,2,109,109,1,observed,93,93,FALSE,10,10,FALSE,2,177,0.73,0.7899999999999999,,,,,,,
2024_Fm396_N40_3,2024,Fm396,CHINA,5,5,N40,40,FALSE,3,114,114,1,observed,82,82,FALSE,4,4,FALSE,6,162,0.5800000000000001,0.6699999999999999,,,,,,,
2024_Fm398_N120_1,2024,Fm398,CHINA,5,5,N120,120,FALSE,1,106,106,1,observed,90,90,FALSE,0,0,TRUE,3,166,0.45,0.69,,18,,,,,
2024_Fm398_N120_2,2024,Fm398,CHINA,5,5,N120,120,FALSE,2,*,,,star_code,*,,,*,,,,,,,,17.09,,,,,
2024_Fm398_N120_3,2024,Fm398,CHINA,5,5,N120,120,FALSE,3,109,109,1,observed,100,100,FALSE,*,,,3,162,0.69,0.55,,,,,,,
2024_Fm398_N40_1,2024,Fm398,CHINA,5,5,N40,40,FALSE,1,103,103,1,observed,90,90,FALSE,6,6,FALSE,3,155,0.59,0.65,,16.31,,,,,
2024_Fm398_N40_2,2024,Fm398,CHINA,5,5,N40,40,FALSE,2,106,106,1,observed,95,95,FALSE,8,8,FALSE,1,159,0.63,0.56,,14.4,,,,,
2024_Fm398_N40_3,2024,Fm398,CHINA,5,5,N40,40,FALSE,3,,,,missing,,,,4,4,FALSE,2,,,,,,,,,,
2024_Fm400_N120_1,2024,Fm400,CHINA,5,5,N120,120,FALSE,1,106,106,1,observed,110,110,FALSE,26,26,FALSE,3,159,0.69,0.7799999999999999,,14.27,,,,,
2024_Fm400_N120_2,2024,Fm400,CHINA,5,5,N120,120,FALSE,2,112,112,1,observed,95,95,FALSE,24,24,FALSE,1,187,0.5,0.61,,14.48,,,,,
2024_Fm400_N120_3,2024,Fm400,CHINA,5,5,N120,120,FALSE,3,104,104,1,observed,105,105,FALSE,*,,,1,160,0.69,0.7799999999999999,,18.48999999999999,,,,,
2024_Fm400_N40_1,2024,Fm400,CHINA,5,5,N40,40,FALSE,1,112,112,1,observed,101,101,FALSE,20,20,FALSE,2,168,0.74,0.7,,14.01,,,,,
2024_Fm400_N40_2,2024,Fm400,CHINA,5,5,N40,40,FALSE,2,104,104,1,observed,100,100,FALSE,24,24,FALSE,3,162,0.7,0.77,,14.77,,,,,
2024_Fm400_N40_3,2024,Fm400,CHINA,5,5,N40,40,FALSE,3,106,106,1,observed,95,95,FALSE,22,22,FALSE,1,165,0.6799999999999999,0.76,,,,,,,
2024_Fm401_N120_1,2024,Fm401,CHINA,5,5,N120,120,FALSE,1,100,100,1,observed,92,92,FALSE,64,64,FALSE,1,155,0.62,0.6,,17.32,,,,,
2024_Fm401_N120_2,2024,Fm401,CHINA,5,5,N120,120,FALSE,2,100,100,1,observed,107,107,FALSE,42,42,FALSE,1,155,0.63,0.72,,18.66,,,,,
2024_Fm401_N120_3,2024,Fm401,CHINA,5,5,N120,120,FALSE,3,100,100,1,observed,100,100,FALSE,*,,,0,167,0.47000000000000003,0.56,,16.23,,,,,
2024_Fm401_N40_1,2024,Fm401,CHINA,5,5,N40,40,FALSE,1,100,100,1,observed,88,88,FALSE,*,,,1,159,0.6599999999999999,0.71,,16.54,,,,,
2024_Fm401_N40_2,2024,Fm401,CHINA,5,5,N40,40,FALSE,2,99,99,1,observed,91,91,FALSE,48,48,FALSE,1,155,0.61,0.77,,16.31,,,,,
2024_Fm401_N40_3,2024,Fm401,CHINA,5,5,N40,40,FALSE,3,100,100,1,observed,90,90,FALSE,54,54,FALSE,1,153,0.62,0.6599999999999999,,16.959999999999997,,,,,
2024_Fm402_N120_1,2024,Fm402,CHINA,5,5,N120,120,FALSE,1,100,100,1,observed,110,110,FALSE,72,72,FALSE,2,150,0.6599999999999999,0.52,,13.49,,,,,
2024_Fm402_N120_2,2024,Fm402,CHINA,5,5,N120,120,FALSE,2,100,100,1,observed,110,110,FALSE,*,,,2,150,0.6799999999999999,0.76,,14.62,,,,,
2024_Fm402_N120_3,2024,Fm402,CHINA,5,5,N120,120,FALSE,3,101,101,1,observed,107,107,FALSE,*,,,3,153,0.73,0.71,,14.79,,,,,
2024_Fm402_N40_1,2024,Fm402,CHINA,5,5,N40,40,FALSE,1,95,95,1,observed,99,99,FALSE,58,58,FALSE,1,147,0.72,0.75,,13.950000000000001,,,,,
2024_Fm402_N40_2,2024,Fm402,CHINA,5,5,N40,40,FALSE,2,100,100,1,observed,108,108,FALSE,58,58,FALSE,4,152,0.65,0.76,,14.39,,,,,
2024_Fm402_N40_3,2024,Fm402,CHINA,5,5,N40,40,FALSE,3,100,100,1,observed,100,100,FALSE,60,60,FALSE,2,150,0.6699999999999999,0.77,,,,,,,
2024_Fm404_N120_1,2024,Fm404,CHINA,4,4,N120,120,FALSE,1,*,,,star_code,*,,,*,,,,,,,,,,,,,
2024_Fm404_N120_2,2024,Fm404,CHINA,4,4,N120,120,FALSE,2,104,104,1,observed,108,108,FALSE,*,,,1,156,0.65,0.6799999999999999,,14.04,,,,,
2024_Fm404_N120_3,2024,Fm404,CHINA,4,4,N120,120,FALSE,3,113,113,1,observed,109,109,FALSE,*,,,2,162,0.72,0.72,,17.4,,,,,
2024_Fm404_N40_1,2024,Fm404,CHINA,4,4,N40,40,FALSE,1,109,109,1,observed,96,96,FALSE,80,80,FALSE,2,166,0.6599999999999999,0.71,,14.67,,,,,
2024_Fm404_N40_2,2024,Fm404,CHINA,4,4,N40,40,FALSE,2,106,106,1,observed,105,105,FALSE,78,78,FALSE,1,167,0.64,0.59,,,,,,,
2024_Fm404_N40_3,2024,Fm404,CHINA,4,4,N40,40,FALSE,3,106,106,1,observed,110,110,FALSE,106,106,FALSE,1,167,0.6,0.65,,,,,,,
2024_Fm405_N120_1,2024,Fm405,CHINA,5,5,N120,120,FALSE,1,106,106,1,observed,120,120,FALSE,52,52,FALSE,2,166,0.61,0.73,,16.43,,,,,
2024_Fm405_N120_2,2024,Fm405,CHINA,5,5,N120,120,FALSE,2,104,104,1,observed,107,107,FALSE,*,,,1,168,0.62,0.7,,15.57,,,,,
2024_Fm405_N120_3,2024,Fm405,CHINA,5,5,N120,120,FALSE,3,116,116,1,observed,118,118,FALSE,*,,,3,186,0.45,0.55,,,,,,,
2024_Fm405_N40_1,2024,Fm405,CHINA,5,5,N40,40,FALSE,1,109,109,1,observed,110,110,FALSE,68,68,FALSE,3,166,0.63,0.6699999999999999,,17.87,,,,,
2024_Fm405_N40_2,2024,Fm405,CHINA,5,5,N40,40,FALSE,2,109,109,1,observed,109,109,FALSE,78,78,FALSE,2,167,0.6599999999999999,0.63,,16.779999999999998,,,,,
2024_Fm405_N40_3,2024,Fm405,CHINA,5,5,N40,40,FALSE,3,106,106,1,observed,122,122,FALSE,72,72,FALSE,3,162,0.64,0.62,,,,,,,
2024_Fm406_N120_1,2024,Fm406,CHINA,5,5,N120,120,FALSE,1,100,100,1,observed,108,108,FALSE,12,12,FALSE,0,153,0.57,0.73,,16.12,,,,,
2024_Fm406_N120_2,2024,Fm406,CHINA,5,5,N120,120,FALSE,2,100,100,1,observed,105,105,FALSE,*,,,0,155,0.64,0.6799999999999999,,15.42,,,,,
2024_Fm406_N120_3,2024,Fm406,CHINA,5,5,N120,120,FALSE,3,103,103,1,observed,95,95,FALSE,*,,,1,167,0.64,0.6799999999999999,,15.709999999999999,,,,,
2024_Fm406_N40_1,2024,Fm406,CHINA,5,5,N40,40,FALSE,1,103,103,1,observed,95,95,FALSE,14,14,FALSE,0,155,0.62,0.5800000000000001,,13.48,,,,,
2024_Fm406_N40_2,2024,Fm406,CHINA,5,5,N40,40,FALSE,2,104,104,1,observed,95,95,FALSE,20,20,FALSE,2,159,0.63,0.6699999999999999,,16.5,,,,,
2024_Fm406_N40_3,2024,Fm406,CHINA,5,5,N40,40,FALSE,3,101,101,1,observed,91,91,FALSE,48,48,FALSE,1,155,0.55,0.65,,,,,,,
2024_Fm407_N120_1,2024,Fm407,CHINA,4,4,N120,120,FALSE,1,101,101,1,observed,103,103,FALSE,44,44,FALSE,0,159,0.7,0.7,,14.57,,,,,
2024_Fm407_N120_2,2024,Fm407,CHINA,4,4,N120,120,FALSE,2,100,100,1,observed,99,99,FALSE,24,24,FALSE,1,150,0.74,0.61,,13.27,,,,,
2024_Fm407_N120_3,2024,Fm407,CHINA,4,4,N120,120,FALSE,3,93,93,1,observed,110,110,FALSE,10,10,FALSE,0,147,0.74,0.74,,16.98999999999999,,,,,
2024_Fm407_N40_1,2024,Fm407,CHINA,4,4,N40,40,FALSE,1,101,101,1,observed,89,89,FALSE,28,28,FALSE,2,159,0.6699999999999999,0.7,,16.79,,,,,
2024_Fm407_N40_2,2024,Fm407,CHINA,4,4,N40,40,FALSE,2,101,101,1,observed,110,110,FALSE,32,32,FALSE,0,167,0.54,0.71,,15.08,,,,,
2024_Fm407_N40_3,2024,Fm407,CHINA,4,4,N40,40,FALSE,3,100,100,1,observed,102,102,FALSE,16,16,FALSE,0,155,0.69,0.65,,,,,,,
2024_Fm41_N120_1,2024,Fm41,India,1,1,N120,120,FALSE,1,125,125,1,observed,108,108,FALSE,58,58,FALSE,4,183,0.6699999999999999,0.74,,17.69,,,,,
2024_Fm41_N120_2,2024,Fm41,India,1,1,N120,120,FALSE,2,138,138,1,observed,92,92,FALSE,*,,,5,181,0.7,0.72,,17.95,,,,,
2024_Fm41_N120_3,2024,Fm41,India,1,1,N120,120,FALSE,3,117,117,1,observed,93,93,FALSE,*,,,5,181,0.6699999999999999,0.73,,,,,,,
2024_Fm41_N40_1,2024,Fm41,India,1,1,N40,40,FALSE,1,123,123,1,observed,109,109,FALSE,74,74,FALSE,7,186,0.71,0.6799999999999999,,13.02,,,,,
2024_Fm41_N40_2,2024,Fm41,India,1,1,N40,40,FALSE,2,124,124,1,observed,89,89,FALSE,64,64,FALSE,5,186,0.69,0.61,,,,,,,
2024_Fm41_N40_3,2024,Fm41,India,1,1,N40,40,FALSE,3,119,119,1,observed,100,100,FALSE,60,60,FALSE,3,186,0.6799999999999999,0.6599999999999999,,,,,,,
2024_Fm410_N120_1,2024,Fm410,CHINA,5,5,N120,120,FALSE,1,110,110,1,observed,102,102,FALSE,36,36,FALSE,1,162,0.69,0.71,,17.110000000000003,,,,,
2024_Fm410_N120_2,2024,Fm410,CHINA,5,5,N120,120,FALSE,2,109,109,1,observed,104,104,FALSE,44,44,FALSE,1,,0.6699999999999999,0.57,,16.18,,,,,
2024_Fm410_N120_3,2024,Fm410,CHINA,5,5,N120,120,FALSE,3,109,109,1,observed,110,110,FALSE,*,,,2,186,0.57,0.53,,17.57,,,,,
2024_Fm410_N40_1,2024,Fm410,CHINA,5,5,N40,40,FALSE,1,112,112,1,observed,100,100,FALSE,38,38,FALSE,1,162,0.6699999999999999,0.69,,16.12,,,,,
2024_Fm410_N40_2,2024,Fm410,CHINA,5,5,N40,40,FALSE,2,109,109,1,observed,105,105,FALSE,34,34,FALSE,1,167,0.64,0.5800000000000001,,16.06,,,,,
2024_Fm410_N40_3,2024,Fm410,CHINA,5,5,N40,40,FALSE,3,109,109,1,observed,112,112,FALSE,30,30,FALSE,2,177,0.71,0.61,,,,,,,
2024_Fm411_N120_1,2024,Fm411,CHINA,4,4,N120,120,FALSE,1,101,101,1,observed,100,100,FALSE,32,32,FALSE,2,159,0.72,0.63,,15.02,,,,,
2024_Fm411_N120_2,2024,Fm411,CHINA,4,4,N120,120,FALSE,2,90,90,1,observed,94,94,FALSE,30,30,FALSE,2,138,0.74,0.8,,14.01,,,,,
2024_Fm411_N120_3,2024,Fm411,CHINA,4,4,N120,120,FALSE,3,104,104,1,observed,110,110,FALSE,*,,,3,162,0.6599999999999999,0.61,,15.639999999999999,,,,,
2024_Fm411_N40_1,2024,Fm411,CHINA,4,4,N40,40,FALSE,1,104,104,1,observed,95,95,FALSE,44,44,FALSE,1,159,0.6699999999999999,0.6,,17.329999999999995,,,,,
2024_Fm411_N40_2,2024,Fm411,CHINA,4,4,N40,40,FALSE,2,106,106,1,observed,95,95,FALSE,50,50,FALSE,1,162,0.71,0.5800000000000001,,15.5,,,,,
2024_Fm411_N40_3,2024,Fm411,CHINA,4,4,N40,40,FALSE,3,104,104,1,observed,90,90,FALSE,28,28,FALSE,1,167,0.63,0.56,,,,,,,
2024_Fm412_N120_1,2024,Fm412,CHINA,5,5,N120,120,FALSE,1,99,99,1,observed,82,82,FALSE,24,24,FALSE,4,149,0.65,0.6599999999999999,,14.3,,,,,
2024_Fm412_N120_2,2024,Fm412,CHINA,5,5,N120,120,FALSE,2,99,99,1,observed,87,87,FALSE,26,26,FALSE,5,155,0.52,0.57,,13.69,,,,,
2024_Fm412_N120_3,2024,Fm412,CHINA,5,5,N120,120,FALSE,3,101,101,1,observed,91,91,FALSE,44,44,FALSE,3,155,0.71,0.64,,17.010000000000005,,,,,
2024_Fm412_N40_1,2024,Fm412,CHINA,5,5,N40,40,FALSE,1,103,103,1,observed,86,86,FALSE,20,20,FALSE,4,155,0.61,0.64,,13.39,,,,,
2024_Fm412_N40_2,2024,Fm412,CHINA,5,5,N40,40,FALSE,2,99,99,1,observed,90,90,FALSE,36,36,FALSE,6,149,0.6799999999999999,0.6599999999999999,,13.629999999999999,,,,,
2024_Fm412_N40_3,2024,Fm412,CHINA,5,5,N40,40,FALSE,3,99,99,1,observed,72,72,FALSE,30,30,FALSE,6,150,0.64,0.75,,,,,,,
2024_Fm413_N120_1,2024,Fm413,CHINA,5,5,N120,120,FALSE,1,107,107,1,observed,85,85,FALSE,30,30,FALSE,5,162,0.6599999999999999,0.7,,18.68,,,,,
2024_Fm413_N120_2,2024,Fm413,CHINA,5,5,N120,120,FALSE,2,104,104,1,observed,100,100,FALSE,38,38,FALSE,6,159,0.6699999999999999,0.53,,17.89,,,,,
2024_Fm413_N120_3,2024,Fm413,CHINA,5,5,N120,120,FALSE,3,116,116,1,observed,91,91,FALSE,*,,,5,177,0.56,0.64,,18.739999999999995,,,,,
2024_Fm413_N40_1,2024,Fm413,CHINA,5,5,N40,40,FALSE,1,112,112,1,observed,102,102,FALSE,50,50,FALSE,3,162,0.71,0.6799999999999999,,16.610000000000003,,,,,
2024_Fm413_N40_2,2024,Fm413,CHINA,5,5,N40,40,FALSE,2,109,109,1,observed,100,100,FALSE,40,40,FALSE,5,167,0.65,0.75,,15.58,,,,,
2024_Fm413_N40_3,2024,Fm413,CHINA,5,5,N40,40,FALSE,3,104,104,1,observed,95,95,FALSE,26,26,FALSE,3,156,0.6699999999999999,0.69,,,,,,,
2024_Fm414_N120_1,2024,Fm414,CHINA,5,5,N120,120,FALSE,1,100,100,1,observed,92,92,FALSE,16,16,FALSE,0,150,0.6,0.62,,15.61,,,,,
2024_Fm414_N120_2,2024,Fm414,CHINA,5,5,N120,120,FALSE,2,100,100,1,observed,96,96,FALSE,40,40,FALSE,1,149,0.54,0.56,,17.55,,,,,
2024_Fm414_N120_3,2024,Fm414,CHINA,5,5,N120,120,FALSE,3,100,100,1,observed,93,93,FALSE,34,34,FALSE,0,150,0.57,0.72,,18.89,,,,,
2024_Fm414_N40_1,2024,Fm414,CHINA,5,5,N40,40,FALSE,1,95,95,1,observed,114,114,FALSE,32,32,FALSE,1,147,0.63,0.7,,15.2,,,,,
2024_Fm414_N40_2,2024,Fm414,CHINA,5,5,N40,40,FALSE,2,100,100,1,observed,89,89,FALSE,30,30,FALSE,0,152,0.56,0.6599999999999999,,17.12,,,,,
2024_Fm414_N40_3,2024,Fm414,CHINA,5,5,N40,40,FALSE,3,101,101,1,observed,101,101,FALSE,16,16,FALSE,1,155,0.44,0.56,,,,,,,
2024_Fm415_N120_1,2024,Fm415,CHINA,5,5,N120,120,FALSE,1,98,98,1,observed,90,90,FALSE,22,22,FALSE,6,152,0.65,0.45,,15.02,,,,,
2024_Fm415_N120_2,2024,Fm415,CHINA,5,5,N120,120,FALSE,2,99,99,1,observed,102,102,FALSE,*,,,4,149,0.62,0.6799999999999999,,13.629999999999999,,,,,
2024_Fm415_N120_3,2024,Fm415,CHINA,5,5,N120,120,FALSE,3,100,100,1,observed,88,88,FALSE,*,,,6,149,0.61,0.65,,14.26,,,,,
2024_Fm415_N40_1,2024,Fm415,CHINA,5,5,N40,40,FALSE,1,92,92,1,observed,99,99,FALSE,12,12,FALSE,3,139,0.64,0.74,,15.59,,,,,
2024_Fm415_N40_2,2024,Fm415,CHINA,5,5,N40,40,FALSE,2,100,100,1,observed,95,95,FALSE,30,30,FALSE,4,152,0.6,0.6799999999999999,,16.93,,,,,
2024_Fm415_N40_3,2024,Fm415,CHINA,5,5,N40,40,FALSE,3,100,100,1,observed,105,105,FALSE,22,22,FALSE,3,153,0.55,0.72,,,,,,,
2024_Fm416_N120_1,2024,Fm416,CHINA,5,5,N120,120,FALSE,1,111,111,1,observed,117,117,FALSE,22,22,FALSE,1,168,0.65,0.6599999999999999,,16.64,,,,,
2024_Fm416_N120_2,2024,Fm416,CHINA,5,5,N120,120,FALSE,2,112,112,1,observed,112,112,FALSE,44,44,FALSE,1,177,0.53,0.63,,16.43,,,,,
2024_Fm416_N120_3,2024,Fm416,CHINA,5,5,N120,120,FALSE,3,116,116,1,observed,113,113,FALSE,*,,,2,186,0.43000000000000005,0.3,,22.630000000000003,,,,,
2024_Fm416_N40_1,2024,Fm416,CHINA,5,5,N40,40,FALSE,1,106,106,1,observed,100,100,FALSE,24,24,FALSE,2,159,0.76,0.7799999999999999,,,,,,,
2024_Fm416_N40_2,2024,Fm416,CHINA,5,5,N40,40,FALSE,2,112,112,1,observed,95,95,FALSE,26,26,FALSE,3,167,0.64,0.5,,,,,,,
2024_Fm416_N40_3,2024,Fm416,CHINA,5,5,N40,40,FALSE,3,115,115,1,observed,109,109,FALSE,24,24,FALSE,1,186,0.5800000000000001,0.31,,,,,,,
2024_Fm417_N120_1,2024,Fm417,CHINA,5,5,N120,120,FALSE,1,117,117,1,observed,111,111,FALSE,56,56,FALSE,1,181,0.65,0.64,,21.73,,,,,
2024_Fm417_N120_2,2024,Fm417,CHINA,5,5,N120,120,FALSE,2,122,122,1,observed,108,108,FALSE,36,36,FALSE,4,179,0.5800000000000001,0.49,,21.91,,,,,
2024_Fm417_N120_3,2024,Fm417,CHINA,5,5,N120,120,FALSE,3,121,121,1,observed,102,102,FALSE,52,52,FALSE,4,186,0.56,0.46,,,,,,,
2024_Fm417_N40_1,2024,Fm417,CHINA,5,5,N40,40,FALSE,1,124,124,1,observed,100,100,FALSE,48,48,FALSE,3,177,0.59,0.5,,,,,,,
2024_Fm417_N40_2,2024,Fm417,CHINA,5,5,N40,40,FALSE,2,121,121,1,observed,110,110,FALSE,46,46,FALSE,2,187,0.61,0.43000000000000005,,,,,,,
2024_Fm417_N40_3,2024,Fm417,CHINA,5,5,N40,40,FALSE,3,122,122,1,observed,104,104,FALSE,38,38,FALSE,4,192,0.51,0.3,,,,,,,
2024_Fm418_N120_1,2024,Fm418,CHINA,5,5,N120,120,FALSE,1,119,119,1,observed,88,88,FALSE,64,64,FALSE,1,186,0.59,0.51,,23.5,,,,,
2024_Fm418_N120_2,2024,Fm418,CHINA,5,5,N120,120,FALSE,2,121,121,1,observed,98,98,FALSE,44,44,FALSE,1,181,0.5800000000000001,0.74,,,,,,,
2024_Fm418_N120_3,2024,Fm418,CHINA,5,5,N120,120,FALSE,3,118,118,1,observed,83,83,FALSE,40,40,FALSE,1,177,0.69,0.74,,,,,,,
2024_Fm418_N40_1,2024,Fm418,CHINA,5,5,N40,40,FALSE,1,122,122,1,observed,90,90,FALSE,62,62,FALSE,1,186,0.6799999999999999,0.54,,21.56,,,,,
2024_Fm418_N40_2,2024,Fm418,CHINA,5,5,N40,40,FALSE,2,120,120,1,observed,103,103,FALSE,50,50,FALSE,0,181,0.59,0.65,,23.58,,,,,
2024_Fm418_N40_3,2024,Fm418,CHINA,5,5,N40,40,FALSE,3,120,120,1,observed,90,90,FALSE,46,46,FALSE,1,177,0.6599999999999999,0.73,,,,,,,
2024_Fm419_N120_1,2024,Fm419,CHINA,5,5,N120,120,FALSE,1,95,95,1,observed,89,89,FALSE,42,42,FALSE,3,147,0.6599999999999999,0.75,,12.42,,,,,
2024_Fm419_N120_2,2024,Fm419,CHINA,5,5,N120,120,FALSE,2,95,95,1,observed,104,104,FALSE,*,,,2,147,0.69,0.7,,14.51,,,,,
2024_Fm419_N120_3,2024,Fm419,CHINA,5,5,N120,120,FALSE,3,95,95,1,observed,90,90,FALSE,*,,,3,147,0.6,0.7,,18.34,,,,,
2024_Fm419_N40_1,2024,Fm419,CHINA,5,5,N40,40,FALSE,1,91,91,1,observed,92,92,FALSE,38,38,FALSE,2,138,0.7,0.7799999999999999,,13.07,,,,,
2024_Fm419_N40_2,2024,Fm419,CHINA,5,5,N40,40,FALSE,2,95,95,1,observed,106,106,FALSE,50,50,FALSE,3,147,0.61,0.62,,12.49,,,,,
2024_Fm419_N40_3,2024,Fm419,CHINA,5,5,N40,40,FALSE,3,91,91,1,observed,101,101,FALSE,40,40,FALSE,2,138,0.62,0.74,,13.39,,,,,
2024_Fm420_N120_1,2024,Fm420,CHINA,5,5,N120,120,FALSE,1,101,101,1,observed,93,93,FALSE,14,14,FALSE,1,156,0.6699999999999999,0.75,,16.05,,,,,
2024_Fm420_N120_2,2024,Fm420,CHINA,5,5,N120,120,FALSE,2,106,106,1,observed,105,105,FALSE,*,,,0,152,0.59,0.5800000000000001,,15.219999999999999,,,,,
2024_Fm420_N120_3,2024,Fm420,CHINA,5,5,N120,120,FALSE,3,101,101,1,observed,95,95,FALSE,*,,,0,153,0.6,0.75,,16.479999999999997,,,,,
2024_Fm420_N40_1,2024,Fm420,CHINA,5,5,N40,40,FALSE,1,109,109,1,observed,100,100,FALSE,20,20,FALSE,0,166,0.64,0.7,,16.4,,,,,
2024_Fm420_N40_2,2024,Fm420,CHINA,5,5,N40,40,FALSE,2,106,106,1,observed,101,101,FALSE,18,18,FALSE,0,,0.62,0.73,,,,,,,
2024_Fm420_N40_3,2024,Fm420,CHINA,5,5,N40,40,FALSE,3,101,101,1,observed,85,85,FALSE,18,18,FALSE,0,155,0.7,0.7,,,,,,,
2024_Fm421_N120_1,2024,Fm421,CHINA,5,5,N120,120,FALSE,1,106,106,1,observed,105,105,FALSE,*,,,1,168,0.64,0.64,,15.99,,,,,
2024_Fm421_N120_2,2024,Fm421,CHINA,5,5,N120,120,FALSE,2,112,112,1,observed,107,107,FALSE,*,,,4,162,0.6699999999999999,0.7,,17.59,,,,,
2024_Fm421_N120_3,2024,Fm421,CHINA,5,5,N120,120,FALSE,3,119,119,1,observed,107,107,FALSE,*,,,1,192,0.3,0.3,,,,,,,
2024_Fm421_N40_1,2024,Fm421,CHINA,5,5,N40,40,FALSE,1,110,110,1,observed,116,116,FALSE,28,28,FALSE,2,168,0.59,0.47000000000000003,,14.719999999999999,,,,,
2024_Fm421_N40_2,2024,Fm421,CHINA,5,5,N40,40,FALSE,2,116,116,1,observed,116,116,FALSE,30,30,FALSE,1,186,0.45,0.57,,,,,,,
2024_Fm421_N40_3,2024,Fm421,CHINA,5,5,N40,40,FALSE,3,116,116,1,observed,112,112,FALSE,22,22,FALSE,2,186,0.45,0.53,,,,,,,
2024_Fm428_N120_1,2024,Fm428,KAZAKHSTAN,4,4,N120,120,FALSE,1,99,99,1,observed,97,97,FALSE,16,16,FALSE,6,153,0.61,0.6799999999999999,,14.739999999999998,,,,,
2024_Fm428_N120_2,2024,Fm428,KAZAKHSTAN,4,4,N120,120,FALSE,2,99,99,1,observed,90,90,FALSE,*,,,6,150,0.6699999999999999,0.72,,14.93,,,,,
2024_Fm428_N120_3,2024,Fm428,KAZAKHSTAN,4,4,N120,120,FALSE,3,99,99,1,observed,78,78,FALSE,*,,,6,152,0.55,0.55,,13.01,,,,,
2024_Fm428_N40_1,2024,Fm428,KAZAKHSTAN,4,4,N40,40,FALSE,1,93,93,1,observed,83,83,FALSE,18,18,FALSE,7,147,0.73,0.76,,14.4,,,,,
2024_Fm428_N40_2,2024,Fm428,KAZAKHSTAN,4,4,N40,40,FALSE,2,82,82,1,observed,90,90,FALSE,34,34,FALSE,4,,0.72,0.7899999999999999,,13.42,,,,,
2024_Fm428_N40_3,2024,Fm428,KAZAKHSTAN,4,4,N40,40,FALSE,3,94,94,1,observed,88,88,FALSE,6,6,FALSE,4,139,0.72,0.76,,,,,,,
2024_Fm429_N120_1,2024,Fm429,KAZAKHSTAN,3,3,N120,120,FALSE,1,98,98,1,observed,125,125,FALSE,18,18,FALSE,1,150,0.6699999999999999,0.62,,15.629999999999999,,,,,
2024_Fm429_N120_2,2024,Fm429,KAZAKHSTAN,3,3,N120,120,FALSE,2,99,99,1,observed,125,125,FALSE,*,,,0,149,0.6599999999999999,0.64,,14.57,,,,,
2024_Fm429_N120_3,2024,Fm429,KAZAKHSTAN,3,3,N120,120,FALSE,3,93,93,1,observed,141,141,FALSE,*,,,0,139,0.6799999999999999,0.75,,16.09,,,,,
2024_Fm429_N40_1,2024,Fm429,KAZAKHSTAN,3,3,N40,40,FALSE,1,95,95,1,observed,137,137,FALSE,30,30,FALSE,0,147,0.6699999999999999,0.72,,19.47,,,,,
2024_Fm429_N40_2,2024,Fm429,KAZAKHSTAN,3,3,N40,40,FALSE,2,95,95,1,observed,122,122,FALSE,22,22,FALSE,0,147,0.6699999999999999,0.6699999999999999,,16.02,,,,,
2024_Fm429_N40_3,2024,Fm429,KAZAKHSTAN,3,3,N40,40,FALSE,3,95,95,1,observed,136,136,FALSE,26,26,FALSE,1,147,0.6699999999999999,0.6699999999999999,,14.93,,,,,
2024_Fm43_N120_1,2024,Fm43,India,1,1,N120,120,FALSE,1,137,137,1,observed,93,93,FALSE,48,48,FALSE,5,187,0.62,0.65,,,,,,,
2024_Fm43_N120_2,2024,Fm43,India,1,1,N120,120,FALSE,2,125,125,1,observed,87,87,FALSE,64,64,FALSE,4,183,0.6699999999999999,0.48000000000000004,,,,,,,
2024_Fm43_N120_3,2024,Fm43,India,1,1,N120,120,FALSE,3,125,125,1,observed,92,92,FALSE,*,,,4,186,0.71,0.62,,,,,,,
2024_Fm43_N40_1,2024,Fm43,India,1,1,N40,40,FALSE,1,124,124,1,observed,91,91,FALSE,50,50,FALSE,3,180,0.73,0.72,,,,,,,
2024_Fm43_N40_2,2024,Fm43,India,1,1,N40,40,FALSE,2,122,122,1,observed,98,98,FALSE,62,62,FALSE,4,177,0.71,0.48000000000000004,,,,,,,
2024_Fm43_N40_3,2024,Fm43,India,1,1,N40,40,FALSE,3,124,124,1,observed,95,95,FALSE,50,50,FALSE,4,181,0.6799999999999999,0.7,,,,,,,
2024_Fm44_N120_1,2024,Fm44,India,1,1,N120,120,FALSE,1,106,106,1,observed,109,109,FALSE,84,84,FALSE,3,162,0.72,0.7799999999999999,,19.66,,,,,
2024_Fm44_N120_2,2024,Fm44,India,1,1,N120,120,FALSE,2,115,115,1,observed,104,104,FALSE,*,,,4,187,0.57,0.45,,18.98999999999999,,,,,
2024_Fm44_N120_3,2024,Fm44,India,1,1,N120,120,FALSE,3,116,116,1,observed,90,90,FALSE,*,,,4,186,0.65,0.6699999999999999,,15.52,,,,,
2024_Fm44_N40_1,2024,Fm44,India,1,1,N40,40,FALSE,1,110,110,1,observed,93,93,FALSE,84,84,FALSE,6,166,0.69,0.7,,19.87,,,,,
2024_Fm44_N40_2,2024,Fm44,India,1,1,N40,40,FALSE,2,109,109,1,observed,92,92,FALSE,72,72,FALSE,2,162,0.6699999999999999,0.71,,,,,,,
2024_Fm44_N40_3,2024,Fm44,India,1,1,N40,40,FALSE,3,115,115,1,observed,104,104,FALSE,70,70,FALSE,4,187,0.61,0.4,,,,,,,
2024_Fm442_N120_1,2024,Fm442,RUSSIAN FEDERATION,4,4,N120,120,FALSE,1,113,113,1,observed,85,85,FALSE,28,28,FALSE,1,183,0.5800000000000001,0.47000000000000003,,15.26,,,,,
2024_Fm442_N120_2,2024,Fm442,RUSSIAN FEDERATION,4,4,N120,120,FALSE,2,100,100,1,observed,91,91,FALSE,24,24,FALSE,0,150,0.6799999999999999,0.61,,17.2,,,,,
2024_Fm442_N120_3,2024,Fm442,RUSSIAN FEDERATION,4,4,N120,120,FALSE,3,106,106,1,observed,85,85,FALSE,*,,,1,167,0.6799999999999999,0.59,,16.98999999999999,,,,,
2024_Fm442_N40_1,2024,Fm442,RUSSIAN FEDERATION,4,4,N40,40,FALSE,1,104,104,1,observed,93,93,FALSE,28,28,FALSE,2,156,0.64,0.53,,17.56,,,,,
2024_Fm442_N40_2,2024,Fm442,RUSSIAN FEDERATION,4,4,N40,40,FALSE,2,138,138,1,observed,90,90,FALSE,36,36,FALSE,1,186,0.51,0.41000000000000003,,15.51,,,,,
2024_Fm442_N40_3,2024,Fm442,RUSSIAN FEDERATION,4,4,N40,40,FALSE,3,106,106,1,observed,83,83,FALSE,32,32,FALSE,2,167,0.6699999999999999,0.63,,,,,,,
2024_Fm443_N120_1,2024,Fm443,RUSSIAN FEDERATION,5,5,N120,120,FALSE,1,101,101,1,observed,100,100,FALSE,*,,,3,159,0.64,0.6699999999999999,,14.8,,,,,
2024_Fm443_N120_2,2024,Fm443,RUSSIAN FEDERATION,5,5,N120,120,FALSE,2,101,101,1,observed,104,104,FALSE,*,,,5,159,0.6599999999999999,0.63,,14.61,,,,,
2024_Fm443_N120_3,2024,Fm443,RUSSIAN FEDERATION,5,5,N120,120,FALSE,3,106,106,1,observed,85,85,FALSE,*,,,4,162,0.61,0.4,,14.860000000000001,,,,,
2024_Fm443_N40_1,2024,Fm443,RUSSIAN FEDERATION,5,5,N40,40,FALSE,1,111,111,1,observed,95,95,FALSE,8,8,FALSE,4,180,0.32999999999999996,0.7,,,,,,,
2024_Fm443_N40_2,2024,Fm443,RUSSIAN FEDERATION,5,5,N40,40,FALSE,2,101,101,1,observed,99,99,FALSE,8,8,FALSE,2,156,0.62,0.64,,,,,,,
2024_Fm443_N40_3,2024,Fm443,RUSSIAN FEDERATION,5,5,N40,40,FALSE,3,*,,,star_code,*,,,42,42,FALSE,,,,,,,,,,,
2024_Fm444_N120_1,2024,Fm444,RUSSIAN FEDERATION,5,5,N120,120,FALSE,1,109,109,1,observed,94,94,FALSE,56,56,FALSE,0,168,0.6799999999999999,0.62,,26.52,,,,,
2024_Fm444_N120_2,2024,Fm444,RUSSIAN FEDERATION,5,5,N120,120,FALSE,2,116,116,1,observed,86,86,FALSE,54,54,FALSE,0,187,0.53,0.37,,17.88,,,,,
2024_Fm444_N120_3,2024,Fm444,RUSSIAN FEDERATION,5,5,N120,120,FALSE,3,116,116,1,observed,107,107,FALSE,*,,,0,177,0.6,0.53,,18.18,,,,,
2024_Fm444_N40_1,2024,Fm444,RUSSIAN FEDERATION,5,5,N40,40,FALSE,1,116,116,1,observed,104,104,FALSE,60,60,FALSE,1,166,0.6799999999999999,0.6699999999999999,,18.26,,,,,
2024_Fm444_N40_2,2024,Fm444,RUSSIAN FEDERATION,5,5,N40,40,FALSE,2,109,109,1,observed,105,105,FALSE,36,36,FALSE,1,167,0.62,0.65,,,,,,,
2024_Fm444_N40_3,2024,Fm444,RUSSIAN FEDERATION,5,5,N40,40,FALSE,3,115,115,1,observed,95,95,FALSE,56,56,FALSE,0,167,0.62,0.6799999999999999,,,,,,,
2024_Fm446_N120_1,2024,Fm446,RUSSIAN FEDERATION,4,4,N120,120,FALSE,1,104,104,1,observed,118,118,FALSE,30,30,FALSE,1,162,0.6799999999999999,0.7,,13.56,,,,,
2024_Fm446_N120_2,2024,Fm446,RUSSIAN FEDERATION,4,4,N120,120,FALSE,2,109,109,1,observed,105,105,FALSE,42,42,FALSE,2,159,0.71,0.74,,17.77,,,,,
2024_Fm446_N120_3,2024,Fm446,RUSSIAN FEDERATION,4,4,N120,120,FALSE,3,116,116,1,observed,113,113,FALSE,*,,,0,186,0.62,0.72,,16.5,,,,,
2024_Fm446_N40_1,2024,Fm446,RUSSIAN FEDERATION,4,4,N40,40,FALSE,1,104,104,1,observed,108,108,FALSE,34,34,FALSE,2,159,0.7,0.72,,12.639999999999999,,,,,
2024_Fm446_N40_2,2024,Fm446,RUSSIAN FEDERATION,4,4,N40,40,FALSE,2,105,105,1,observed,110,110,FALSE,22,22,FALSE,1,156,0.6799999999999999,0.6599999999999999,,,,,,,
2024_Fm446_N40_3,2024,Fm446,RUSSIAN FEDERATION,4,4,N40,40,FALSE,3,104,104,1,observed,119,119,FALSE,32,32,FALSE,1,167,0.6599999999999999,0.69,,,,,,,
2024_Fm458_N120_1,2024,Fm458,GEORGIA,2,2,N120,120,FALSE,1,140,140,1,observed,122,122,FALSE,56,56,FALSE,0,180,0.7,0.76,,,,,,,
2024_Fm458_N120_2,2024,Fm458,GEORGIA,2,2,N120,120,FALSE,2,139,139,1,observed,130,130,FALSE,58,58,FALSE,1,177,0.69,0.74,,,,,,,
2024_Fm458_N120_3,2024,Fm458,GEORGIA,2,2,N120,120,FALSE,3,146,146,1,observed,125,125,FALSE,*,,,1,177,0.6699999999999999,0.74,,,,,,,
2024_Fm458_N40_1,2024,Fm458,GEORGIA,2,2,N40,40,FALSE,1,148,148,1,observed,108,108,FALSE,50,50,FALSE,0,183,0.69,0.73,,,,,,,
2024_Fm458_N40_2,2024,Fm458,GEORGIA,2,2,N40,40,FALSE,2,147,147,1,observed,103,103,FALSE,62,62,FALSE,0,186,0.65,0.52,,,,,,,
2024_Fm458_N40_3,2024,Fm458,GEORGIA,2,2,N40,40,FALSE,3,158,158,1,observed,115,115,FALSE,64,64,FALSE,0,181,0.71,0.73,,,,,,,
2024_Fm464_N120_1,2024,Fm464,GEORGIA,4,4,N120,120,FALSE,1,117,117,1,observed,100,100,FALSE,50,50,FALSE,5,186,0.63,0.51,,20.06,,,,,
2024_Fm464_N120_2,2024,Fm464,GEORGIA,4,4,N120,120,FALSE,2,121,121,1,observed,101,101,FALSE,82,82,FALSE,5,186,0.59,0.3,,,,,,,
2024_Fm464_N120_3,2024,Fm464,GEORGIA,4,4,N120,120,FALSE,3,113,113,1,observed,107,107,FALSE,*,,,5,186,0.51,0.3,,,,,,,
2024_Fm464_N40_1,2024,Fm464,GEORGIA,4,4,N40,40,FALSE,1,116,116,1,observed,96,96,FALSE,40,40,FALSE,4,177,0.6799999999999999,0.64,,20.02,,,,,
2024_Fm464_N40_2,2024,Fm464,GEORGIA,4,4,N40,40,FALSE,2,111,111,1,observed,102,102,FALSE,42,42,FALSE,4,177,0.61,0.65,,,,,,,
2024_Fm464_N40_3,2024,Fm464,GEORGIA,4,4,N40,40,FALSE,3,85,85,1,observed,102,102,FALSE,34,34,FALSE,4,177,0.62,0.7,,,,,,,
2024_Fm474_N120_1,2024,Fm474,UKRAINE,4,4,N120,120,FALSE,1,135,135,1,observed,110,110,FALSE,*,,,3,186,0.39,0.44,,19.45,,,,,
2024_Fm474_N120_2,2024,Fm474,UKRAINE,4,4,N120,120,FALSE,2,100,100,1,observed,108,108,FALSE,10,10,FALSE,3,155,0.52,0.6799999999999999,,22.459999999999997,,,,,
2024_Fm474_N120_3,2024,Fm474,UKRAINE,4,4,N120,120,FALSE,3,100,100,1,observed,90,90,FALSE,110,110,FALSE,2,152,0.55,0.4,,25.650000000000002,,,,,
2024_Fm474_N40_1,2024,Fm474,UKRAINE,4,4,N40,40,FALSE,1,101,101,1,observed,101,101,FALSE,48,48,FALSE,2,155,0.5,0.32,,22.479999999999997,,,,,
2024_Fm474_N40_2,2024,Fm474,UKRAINE,4,4,N40,40,FALSE,2,100,100,1,observed,101,101,FALSE,20,20,FALSE,4,152,0.46,0.57,,19.439999999999998,,,,,
2024_Fm474_N40_3,2024,Fm474,UKRAINE,4,4,N40,40,FALSE,3,100,100,1,observed,104,104,FALSE,62,62,FALSE,2,150,0.5800000000000001,0.5800000000000001,,21.21,,,,,
2024_Fm475_N120_1,2024,Fm475,UKRAINE,4,4,N120,120,FALSE,1,99,99,1,observed,*,,,46,46,FALSE,1,,,,,15.17,,,,,
2024_Fm475_N120_2,2024,Fm475,UKRAINE,4,4,N120,120,FALSE,2,101,101,1,observed,108,108,FALSE,*,,,0,153,0.69,0.6799999999999999,,16.18,,,,,
2024_Fm475_N120_3,2024,Fm475,UKRAINE,4,4,N120,120,FALSE,3,101,101,1,observed,101,101,FALSE,*,,,2,155,0.6799999999999999,0.71,,14.53,,,,,
2024_Fm475_N40_1,2024,Fm475,UKRAINE,4,4,N40,40,FALSE,1,100,100,1,observed,108,108,FALSE,40,40,FALSE,1,149,0.73,0.76,,15.49,,,,,
2024_Fm475_N40_2,2024,Fm475,UKRAINE,4,4,N40,40,FALSE,2,101,101,1,observed,90,90,FALSE,22,22,FALSE,1,155,0.6,0.74,,14.51,,,,,
2024_Fm475_N40_3,2024,Fm475,UKRAINE,4,4,N40,40,FALSE,3,106,106,1,observed,100,100,FALSE,18,18,FALSE,2,167,0.6799999999999999,0.72,,,,,,,
2024_Fm477_N120_1,2024,Fm477,UKRAINE,5,5,N120,120,FALSE,1,112,112,1,observed,110,110,FALSE,12,12,FALSE,2,183,0.5,0.36,,16.630000000000003,,,,,
2024_Fm477_N120_2,2024,Fm477,UKRAINE,5,5,N120,120,FALSE,2,116,116,1,observed,112,112,FALSE,14,14,FALSE,2,181,0.45,0.3,,18.41,,,,,
2024_Fm477_N120_3,2024,Fm477,UKRAINE,5,5,N120,120,FALSE,3,109,109,1,observed,113,113,FALSE,*,,,3,186,0.43000000000000005,0.42000000000000004,,,,,,,
2024_Fm477_N40_1,2024,Fm477,UKRAINE,5,5,N40,40,FALSE,1,118,118,1,observed,105,105,FALSE,4,4,FALSE,1,186,0.46,0.3,,,,,,,
2024_Fm477_N40_2,2024,Fm477,UKRAINE,5,5,N40,40,FALSE,2,116,116,1,observed,102,102,FALSE,14,14,FALSE,1,186,0.44,0.4,,,,,,,
2024_Fm477_N40_3,2024,Fm477,UKRAINE,5,5,N40,40,FALSE,3,110,110,1,observed,109,109,FALSE,16,16,FALSE,3,186,0.4,0.31,,,,,,,
2024_Fm478_N120_1,2024,Fm478,RUSSIAN FEDERATION,5,5,N120,120,FALSE,1,113,113,1,observed,116,116,FALSE,42,42,FALSE,3,162,0.71,0.63,,18.91,,,,,
2024_Fm478_N120_2,2024,Fm478,RUSSIAN FEDERATION,5,5,N120,120,FALSE,2,113,113,1,observed,118,118,FALSE,*,,,4,186,0.57,0.4,,17.47,,,,,
2024_Fm478_N120_3,2024,Fm478,RUSSIAN FEDERATION,5,5,N120,120,FALSE,3,112,112,1,observed,120,120,FALSE,*,,,2,167,0.63,0.6799999999999999,,,,,,,
2024_Fm478_N40_1,2024,Fm478,RUSSIAN FEDERATION,5,5,N40,40,FALSE,1,115,115,1,observed,119,119,FALSE,24,24,FALSE,1,162,0.6699999999999999,0.55,,,,,,,
2024_Fm478_N40_2,2024,Fm478,RUSSIAN FEDERATION,5,5,N40,40,FALSE,2,115,115,1,observed,108,108,FALSE,10,10,FALSE,3,166,0.73,0.72,,,,,,,
2024_Fm478_N40_3,2024,Fm478,RUSSIAN FEDERATION,5,5,N40,40,FALSE,3,113,113,1,observed,120,120,FALSE,20,20,FALSE,1,162,0.71,0.63,,,,,,,
2024_Fm480_N120_1,2024,Fm480,RUSSIAN FEDERATION,5,5,N120,120,FALSE,1,116,116,1,observed,119,119,FALSE,*,,,1,181,0.43000000000000005,0.5800000000000001,,20.04,,,,,
2024_Fm480_N120_2,2024,Fm480,RUSSIAN FEDERATION,5,5,N120,120,FALSE,2,115,115,1,observed,112,112,FALSE,*,,,1,166,0.6599999999999999,0.54,,20.22,,,,,
2024_Fm480_N120_3,2024,Fm480,RUSSIAN FEDERATION,5,5,N120,120,FALSE,3,116,116,1,observed,113,113,FALSE,*,,,2,186,0.35,0.4,,,,,,,
2024_Fm480_N40_1,2024,Fm480,RUSSIAN FEDERATION,5,5,N40,40,FALSE,1,116,116,1,observed,115,115,FALSE,60,60,FALSE,0,166,0.59,0.62,,20.7,,,,,
2024_Fm480_N40_2,2024,Fm480,RUSSIAN FEDERATION,5,5,N40,40,FALSE,2,109,109,1,observed,115,115,FALSE,82,82,FALSE,0,168,0.52,0.65,,20.19,,,,,
2024_Fm480_N40_3,2024,Fm480,RUSSIAN FEDERATION,5,5,N40,40,FALSE,3,117,117,1,observed,104,104,FALSE,76,76,FALSE,1,186,0.39,0.41000000000000003,,,,,,,
2024_Fm482_N120_1,2024,Fm482,RUSSIAN FEDERATION,5,5,N120,120,FALSE,1,109,109,1,observed,108,108,FALSE,44,44,FALSE,2,168,0.54,0.5800000000000001,,16.75,,,,,
2024_Fm482_N120_2,2024,Fm482,RUSSIAN FEDERATION,5,5,N120,120,FALSE,2,112,112,1,observed,115,115,FALSE,42,42,FALSE,1,177,0.61,0.6699999999999999,,15.56,,,,,
2024_Fm482_N120_3,2024,Fm482,RUSSIAN FEDERATION,5,5,N120,120,FALSE,3,146,146,1,observed,119,119,FALSE,52,52,FALSE,2,166,0.71,0.72,,,,,,,
2024_Fm482_N40_1,2024,Fm482,RUSSIAN FEDERATION,5,5,N40,40,FALSE,1,115,115,1,observed,106,106,FALSE,40,40,FALSE,1,177,0.4,0.5,,14.41,,,,,
2024_Fm482_N40_2,2024,Fm482,RUSSIAN FEDERATION,5,5,N40,40,FALSE,2,115,115,1,observed,100,100,FALSE,48,48,FALSE,1,167,0.56,0.62,,15.229999999999999,,,,,
2024_Fm482_N40_3,2024,Fm482,RUSSIAN FEDERATION,5,5,N40,40,FALSE,3,111,111,1,observed,105,105,FALSE,76,76,FALSE,1,162,0.61,0.63,,,,,,,
2024_Fm484_N120_1,2024,Fm484,UKRAINE,4,4,N120,120,FALSE,1,101,101,1,observed,99,99,FALSE,32,32,FALSE,3,162,0.6799999999999999,0.7899999999999999,,20.19,,,,,
2024_Fm484_N120_2,2024,Fm484,UKRAINE,4,4,N120,120,FALSE,2,106,106,1,observed,105,105,FALSE,*,,,0,152,0.72,0.7799999999999999,,15.58,,,,,
2024_Fm484_N120_3,2024,Fm484,UKRAINE,4,4,N120,120,FALSE,3,110,110,1,observed,110,110,FALSE,*,,,1,186,0.54,0.73,,,,,,,
2024_Fm484_N40_1,2024,Fm484,UKRAINE,4,4,N40,40,FALSE,1,106,106,1,observed,100,100,FALSE,24,24,FALSE,1,166,0.6799999999999999,0.71,,,,,,,
2024_Fm484_N40_2,2024,Fm484,UKRAINE,4,4,N40,40,FALSE,2,106,106,1,observed,100,100,FALSE,38,38,FALSE,1,167,0.6799999999999999,0.72,,,,,,,
2024_Fm484_N40_3,2024,Fm484,UKRAINE,4,4,N40,40,FALSE,3,109,109,1,observed,95,95,FALSE,32,32,FALSE,1,167,0.6699999999999999,0.6699999999999999,,,,,,,
2024_Fm489_N120_1,2024,Fm489,UKRAINE,3,3,N120,120,FALSE,1,99,99,1,observed,125,125,FALSE,12,12,FALSE,1,187,0.53,0.65,,16.66,,,,,
2024_Fm489_N120_2,2024,Fm489,UKRAINE,3,3,N120,120,FALSE,2,116,116,1,observed,92,92,FALSE,24,24,FALSE,3,152,0.54,0.3,,16.1,,,,,
2024_Fm489_N120_3,2024,Fm489,UKRAINE,3,3,N120,120,FALSE,3,95,95,1,observed,129,129,FALSE,32,32,FALSE,1,147,0.55,0.7,,,,,,,
2024_Fm489_N40_1,2024,Fm489,UKRAINE,3,3,N40,40,FALSE,1,95,95,1,observed,136,136,FALSE,20,20,FALSE,0,147,0.6699999999999999,0.69,,15.51,,,,,
2024_Fm489_N40_2,2024,Fm489,UKRAINE,3,3,N40,40,FALSE,2,94,94,1,observed,140,140,FALSE,16,16,FALSE,0,139,0.63,0.76,,16.91,,,,,
2024_Fm489_N40_3,2024,Fm489,UKRAINE,3,3,N40,40,FALSE,3,99,99,1,observed,126,126,FALSE,26,26,FALSE,1,150,0.56,0.6799999999999999,,15.31,,,,,
2024_Fm491_N120_1,2024,Fm491,RUSSIAN FEDERATION,4,4,N120,120,FALSE,1,105,105,1,observed,82,82,FALSE,10,10,FALSE,1,162,0.6799999999999999,0.6599999999999999,,18.06,,,,,
2024_Fm491_N120_2,2024,Fm491,RUSSIAN FEDERATION,4,4,N120,120,FALSE,2,106,106,1,observed,98,98,FALSE,22,22,FALSE,1,166,0.5,0.62,,17.03,,,,,
2024_Fm491_N120_3,2024,Fm491,RUSSIAN FEDERATION,4,4,N120,120,FALSE,3,112,112,1,observed,100,100,FALSE,*,,,0,162,0.6599999999999999,0.5800000000000001,,,,,,,
2024_Fm491_N40_1,2024,Fm491,RUSSIAN FEDERATION,4,4,N40,40,FALSE,1,109,109,1,observed,88,88,FALSE,24,24,FALSE,2,183,0.33999999999999997,0.4,,16.56,,,,,
2024_Fm491_N40_2,2024,Fm491,RUSSIAN FEDERATION,4,4,N40,40,FALSE,2,100,100,1,observed,85,85,FALSE,8,8,FALSE,1,149,0.59,0.6599999999999999,,16.279999999999998,,,,,
2024_Fm491_N40_3,2024,Fm491,RUSSIAN FEDERATION,4,4,N40,40,FALSE,3,101,101,1,observed,85,85,FALSE,6,6,FALSE,3,155,0.55,0.57,,14.48,,,,,
2024_Fm492_N120_1,2024,Fm492,RUSSIAN FEDERATION,4,4,N120,120,FALSE,1,104,104,1,observed,122,122,FALSE,38,38,FALSE,2,155,0.69,0.69,,13.739999999999998,,,,,
2024_Fm492_N120_2,2024,Fm492,RUSSIAN FEDERATION,4,4,N120,120,FALSE,2,103,103,1,observed,,,,70,70,FALSE,1,156,0.65,0.6799999999999999,,16.65,,,,,
2024_Fm492_N120_3,2024,Fm492,RUSSIAN FEDERATION,4,4,N120,120,FALSE,3,106,106,1,observed,125,125,FALSE,*,,,2,155,0.6799999999999999,0.6599999999999999,,,,,,,
2024_Fm492_N40_1,2024,Fm492,RUSSIAN FEDERATION,4,4,N40,40,FALSE,1,106,106,1,observed,123,123,FALSE,40,40,FALSE,2,162,0.65,0.6,,15.04,,,,,
2024_Fm492_N40_2,2024,Fm492,RUSSIAN FEDERATION,4,4,N40,40,FALSE,2,109,109,1,observed,115,115,FALSE,40,40,FALSE,1,167,0.6699999999999999,0.65,,,,,,,
2024_Fm492_N40_3,2024,Fm492,RUSSIAN FEDERATION,4,4,N40,40,FALSE,3,111,111,1,observed,125,125,FALSE,26,26,FALSE,2,167,0.6799999999999999,0.74,,,,,,,
2024_Fm496_N120_1,2024,Fm496,UKRAINE,3,3,N120,120,FALSE,1,93,93,1,observed,121,121,FALSE,22,22,FALSE,2,147,0.7,0.76,,16.16,,,,,
2024_Fm496_N120_2,2024,Fm496,UKRAINE,3,3,N120,120,FALSE,2,95,95,1,observed,123,123,FALSE,*,,,2,139,0.6799999999999999,0.75,,14.739999999999998,,,,,
2024_Fm496_N120_3,2024,Fm496,UKRAINE,3,3,N120,120,FALSE,3,95,95,1,observed,133,133,FALSE,*,,,0,147,0.6,0.65,,14.219999999999999,,,,,
2024_Fm496_N40_1,2024,Fm496,UKRAINE,3,3,N40,40,FALSE,1,93,93,1,observed,140,140,FALSE,26,26,FALSE,2,139,0.6599999999999999,0.73,,13.77,,,,,
2024_Fm496_N40_2,2024,Fm496,UKRAINE,3,3,N40,40,FALSE,2,92,92,1,observed,136,136,FALSE,22,22,FALSE,0,139,0.6799999999999999,0.76,,13.79,,,,,
2024_Fm496_N40_3,2024,Fm496,UKRAINE,3,3,N40,40,FALSE,3,99,99,1,observed,134,134,FALSE,12,12,FALSE,0,159,0.46,0.4,,,,,,,
2024_Fm505_N120_1,2024,Fm505,UKRAINE,4,4,N120,120,FALSE,1,119,119,1,observed,99,99,FALSE,64,64,FALSE,1,186,0.7,0.74,,15.49,,,,,
2024_Fm505_N120_2,2024,Fm505,UKRAINE,4,4,N120,120,FALSE,2,121,121,1,observed,95,95,FALSE,40,40,FALSE,0,181,0.6699999999999999,0.73,,,,,,,
2024_Fm505_N120_3,2024,Fm505,UKRAINE,4,4,N120,120,FALSE,3,122,122,1,observed,101,101,FALSE,*,,,1,192,0.6599999999999999,0.6,,,,,,,
2024_Fm505_N40_1,2024,Fm505,UKRAINE,4,4,N40,40,FALSE,1,117,117,1,observed,100,100,FALSE,38,38,FALSE,1,181,0.6599999999999999,0.73,,17.45,,,,,
2024_Fm505_N40_2,2024,Fm505,UKRAINE,4,4,N40,40,FALSE,2,113,113,1,observed,97,97,FALSE,62,62,FALSE,1,177,0.72,0.8,,16.68,,,,,
2024_Fm505_N40_3,2024,Fm505,UKRAINE,4,4,N40,40,FALSE,3,118,118,1,observed,103,103,FALSE,48,48,FALSE,1,187,0.6699999999999999,0.65,,,,,,,
2024_Fm507_N120_1,2024,Fm507,KAZAKHSTAN,3,3,N120,120,FALSE,1,116,116,1,observed,40,40,FALSE,26,26,FALSE,15,168,0.46,0.5,,16,,,,,
2024_Fm507_N120_2,2024,Fm507,KAZAKHSTAN,3,3,N120,120,FALSE,2,108,108,1,observed,60,60,FALSE,22,22,FALSE,11,162,0.53,0.44,,,,,,,
2024_Fm507_N120_3,2024,Fm507,KAZAKHSTAN,3,3,N120,120,FALSE,3,115,115,1,observed,62,62,FALSE,*,,,13,,0.65,0.4,,,,,,,
2024_Fm507_N40_1,2024,Fm507,KAZAKHSTAN,3,3,N40,40,FALSE,1,116,116,1,observed,60,60,FALSE,16,16,FALSE,20,181,0.38,0.3,,,,,,,
2024_Fm507_N40_2,2024,Fm507,KAZAKHSTAN,3,3,N40,40,FALSE,2,109,109,1,observed,52,52,FALSE,14,14,FALSE,15,166,0.41000000000000003,0.32999999999999996,,,,,,,
2024_Fm507_N40_3,2024,Fm507,KAZAKHSTAN,3,3,N40,40,FALSE,3,109,109,1,observed,55,55,FALSE,16,16,FALSE,15,162,0.62,0.38,,,,,,,
2024_Fm510_N120_1,2024,Fm510,RUSSIAN FEDERATION,4,4,N120,120,FALSE,1,137,137,1,observed,108,108,FALSE,26,26,FALSE,0,186,0.65,0.74,,,,,,,
2024_Fm510_N120_2,2024,Fm510,RUSSIAN FEDERATION,4,4,N120,120,FALSE,2,138,138,1,observed,131,131,FALSE,*,,,0,183,0.71,0.71,,,,,,,
2024_Fm510_N120_3,2024,Fm510,RUSSIAN FEDERATION,4,4,N120,120,FALSE,3,129,129,1,observed,122,122,FALSE,*,,,0,186,0.72,0.7,,,,,,,
2024_Fm510_N40_1,2024,Fm510,RUSSIAN FEDERATION,4,4,N40,40,FALSE,1,124,124,1,observed,112,112,FALSE,44,44,FALSE,0,181,0.65,0.48000000000000004,,,,,,,
2024_Fm510_N40_2,2024,Fm510,RUSSIAN FEDERATION,4,4,N40,40,FALSE,2,124,124,1,observed,118,118,FALSE,14,14,FALSE,0,181,0.65,0.6699999999999999,,,,,,,
2024_Fm510_N40_3,2024,Fm510,RUSSIAN FEDERATION,4,4,N40,40,FALSE,3,137,137,1,observed,120,120,FALSE,30,30,FALSE,0,177,0.7,0.7,,,,,,,
2024_Fm518_N120_1,2024,Fm518,RUSSIAN FEDERATION,5,5,N120,120,FALSE,1,100,100,1,observed,102,102,FALSE,64,64,FALSE,4,155,0.72,0.7,,0.06,,,,,
2024_Fm518_N120_2,2024,Fm518,RUSSIAN FEDERATION,5,5,N120,120,FALSE,2,103,103,1,observed,100,100,FALSE,80,80,FALSE,5,153,0.6599999999999999,0.65,,14.07,,,,,
2024_Fm518_N120_3,2024,Fm518,RUSSIAN FEDERATION,5,5,N120,120,FALSE,3,101,101,1,observed,105,105,FALSE,50,50,FALSE,5,153,0.65,0.7,,14.67,,,,,
2024_Fm518_N40_1,2024,Fm518,RUSSIAN FEDERATION,5,5,N40,40,FALSE,1,99,99,1,observed,100,100,FALSE,68,68,FALSE,3,149,0.65,0.6699999999999999,,11.97,,,,,
2024_Fm518_N40_2,2024,Fm518,RUSSIAN FEDERATION,5,5,N40,40,FALSE,2,104,104,1,observed,98,98,FALSE,48,48,FALSE,5,159,0.59,0.65,,12.81,,,,,
2024_Fm518_N40_3,2024,Fm518,RUSSIAN FEDERATION,5,5,N40,40,FALSE,3,100,100,1,observed,98,98,FALSE,68,68,FALSE,4,150,0.65,0.63,,13.96,,,,,
2024_Fm519_N120_1,2024,Fm519,RUSSIAN FEDERATION,5,5,N120,120,FALSE,1,113,113,1,observed,100,100,FALSE,30,30,FALSE,6,162,0.61,0.6599999999999999,,19.110000000000003,,,,,
2024_Fm519_N120_2,2024,Fm519,RUSSIAN FEDERATION,5,5,N120,120,FALSE,2,114,114,1,observed,101,101,FALSE,*,,,5,162,0.71,0.69,,18.670000000000005,,,,,
2024_Fm519_N120_3,2024,Fm519,RUSSIAN FEDERATION,5,5,N120,120,FALSE,3,112,112,1,observed,111,111,FALSE,*,,,4,158,0.6799999999999999,0.73,,17.03,,,,,
2024_Fm519_N40_1,2024,Fm519,RUSSIAN FEDERATION,5,5,N40,40,FALSE,1,117,117,1,observed,99,99,FALSE,18,18,FALSE,2,180,0.48000000000000004,0.4,,18.05,,,,,
2024_Fm519_N40_2,2024,Fm519,RUSSIAN FEDERATION,5,5,N40,40,FALSE,2,113,113,1,observed,100,100,FALSE,4,4,FALSE,4,162,0.5800000000000001,0.65,,,,,,,
2024_Fm519_N40_3,2024,Fm519,RUSSIAN FEDERATION,5,5,N40,40,FALSE,3,111,111,1,observed,98,98,FALSE,18,18,FALSE,2,162,0.7,0.65,,,,,,,
2024_Fm522_N120_1,2024,Fm522,UKRAINE,5,5,N120,120,FALSE,1,118,118,1,observed,110,110,FALSE,26,26,FALSE,5,180,0.5800000000000001,0.76,,,,,,,
2024_Fm522_N120_2,2024,Fm522,UKRAINE,5,5,N120,120,FALSE,2,119,119,1,observed,106,106,FALSE,*,,,5,187,0.4,0.3,,,,,,,
2024_Fm522_N120_3,2024,Fm522,UKRAINE,5,5,N120,120,FALSE,3,85,85,1,observed,95,95,FALSE,*,,,4,162,0.73,0.72,,,,,,,
2024_Fm522_N40_1,2024,Fm522,UKRAINE,5,5,N40,40,FALSE,1,121,121,1,observed,110,110,FALSE,18,18,FALSE,8,186,0.44,0.3,,15.77,,,,,
2024_Fm522_N40_2,2024,Fm522,UKRAINE,5,5,N40,40,FALSE,2,116,116,1,observed,105,105,FALSE,24,24,FALSE,3,187,0.43000000000000005,0.3,,17.68,,,,,
2024_Fm522_N40_3,2024,Fm522,UKRAINE,5,5,N40,40,FALSE,3,112,112,1,observed,94,94,FALSE,18,18,FALSE,6,167,0.6,0.6799999999999999,,,,,,,
2024_Fm523_N120_1,2024,Fm523,UKRAINE,3,3,N120,120,FALSE,1,99,99,1,observed,120,120,FALSE,42,42,FALSE,0,152,0.53,0.49,,15.360000000000001,,,,,
2024_Fm523_N120_2,2024,Fm523,UKRAINE,3,3,N120,120,FALSE,2,95,95,1,observed,136,136,FALSE,*,,,1,147,0.7,0.75,,16.31,,,,,
2024_Fm523_N120_3,2024,Fm523,UKRAINE,3,3,N120,120,FALSE,3,93,93,1,observed,140,140,FALSE,*,,,1,139,0.65,0.7799999999999999,,14.9,,,,,
2024_Fm523_N40_1,2024,Fm523,UKRAINE,3,3,N40,40,FALSE,1,95,95,1,observed,125,125,FALSE,32,32,FALSE,0,147,0.63,0.64,,15.27,,,,,
2024_Fm523_N40_2,2024,Fm523,UKRAINE,3,3,N40,40,FALSE,2,92,92,1,observed,140,140,FALSE,20,20,FALSE,0,139,0.61,0.7799999999999999,,15.44,,,,,
2024_Fm523_N40_3,2024,Fm523,UKRAINE,3,3,N40,40,FALSE,3,95,95,1,observed,131,131,FALSE,24,24,FALSE,1,147,0.6799999999999999,0.72,,16.130000000000003,,,,,
2024_Fm524_N120_1,2024,Fm524,UZBEKISTAN,4,4,N120,120,FALSE,1,99,99,1,observed,99,99,FALSE,70,70,FALSE,5,155,0.73,0.7799999999999999,,13.370000000000001,,,,,
2024_Fm524_N120_2,2024,Fm524,UZBEKISTAN,4,4,N120,120,FALSE,2,99,99,1,observed,107,107,FALSE,90,90,FALSE,5,152,0.64,0.48000000000000004,,13.38,,,,,
2024_Fm524_N120_3,2024,Fm524,UZBEKISTAN,4,4,N120,120,FALSE,3,99,99,1,observed,98,98,FALSE,*,,,6,155,0.65,0.71,,13.58,,,,,
2024_Fm524_N40_1,2024,Fm524,UZBEKISTAN,4,4,N40,40,FALSE,1,100,100,1,observed,105,105,FALSE,58,58,FALSE,4,152,0.65,0.72,,13.19,,,,,
2024_Fm524_N40_2,2024,Fm524,UZBEKISTAN,4,4,N40,40,FALSE,2,100,100,1,observed,105,105,FALSE,82,82,FALSE,4,155,0.63,0.6799999999999999,,13.52,,,,,
2024_Fm524_N40_3,2024,Fm524,UZBEKISTAN,4,4,N40,40,FALSE,3,100,100,1,observed,105,105,FALSE,72,72,FALSE,6,153,0.64,0.6799999999999999,,13.78,,,,,
2024_Fm537_N120_1,2024,Fm537,KAZAKHSTAN,5,5,N120,120,FALSE,1,104,104,1,observed,114,114,FALSE,88,88,FALSE,1,156,0.64,0.7,,16.579999999999995,,,,,
2024_Fm537_N120_2,2024,Fm537,KAZAKHSTAN,5,5,N120,120,FALSE,2,104,104,1,observed,116,116,FALSE,90,90,FALSE,6,,0.72,0.7,,18.42,,,,,
2024_Fm537_N120_3,2024,Fm537,KAZAKHSTAN,5,5,N120,120,FALSE,3,104,104,1,observed,108,108,FALSE,*,,,3,186,0.45,0.3,,19.42,,,,,
2024_Fm537_N40_1,2024,Fm537,KAZAKHSTAN,5,5,N40,40,FALSE,1,104,104,1,observed,105,105,FALSE,88,88,FALSE,4,156,0.61,0.6799999999999999,,15.93,,,,,
2024_Fm537_N40_2,2024,Fm537,KAZAKHSTAN,5,5,N40,40,FALSE,2,101,101,1,observed,100,100,FALSE,108,108,FALSE,1,150,0.62,0.76,,17.3,,,,,
2024_Fm537_N40_3,2024,Fm537,KAZAKHSTAN,5,5,N40,40,FALSE,3,101,101,1,observed,115,115,FALSE,108,108,FALSE,1,155,0.5800000000000001,0.7,,16.459999999999997,,,,,
2024_Fm552_N120_1,2024,Fm552,TURKEY,2,2,N120,120,FALSE,1,100,100,1,observed,84,84,FALSE,22,22,FALSE,4,167,0.62,0.6699999999999999,,14.09,,,,,
2024_Fm552_N120_2,2024,Fm552,TURKEY,2,2,N120,120,FALSE,2,100,100,1,observed,104,104,FALSE,22,22,FALSE,7,168,0.61,0.55,,15.719999999999999,,,,,
2024_Fm552_N120_3,2024,Fm552,TURKEY,2,2,N120,120,FALSE,3,101,101,1,observed,96,96,FALSE,*,,,7,162,0.6799999999999999,0.6599999999999999,,16.279999999999998,,,,,
2024_Fm552_N40_1,2024,Fm552,TURKEY,2,2,N40,40,FALSE,1,101,101,1,observed,82,82,FALSE,28,28,FALSE,3,159,0.56,0.62,,14.950000000000001,,,,,
2024_Fm552_N40_2,2024,Fm552,TURKEY,2,2,N40,40,FALSE,2,95,95,1,observed,98,98,FALSE,14,14,FALSE,2,147,0.6,0.55,,,,,,,
2024_Fm552_N40_3,2024,Fm552,TURKEY,2,2,N40,40,FALSE,3,100,100,1,observed,85,85,FALSE,28,28,FALSE,3,159,0.6599999999999999,0.55,,,,,,,
2024_Fm56_N120_1,2024,Fm56,India,1,1,N120,120,FALSE,1,140,140,1,observed,115,115,FALSE,88,88,FALSE,7,181,0.6699999999999999,0.6,,,,,,,
2024_Fm56_N120_2,2024,Fm56,India,1,1,N120,120,FALSE,2,136,136,1,observed,113,113,FALSE,*,,,8,180,0.6599999999999999,0.59,,,,,,,
2024_Fm56_N120_3,2024,Fm56,India,1,1,N120,120,FALSE,3,140,140,1,observed,110,110,FALSE,*,,,6,186,0.61,0.6699999999999999,,,,,,,
2024_Fm56_N40_1,2024,Fm56,India,1,1,N40,40,FALSE,1,139,139,1,observed,105,105,FALSE,64,64,FALSE,5,183,0.5800000000000001,0.62,,,,,,,
2024_Fm56_N40_2,2024,Fm56,India,1,1,N40,40,FALSE,2,139,139,1,observed,112,112,FALSE,68,68,FALSE,6,179,0.61,0.65,,,,,,,
2024_Fm56_N40_3,2024,Fm56,India,1,1,N40,40,FALSE,3,139,139,1,observed,108,108,FALSE,64,64,FALSE,6,186,0.6,0.6699999999999999,,,,,,,
2024_Fm560_N120_1,2024,Fm560,AFGHANISTAN,2,2,N120,120,FALSE,1,80,80,1,observed,60,60,FALSE,10,10,FALSE,25,128,0.61,0.62,,13.57,,,,,
2024_Fm560_N120_2,2024,Fm560,AFGHANISTAN,2,2,N120,120,FALSE,2,82,82,1,observed,63,63,FALSE,28,28,FALSE,20,126,0.7,0.7799999999999999,,12.77,,,,,
2024_Fm560_N120_3,2024,Fm560,AFGHANISTAN,2,2,N120,120,FALSE,3,84,84,1,observed,68,68,FALSE,*,,,22,131,0.52,0.71,,13.5,,,,,
2024_Fm560_N40_1,2024,Fm560,AFGHANISTAN,2,2,N40,40,FALSE,1,83,83,1,observed,80,80,FALSE,16,16,FALSE,24,128,0.65,0.65,,11,,,,,
2024_Fm560_N40_2,2024,Fm560,AFGHANISTAN,2,2,N40,40,FALSE,2,85,85,1,observed,60,60,FALSE,30,30,FALSE,25,131,0.64,0.75,,11.8,,,,,
2024_Fm560_N40_3,2024,Fm560,AFGHANISTAN,2,2,N40,40,FALSE,3,82,82,1,observed,60,60,FALSE,30,30,FALSE,21,128,0.57,0.72,,,,,,,
2024_Fm566_N120_1,2024,Fm566,AFGHANISTAN,1,1,N120,120,FALSE,1,99,99,1,observed,90,90,FALSE,74,74,FALSE,12,155,0.6599999999999999,0.72,,17.09,,,,,
2024_Fm566_N120_2,2024,Fm566,AFGHANISTAN,1,1,N120,120,FALSE,2,101,101,1,observed,98,98,FALSE,104,104,FALSE,12,153,0.52,0.74,,11.47,,,,,
2024_Fm566_N120_3,2024,Fm566,AFGHANISTAN,1,1,N120,120,FALSE,3,103,103,1,observed,91,91,FALSE,100,100,FALSE,10,155,0.63,0.71,,16.959999999999997,,,,,
2024_Fm566_N40_1,2024,Fm566,AFGHANISTAN,1,1,N40,40,FALSE,1,104,104,1,observed,94,94,FALSE,102,102,FALSE,8,162,0.48000000000000004,0.64,,15.370000000000001,,,,,
2024_Fm566_N40_2,2024,Fm566,AFGHANISTAN,1,1,N40,40,FALSE,2,100,100,1,observed,87,87,FALSE,76,76,FALSE,16,149,0.65,0.76,,13.84,,,,,
2024_Fm566_N40_3,2024,Fm566,AFGHANISTAN,1,1,N40,40,FALSE,3,103,103,1,observed,88,88,FALSE,82,82,FALSE,17,159,0.56,0.69,,,,,,,
2024_Fm569_N120_1,2024,Fm569,AFGHANISTAN,2,2,N120,120,FALSE,1,82,82,1,observed,95,95,FALSE,68,68,FALSE,24,129,0.65,0.75,,12.68,,,,,
2024_Fm569_N120_2,2024,Fm569,AFGHANISTAN,2,2,N120,120,FALSE,2,82,82,1,observed,75,75,FALSE,*,,,24,128,0.63,0.6799999999999999,,12.78,,,,,
2024_Fm569_N120_3,2024,Fm569,AFGHANISTAN,2,2,N120,120,FALSE,3,82,82,1,observed,81,81,FALSE,*,,,34,128,0.72,0.65,,13.8,,,,,
2024_Fm569_N40_1,2024,Fm569,AFGHANISTAN,2,2,N40,40,FALSE,1,84,84,1,observed,94,94,FALSE,84,84,FALSE,20,131,0.62,0.73,,11.28,,,,,
2024_Fm569_N40_2,2024,Fm569,AFGHANISTAN,2,2,N40,40,FALSE,2,82,82,1,observed,90,90,FALSE,70,70,FALSE,14,128,0.59,0.65,,,,,,,
2024_Fm569_N40_3,2024,Fm569,AFGHANISTAN,2,2,N40,40,FALSE,3,82,82,1,observed,83,83,FALSE,86,86,FALSE,12,,0.6699999999999999,0.6699999999999999,,,,,,,
2024_Fm585_N120_1,2024,Fm585,SPAIN,2,2,N120,120,FALSE,1,*,,,star_code,*,,,36,36,FALSE,,,,,,15.950000000000001,,,,,
2024_Fm585_N120_2,2024,Fm585,SPAIN,2,2,N120,120,FALSE,2,103,103,1,observed,120,120,FALSE,0,0,TRUE,7,155,0.6,0.6699999999999999,,,,,,,
2024_Fm585_N120_3,2024,Fm585,SPAIN,2,2,N120,120,FALSE,3,*,,,star_code,*,,,4,4,FALSE,,,,,,,,,,,
2024_Fm585_N40_1,2024,Fm585,SPAIN,2,2,N40,40,FALSE,1,*,,,star_code,*,,,4,4,FALSE,,177,,,,14.350000000000001,,,,,
2024_Fm585_N40_2,2024,Fm585,SPAIN,2,2,N40,40,FALSE,2,100,100,1,observed,115,115,FALSE,0,0,TRUE,7,155,0.6799999999999999,0.7,,14.33,,,,,
2024_Fm585_N40_3,2024,Fm585,SPAIN,2,2,N40,40,FALSE,3,100,100,1,observed,115,115,FALSE,6,6,FALSE,7,153,0.65,0.75,,,,,,,
2024_Fm589_N120_1,2024,Fm589,BELGIUM,2,2,N120,120,FALSE,1,74,74,1,observed,107,107,FALSE,36,36,FALSE,4,121,0.62,0.81,,12.33,,,,,
2024_Fm589_N120_2,2024,Fm589,BELGIUM,2,2,N120,120,FALSE,2,74,74,1,observed,97,97,FALSE,24,24,FALSE,7,121,0.69,0.77,,12.57,,,,,
2024_Fm589_N120_3,2024,Fm589,BELGIUM,2,2,N120,120,FALSE,3,78,78,1,observed,107,107,FALSE,*,,,4,121,0.69,0.73,,15.57,,,,,
2024_Fm589_N40_1,2024,Fm589,BELGIUM,2,2,N40,40,FALSE,1,76,76,1,observed,108,108,FALSE,28,28,FALSE,5,122,0.61,0.74,,12.48,,,,,
2024_Fm589_N40_2,2024,Fm589,BELGIUM,2,2,N40,40,FALSE,2,74,74,1,observed,97,97,FALSE,52,52,FALSE,5,,0.6799999999999999,0.7899999999999999,,0,,,,,
2024_Fm589_N40_3,2024,Fm589,BELGIUM,2,2,N40,40,FALSE,3,75,75,1,observed,104,104,FALSE,22,22,FALSE,3,121,0.6699999999999999,0.8,,,,,,,
2024_Fm590_N120_1,2024,Fm590,LEBANON,2,2,N120,120,FALSE,1,85,85,1,observed,66,66,FALSE,102,102,FALSE,24,131,0.6599999999999999,0.65,,15.88,,,,,
2024_Fm590_N120_2,2024,Fm590,LEBANON,2,2,N120,120,FALSE,2,84,84,1,observed,82,82,FALSE,*,,,25,,0.6599999999999999,0.6599999999999999,,12.47,,,,,
2024_Fm590_N120_3,2024,Fm590,LEBANON,2,2,N120,120,FALSE,3,84,84,1,observed,69,69,FALSE,*,,,21,131,0.54,0.63,,13.68,,,,,
2024_Fm590_N40_1,2024,Fm590,LEBANON,2,2,N40,40,FALSE,1,84,84,1,observed,79,79,FALSE,44,44,FALSE,22,131,0.6799999999999999,0.69,,12.55,,,,,
2024_Fm590_N40_2,2024,Fm590,LEBANON,2,2,N40,40,FALSE,2,82,82,1,observed,70,70,FALSE,60,60,FALSE,20,138,0.54,0.7799999999999999,,,,,,,
2024_Fm590_N40_3,2024,Fm590,LEBANON,2,2,N40,40,FALSE,3,84,84,1,observed,84,84,FALSE,72,72,FALSE,19,131,0.51,0.71,,,,,,,
2024_Fm592_N120_1,2024,Fm592,LEBANON,2,2,N120,120,FALSE,1,82,82,1,observed,72,72,FALSE,52,52,FALSE,32,131,0.6599999999999999,0.7,,13.11,,,,,
2024_Fm592_N120_2,2024,Fm592,LEBANON,2,2,N120,120,FALSE,2,84,84,1,observed,80,80,FALSE,*,,,26,128,0.71,0.7799999999999999,,13.41,,,,,
2024_Fm592_N120_3,2024,Fm592,LEBANON,2,2,N120,120,FALSE,3,84,84,1,observed,75,75,FALSE,*,,,38,131,0.65,0.6799999999999999,,13.66,,,,,
2024_Fm592_N40_1,2024,Fm592,LEBANON,2,2,N40,40,FALSE,1,84,84,1,observed,69,69,FALSE,38,38,FALSE,17,131,0.6799999999999999,0.69,,13.51,,,,,
2024_Fm592_N40_2,2024,Fm592,LEBANON,2,2,N40,40,FALSE,2,84,84,1,observed,72,72,FALSE,80,80,FALSE,28,131,0.6,0.73,,12.27,,,,,
2024_Fm592_N40_3,2024,Fm592,LEBANON,2,2,N40,40,FALSE,3,85,85,1,observed,92,92,FALSE,34,34,FALSE,24,162,0.5800000000000001,0.6799999999999999,,,,,,,
2024_Fm600_N120_1,2024,Fm600,KENYA,1,1,N120,120,FALSE,1,117,117,1,observed,99,99,FALSE,42,42,FALSE,7,186,0.59,0.51,,20.14,,,,,
2024_Fm600_N120_2,2024,Fm600,KENYA,1,1,N120,120,FALSE,2,117,117,1,observed,91,91,FALSE,*,,,5,181,0.53,0.5800000000000001,,18.37,,,,,
2024_Fm600_N120_3,2024,Fm600,KENYA,1,1,N120,120,FALSE,3,116,116,1,observed,100,100,FALSE,*,,,4,181,0.54,0.7,,19.53,,,,,
2024_Fm600_N40_1,2024,Fm600,KENYA,1,1,N40,40,FALSE,1,117,117,1,observed,90,90,FALSE,40,40,FALSE,3,179,0.53,0.63,,,,,,,
2024_Fm600_N40_2,2024,Fm600,KENYA,1,1,N40,40,FALSE,2,117,117,1,observed,102,102,FALSE,28,28,FALSE,4,179,0.54,0.65,,,,,,,
2024_Fm600_N40_3,2024,Fm600,KENYA,1,1,N40,40,FALSE,3,116,116,1,observed,92,92,FALSE,56,56,FALSE,3,186,0.5,0.54,,,,,,,
2024_Fm601_N120_1,2024,Fm601,KENYA,1,1,N120,120,FALSE,1,130,130,1,observed,90,90,FALSE,34,34,FALSE,15,186,0.5,0.46,,,,,,,
2024_Fm601_N120_2,2024,Fm601,KENYA,1,1,N120,120,FALSE,2,125,125,1,observed,111,111,FALSE,68,68,FALSE,12,177,0.57,0.47000000000000003,,,,,,,
2024_Fm601_N120_3,2024,Fm601,KENYA,1,1,N120,120,FALSE,3,125,125,1,observed,103,103,FALSE,36,36,FALSE,10,186,0.56,0.62,,,,,,,
2024_Fm601_N40_1,2024,Fm601,KENYA,1,1,N40,40,FALSE,1,124,124,1,observed,111,111,FALSE,36,36,FALSE,5,187,0.54,0.6599999999999999,,,,,,,
2024_Fm601_N40_2,2024,Fm601,KENYA,1,1,N40,40,FALSE,2,125,125,1,observed,101,101,FALSE,30,30,FALSE,6,180,0.6,0.4,,,,,,,
2024_Fm601_N40_3,2024,Fm601,KENYA,1,1,N40,40,FALSE,3,124,124,1,observed,125,125,FALSE,42,42,FALSE,5,187,0.48000000000000004,0.56,,,,,,,
2024_Fm610_N120_1,2024,Fm610,LEBANON,1,1,N120,120,FALSE,1,107,107,1,observed,92,92,FALSE,80,80,FALSE,8,162,0.56,0.72,,18.45,,,,,
2024_Fm610_N120_2,2024,Fm610,LEBANON,1,1,N120,120,FALSE,2,106,106,1,observed,93,93,FALSE,*,,,8,159,0.57,0.45,,18.130000000000003,,,,,
2024_Fm610_N120_3,2024,Fm610,LEBANON,1,1,N120,120,FALSE,3,103,103,1,observed,102,102,FALSE,*,,,12,160,0.51,0.6,,17.670000000000005,,,,,
2024_Fm610_N40_1,2024,Fm610,LEBANON,1,1,N40,40,FALSE,1,104,104,1,observed,100,100,FALSE,118,118,FALSE,13,159,0.55,0.6,,16.16,,,,,
2024_Fm610_N40_2,2024,Fm610,LEBANON,1,1,N40,40,FALSE,2,103,103,1,observed,88,88,FALSE,88,88,FALSE,10,155,0.52,0.7,,16.239999999999995,,,,,
2024_Fm610_N40_3,2024,Fm610,LEBANON,1,1,N40,40,FALSE,3,103,103,1,observed,92,92,FALSE,106,106,FALSE,10,155,0.54,0.49,,,,,,,
2024_Fm611_N120_1,2024,Fm611,LEBANON,1,1,N120,120,FALSE,1,102,102,1,observed,90,90,FALSE,118,118,FALSE,12,155,0.5,0.6599999999999999,,17.66,,,,,
2024_Fm611_N120_2,2024,Fm611,LEBANON,1,1,N120,120,FALSE,2,100,100,1,observed,92,92,FALSE,*,,,12,156,0.45,0.7,,15.12,,,,,
2024_Fm611_N120_3,2024,Fm611,LEBANON,1,1,N120,120,FALSE,3,100,100,1,observed,90,90,FALSE,*,,,12,155,0.5,0.4,,16.75,,,,,
2024_Fm611_N40_1,2024,Fm611,LEBANON,1,1,N40,40,FALSE,1,100,100,1,observed,88,88,FALSE,114,114,FALSE,10,149,0.45,0.64,,14.76,,,,,
2024_Fm611_N40_2,2024,Fm611,LEBANON,1,1,N40,40,FALSE,2,102,102,1,observed,90,90,FALSE,62,62,FALSE,13,155,0.48000000000000004,0.55,,16.18,,,,,
2024_Fm611_N40_3,2024,Fm611,LEBANON,1,1,N40,40,FALSE,3,100,100,1,observed,90,90,FALSE,102,102,FALSE,11,152,0.52,0.72,,,,,,,
2024_Fm612_N120_1,2024,Fm612,LEBANON,1,1,N120,120,FALSE,1,103,103,1,observed,95,95,FALSE,106,106,FALSE,32,155,0.61,0.6699999999999999,,16.04,,,,,
2024_Fm612_N120_2,2024,Fm612,LEBANON,1,1,N120,120,FALSE,2,103,103,1,observed,92,92,FALSE,42,42,FALSE,24,155,0.5800000000000001,0.6799999999999999,,17.079999999999995,,,,,
2024_Fm612_N120_3,2024,Fm612,LEBANON,1,1,N120,120,FALSE,3,103,103,1,observed,97,97,FALSE,*,,,30,155,0.57,0.64,,16.38,,,,,
2024_Fm612_N40_1,2024,Fm612,LEBANON,1,1,N40,40,FALSE,1,105,105,1,observed,80,80,FALSE,40,40,FALSE,9,156,0.62,0.6599999999999999,,15.870000000000001,,,,,
2024_Fm612_N40_2,2024,Fm612,LEBANON,1,1,N40,40,FALSE,2,105,105,1,observed,95,95,FALSE,6,6,FALSE,12,156,0.6599999999999999,0.6799999999999999,,,,,,,
2024_Fm612_N40_3,2024,Fm612,LEBANON,1,1,N40,40,FALSE,3,101,101,1,observed,95,95,FALSE,26,26,FALSE,14,155,0.54,0.64,,,,,,,
2024_Fm614_N120_1,2024,Fm614,MOROCCO,5,5,N120,120,FALSE,1,114,114,1,observed,108,108,FALSE,40,40,FALSE,0,166,0.6799999999999999,0.73,,17.71,,,,,
2024_Fm614_N120_2,2024,Fm614,MOROCCO,5,5,N120,120,FALSE,2,120,120,1,observed,105,105,FALSE,*,,,2,186,0.61,0.73,,20.58,,,,,
2024_Fm614_N120_3,2024,Fm614,MOROCCO,5,5,N120,120,FALSE,3,121,121,1,observed,122,122,FALSE,*,,,1,177,0.6,0.5,,0,,,,,
2024_Fm614_N40_1,2024,Fm614,MOROCCO,5,5,N40,40,FALSE,1,117,117,1,observed,114,114,FALSE,52,52,FALSE,1,186,0.51,0.46,,,,,,,
2024_Fm614_N40_2,2024,Fm614,MOROCCO,5,5,N40,40,FALSE,2,116,116,1,observed,110,110,FALSE,62,62,FALSE,1,187,0.47000000000000003,0.65,,,,,,,
2024_Fm614_N40_3,2024,Fm614,MOROCCO,5,5,N40,40,FALSE,3,120,120,1,observed,110,110,FALSE,34,34,FALSE,0,192,0.54,0.3,,,,,,,
2024_Fm615_N120_1,2024,Fm615,FRANCE,2,2,N120,120,FALSE,1,113,113,1,observed,125,125,FALSE,*,,,0,166,0.6599999999999999,0.75,,20.93,,,,,
2024_Fm615_N120_2,2024,Fm615,FRANCE,2,2,N120,120,FALSE,2,109,109,1,observed,138,138,FALSE,*,,,1,162,0.6,0.65,,20.77,,,,,
2024_Fm615_N120_3,2024,Fm615,FRANCE,2,2,N120,120,FALSE,3,106,106,1,observed,150,150,FALSE,*,,,1,160,0.61,0.7,,24.03,,,,,
2024_Fm615_N40_1,2024,Fm615,FRANCE,2,2,N40,40,FALSE,1,109,109,1,observed,137,137,FALSE,42,42,FALSE,0,162,0.62,0.71,,20.8,,,,,
2024_Fm615_N40_2,2024,Fm615,FRANCE,2,2,N40,40,FALSE,2,106,106,1,observed,133,133,FALSE,58,58,FALSE,1,166,0.55,0.6799999999999999,,,,,,,
2024_Fm615_N40_3,2024,Fm615,FRANCE,2,2,N40,40,FALSE,3,108,108,1,observed,140,140,FALSE,66,66,FALSE,1,156,0.61,0.55,,,,,,,
2024_Fm616_N120_1,2024,Fm616,AFGHANISTAN,2,2,N120,120,FALSE,1,76,76,1,observed,78,78,FALSE,50,50,FALSE,8,124,0.6,0.7899999999999999,,11.870000000000001,,,,,
2024_Fm616_N120_2,2024,Fm616,AFGHANISTAN,2,2,N120,120,FALSE,2,73,73,1,observed,91,91,FALSE,36,36,FALSE,12,,0.62,0.7899999999999999,,13.65,,,,,
2024_Fm616_N120_3,2024,Fm616,AFGHANISTAN,2,2,N120,120,FALSE,3,78,78,1,observed,89,89,FALSE,*,,,8,124,0.72,0.7799999999999999,,12.709999999999999,,,,,
2024_Fm616_N40_1,2024,Fm616,AFGHANISTAN,2,2,N40,40,FALSE,1,78,78,1,observed,98,98,FALSE,60,60,FALSE,10,122,0.65,0.7799999999999999,,12.42,,,,,
2024_Fm616_N40_2,2024,Fm616,AFGHANISTAN,2,2,N40,40,FALSE,2,76,76,1,observed,88,88,FALSE,26,26,FALSE,7,122,0.6599999999999999,0.7799999999999999,,11.48,,,,,
2024_Fm616_N40_3,2024,Fm616,AFGHANISTAN,2,2,N40,40,FALSE,3,76,76,1,observed,95,95,FALSE,26,26,FALSE,13,122,0.7,0.81,,,,,,,
2024_Fm620_N120_1,2024,Fm620,MOROCCO,2,2,N120,120,FALSE,1,84,84,1,observed,95,95,FALSE,40,40,FALSE,5,132,0.6699999999999999,0.59,,12.44,,,,,
2024_Fm620_N120_2,2024,Fm620,MOROCCO,2,2,N120,120,FALSE,2,87,87,1,observed,99,99,FALSE,36,36,FALSE,7,131,0.65,0.6799999999999999,,12.88,,,,,
2024_Fm620_N120_3,2024,Fm620,MOROCCO,2,2,N120,120,FALSE,3,85,85,1,observed,90,90,FALSE,56,56,FALSE,11,131,0.6799999999999999,0.71,,12.88,,,,,
2024_Fm620_N40_1,2024,Fm620,MOROCCO,2,2,N40,40,FALSE,1,84,84,1,observed,85,85,FALSE,70,70,FALSE,4,131,0.6599999999999999,0.61,,12.49,,,,,
2024_Fm620_N40_2,2024,Fm620,MOROCCO,2,2,N40,40,FALSE,2,87,87,1,observed,89,89,FALSE,56,56,FALSE,8,132,0.6799999999999999,0.71,,12.17,,,,,
2024_Fm620_N40_3,2024,Fm620,MOROCCO,2,2,N40,40,FALSE,3,87,87,1,observed,97,97,FALSE,70,70,FALSE,6,132,0.7,0.72,,12.2,,,,,
2024_Fm621_N120_1,2024,Fm621,KAZAKHSTAN,4,4,N120,120,FALSE,1,110,110,1,observed,115,115,FALSE,*,,,7,162,0.73,0.48000000000000004,,15.09,,,,,
2024_Fm621_N120_2,2024,Fm621,KAZAKHSTAN,4,4,N120,120,FALSE,2,104,104,1,observed,102,102,FALSE,*,,,3,159,0.64,0.63,,15.360000000000001,,,,,
2024_Fm621_N120_3,2024,Fm621,KAZAKHSTAN,4,4,N120,120,FALSE,3,106,106,1,observed,115,115,FALSE,*,,,4,160,0.73,0.6599999999999999,,16.26,,,,,
2024_Fm621_N40_1,2024,Fm621,KAZAKHSTAN,4,4,N40,40,FALSE,1,99,99,1,observed,95,95,FALSE,32,32,FALSE,7,152,0.75,0.8,,14.209999999999999,,,,,
2024_Fm621_N40_2,2024,Fm621,KAZAKHSTAN,4,4,N40,40,FALSE,2,100,100,1,observed,109,109,FALSE,32,32,FALSE,5,153,0.72,0.77,,13.870000000000001,,,,,
2024_Fm621_N40_3,2024,Fm621,KAZAKHSTAN,4,4,N40,40,FALSE,3,101,101,1,observed,110,110,FALSE,*,,,2,159,0.6699999999999999,0.73,,13.629999999999999,,,,,
2024_Fm65_N120_1,2024,Fm65,India,1,1,N120,120,FALSE,1,113,113,1,observed,122,122,FALSE,38,38,FALSE,3,177,0.6599999999999999,0.6799999999999999,,20.23,,,,,
2024_Fm65_N120_2,2024,Fm65,India,1,1,N120,120,FALSE,2,116,116,1,observed,119,119,FALSE,62,62,FALSE,3,162,0.5800000000000001,0.69,,20.73,,,,,
2024_Fm65_N120_3,2024,Fm65,India,1,1,N120,120,FALSE,3,117,117,1,observed,123,123,FALSE,*,,,4,177,0.65,0.63,,20.110000000000003,,,,,
2024_Fm65_N40_1,2024,Fm65,India,1,1,N40,40,FALSE,1,118,118,1,observed,120,120,FALSE,46,46,FALSE,5,177,0.5800000000000001,0.55,,,,,,,
2024_Fm65_N40_2,2024,Fm65,India,1,1,N40,40,FALSE,2,116,116,1,observed,115,115,FALSE,76,76,FALSE,4,186,0.48000000000000004,0.44,,,,,,,
2024_Fm65_N40_3,2024,Fm65,India,1,1,N40,40,FALSE,3,118,118,1,observed,126,126,FALSE,70,70,FALSE,1,186,0.44,0.46,,,,,,,
2024_Fm78_N120_1,2024,Fm78,India,1,1,N120,120,FALSE,1,116,116,1,observed,107,107,FALSE,0,0,TRUE,4,186,0.5,0.69,,,,,,,
2024_Fm78_N120_2,2024,Fm78,India,1,1,N120,120,FALSE,2,120,120,1,observed,125,125,FALSE,6,6,FALSE,5,180,0.53,0.49,,,,,,,
2024_Fm78_N120_3,2024,Fm78,India,1,1,N120,120,FALSE,3,117,117,1,observed,112,112,FALSE,*,,,6,186,0.42000000000000004,0.3,,,,,,,
2024_Fm78_N40_1,2024,Fm78,India,1,1,N40,40,FALSE,1,124,124,1,observed,75,75,FALSE,2,2,FALSE,3,192,0.43000000000000005,0.3,,,,,,,
2024_Fm78_N40_2,2024,Fm78,India,1,1,N40,40,FALSE,2,*,,,star_code,*,,,12,12,FALSE,,,,,,,,,,,
2024_Fm78_N40_3,2024,Fm78,India,1,1,N40,40,FALSE,3,124,124,1,observed,100,100,FALSE,6,6,FALSE,6,177,0.63,0.5800000000000001,,,,,,,
2024_Fm79_N120_1,2024,Fm79,India,,*,N120,120,FALSE,1,147,147,1,observed,100,100,FALSE,6,6,FALSE,15,187,0.63,0.74,,,,,,,
2024_Fm79_N120_2,2024,Fm79,India,,*,N120,120,FALSE,2,145,145,1,observed,114,114,FALSE,26,26,FALSE,10,,0.62,0.48000000000000004,,,,,,,
2024_Fm79_N120_3,2024,Fm79,India,,*,N120,120,FALSE,3,147,147,1,observed,90,90,FALSE,*,,,10,186,0.6699999999999999,0.6599999999999999,,,,,,,
2024_Fm79_N40_1,2024,Fm79,India,,*,N40,40,FALSE,1,145,145,1,observed,82,82,FALSE,4,4,FALSE,11,183,0.6599999999999999,0.65,,,,,,,
2024_Fm79_N40_2,2024,Fm79,India,,*,N40,40,FALSE,2,147,147,1,observed,107,107,FALSE,38,38,FALSE,7,186,0.63,0.6599999999999999,,,,,,,
2024_Fm79_N40_3,2024,Fm79,India,,*,N40,40,FALSE,3,145,145,1,observed,100,100,FALSE,24,24,FALSE,6,192,0.62,0.55,,,,,,,
2024_Fm86_N120_1,2024,Fm86,India,1,1,N120,120,FALSE,1,139,139,1,observed,101,101,FALSE,68,68,FALSE,7,187,0.7,0.75,,,,,,,
2024_Fm86_N120_2,2024,Fm86,India,1,1,N120,120,FALSE,2,143,143,1,observed,106,106,FALSE,*,,,7,183,0.69,0.5,,,,,,,
2024_Fm86_N120_3,2024,Fm86,India,1,1,N120,120,FALSE,3,144,144,1,observed,104,104,FALSE,*,,,6,186,0.6799999999999999,0.44,,,,,,,
2024_Fm86_N40_1,2024,Fm86,India,1,1,N40,40,FALSE,1,138,138,1,observed,90,90,FALSE,50,50,FALSE,6,192,0.59,0.4,,,,,,,
2024_Fm86_N40_2,2024,Fm86,India,1,1,N40,40,FALSE,2,138,138,1,observed,111,111,FALSE,68,68,FALSE,11,181,0.7,0.62,,,,,,,
2024_Fm86_N40_3,2024,Fm86,India,1,1,N40,40,FALSE,3,146,146,1,observed,108,108,FALSE,82,82,FALSE,4,177,0.6599999999999999,0.5800000000000001,,,,,,,
2024_Fm9_N120_1,2024,Fm9,India,1,1,N120,120,FALSE,1,0,,,zero_code,111,111,FALSE,74,74,FALSE,2,,0.65,0.46,,,,,,,
2024_Fm9_N120_2,2024,Fm9,India,1,1,N120,120,FALSE,2,0,,,zero_code,112,112,FALSE,*,,,1,,0.6699999999999999,0.4,,,,,,,
2024_Fm9_N120_3,2024,Fm9,India,1,1,N120,120,FALSE,3,0,,,zero_code,110,110,FALSE,*,,,1,,0.6,0.62,,,,,,,
2024_Fm9_N40_1,2024,Fm9,India,1,1,N40,40,FALSE,1,0,,,zero_code,110,110,FALSE,48,48,FALSE,0,,0.72,0.57,,,,,,,
2024_Fm9_N40_2,2024,Fm9,India,1,1,N40,40,FALSE,2,0,,,zero_code,112,112,FALSE,42,42,FALSE,1,,0.6799999999999999,0.53,,,,,,,
2024_Fm9_N40_3,2024,Fm9,India,1,1,N40,40,FALSE,3,0,,,zero_code,100,100,FALSE,76,76,FALSE,1,,0.63,0.59,,,,,,,
