year,trait,scope,treatment,estimable,genotype,blue,standard_error,status
2024,dtf,treatment,N40,TRUE,Fm134,113.33333333316922,2.3760433017950926,Estimable
2024,dtf,treatment,N40,TRUE,Fm170,135.66666666666472,2.3760433017965243,Estimable
2024,dtf,treatment,N40,TRUE,Fm173,126.3333333333312,2.3760433017965243,Estimable
2024,dtf,treatment,N40,TRUE,Fm174,138.99999999999787,2.3760433017965243,Estimable
2024,dtf,treatment,N40,TRUE,Fm176,127.33333333333113,2.3760433017965243,Estimable
2024,dtf,treatment,N40,TRUE,Fm181,79.66666666666448,2.3760433017965243,Estimable
2024,dtf,treatment,N40,TRUE,Fm185,121.66666666666461,2.3760433017965243,Estimable
2024,dtf,treatment,N40,TRUE,Fm190,98.66666666666458,2.3760433017965243,Estimable
2024,dtf,treatment,N40,TRUE,Fm193,96.33333333333131,2.3760433017965243,Estimable
2024,dtf,treatment,N40,TRUE,Fm194,97.33333333333135,2.3760433017965243,Estimable
2024,dtf,treatment,N40,TRUE,Fm195,106.33333333333138,2.376043301796525,Estimable
2024,dtf,treatment,N40,TRUE,Fm203,85.3333333333314,2.376043301796525,Estimable
2024,dtf,treatment,N40,TRUE,Fm208,122.66666666666477,2.3760433017965243,Estimable
2024,dtf,treatment,N40,TRUE,Fm214,90.3333333333314,2.3760433017965243,Estimable
2024,dtf,treatment,N40,TRUE,Fm215,75.33333333333145,2.3760433017965243,Estimable
2024,dtf,treatment,N40,TRUE,Fm216,104.3640444211776,4.107346039734769,Estimable
2024,dtf,treatment,N40,TRUE,Fm219,72.66666666666482,2.3760433017965243,Estimable
2024,dtf,treatment,N40,TRUE,Fm221,100.99999999999817,2.376043301796524,Estimable
2024,dtf,treatment,N40,TRUE,Fm225,82.33333333333152,2.376043301796524,Estimable
2024,dtf,treatment,N40,TRUE,Fm227,107.9999999999982,2.376043301796524,Estimable
2024,dtf,treatment,N40,TRUE,Fm233,114.33333333333151,2.376043301796524,Estimable
2024,dtf,treatment,N40,TRUE,Fm235,124.66666666666482,2.376043301796524,Estimable
2024,dtf,treatment,N40,TRUE,Fm236,93.66666666666482,2.376043301796524,Estimable
2024,dtf,treatment,N40,TRUE,Fm238,120.99999999999815,2.376043301796524,Estimable
2024,dtf,treatment,N40,TRUE,Fm249,128.99999999999815,2.376043301796524,Estimable
2024,dtf,treatment,N40,TRUE,Fm250,130.99999999999815,2.376043301796524,Estimable
2024,dtf,treatment,N40,TRUE,Fm3,140.66666666666478,2.376043301796524,Estimable
2024,dtf,treatment,N40,TRUE,Fm321,89.66666666666477,2.376043301796524,Estimable
2024,dtf,treatment,N40,TRUE,Fm322,120.66666666666477,2.376043301796524,Estimable
2024,dtf,treatment,N40,TRUE,Fm337,101.9999999999981,2.376043301796524,Estimable
2024,dtf,treatment,N40,TRUE,Fm341,105.33333333333144,2.376043301796524,Estimable
2024,dtf,treatment,N40,TRUE,Fm343,120.33333333333142,2.376043301796524,Estimable
2024,dtf,treatment,N40,TRUE,Fm344,121.33333333333144,2.376043301796524,Estimable
2024,dtf,treatment,N40,TRUE,Fm345,112.9999999999981,2.376043301796524,Estimable
2024,dtf,treatment,N40,TRUE,Fm346,116.08664284359745,2.907209717936543,Estimable
2024,dtf,treatment,N40,TRUE,Fm347,100.99999999999808,2.376043301796524,Estimable
2024,dtf,treatment,N40,TRUE,Fm349,107.99999999999808,2.376043301796524,Estimable
2024,dtf,treatment,N40,TRUE,Fm351,110.33333333333142,2.376043301796524,Estimable
2024,dtf,treatment,N40,TRUE,Fm352,106.58664284359745,2.907209717936543,Estimable
2024,dtf,treatment,N40,TRUE,Fm354,106.66666666666475,2.376043301796524,Estimable
2024,dtf,treatment,N40,TRUE,Fm355,105.3333333333314,2.376043301796524,Estimable
2024,dtf,treatment,N40,TRUE,Fm356,110.99999999999808,2.376043301796524,Estimable
2024,dtf,treatment,N40,TRUE,Fm358,121.99999999999807,2.3760433017965235,Estimable
2024,dtf,treatment,N40,TRUE,Fm359,115.3333333333314,2.3760433017965235,Estimable
2024,dtf,treatment,N40,TRUE,Fm36,114.99999999999805,2.3760433017965235,Estimable
2024,dtf,treatment,N40,TRUE,Fm361,103.66666666666472,2.3760433017965235,Estimable
2024,dtf,treatment,N40,TRUE,Fm363,107.66666666666471,2.376043301796524,Estimable
2024,dtf,treatment,N40,TRUE,Fm364,119.99999999999805,2.3760433017965235,Estimable
2024,dtf,treatment,N40,TRUE,Fm365,101.3333333333314,2.3760433017965235,Estimable
2024,dtf,treatment,N40,TRUE,Fm366,100.66666666666474,2.3760433017965235,Estimable
2024,dtf,treatment,N40,TRUE,Fm368,99.33333333333138,2.3760433017965235,Estimable
2024,dtf,treatment,N40,TRUE,Fm369,111.66666666666474,2.376043301796524,Estimable
2024,dtf,treatment,N40,TRUE,Fm370,112.99999999999805,2.3760433017965235,Estimable
2024,dtf,treatment,N40,TRUE,Fm372,111.33333333333138,2.3760433017965235,Estimable
2024,dtf,treatment,N40,TRUE,Fm375,105.99999999999804,2.3760433017965235,Estimable
2024,dtf,treatment,N40,TRUE,Fm376,103.66666666666472,2.3760433017965235,Estimable
2024,dtf,treatment,N40,TRUE,Fm377,106.99999999999804,2.376043301796523,Estimable
2024,dtf,treatment,N40,TRUE,Fm378,97.66666666666472,2.376043301796523,Estimable
2024,dtf,treatment,N40,TRUE,Fm379,103.99999999999804,2.376043301796523,Estimable
2024,dtf,treatment,N40,TRUE,Fm380,106.66666666666472,2.376043301796523,Estimable
2024,dtf,treatment,N40,TRUE,Fm381,103.66666666666472,2.3760433017965235,Estimable
2024,dtf,treatment,N40,TRUE,Fm382,102.3333333333314,2.3760433017965235,Estimable
2024,dtf,treatment,N40,TRUE,Fm384,118.33333333333138,2.3760433017965235,Estimable
2024,dtf,treatment,N40,TRUE,Fm387,122.99999999999802,2.3760433017965235,Estimable
2024,dtf,treatment,N40,TRUE,Fm388,106.66666666666471,2.3760433017965235,Estimable
2024,dtf,treatment,N40,TRUE,Fm389,119.6666666666647,2.3760433017965235,Estimable
2024,dtf,treatment,N40,TRUE,Fm391,102.6666666666647,2.376043301796523,Estimable
2024,dtf,treatment,N40,TRUE,Fm392,92.33333333333135,2.376043301796523,Estimable
2024,dtf,treatment,N40,TRUE,Fm394,100.33333333333137,2.376043301796523,Estimable
2024,dtf,treatment,N40,TRUE,Fm395,109.99999999999804,2.376043301796523,Estimable
2024,dtf,treatment,N40,TRUE,Fm396,112.99999999999804,2.376043301796523,Estimable
2024,dtf,treatment,N40,TRUE,Fm398,104.58664284359736,2.907209717936544,Estimable
2024,dtf,treatment,N40,TRUE,Fm400,107.33333333333138,2.3760433017965235,Estimable
2024,dtf,treatment,N40,TRUE,Fm401,99.66666666666471,2.376043301796523,Estimable
2024,dtf,treatment,N40,TRUE,Fm402,98.33333333333137,2.376043301796523,Estimable
2024,dtf,treatment,N40,TRUE,Fm404,106.99999999999804,2.376043301796523,Estimable
2024,dtf,treatment,N40,TRUE,Fm405,107.99999999999804,2.376043301796523,Estimable
2024,dtf,treatment,N40,TRUE,Fm406,102.66666666666471,2.376043301796523,Estimable
2024,dtf,treatment,N40,TRUE,Fm407,100.66666666666472,2.3760433017965235,Estimable
2024,dtf,treatment,N40,TRUE,Fm41,121.99999999999805,2.376043301796524,Estimable
2024,dtf,treatment,N40,TRUE,Fm410,109.99999999999805,2.376043301796524,Estimable
2024,dtf,treatment,N40,TRUE,Fm411,104.66666666666471,2.376043301796524,Estimable
2024,dtf,treatment,N40,TRUE,Fm412,100.3333333333314,2.3760433017965235,Estimable
2024,dtf,treatment,N40,TRUE,Fm413,108.3333333333314,2.376043301796524,Estimable
2024,dtf,treatment,N40,TRUE,Fm414,98.66666666666474,2.376043301796524,Estimable
2024,dtf,treatment,N40,TRUE,Fm415,97.33333333333141,2.376043301796524,Estimable
2024,dtf,treatment,N40,TRUE,Fm416,110.99999999999807,2.376043301796524,Estimable
2024,dtf,treatment,N40,TRUE,Fm417,122.3333333333314,2.376043301796524,Estimable
2024,dtf,treatment,N40,TRUE,Fm418,120.66666666666471,2.376043301796524,Estimable
2024,dtf,treatment,N40,TRUE,Fm419,92.33333333333138,2.3760433017965235,Estimable
2024,dtf,treatment,N40,TRUE,Fm420,105.33333333333138,2.3760433017965235,Estimable
2024,dtf,treatment,N40,TRUE,Fm421,113.99999999999804,2.3760433017965235,Estimable
2024,dtf,treatment,N40,TRUE,Fm428,89.66666666666471,2.376043301796524,Estimable
2024,dtf,treatment,N40,TRUE,Fm429,94.99999999999805,2.376043301796524,Estimable
2024,dtf,treatment,N40,TRUE,Fm43,123.3333333333314,2.376043301796524,Estimable
2024,dtf,treatment,N40,TRUE,Fm44,111.3333333333314,2.376043301796524,Estimable
2024,dtf,treatment,N40,TRUE,Fm442,115.99999999999807,2.376043301796524,Estimable
2024,dtf,treatment,N40,TRUE,Fm443,106.08664284359739,2.9072097179365444,Estimable
2024,dtf,treatment,N40,TRUE,Fm444,113.3333333333314,2.376043301796524,Estimable
2024,dtf,treatment,N40,TRUE,Fm446,104.33333333333138,2.376043301796524,Estimable
2024,dtf,treatment,N40,TRUE,Fm458,150.99999999999804,2.376043301796524,Estimable
2024,dtf,treatment,N40,TRUE,Fm464,103.99999999999802,2.376043301796524,Estimable
2024,dtf,treatment,N40,TRUE,Fm474,100.33333333333137,2.376043301796524,Estimable
2024,dtf,treatment,N40,TRUE,Fm475,102.33333333333137,2.3760433017965243,Estimable
2024,dtf,treatment,N40,TRUE,Fm477,114.66666666666471,2.3760433017965243,Estimable
2024,dtf,treatment,N40,TRUE,Fm478,114.33333333333137,2.376043301796524,Estimable
2024,dtf,treatment,N40,TRUE,Fm480,113.99999999999805,2.376043301796524,Estimable
2024,dtf,treatment,N40,TRUE,Fm482,113.66666666666471,2.376043301796524,Estimable
2024,dtf,treatment,N40,TRUE,Fm484,106.99999999999802,2.3760433017965243,Estimable
2024,dtf,treatment,N40,TRUE,Fm489,95.99999999999802,2.376043301796524,Estimable
2024,dtf,treatment,N40,TRUE,Fm491,103.33333333333135,2.3760433017965243,Estimable
2024,dtf,treatment,N40,TRUE,Fm492,108.66666666666467,2.3760433017965243,Estimable
2024,dtf,treatment,N40,TRUE,Fm496,94.66666666666468,2.3760433017965243,Estimable
2024,dtf,treatment,N40,TRUE,Fm505,115.99999999999805,2.3760433017965243,Estimable
2024,dtf,treatment,N40,TRUE,Fm507,111.33333333333137,2.3760433017965243,Estimable
2024,dtf,treatment,N40,TRUE,Fm510,128.33333333333135,2.376043301796524,Estimable
2024,dtf,treatment,N40,TRUE,Fm518,100.99999999999804,2.376043301796524,Estimable
2024,dtf,treatment,N40,TRUE,Fm519,113.66666666666468,2.376043301796524,Estimable
2024,dtf,treatment,N40,TRUE,Fm522,116.33333333333135,2.376043301796524,Estimable
2024,dtf,treatment,N40,TRUE,Fm523,93.99999999999802,2.3760433017965243,Estimable
2024,dtf,treatment,N40,TRUE,Fm524,99.99999999999801,2.376043301796524,Estimable
2024,dtf,treatment,N40,TRUE,Fm537,101.99999999999802,2.376043301796524,Estimable
2024,dtf,treatment,N40,TRUE,Fm552,98.66666666666468,2.3760433017965243,Estimable
2024,dtf,treatment,N40,TRUE,Fm56,138.99999999999804,2.3760433017965243,Estimable
2024,dtf,treatment,N40,TRUE,Fm560,83.33333333333137,2.376043301796524,Estimable
2024,dtf,treatment,N40,TRUE,Fm566,102.33333333333137,2.376043301796524,Estimable
2024,dtf,treatment,N40,TRUE,Fm569,82.6666666666647,2.376043301796524,Estimable
2024,dtf,treatment,N40,TRUE,Fm585,100.09537936698847,2.907190946866117,Estimable
2024,dtf,treatment,N40,TRUE,Fm589,74.99999999999804,2.376043301796524,Estimable
2024,dtf,treatment,N40,TRUE,Fm590,83.33333333333137,2.376043301796524,Estimable
2024,dtf,treatment,N40,TRUE,Fm592,84.33333333333138,2.376043301796524,Estimable
2024,dtf,treatment,N40,TRUE,Fm600,116.66666666666472,2.376043301796524,Estimable
2024,dtf,treatment,N40,TRUE,Fm601,124.33333333333138,2.376043301796524,Estimable
2024,dtf,treatment,N40,TRUE,Fm610,103.33333333333138,2.3760433017965235,Estimable
2024,dtf,treatment,N40,TRUE,Fm611,100.66666666666474,2.376043301796524,Estimable
2024,dtf,treatment,N40,TRUE,Fm612,103.66666666666472,2.3760433017965235,Estimable
2024,dtf,treatment,N40,TRUE,Fm614,117.6666666666647,2.3760433017965235,Estimable
2024,dtf,treatment,N40,TRUE,Fm615,107.6666666666647,2.3760433017965235,Estimable
2024,dtf,treatment,N40,TRUE,Fm616,76.66666666666472,2.376043301796524,Estimable
2024,dtf,treatment,N40,TRUE,Fm620,85.99999999999804,2.3760433017965235,Estimable
2024,dtf,treatment,N40,TRUE,Fm621,99.99999999999804,2.3760433017965235,Estimable
2024,dtf,treatment,N40,TRUE,Fm65,117.33333333333141,2.3760433017965235,Estimable
2024,dtf,treatment,N40,TRUE,Fm78,123.81797778940832,2.90719094686612,Estimable
2024,dtf,treatment,N40,TRUE,Fm79,145.66666666666475,2.376043301796524,Estimable
2024,dtf,treatment,N40,TRUE,Fm86,140.66666666666472,2.376043301796524,Estimable
2024,dtf,treatment,N120,TRUE,Fm134,107.33333333327548,3.3108691439150237,Estimable
2024,dtf,treatment,N120,TRUE,Fm170,137.99999999999997,3.3108691439161,Estimable
2024,dtf,treatment,N120,TRUE,Fm173,131.99999999999994,3.3108691439161007,Estimable
2024,dtf,treatment,N120,TRUE,Fm174,139.33333333333326,3.3108691439161,Estimable
2024,dtf,treatment,N120,TRUE,Fm176,128.6666666666666,3.3108691439161007,Estimable
2024,dtf,treatment,N120,TRUE,Fm181,82.33333333333324,3.3108691439161007,Estimable
2024,dtf,treatment,N120,TRUE,Fm185,119.99999999999993,3.3108691439161007,Estimable
2024,dtf,treatment,N120,TRUE,Fm190,96.33333333333326,3.310869143916101,Estimable
2024,dtf,treatment,N120,TRUE,Fm193,97.33333333333326,3.310869143916101,Estimable
2024,dtf,treatment,N120,TRUE,Fm194,98.99999999999994,3.310869143916101,Estimable
2024,dtf,treatment,N120,TRUE,Fm195,106.33333333333329,3.310869143916101,Estimable
2024,dtf,treatment,N120,TRUE,Fm203,85.99999999999993,3.310869143916101,Estimable
2024,dtf,treatment,N120,TRUE,Fm208,136.66666666666666,3.310869143916101,Estimable
2024,dtf,treatment,N120,TRUE,Fm214,92.33333333333329,3.3108691439161007,Estimable
2024,dtf,treatment,N120,TRUE,Fm215,75.99999999999993,3.3108691439161007,Estimable
2024,dtf,treatment,N120,TRUE,Fm216,105.66666666666661,3.3108691439161007,Estimable
2024,dtf,treatment,N120,TRUE,Fm219,73.33333333333326,3.3108691439161,Estimable
2024,dtf,treatment,N120,TRUE,Fm221,111.33333333333329,3.3108691439161,Estimable
2024,dtf,treatment,N120,TRUE,Fm225,82.33333333333329,3.3108691439161,Estimable
2024,dtf,treatment,N120,TRUE,Fm227,107.99999999999997,3.3108691439160998,Estimable
2024,dtf,treatment,N120,TRUE,Fm233,116.99999999999999,3.3108691439160998,Estimable
2024,dtf,treatment,N120,TRUE,Fm235,130.66666666666666,3.3108691439161,Estimable
2024,dtf,treatment,N120,TRUE,Fm236,96.33333333333329,3.3108691439161,Estimable
2024,dtf,treatment,N120,TRUE,Fm238,118.66666666666664,3.3108691439161,Estimable
2024,dtf,treatment,N120,TRUE,Fm249,137.3333333333333,3.3108691439161,Estimable
2024,dtf,treatment,N120,TRUE,Fm250,131,3.3108691439161,Estimable
2024,dtf,treatment,N120,TRUE,Fm3,141,3.3108691439161,Estimable
2024,dtf,treatment,N120,TRUE,Fm321,91.3333333333333,3.3108691439161,Estimable
2024,dtf,treatment,N120,TRUE,Fm322,129.66666666666666,3.3108691439161,Estimable
2024,dtf,treatment,N120,TRUE,Fm337,103.66666666666664,3.3108691439161,Estimable
2024,dtf,treatment,N120,TRUE,Fm341,108.66666666666664,3.3108691439160998,Estimable
2024,dtf,treatment,N120,TRUE,Fm343,123,3.3108691439161,Estimable
2024,dtf,treatment,N120,TRUE,Fm344,119.33333333333331,3.3108691439160998,Estimable
2024,dtf,treatment,N120,TRUE,Fm345,112.66666666666666,3.3108691439160998,Estimable
2024,dtf,treatment,N120,TRUE,Fm346,116.00000035410396,4.054970003859895,Estimable
2024,dtf,treatment,N120,TRUE,Fm347,100.99999999999997,3.3108691439161,Estimable
2024,dtf,treatment,N120,TRUE,Fm349,109.33333333333333,3.3108691439161,Estimable
2024,dtf,treatment,N120,TRUE,Fm351,115.33333333333333,3.3108691439161,Estimable
2024,dtf,treatment,N120,TRUE,Fm352,103.99999999999997,3.3108691439161,Estimable
2024,dtf,treatment,N120,TRUE,Fm354,107.99999999999999,3.3108691439161,Estimable
2024,dtf,treatment,N120,TRUE,Fm355,110.3333333333333,3.3108691439161,Estimable
2024,dtf,treatment,N120,TRUE,Fm356,115.3333333333333,3.3108691439161,Estimable
2024,dtf,treatment,N120,TRUE,Fm358,119.66666666666664,3.3108691439161,Estimable
2024,dtf,treatment,N120,TRUE,Fm359,112,3.3108691439161,Estimable
2024,dtf,treatment,N120,TRUE,Fm36,115,3.3108691439160998,Estimable
2024,dtf,treatment,N120,TRUE,Fm361,102.49999989847367,4.054970003859895,Estimable
2024,dtf,treatment,N120,TRUE,Fm363,116.66666666666664,3.3108691439160998,Estimable
2024,dtf,treatment,N120,TRUE,Fm364,118.99999999999997,3.3108691439160998,Estimable
2024,dtf,treatment,N120,TRUE,Fm365,104.99999999999999,3.3108691439160998,Estimable
2024,dtf,treatment,N120,TRUE,Fm366,102.66666666666666,3.3108691439160998,Estimable
2024,dtf,treatment,N120,TRUE,Fm368,103.33333333333331,3.3108691439160998,Estimable
2024,dtf,treatment,N120,TRUE,Fm369,103.66666666666666,3.3108691439160993,Estimable
2024,dtf,treatment,N120,TRUE,Fm370,116.33333333333331,3.3108691439160998,Estimable
2024,dtf,treatment,N120,TRUE,Fm372,108.33333333333333,3.3108691439160993,Estimable
2024,dtf,treatment,N120,TRUE,Fm375,107.99999999999999,3.3108691439160998,Estimable
2024,dtf,treatment,N120,TRUE,Fm376,103.33333333333331,3.310869143916099,Estimable
2024,dtf,treatment,N120,TRUE,Fm377,110.33333333333331,3.3108691439160993,Estimable
2024,dtf,treatment,N120,TRUE,Fm378,102.33333333333331,3.310869143916099,Estimable
2024,dtf,treatment,N120,TRUE,Fm379,104.66666666666664,3.3108691439160998,Estimable
2024,dtf,treatment,N120,TRUE,Fm380,113.33333333333331,3.3108691439160998,Estimable
2024,dtf,treatment,N120,TRUE,Fm381,99.66666666666666,3.3108691439160993,Estimable
2024,dtf,treatment,N120,TRUE,Fm382,105.99999999999999,3.3108691439160993,Estimable
2024,dtf,treatment,N120,TRUE,Fm384,117.33333333333333,3.3108691439160998,Estimable
2024,dtf,treatment,N120,TRUE,Fm387,125.99999999999997,3.3108691439160993,Estimable
2024,dtf,treatment,N120,TRUE,Fm388,107.33333333333331,3.3108691439160993,Estimable
2024,dtf,treatment,N120,TRUE,Fm389,119.99999999999997,3.3108691439160993,Estimable
2024,dtf,treatment,N120,TRUE,Fm391,101.33333333333331,3.3108691439160993,Estimable
2024,dtf,treatment,N120,TRUE,Fm392,93.3333333333333,3.3108691439160993,Estimable
2024,dtf,treatment,N120,TRUE,Fm394,101.33333333333331,3.310869143916099,Estimable
2024,dtf,treatment,N120,TRUE,Fm395,109.99999999999999,3.3108691439160993,Estimable
2024,dtf,treatment,N120,TRUE,Fm396,111.33333333333331,3.310869143916099,Estimable
2024,dtf,treatment,N120,TRUE,Fm398,107.49999989847366,4.054970003859894,Estimable
2024,dtf,treatment,N120,TRUE,Fm400,107.33333333333331,3.310869143916099,Estimable
2024,dtf,treatment,N120,TRUE,Fm401,99.99999999999997,3.310869143916099,Estimable
2024,dtf,treatment,N120,TRUE,Fm402,100.33333333333329,3.310869143916099,Estimable
2024,dtf,treatment,N120,TRUE,Fm404,108.49999974742231,4.054970003859894,Estimable
2024,dtf,treatment,N120,TRUE,Fm405,108.66666666666664,3.310869143916099,Estimable
2024,dtf,treatment,N120,TRUE,Fm406,100.99999999999999,3.310869143916099,Estimable
2024,dtf,treatment,N120,TRUE,Fm407,97.99999999999999,3.3108691439160984,Estimable
2024,dtf,treatment,N120,TRUE,Fm41,126.66666666666664,3.3108691439160984,Estimable
2024,dtf,treatment,N120,TRUE,Fm410,109.3333333333333,3.3108691439160984,Estimable
2024,dtf,treatment,N120,TRUE,Fm411,98.3333333333333,3.3108691439160984,Estimable
2024,dtf,treatment,N120,TRUE,Fm412,99.66666666666664,3.3108691439160984,Estimable
2024,dtf,treatment,N120,TRUE,Fm413,108.99999999999997,3.3108691439160984,Estimable
2024,dtf,treatment,N120,TRUE,Fm414,99.99999999999997,3.3108691439160984,Estimable
2024,dtf,treatment,N120,TRUE,Fm415,98.99999999999997,3.3108691439160984,Estimable
2024,dtf,treatment,N120,TRUE,Fm416,112.99999999999996,3.3108691439160984,Estimable
2024,dtf,treatment,N120,TRUE,Fm417,119.99999999999996,3.3108691439160984,Estimable
2024,dtf,treatment,N120,TRUE,Fm418,119.33333333333331,3.3108691439160984,Estimable
2024,dtf,treatment,N120,TRUE,Fm419,94.99999999999997,3.3108691439160984,Estimable
2024,dtf,treatment,N120,TRUE,Fm420,102.66666666666664,3.3108691439160984,Estimable
2024,dtf,treatment,N120,TRUE,Fm421,112.33333333333331,3.3108691439160984,Estimable
2024,dtf,treatment,N120,TRUE,Fm428,98.99999999999999,3.3108691439160984,Estimable
2024,dtf,treatment,N120,TRUE,Fm429,96.66666666666666,3.310869143916098,Estimable
2024,dtf,treatment,N120,TRUE,Fm43,128.99999999999997,3.310869143916098,Estimable
2024,dtf,treatment,N120,TRUE,Fm44,112.33333333333331,3.3108691439160984,Estimable
2024,dtf,treatment,N120,TRUE,Fm442,106.33333333333331,3.3108691439160975,Estimable
2024,dtf,treatment,N120,TRUE,Fm443,102.66666666666666,3.310869143916098,Estimable
2024,dtf,treatment,N120,TRUE,Fm444,113.66666666666663,3.310869143916098,Estimable
2024,dtf,treatment,N120,TRUE,Fm446,109.66666666666664,3.310869143916098,Estimable
2024,dtf,treatment,N120,TRUE,Fm458,141.66666666666663,3.3108691439160975,Estimable
2024,dtf,treatment,N120,TRUE,Fm464,116.99999999999999,3.310869143916098,Estimable
2024,dtf,treatment,N120,TRUE,Fm474,111.66666666666664,3.310869143916098,Estimable
2024,dtf,treatment,N120,TRUE,Fm475,100.33333333333333,3.310869143916098,Estimable
2024,dtf,treatment,N120,TRUE,Fm477,112.33333333333331,3.310869143916098,Estimable
2024,dtf,treatment,N120,TRUE,Fm478,112.66666666666666,3.310869143916098,Estimable
2024,dtf,treatment,N120,TRUE,Fm480,115.66666666666663,3.3108691439160984,Estimable
2024,dtf,treatment,N120,TRUE,Fm482,122.3333333333333,3.3108691439160984,Estimable
2024,dtf,treatment,N120,TRUE,Fm484,105.66666666666663,3.3108691439160984,Estimable
2024,dtf,treatment,N120,TRUE,Fm489,103.3333333333333,3.3108691439160984,Estimable
2024,dtf,treatment,N120,TRUE,Fm491,107.66666666666663,3.310869143916099,Estimable
2024,dtf,treatment,N120,TRUE,Fm492,104.3333333333333,3.3108691439160984,Estimable
2024,dtf,treatment,N120,TRUE,Fm496,94.33333333333329,3.3108691439160984,Estimable
2024,dtf,treatment,N120,TRUE,Fm505,120.66666666666664,3.310869143916099,Estimable
2024,dtf,treatment,N120,TRUE,Fm507,112.99999999999996,3.310869143916099,Estimable
2024,dtf,treatment,N120,TRUE,Fm510,134.66666666666663,3.3108691439160984,Estimable
2024,dtf,treatment,N120,TRUE,Fm518,101.3333333333333,3.3108691439160984,Estimable
2024,dtf,treatment,N120,TRUE,Fm519,112.99999999999996,3.3108691439160984,Estimable
2024,dtf,treatment,N120,TRUE,Fm522,107.3333333333333,3.3108691439160984,Estimable
2024,dtf,treatment,N120,TRUE,Fm523,95.66666666666664,3.3108691439160984,Estimable
2024,dtf,treatment,N120,TRUE,Fm524,98.99999999999997,3.3108691439160984,Estimable
2024,dtf,treatment,N120,TRUE,Fm537,103.99999999999996,3.3108691439160984,Estimable
2024,dtf,treatment,N120,TRUE,Fm552,100.3333333333333,3.3108691439160984,Estimable
2024,dtf,treatment,N120,TRUE,Fm56,138.66666666666663,3.3108691439160984,Estimable
2024,dtf,treatment,N120,TRUE,Fm560,81.99999999999999,3.3108691439160984,Estimable
2024,dtf,treatment,N120,TRUE,Fm566,100.99999999999999,3.3108691439160984,Estimable
2024,dtf,treatment,N120,TRUE,Fm569,82,3.3108691439160984,Estimable
2024,dtf,treatment,N120,TRUE,Fm585,103.00000020305265,5.734593574474729,Estimable
2024,dtf,treatment,N120,TRUE,Fm589,75.33333333333331,3.3108691439160984,Estimable
2024,dtf,treatment,N120,TRUE,Fm590,84.33333333333331,3.3108691439160984,Estimable
2024,dtf,treatment,N120,TRUE,Fm592,83.3333333333333,3.3108691439160984,Estimable
2024,dtf,treatment,N120,TRUE,Fm600,116.66666666666663,3.3108691439160984,Estimable
2024,dtf,treatment,N120,TRUE,Fm601,126.66666666666663,3.3108691439160984,Estimable
2024,dtf,treatment,N120,TRUE,Fm610,105.33333333333331,3.3108691439160984,Estimable
2024,dtf,treatment,N120,TRUE,Fm611,100.66666666666664,3.310869143916099,Estimable
2024,dtf,treatment,N120,TRUE,Fm612,102.99999999999999,3.310869143916099,Estimable
2024,dtf,treatment,N120,TRUE,Fm614,118.33333333333331,3.310869143916099,Estimable
2024,dtf,treatment,N120,TRUE,Fm615,109.3333333333333,3.310869143916099,Estimable
2024,dtf,treatment,N120,TRUE,Fm616,75.66666666666666,3.310869143916099,Estimable
2024,dtf,treatment,N120,TRUE,Fm620,85.33333333333333,3.310869143916099,Estimable
2024,dtf,treatment,N120,TRUE,Fm621,106.66666666666663,3.3108691439160984,Estimable
2024,dtf,treatment,N120,TRUE,Fm65,115.33333333333333,3.3108691439160984,Estimable
2024,dtf,treatment,N120,TRUE,Fm78,117.66666666666666,3.3108691439160984,Estimable
2024,dtf,treatment,N120,TRUE,Fm79,146.33333333333331,3.3108691439160984,Estimable
2024,dtf,treatment,N120,TRUE,Fm86,142,3.3108691439160984,Estimable
2024,height_cm,treatment,N40,TRUE,Fm134,49.33333333335647,3.975332546448669,Estimable
2024,height_cm,treatment,N40,TRUE,Fm156,89.33333333333327,3.975332546448303,Estimable
2024,height_cm,treatment,N40,TRUE,Fm161,67.00000000000004,3.975332546448303,Estimable
2024,height_cm,treatment,N40,TRUE,Fm168,95.99999999999996,3.9753325464483034,Estimable
2024,height_cm,treatment,N40,TRUE,Fm170,110.33333333333326,3.9753325464483034,Estimable
2024,height_cm,treatment,N40,TRUE,Fm173,106.66666666666663,3.975332546448303,Estimable
2024,height_cm,treatment,N40,TRUE,Fm174,92.99999999999994,3.975332546448303,Estimable
2024,height_cm,treatment,N40,TRUE,Fm176,98.66666666666663,3.9753325464483025,Estimable
2024,height_cm,treatment,N40,TRUE,Fm181,100.99999999999994,3.9753325464483025,Estimable
2024,height_cm,treatment,N40,TRUE,Fm185,106.33333333333327,3.9753325464483025,Estimable
2024,height_cm,treatment,N40,TRUE,Fm190,109.33333333333327,3.9753325464483025,Estimable
2024,height_cm,treatment,N40,TRUE,Fm193,92.33333333333329,3.975332546448302,Estimable
2024,height_cm,treatment,N40,TRUE,Fm194,88.99999999999996,3.9753325464483025,Estimable
2024,height_cm,treatment,N40,TRUE,Fm195,128.33333333333326,3.9753325464483025,Estimable
2024,height_cm,treatment,N40,TRUE,Fm20,96.6666666666666,3.9753325464483025,Estimable
2024,height_cm,treatment,N40,TRUE,Fm203,100.33333333333329,3.975332546448302,Estimable
2024,height_cm,treatment,N40,TRUE,Fm208,105.99999999999994,3.9753325464483025,Estimable
2024,height_cm,treatment,N40,TRUE,Fm214,102.6666666666666,3.9753325464483025,Estimable
2024,height_cm,treatment,N40,TRUE,Fm215,122.99999999999991,3.9753325464483025,Estimable
2024,height_cm,treatment,N40,TRUE,Fm216,89.97207544368048,6.885302239556381,Estimable
2024,height_cm,treatment,N40,TRUE,Fm219,103.99999999999996,3.975332546448303,Estimable
2024,height_cm,treatment,N40,TRUE,Fm221,100.66666666666661,3.9753325464483025,Estimable
2024,height_cm,treatment,N40,TRUE,Fm225,102.99999999999996,3.975332546448303,Estimable
2024,height_cm,treatment,N40,TRUE,Fm227,96.66666666666663,3.9753325464483025,Estimable
2024,height_cm,treatment,N40,TRUE,Fm233,101.99999999999996,3.9753325464483025,Estimable
2024,height_cm,treatment,N40,TRUE,Fm235,106.99999999999994,3.9753325464483025,Estimable
2024,height_cm,treatment,N40,TRUE,Fm236,125.33333333333326,3.9753325464483025,Estimable
2024,height_cm,treatment,N40,TRUE,Fm238,107.33333333333327,3.9753325464483025,Estimable
2024,height_cm,treatment,N40,TRUE,Fm249,117.99999999999993,3.975332546448303,Estimable
2024,height_cm,treatment,N40,TRUE,Fm250,127.33333333333323,3.975332546448303,Estimable
2024,height_cm,treatment,N40,TRUE,Fm3,111.6666666666666,3.975332546448303,Estimable
2024,height_cm,treatment,N40,TRUE,Fm321,96.6666666666666,3.9753325464483034,Estimable
2024,height_cm,treatment,N40,TRUE,Fm322,100.66666666666661,3.975332546448303,Estimable
2024,height_cm,treatment,N40,TRUE,Fm337,92.33333333333329,3.975332546448303,Estimable
2024,height_cm,treatment,N40,TRUE,Fm341,106.33333333333326,3.9753325464483034,Estimable
2024,height_cm,treatment,N40,TRUE,Fm343,123.9999999999999,3.9753325464483025,Estimable
2024,height_cm,treatment,N40,TRUE,Fm344,88.99999999999996,3.9753325464483025,Estimable
2024,height_cm,treatment,N40,TRUE,Fm345,106.6666666666666,3.9753325464483025,Estimable
2024,height_cm,treatment,N40,TRUE,Fm346,91.020532107646,4.868706884196054,Estimable
2024,height_cm,treatment,N40,TRUE,Fm347,102.33333333333327,3.975332546448303,Estimable
2024,height_cm,treatment,N40,TRUE,Fm349,115.33333333333324,3.975332546448303,Estimable
2024,height_cm,treatment,N40,TRUE,Fm351,104.6666666666666,3.975332546448302,Estimable
2024,height_cm,treatment,N40,TRUE,Fm352,105.020532107646,4.868706884196054,Estimable
2024,height_cm,treatment,N40,TRUE,Fm354,112.33333333333326,3.9753325464483025,Estimable
2024,height_cm,treatment,N40,TRUE,Fm355,92.99999999999996,3.975332546448302,Estimable
2024,height_cm,treatment,N40,TRUE,Fm356,106.66666666666659,3.975332546448302,Estimable
2024,height_cm,treatment,N40,TRUE,Fm358,103.99999999999993,3.975332546448302,Estimable
2024,height_cm,treatment,N40,TRUE,Fm359,106.99999999999993,3.975332546448302,Estimable
2024,height_cm,treatment,N40,TRUE,Fm36,105.99999999999994,3.9753325464483025,Estimable
2024,height_cm,treatment,N40,TRUE,Fm361,104.33333333333326,3.9753325464483025,Estimable
2024,height_cm,treatment,N40,TRUE,Fm363,110.33333333333326,3.975332546448302,Estimable
2024,height_cm,treatment,N40,TRUE,Fm364,93.99999999999996,3.9753325464483025,Estimable
2024,height_cm,treatment,N40,TRUE,Fm365,101.66666666666661,3.9753325464483025,Estimable
2024,height_cm,treatment,N40,TRUE,Fm366,95.99999999999996,3.975332546448303,Estimable
2024,height_cm,treatment,N40,TRUE,Fm368,106.33333333333326,3.9753325464483025,Estimable
2024,height_cm,treatment,N40,TRUE,Fm369,74.66666666666664,3.975332546448303,Estimable
2024,height_cm,treatment,N40,TRUE,Fm370,110.66666666666659,3.975332546448303,Estimable
2024,height_cm,treatment,N40,TRUE,Fm372,89.99999999999994,3.975332546448303,Estimable
2024,height_cm,treatment,N40,TRUE,Fm375,113.33333333333326,3.9753325464483025,Estimable
2024,height_cm,treatment,N40,TRUE,Fm376,106.6666666666666,3.9753325464483025,Estimable
2024,height_cm,treatment,N40,TRUE,Fm377,100.66666666666661,3.9753325464483025,Estimable
2024,height_cm,treatment,N40,TRUE,Fm378,111.99999999999993,3.9753325464483025,Estimable
2024,height_cm,treatment,N40,TRUE,Fm379,98.3333333333333,3.9753325464483025,Estimable
2024,height_cm,treatment,N40,TRUE,Fm380,100.33333333333329,3.9753325464483025,Estimable
2024,height_cm,treatment,N40,TRUE,Fm381,108.99999999999993,3.975332546448303,Estimable
2024,height_cm,treatment,N40,TRUE,Fm382,88.3333333333333,3.975332546448303,Estimable
2024,height_cm,treatment,N40,TRUE,Fm384,82.66666666666663,3.975332546448303,Estimable
2024,height_cm,treatment,N40,TRUE,Fm387,103.33333333333326,3.975332546448303,Estimable
2024,height_cm,treatment,N40,TRUE,Fm388,104.33333333333327,3.975332546448303,Estimable
2024,height_cm,treatment,N40,TRUE,Fm389,79.99999999999997,3.9753325464483034,Estimable
2024,height_cm,treatment,N40,TRUE,Fm391,97.99999999999996,3.975332546448303,Estimable
2024,height_cm,treatment,N40,TRUE,Fm392,98.6666666666666,3.9753325464483034,Estimable
2024,height_cm,treatment,N40,TRUE,Fm394,90.99999999999996,3.975332546448303,Estimable
2024,height_cm,treatment,N40,TRUE,Fm395,110.33333333333326,3.9753325464483025,Estimable
2024,height_cm,treatment,N40,TRUE,Fm396,90.99999999999996,3.9753325464483025,Estimable
2024,height_cm,treatment,N40,TRUE,Fm398,92.52053210764605,4.868706884196053,Estimable
2024,height_cm,treatment,N40,TRUE,Fm400,98.66666666666663,3.9753325464483025,Estimable
2024,height_cm,treatment,N40,TRUE,Fm401,89.66666666666663,3.9753325464483025,Estimable
2024,height_cm,treatment,N40,TRUE,Fm402,102.3333333333333,3.975332546448303,Estimable
2024,height_cm,treatment,N40,TRUE,Fm404,103.66666666666663,3.9753325464483025,Estimable
2024,height_cm,treatment,N40,TRUE,Fm405,113.6666666666666,3.9753325464483025,Estimable
2024,height_cm,treatment,N40,TRUE,Fm406,93.66666666666664,3.975332546448303,Estimable
2024,height_cm,treatment,N40,TRUE,Fm407,100.33333333333329,3.975332546448303,Estimable
2024,height_cm,treatment,N40,TRUE,Fm41,99.33333333333327,3.975332546448303,Estimable
2024,height_cm,treatment,N40,TRUE,Fm410,105.66666666666661,3.975332546448303,Estimable
2024,height_cm,treatment,N40,TRUE,Fm411,93.3333333333333,3.9753325464483034,Estimable
2024,height_cm,treatment,N40,TRUE,Fm412,82.66666666666664,3.975332546448303,Estimable
2024,height_cm,treatment,N40,TRUE,Fm413,98.99999999999996,3.9753325464483034,Estimable
2024,height_cm,treatment,N40,TRUE,Fm414,101.3333333333333,3.9753325464483034,Estimable
2024,height_cm,treatment,N40,TRUE,Fm415,99.66666666666663,3.9753325464483034,Estimable
2024,height_cm,treatment,N40,TRUE,Fm416,101.33333333333331,3.975332546448303,Estimable
2024,height_cm,treatment,N40,TRUE,Fm417,104.66666666666663,3.975332546448303,Estimable
2024,height_cm,treatment,N40,TRUE,Fm418,94.33333333333333,3.975332546448303,Estimable
2024,height_cm,treatment,N40,TRUE,Fm419,99.66666666666666,3.9753325464483034,Estimable
2024,height_cm,treatment,N40,TRUE,Fm420,95.33333333333333,3.975332546448303,Estimable
2024,height_cm,treatment,N40,TRUE,Fm421,114.66666666666663,3.9753325464483034,Estimable
2024,height_cm,treatment,N40,TRUE,Fm428,87,3.9753325464483034,Estimable
2024,height_cm,treatment,N40,TRUE,Fm429,131.6666666666666,3.975332546448303,Estimable
2024,height_cm,treatment,N40,TRUE,Fm43,94.66666666666666,3.975332546448303,Estimable
2024,height_cm,treatment,N40,TRUE,Fm44,96.33333333333331,3.9753325464483034,Estimable
2024,height_cm,treatment,N40,TRUE,Fm442,88.66666666666666,3.9753325464483034,Estimable
2024,height_cm,treatment,N40,TRUE,Fm443,97.02053210764608,4.868706884196051,Estimable
2024,height_cm,treatment,N40,TRUE,Fm444,101.33333333333331,3.975332546448303,Estimable
2024,height_cm,treatment,N40,TRUE,Fm446,112.3333333333333,3.975332546448303,Estimable
2024,height_cm,treatment,N40,TRUE,Fm458,108.66666666666664,3.9753325464483034,Estimable
2024,height_cm,treatment,N40,TRUE,Fm464,99.99999999999999,3.975332546448303,Estimable
2024,height_cm,treatment,N40,TRUE,Fm474,101.99999999999996,3.975332546448303,Estimable
2024,height_cm,treatment,N40,TRUE,Fm475,99.33333333333333,3.975332546448303,Estimable
2024,height_cm,treatment,N40,TRUE,Fm477,105.3333333333333,3.975332546448303,Estimable
2024,height_cm,treatment,N40,TRUE,Fm478,115.66666666666663,3.975332546448303,Estimable
2024,height_cm,treatment,N40,TRUE,Fm480,111.3333333333333,3.975332546448303,Estimable
2024,height_cm,treatment,N40,TRUE,Fm482,103.66666666666666,3.975332546448303,Estimable
2024,height_cm,treatment,N40,TRUE,Fm484,98.33333333333333,3.9753325464483034,Estimable
2024,height_cm,treatment,N40,TRUE,Fm489,133.99999999999997,3.9753325464483034,Estimable
2024,height_cm,treatment,N40,TRUE,Fm491,86,3.975332546448304,Estimable
2024,height_cm,treatment,N40,TRUE,Fm492,120.99999999999996,3.9753325464483034,Estimable
2024,height_cm,treatment,N40,TRUE,Fm496,136.66666666666663,3.975332546448303,Estimable
2024,height_cm,treatment,N40,TRUE,Fm505,99.99999999999997,3.9753325464483034,Estimable
2024,height_cm,treatment,N40,TRUE,Fm507,55.666666666666714,3.9753325464483034,Estimable
2024,height_cm,treatment,N40,TRUE,Fm510,116.66666666666661,3.9753325464483034,Estimable
2024,height_cm,treatment,N40,TRUE,Fm518,98.66666666666666,3.975332546448304,Estimable
2024,height_cm,treatment,N40,TRUE,Fm519,98.99999999999997,3.975332546448304,Estimable
2024,height_cm,treatment,N40,TRUE,Fm522,102.99999999999997,3.975332546448304,Estimable
2024,height_cm,treatment,N40,TRUE,Fm523,131.99999999999994,3.9753325464483042,Estimable
2024,height_cm,treatment,N40,TRUE,Fm524,104.99999999999996,3.9753325464483042,Estimable
2024,height_cm,treatment,N40,TRUE,Fm537,106.66666666666661,3.9753325464483042,Estimable
2024,height_cm,treatment,N40,TRUE,Fm552,88.3333333333333,3.9753325464483042,Estimable
2024,height_cm,treatment,N40,TRUE,Fm56,108.33333333333329,3.9753325464483042,Estimable
2024,height_cm,treatment,N40,TRUE,Fm560,66.66666666666669,3.9753325464483042,Estimable
2024,height_cm,treatment,N40,TRUE,Fm566,89.66666666666664,3.975332546448304,Estimable
2024,height_cm,treatment,N40,TRUE,Fm569,88.99999999999997,3.9753325464483042,Estimable
2024,height_cm,treatment,N40,TRUE,Fm585,114.96550561419421,4.868706026620256,Estimable
2024,height_cm,treatment,N40,TRUE,Fm589,102.99999999999996,3.9753325464483042,Estimable
2024,height_cm,treatment,N40,TRUE,Fm590,77.66666666666664,3.9753325464483042,Estimable
2024,height_cm,treatment,N40,TRUE,Fm592,77.66666666666666,3.9753325464483042,Estimable
2024,height_cm,treatment,N40,TRUE,Fm600,94.66666666666663,3.9753325464483042,Estimable
2024,height_cm,treatment,N40,TRUE,Fm601,112.33333333333329,3.9753325464483047,Estimable
2024,height_cm,treatment,N40,TRUE,Fm610,93.33333333333329,3.975332546448305,Estimable
2024,height_cm,treatment,N40,TRUE,Fm611,89.33333333333329,3.9753325464483047,Estimable
2024,height_cm,treatment,N40,TRUE,Fm612,89.99999999999997,3.9753325464483047,Estimable
2024,height_cm,treatment,N40,TRUE,Fm614,111.33333333333329,3.975332546448305,Estimable
2024,height_cm,treatment,N40,TRUE,Fm615,136.66666666666663,3.975332546448305,Estimable
2024,height_cm,treatment,N40,TRUE,Fm616,93.66666666666663,3.9753325464483056,Estimable
2024,height_cm,treatment,N40,TRUE,Fm620,90.3333333333333,3.9753325464483056,Estimable
2024,height_cm,treatment,N40,TRUE,Fm621,104.66666666666664,3.9753325464483056,Estimable
2024,height_cm,treatment,N40,TRUE,Fm65,120.33333333333329,3.9753325464483056,Estimable
2024,height_cm,treatment,N40,TRUE,Fm78,87.5139622781597,4.868706026620259,Estimable
2024,height_cm,treatment,N40,TRUE,Fm79,96.3333333333333,3.9753325464483056,Estimable
2024,height_cm,treatment,N40,TRUE,Fm86,102.99999999999999,3.9753325464483056,Estimable
2024,height_cm,treatment,N40,TRUE,Fm9,107.3333333333333,3.975332546448306,Estimable
2024,height_cm,treatment,N120,TRUE,Fm134,46.6666666666036,4.308842858563058,Estimable
2024,height_cm,treatment,N120,TRUE,Fm156,102.99999999999909,4.3088428585657415,Estimable
2024,height_cm,treatment,N120,TRUE,Fm161,62.99999999999867,4.3088428585657415,Estimable
2024,height_cm,treatment,N120,TRUE,Fm168,87.30763962534958,5.27224548676329,Estimable
2024,height_cm,treatment,N120,TRUE,Fm170,107.66666666666538,4.3088428585657415,Estimable
2024,height_cm,treatment,N120,TRUE,Fm173,102.9999999999986,4.3088428585657415,Estimable
2024,height_cm,treatment,N120,TRUE,Fm174,90.66666666666518,4.3088428585657415,Estimable
2024,height_cm,treatment,N120,TRUE,Fm176,90.66666666666517,4.3088428585657415,Estimable
2024,height_cm,treatment,N120,TRUE,Fm181,90.9999999999985,4.3088428585657415,Estimable
2024,height_cm,treatment,N120,TRUE,Fm185,105.9999999999985,4.3088428585657415,Estimable
2024,height_cm,treatment,N120,TRUE,Fm190,109.99999999999848,4.3088428585657415,Estimable
2024,height_cm,treatment,N120,TRUE,Fm193,98.66666666666511,4.308842858565742,Estimable
2024,height_cm,treatment,N120,TRUE,Fm194,82.99999999999842,4.3088428585657415,Estimable
2024,height_cm,treatment,N120,TRUE,Fm195,131.6666666666651,4.308842858565742,Estimable
2024,height_cm,treatment,N120,TRUE,Fm20,92.33333333333172,4.308842858565742,Estimable
2024,height_cm,treatment,N120,TRUE,Fm203,104.9999999999984,4.308842858565742,Estimable
2024,height_cm,treatment,N120,TRUE,Fm208,95.33333333333172,4.308842858565742,Estimable
2024,height_cm,treatment,N120,TRUE,Fm214,104.99999999999838,4.308842858565742,Estimable
2024,height_cm,treatment,N120,TRUE,Fm215,127.33333333333171,4.308842858565742,Estimable
2024,height_cm,treatment,N120,TRUE,Fm216,95.99999999999832,4.308842858565742,Estimable
2024,height_cm,treatment,N120,TRUE,Fm219,109.66666666666501,4.308842858565742,Estimable
2024,height_cm,treatment,N120,TRUE,Fm221,103.66666666666501,4.308842858565742,Estimable
2024,height_cm,treatment,N120,TRUE,Fm225,101.33333333333165,4.3088428585657415,Estimable
2024,height_cm,treatment,N120,TRUE,Fm227,99.33333333333164,4.3088428585657415,Estimable
2024,height_cm,treatment,N120,TRUE,Fm233,98.99999999999832,4.3088428585657415,Estimable
2024,height_cm,treatment,N120,TRUE,Fm235,100.33333333333165,4.308842858565742,Estimable
2024,height_cm,treatment,N120,TRUE,Fm236,117.66666666666498,4.3088428585657415,Estimable
2024,height_cm,treatment,N120,TRUE,Fm238,114.33333333333164,4.3088428585657415,Estimable
2024,height_cm,treatment,N120,TRUE,Fm249,115.9999999999983,4.3088428585657415,Estimable
2024,height_cm,treatment,N120,TRUE,Fm250,124.9999999999983,4.308842858565742,Estimable
2024,height_cm,treatment,N120,TRUE,Fm3,108.33333333333164,4.3088428585657415,Estimable
2024,height_cm,treatment,N120,TRUE,Fm321,89.99999999999827,4.308842858565742,Estimable
2024,height_cm,treatment,N120,TRUE,Fm322,104.9999999999983,4.3088428585657415,Estimable
2024,height_cm,treatment,N120,TRUE,Fm337,95.66666666666495,4.3088428585657415,Estimable
2024,height_cm,treatment,N120,TRUE,Fm341,97.99999999999828,4.3088428585657415,Estimable
2024,height_cm,treatment,N120,TRUE,Fm343,130.66666666666495,4.3088428585657415,Estimable
2024,height_cm,treatment,N120,TRUE,Fm344,87.3333333333316,4.3088428585657415,Estimable
2024,height_cm,treatment,N120,TRUE,Fm345,106.66666666666495,4.3088428585657415,Estimable
2024,height_cm,treatment,N120,TRUE,Fm346,97.33333333333162,4.3088428585657415,Estimable
2024,height_cm,treatment,N120,TRUE,Fm347,103.33333333333164,4.3088428585657415,Estimable
2024,height_cm,treatment,N120,TRUE,Fm349,112.33333333333161,4.3088428585657415,Estimable
2024,height_cm,treatment,N120,TRUE,Fm351,108.33333333333162,4.3088428585657415,Estimable
2024,height_cm,treatment,N120,TRUE,Fm352,107.33333333333162,4.3088428585657415,Estimable
2024,height_cm,treatment,N120,TRUE,Fm354,108.33333333333162,4.3088428585657415,Estimable
2024,height_cm,treatment,N120,TRUE,Fm355,95.33333333333161,4.3088428585657415,Estimable
2024,height_cm,treatment,N120,TRUE,Fm356,101.66666666666497,4.308842858565741,Estimable
2024,height_cm,treatment,N120,TRUE,Fm358,106.99999999999831,4.308842858565741,Estimable
2024,height_cm,treatment,N120,TRUE,Fm359,110.66666666666497,4.3088428585657415,Estimable
2024,height_cm,treatment,N120,TRUE,Fm36,116.9999999999983,4.3088428585657415,Estimable
2024,height_cm,treatment,N120,TRUE,Fm361,110.30763962534962,5.272245486763292,Estimable
2024,height_cm,treatment,N120,TRUE,Fm363,113.99999999999828,4.3088428585657415,Estimable
2024,height_cm,treatment,N120,TRUE,Fm364,94.66666666666497,4.3088428585657415,Estimable
2024,height_cm,treatment,N120,TRUE,Fm365,108.33333333333165,4.3088428585657415,Estimable
2024,height_cm,treatment,N120,TRUE,Fm366,92.99999999999831,4.3088428585657415,Estimable
2024,height_cm,treatment,N120,TRUE,Fm368,105.33333333333164,4.3088428585657415,Estimable
2024,height_cm,treatment,N120,TRUE,Fm369,83.33333333333162,4.3088428585657415,Estimable
2024,height_cm,treatment,N120,TRUE,Fm370,106.33333333333164,4.3088428585657415,Estimable
2024,height_cm,treatment,N120,TRUE,Fm372,99.99999999999831,4.3088428585657415,Estimable
2024,height_cm,treatment,N120,TRUE,Fm375,108.33333333333165,4.3088428585657415,Estimable
2024,height_cm,treatment,N120,TRUE,Fm376,108.33333333333167,4.3088428585657415,Estimable
2024,height_cm,treatment,N120,TRUE,Fm377,105.33333333333165,4.3088428585657415,Estimable
2024,height_cm,treatment,N120,TRUE,Fm378,109.33333333333165,4.3088428585657415,Estimable
2024,height_cm,treatment,N120,TRUE,Fm379,104.99999999999834,4.308842858565741,Estimable
2024,height_cm,treatment,N120,TRUE,Fm380,109.99999999999832,4.308842858565741,Estimable
2024,height_cm,treatment,N120,TRUE,Fm381,114.666666666665,4.308842858565741,Estimable
2024,height_cm,treatment,N120,TRUE,Fm382,91.99999999999834,4.308842858565741,Estimable
2024,height_cm,treatment,N120,TRUE,Fm384,87.33333333333167,4.3088428585657415,Estimable
2024,height_cm,treatment,N120,TRUE,Fm387,96.99999999999835,4.308842858565741,Estimable
2024,height_cm,treatment,N120,TRUE,Fm388,97.99999999999834,4.3088428585657415,Estimable
2024,height_cm,treatment,N120,TRUE,Fm389,82.99999999999834,4.308842858565741,Estimable
2024,height_cm,treatment,N120,TRUE,Fm391,104.66666666666502,4.308842858565741,Estimable
2024,height_cm,treatment,N120,TRUE,Fm392,98.33333333333168,4.308842858565741,Estimable
2024,height_cm,treatment,N120,TRUE,Fm394,94.66666666666504,4.308842858565741,Estimable
2024,height_cm,treatment,N120,TRUE,Fm395,113.666666666665,4.308842858565741,Estimable
2024,height_cm,treatment,N120,TRUE,Fm396,89.99999999999834,4.308842858565741,Estimable
2024,height_cm,treatment,N120,TRUE,Fm398,95.30763962534971,5.272245486763293,Estimable
2024,height_cm,treatment,N120,TRUE,Fm400,103.33333333333168,4.308842858565741,Estimable
2024,height_cm,treatment,N120,TRUE,Fm401,99.66666666666501,4.308842858565741,Estimable
2024,height_cm,treatment,N120,TRUE,Fm402,108.99999999999835,4.308842858565741,Estimable
2024,height_cm,treatment,N120,TRUE,Fm404,108.25518313483445,5.272224273204842,Estimable
2024,height_cm,treatment,N120,TRUE,Fm405,114.99999999999834,4.308842858565741,Estimable
2024,height_cm,treatment,N120,TRUE,Fm406,102.66666666666501,4.308842858565741,Estimable
2024,height_cm,treatment,N120,TRUE,Fm407,103.99999999999832,4.308842858565741,Estimable
2024,height_cm,treatment,N120,TRUE,Fm41,97.666666666665,4.308842858565741,Estimable
2024,height_cm,treatment,N120,TRUE,Fm410,105.3333333333317,4.308842858565741,Estimable
2024,height_cm,treatment,N120,TRUE,Fm411,101.33333333333167,4.308842858565741,Estimable
2024,height_cm,treatment,N120,TRUE,Fm412,86.666666666665,4.308842858565741,Estimable
2024,height_cm,treatment,N120,TRUE,Fm413,91.99999999999832,4.3088428585657415,Estimable
2024,height_cm,treatment,N120,TRUE,Fm414,93.66666666666501,4.3088428585657415,Estimable
2024,height_cm,treatment,N120,TRUE,Fm415,93.33333333333168,4.308842858565741,Estimable
2024,height_cm,treatment,N120,TRUE,Fm416,113.99999999999832,4.308842858565741,Estimable
2024,height_cm,treatment,N120,TRUE,Fm417,106.99999999999834,4.308842858565741,Estimable
2024,height_cm,treatment,N120,TRUE,Fm418,89.66666666666501,4.308842858565741,Estimable
2024,height_cm,treatment,N120,TRUE,Fm419,94.33333333333167,4.308842858565741,Estimable
2024,height_cm,treatment,N120,TRUE,Fm420,97.66666666666501,4.3088428585657415,Estimable
2024,height_cm,treatment,N120,TRUE,Fm421,106.33333333333167,4.308842858565741,Estimable
2024,height_cm,treatment,N120,TRUE,Fm428,88.33333333333167,4.308842858565741,Estimable
2024,height_cm,treatment,N120,TRUE,Fm429,130.33333333333167,4.308842858565741,Estimable
2024,height_cm,treatment,N120,TRUE,Fm43,90.66666666666501,4.308842858565741,Estimable
2024,height_cm,treatment,N120,TRUE,Fm44,100.99999999999835,4.308842858565741,Estimable
2024,height_cm,treatment,N120,TRUE,Fm442,86.99999999999834,4.308842858565741,Estimable
2024,height_cm,treatment,N120,TRUE,Fm443,96.33333333333167,4.308842858565741,Estimable
2024,height_cm,treatment,N120,TRUE,Fm444,95.66666666666501,4.308842858565741,Estimable
2024,height_cm,treatment,N120,TRUE,Fm446,111.99999999999835,4.308842858565741,Estimable
2024,height_cm,treatment,N120,TRUE,Fm458,125.66666666666502,4.308842858565741,Estimable
2024,height_cm,treatment,N120,TRUE,Fm464,102.66666666666504,4.308842858565741,Estimable
2024,height_cm,treatment,N120,TRUE,Fm474,102.66666666666502,4.3088428585657415,Estimable
2024,height_cm,treatment,N120,TRUE,Fm475,104.25518313483448,5.272224273204842,Estimable
2024,height_cm,treatment,N120,TRUE,Fm477,111.66666666666501,4.308842858565741,Estimable
2024,height_cm,treatment,N120,TRUE,Fm478,117.99999999999837,4.308842858565741,Estimable
2024,height_cm,treatment,N120,TRUE,Fm480,114.66666666666501,4.308842858565741,Estimable
2024,height_cm,treatment,N120,TRUE,Fm482,113.99999999999834,4.308842858565741,Estimable
2024,height_cm,treatment,N120,TRUE,Fm484,104.66666666666502,4.308842858565741,Estimable
2024,height_cm,treatment,N120,TRUE,Fm489,115.33333333333167,4.308842858565741,Estimable
2024,height_cm,treatment,N120,TRUE,Fm491,93.3333333333317,4.308842858565741,Estimable
2024,height_cm,treatment,N120,TRUE,Fm492,123.80763962534976,5.272245486763292,Estimable
2024,height_cm,treatment,N120,TRUE,Fm496,125.66666666666501,4.308842858565741,Estimable
2024,height_cm,treatment,N120,TRUE,Fm505,98.33333333333168,4.308842858565741,Estimable
2024,height_cm,treatment,N120,TRUE,Fm507,53.999999999998394,4.308842858565741,Estimable
2024,height_cm,treatment,N120,TRUE,Fm510,120.33333333333167,4.308842858565741,Estimable
2024,height_cm,treatment,N120,TRUE,Fm518,102.33333333333167,4.308842858565741,Estimable
2024,height_cm,treatment,N120,TRUE,Fm519,103.99999999999835,4.308842858565741,Estimable
2024,height_cm,treatment,N120,TRUE,Fm522,103.66666666666501,4.308842858565741,Estimable
2024,height_cm,treatment,N120,TRUE,Fm523,131.99999999999832,4.308842858565741,Estimable
2024,height_cm,treatment,N120,TRUE,Fm524,101.33333333333167,4.308842858565741,Estimable
2024,height_cm,treatment,N120,TRUE,Fm537,112.666666666665,4.308842858565741,Estimable
2024,height_cm,treatment,N120,TRUE,Fm552,94.666666666665,4.308842858565741,Estimable
2024,height_cm,treatment,N120,TRUE,Fm56,112.666666666665,4.308842858565741,Estimable
2024,height_cm,treatment,N120,TRUE,Fm560,63.66666666666501,4.308842858565741,Estimable
2024,height_cm,treatment,N120,TRUE,Fm566,92.99999999999834,4.308842858565741,Estimable
2024,height_cm,treatment,N120,TRUE,Fm569,83.66666666666501,4.308842858565741,Estimable
2024,height_cm,treatment,N120,TRUE,Fm585,119.38472074929705,7.449020710895139,Estimable
2024,height_cm,treatment,N120,TRUE,Fm589,103.66666666666501,4.308842858565741,Estimable
2024,height_cm,treatment,N120,TRUE,Fm590,72.33333333333168,4.308842858565741,Estimable
2024,height_cm,treatment,N120,TRUE,Fm592,75.66666666666501,4.308842858565741,Estimable
2024,height_cm,treatment,N120,TRUE,Fm600,96.66666666666502,4.3088428585657415,Estimable
2024,height_cm,treatment,N120,TRUE,Fm601,101.33333333333168,4.308842858565741,Estimable
2024,height_cm,treatment,N120,TRUE,Fm610,95.66666666666502,4.3088428585657415,Estimable
2024,height_cm,treatment,N120,TRUE,Fm611,90.66666666666504,4.3088428585657415,Estimable
2024,height_cm,treatment,N120,TRUE,Fm612,94.66666666666505,4.3088428585657415,Estimable
2024,height_cm,treatment,N120,TRUE,Fm614,111.66666666666505,4.3088428585657415,Estimable
2024,height_cm,treatment,N120,TRUE,Fm615,137.66666666666504,4.3088428585657415,Estimable
2024,height_cm,treatment,N120,TRUE,Fm616,85.99999999999835,4.3088428585657415,Estimable
2024,height_cm,treatment,N120,TRUE,Fm620,94.66666666666502,4.3088428585657415,Estimable
2024,height_cm,treatment,N120,TRUE,Fm621,110.66666666666501,4.3088428585657415,Estimable
2024,height_cm,treatment,N120,TRUE,Fm65,121.3333333333317,4.3088428585657415,Estimable
2024,height_cm,treatment,N120,TRUE,Fm78,114.66666666666504,4.3088428585657415,Estimable
2024,height_cm,treatment,N120,TRUE,Fm79,101.3333333333317,4.3088428585657415,Estimable
2024,height_cm,treatment,N120,TRUE,Fm86,103.66666666666502,4.3088428585657415,Estimable
2024,height_cm,treatment,N120,TRUE,Fm9,110.99999999999837,4.308842858565742,Estimable
2024,plants_m2,treatment,N40,TRUE,Fm134,7.333333333344694,5.46665555413106,Estimable
2024,plants_m2,treatment,N40,TRUE,Fm156,27.999999999999993,5.466655554128705,Estimable
2024,plants_m2,treatment,N40,TRUE,Fm161,64.66666666666664,5.466655554128705,Estimable
2024,plants_m2,treatment,N40,TRUE,Fm168,25.9747772406103,9.46850625637918,Estimable
2024,plants_m2,treatment,N40,TRUE,Fm170,18.000000000000007,5.466655554128705,Estimable
2024,plants_m2,treatment,N40,TRUE,Fm173,45.33333333333332,5.466655554128705,Estimable
2024,plants_m2,treatment,N40,TRUE,Fm174,24.000000000000007,5.466655554128705,Estimable
2024,plants_m2,treatment,N40,TRUE,Fm176,19.33333333333334,5.466655554128705,Estimable
2024,plants_m2,treatment,N40,TRUE,Fm181,79.99999999999996,5.466655554128705,Estimable
2024,plants_m2,treatment,N40,TRUE,Fm185,67.98990727958811,6.695251767137223,Estimable
2024,plants_m2,treatment,N40,TRUE,Fm190,49.99999999999999,5.466655554128706,Estimable
2024,plants_m2,treatment,N40,TRUE,Fm193,65.33333333333331,5.466655554128706,Estimable
2024,plants_m2,treatment,N40,TRUE,Fm194,13.333333333333345,5.466655554128705,Estimable
2024,plants_m2,treatment,N40,TRUE,Fm195,65.3333333333333,5.466655554128705,Estimable
2024,plants_m2,treatment,N40,TRUE,Fm20,67.99999999999997,5.466655554128706,Estimable
2024,plants_m2,treatment,N40,TRUE,Fm203,36,5.466655554128706,Estimable
2024,plants_m2,treatment,N40,TRUE,Fm208,10.66666666666667,5.466655554128706,Estimable
2024,plants_m2,treatment,N40,TRUE,Fm214,60.666666666666664,5.466655554128706,Estimable
2024,plants_m2,treatment,N40,TRUE,Fm215,94.66666666666664,5.466655554128706,Estimable
2024,plants_m2,treatment,N40,TRUE,Fm216,4.666666666666652,5.466655554128706,Estimable
2024,plants_m2,treatment,N40,TRUE,Fm219,89.3333333333333,5.466655554128706,Estimable
2024,plants_m2,treatment,N40,TRUE,Fm221,31.333333333333332,5.466655554128707,Estimable
2024,plants_m2,treatment,N40,TRUE,Fm225,88.66666666666664,5.466655554128707,Estimable
2024,plants_m2,treatment,N40,TRUE,Fm227,8.666666666666675,5.466655554128706,Estimable
2024,plants_m2,treatment,N40,TRUE,Fm233,32.666666666666664,5.466655554128706,Estimable
2024,plants_m2,treatment,N40,TRUE,Fm235,26.666666666666675,5.466655554128707,Estimable
2024,plants_m2,treatment,N40,TRUE,Fm236,57.33333333333333,5.466655554128707,Estimable
2024,plants_m2,treatment,N40,TRUE,Fm238,31.999999999999996,5.466655554128707,Estimable
2024,plants_m2,treatment,N40,TRUE,Fm249,49.333333333333336,5.466655554128708,Estimable
2024,plants_m2,treatment,N40,TRUE,Fm250,22.666666666666668,5.466655554128708,Estimable
2024,plants_m2,treatment,N40,TRUE,Fm3,60,5.466655554128707,Estimable
2024,plants_m2,treatment,N40,TRUE,Fm321,29.666666666666675,5.466655554128707,Estimable
2024,plants_m2,treatment,N40,TRUE,Fm322,21.333333333333336,5.466655554128707,Estimable
2024,plants_m2,treatment,N40,TRUE,Fm337,6.000000000000004,5.466655554128707,Estimable
2024,plants_m2,treatment,N40,TRUE,Fm341,62,5.466655554128707,Estimable
2024,plants_m2,treatment,N40,TRUE,Fm343,58,5.466655554128707,Estimable
2024,plants_m2,treatment,N40,TRUE,Fm344,15.333333333333327,5.466655554128708,Estimable
2024,plants_m2,treatment,N40,TRUE,Fm345,11.999999999999996,5.466655554128707,Estimable
2024,plants_m2,treatment,N40,TRUE,Fm346,2.6666666666666545,5.466655554128707,Estimable
2024,plants_m2,treatment,N40,TRUE,Fm347,36.66666666666667,5.466655554128708,Estimable
2024,plants_m2,treatment,N40,TRUE,Fm349,26.00000000000001,5.466655554128708,Estimable
2024,plants_m2,treatment,N40,TRUE,Fm351,37.33333333333334,5.466655554128708,Estimable
2024,plants_m2,treatment,N40,TRUE,Fm352,7.989907279588141,6.69525176713722,Estimable
2024,plants_m2,treatment,N40,TRUE,Fm354,27.333333333333343,5.466655554128708,Estimable
2024,plants_m2,treatment,N40,TRUE,Fm355,32.66666666666667,5.466655554128708,Estimable
2024,plants_m2,treatment,N40,TRUE,Fm356,34.66666666666667,5.4666555541287085,Estimable
2024,plants_m2,treatment,N40,TRUE,Fm358,65.997481340717,6.6952516675915605,Estimable
2024,plants_m2,treatment,N40,TRUE,Fm359,30.66666666666668,5.466655554128708,Estimable
2024,plants_m2,treatment,N40,TRUE,Fm36,48.666666666666686,5.466655554128708,Estimable
2024,plants_m2,treatment,N40,TRUE,Fm361,48.666666666666686,5.466655554128708,Estimable
2024,plants_m2,treatment,N40,TRUE,Fm363,30.66666666666668,5.466655554128707,Estimable
2024,plants_m2,treatment,N40,TRUE,Fm364,6.6666666666666865,5.466655554128707,Estimable
2024,plants_m2,treatment,N40,TRUE,Fm365,59.333333333333336,5.466655554128707,Estimable
2024,plants_m2,treatment,N40,TRUE,Fm366,36.66666666666668,5.466655554128707,Estimable
2024,plants_m2,treatment,N40,TRUE,Fm368,7.333333333333338,5.466655554128707,Estimable
2024,plants_m2,treatment,N40,TRUE,Fm369,3.9999999999999982,5.466655554128707,Estimable
2024,plants_m2,treatment,N40,TRUE,Fm370,36.000000000000014,5.466655554128708,Estimable
2024,plants_m2,treatment,N40,TRUE,Fm372,24.66666666666669,5.466655554128707,Estimable
2024,plants_m2,treatment,N40,TRUE,Fm375,85.33333333333333,5.466655554128707,Estimable
2024,plants_m2,treatment,N40,TRUE,Fm376,37.33333333333335,5.466655554128708,Estimable
2024,plants_m2,treatment,N40,TRUE,Fm377,77.33333333333333,5.466655554128707,Estimable
2024,plants_m2,treatment,N40,TRUE,Fm378,21.333333333333353,5.466655554128707,Estimable
2024,plants_m2,treatment,N40,TRUE,Fm379,29.989907279588138,6.695251767137221,Estimable
2024,plants_m2,treatment,N40,TRUE,Fm380,30.00000000000002,5.466655554128707,Estimable
2024,plants_m2,treatment,N40,TRUE,Fm381,55.33333333333336,5.466655554128707,Estimable
2024,plants_m2,treatment,N40,TRUE,Fm382,11.333333333333352,5.466655554128707,Estimable
2024,plants_m2,treatment,N40,TRUE,Fm384,22.666666666666682,5.466655554128707,Estimable
2024,plants_m2,treatment,N40,TRUE,Fm387,48.666666666666686,5.466655554128707,Estimable
2024,plants_m2,treatment,N40,TRUE,Fm388,10.666666666666679,5.466655554128708,Estimable
2024,plants_m2,treatment,N40,TRUE,Fm389,26.000000000000018,5.466655554128708,Estimable
2024,plants_m2,treatment,N40,TRUE,Fm391,8.000000000000009,5.466655554128707,Estimable
2024,plants_m2,treatment,N40,TRUE,Fm392,29.33333333333335,5.466655554128707,Estimable
2024,plants_m2,treatment,N40,TRUE,Fm394,11.333333333333343,5.466655554128707,Estimable
2024,plants_m2,treatment,N40,TRUE,Fm395,16.000000000000014,5.466655554128706,Estimable
2024,plants_m2,treatment,N40,TRUE,Fm396,6.666666666666692,5.466655554128707,Estimable
2024,plants_m2,treatment,N40,TRUE,Fm398,6.000000000000008,5.466655554128707,Estimable
2024,plants_m2,treatment,N40,TRUE,Fm400,22.00000000000002,5.466655554128707,Estimable
2024,plants_m2,treatment,N40,TRUE,Fm401,50.98990727958812,6.695251767137221,Estimable
2024,plants_m2,treatment,N40,TRUE,Fm402,58.66666666666667,5.466655554128706,Estimable
2024,plants_m2,treatment,N40,TRUE,Fm404,88.00000000000001,5.466655554128707,Estimable
2024,plants_m2,treatment,N40,TRUE,Fm405,72.66666666666669,5.466655554128707,Estimable
2024,plants_m2,treatment,N40,TRUE,Fm406,27.33333333333336,5.466655554128706,Estimable
2024,plants_m2,treatment,N40,TRUE,Fm407,25.333333333333357,5.466655554128706,Estimable
2024,plants_m2,treatment,N40,TRUE,Fm41,66.00000000000001,5.466655554128706,Estimable
2024,plants_m2,treatment,N40,TRUE,Fm410,34.000000000000014,5.466655554128707,Estimable
2024,plants_m2,treatment,N40,TRUE,Fm411,40.66666666666668,5.466655554128706,Estimable
2024,plants_m2,treatment,N40,TRUE,Fm412,28.666666666666693,5.466655554128706,Estimable
2024,plants_m2,treatment,N40,TRUE,Fm413,38.666666666666686,5.466655554128707,Estimable
2024,plants_m2,treatment,N40,TRUE,Fm414,26.000000000000018,5.466655554128707,Estimable
2024,plants_m2,treatment,N40,TRUE,Fm415,21.33333333333335,5.466655554128708,Estimable
2024,plants_m2,treatment,N40,TRUE,Fm416,24.666666666666693,5.466655554128707,Estimable
2024,plants_m2,treatment,N40,TRUE,Fm417,44.000000000000014,5.466655554128707,Estimable
2024,plants_m2,treatment,N40,TRUE,Fm418,52.666666666666686,5.466655554128707,Estimable
2024,plants_m2,treatment,N40,TRUE,Fm419,42.66666666666668,5.466655554128707,Estimable
2024,plants_m2,treatment,N40,TRUE,Fm420,18.666666666666682,5.466655554128707,Estimable
2024,plants_m2,treatment,N40,TRUE,Fm421,26.666666666666682,5.466655554128707,Estimable
2024,plants_m2,treatment,N40,TRUE,Fm428,19.333333333333346,5.466655554128707,Estimable
2024,plants_m2,treatment,N40,TRUE,Fm429,26.00000000000002,5.466655554128707,Estimable
2024,plants_m2,treatment,N40,TRUE,Fm43,54.000000000000014,5.466655554128707,Estimable
2024,plants_m2,treatment,N40,TRUE,Fm44,75.33333333333336,5.466655554128708,Estimable
2024,plants_m2,treatment,N40,TRUE,Fm442,32.00000000000001,5.466655554128707,Estimable
2024,plants_m2,treatment,N40,TRUE,Fm443,19.333333333333343,5.466655554128708,Estimable
2024,plants_m2,treatment,N40,TRUE,Fm444,50.666666666666686,5.466655554128707,Estimable
2024,plants_m2,treatment,N40,TRUE,Fm446,29.333333333333353,5.466655554128707,Estimable
2024,plants_m2,treatment,N40,TRUE,Fm458,58.66666666666667,5.466655554128706,Estimable
2024,plants_m2,treatment,N40,TRUE,Fm464,38.666666666666686,5.466655554128707,Estimable
2024,plants_m2,treatment,N40,TRUE,Fm474,43.33333333333334,5.466655554128707,Estimable
2024,plants_m2,treatment,N40,TRUE,Fm475,26.666666666666682,5.466655554128708,Estimable
2024,plants_m2,treatment,N40,TRUE,Fm477,11.333333333333345,5.466655554128708,Estimable
2024,plants_m2,treatment,N40,TRUE,Fm478,18.00000000000001,5.466655554128708,Estimable
2024,plants_m2,treatment,N40,TRUE,Fm480,72.66666666666669,5.466655554128708,Estimable
2024,plants_m2,treatment,N40,TRUE,Fm482,54.66666666666667,5.466655554128708,Estimable
2024,plants_m2,treatment,N40,TRUE,Fm484,31.333333333333343,5.466655554128707,Estimable
2024,plants_m2,treatment,N40,TRUE,Fm489,20.66666666666668,5.466655554128708,Estimable
2024,plants_m2,treatment,N40,TRUE,Fm491,12.66666666666668,5.466655554128708,Estimable
2024,plants_m2,treatment,N40,TRUE,Fm492,35.33333333333335,5.466655554128708,Estimable
2024,plants_m2,treatment,N40,TRUE,Fm496,20.00000000000001,5.466655554128708,Estimable
2024,plants_m2,treatment,N40,TRUE,Fm505,49.33333333333334,5.466655554128707,Estimable
2024,plants_m2,treatment,N40,TRUE,Fm507,15.333333333333343,5.466655554128707,Estimable
2024,plants_m2,treatment,N40,TRUE,Fm510,29.333333333333346,5.466655554128706,Estimable
2024,plants_m2,treatment,N40,TRUE,Fm518,61.333333333333336,5.466655554128707,Estimable
2024,plants_m2,treatment,N40,TRUE,Fm519,13.333333333333337,5.466655554128708,Estimable
2024,plants_m2,treatment,N40,TRUE,Fm522,20.000000000000007,5.466655554128708,Estimable
2024,plants_m2,treatment,N40,TRUE,Fm523,25.33333333333334,5.466655554128708,Estimable
2024,plants_m2,treatment,N40,TRUE,Fm524,70.66666666666666,5.466655554128708,Estimable
2024,plants_m2,treatment,N40,TRUE,Fm537,101.3333333333333,5.466655554128707,Estimable
2024,plants_m2,treatment,N40,TRUE,Fm552,23.33333333333334,5.466655554128707,Estimable
2024,plants_m2,treatment,N40,TRUE,Fm56,65.33333333333333,5.466655554128707,Estimable
2024,plants_m2,treatment,N40,TRUE,Fm560,25.333333333333346,5.466655554128706,Estimable
2024,plants_m2,treatment,N40,TRUE,Fm566,86.66666666666666,5.466655554128707,Estimable
2024,plants_m2,treatment,N40,TRUE,Fm569,79.99999999999999,5.466655554128707,Estimable
2024,plants_m2,treatment,N40,TRUE,Fm585,3.333333333333346,5.466655554128708,Estimable
2024,plants_m2,treatment,N40,TRUE,Fm589,34,5.466655554128708,Estimable
2024,plants_m2,treatment,N40,TRUE,Fm590,58.66666666666667,5.466655554128707,Estimable
2024,plants_m2,treatment,N40,TRUE,Fm592,50.66666666666668,5.466655554128707,Estimable
2024,plants_m2,treatment,N40,TRUE,Fm600,41.33333333333334,5.466655554128708,Estimable
2024,plants_m2,treatment,N40,TRUE,Fm601,36.00000000000001,5.466655554128708,Estimable
2024,plants_m2,treatment,N40,TRUE,Fm610,103.99999999999999,5.466655554128708,Estimable
2024,plants_m2,treatment,N40,TRUE,Fm611,92.66666666666667,5.466655554128708,Estimable
2024,plants_m2,treatment,N40,TRUE,Fm612,24.000000000000014,5.466655554128708,Estimable
2024,plants_m2,treatment,N40,TRUE,Fm614,49.33333333333334,5.466655554128708,Estimable
2024,plants_m2,treatment,N40,TRUE,Fm615,55.333333333333336,5.466655554128708,Estimable
2024,plants_m2,treatment,N40,TRUE,Fm616,37.33333333333334,5.466655554128708,Estimable
2024,plants_m2,treatment,N40,TRUE,Fm620,65.33333333333334,5.466655554128708,Estimable
2024,plants_m2,treatment,N40,TRUE,Fm621,32.01261137969484,6.695251667591563,Estimable
2024,plants_m2,treatment,N40,TRUE,Fm65,64,5.466655554128707,Estimable
2024,plants_m2,treatment,N40,TRUE,Fm78,6.666666666666685,5.466655554128706,Estimable
2024,plants_m2,treatment,N40,TRUE,Fm79,22.00000000000001,5.466655554128708,Estimable
2024,plants_m2,treatment,N40,TRUE,Fm86,66.66666666666666,5.466655554128707,Estimable
2024,plants_m2,treatment,N40,TRUE,Fm9,55.333333333333336,5.466655554128708,Estimable
2024,plants_m2,treatment,N120,TRUE,Fm134,6.983634201688466,12.515264358069656,Estimable
2024,plants_m2,treatment,N120,TRUE,Fm156,32.187197916768525,8.860972343688196,Estimable
2024,plants_m2,treatment,N120,TRUE,Fm161,70.98363420168494,12.515264358063416,Estimable
2024,plants_m2,treatment,N120,TRUE,Fm168,25.187197916768525,8.860972343688196,Estimable
2024,plants_m2,treatment,N120,TRUE,Fm170,26.18719791676853,8.860972343688196,Estimable
2024,plants_m2,treatment,N120,TRUE,Fm173,44.983634201684886,12.515264358063417,Estimable
2024,plants_m2,treatment,N120,TRUE,Fm174,24.187197916768532,8.860972343688196,Estimable
2024,plants_m2,treatment,N120,TRUE,Fm176,18.983634201684882,12.515264358063417,Estimable
2024,plants_m2,treatment,N120,TRUE,Fm181,68.98363420168494,12.515264358063417,Estimable
2024,plants_m2,treatment,N120,TRUE,Fm185,50.98363420168491,12.515264358063417,Estimable
2024,plants_m2,treatment,N120,TRUE,Fm190,58.98363420168491,12.515264358063417,Estimable
2024,plants_m2,treatment,N120,TRUE,Fm193,88.68719791676854,8.860972343688195,Estimable
2024,plants_m2,treatment,N120,TRUE,Fm194,23.508182899157603,8.857639207910019,Estimable
2024,plants_m2,treatment,N120,TRUE,Fm195,52.983634201684914,12.515264358063417,Estimable
2024,plants_m2,treatment,N120,TRUE,Fm20,74.66666666666681,7.238767100314955,Estimable
2024,plants_m2,treatment,N120,TRUE,Fm203,32.18719791676853,8.860972343688196,Estimable
2024,plants_m2,treatment,N120,TRUE,Fm208,14.666666666666861,7.238767100314956,Estimable
2024,plants_m2,treatment,N120,TRUE,Fm214,60.1871979167685,8.860972343688195,Estimable
2024,plants_m2,treatment,N120,TRUE,Fm215,74.98363420168496,12.515264358063416,Estimable
2024,plants_m2,treatment,N120,TRUE,Fm216,4.000000000000226,7.238767100314956,Estimable
2024,plants_m2,treatment,N120,TRUE,Fm219,92.00000000000007,7.238767100314956,Estimable
2024,plants_m2,treatment,N120,TRUE,Fm221,27.333333333333535,7.238767100314956,Estimable
2024,plants_m2,treatment,N120,TRUE,Fm225,88.1871979167685,8.860972343688195,Estimable
2024,plants_m2,treatment,N120,TRUE,Fm227,8.000000000000224,7.238767100314956,Estimable
2024,plants_m2,treatment,N120,TRUE,Fm233,41.333333333333506,7.238767100314956,Estimable
2024,plants_m2,treatment,N120,TRUE,Fm235,22.187197916768525,8.860972343688195,Estimable
2024,plants_m2,treatment,N120,TRUE,Fm236,59.187197916768504,8.860972343688193,Estimable
2024,plants_m2,treatment,N120,TRUE,Fm238,34.983634201684865,12.515264358063412,Estimable
2024,plants_m2,treatment,N120,TRUE,Fm249,48.983634201684886,12.515264358063412,Estimable
2024,plants_m2,treatment,N120,TRUE,Fm3,63.187197916768476,8.860972343688196,Estimable
2024,plants_m2,treatment,N120,TRUE,Fm321,20.98363420168488,12.515264358063414,Estimable
2024,plants_m2,treatment,N120,TRUE,Fm322,28.983634201684858,12.515264358063414,Estimable
2024,plants_m2,treatment,N120,TRUE,Fm337,13.333333333333531,7.238767100314956,Estimable
2024,plants_m2,treatment,N120,TRUE,Fm341,62.187197916768476,8.860972343688196,Estimable
2024,plants_m2,treatment,N120,TRUE,Fm343,54.98363420168488,12.515264358063412,Estimable
2024,plants_m2,treatment,N120,TRUE,Fm344,10.000000000000203,7.238767100314956,Estimable
2024,plants_m2,treatment,N120,TRUE,Fm345,22.983634201684865,12.515264358063412,Estimable
2024,plants_m2,treatment,N120,TRUE,Fm346,2.9836342016848483,12.51526435806341,Estimable
2024,plants_m2,treatment,N120,TRUE,Fm347,34.187197916768504,8.860972343688196,Estimable
2024,plants_m2,treatment,N120,TRUE,Fm349,24.983634201684858,12.51526435806341,Estimable
2024,plants_m2,treatment,N120,TRUE,Fm351,41.18719791676852,8.860972343688195,Estimable
2024,plants_m2,treatment,N120,TRUE,Fm352,5.187197916768504,8.860972343688195,Estimable
2024,plants_m2,treatment,N120,TRUE,Fm354,36.983634201684836,12.515264358063408,Estimable
2024,plants_m2,treatment,N120,TRUE,Fm355,33.18719791676851,8.860972343688195,Estimable
2024,plants_m2,treatment,N120,TRUE,Fm356,36.98363420168484,12.51526435806341,Estimable
2024,plants_m2,treatment,N120,TRUE,Fm358,86.18719791676851,8.860972343688195,Estimable
2024,plants_m2,treatment,N120,TRUE,Fm359,30.18719791676853,8.860972343688195,Estimable
2024,plants_m2,treatment,N120,TRUE,Fm36,44.187197916768504,8.860972343688196,Estimable
2024,plants_m2,treatment,N120,TRUE,Fm361,56.98363420168485,12.515264358063408,Estimable
2024,plants_m2,treatment,N120,TRUE,Fm363,27.18719791676852,8.860972343688196,Estimable
2024,plants_m2,treatment,N120,TRUE,Fm364,12.66666666666684,7.238767100314955,Estimable
2024,plants_m2,treatment,N120,TRUE,Fm366,45.687197916768504,8.860972343688196,Estimable
2024,plants_m2,treatment,N120,TRUE,Fm368,12.666666666666835,7.238767100314955,Estimable
2024,plants_m2,treatment,N120,TRUE,Fm369,2.1871979167685067,8.860972343688196,Estimable
2024,plants_m2,treatment,N120,TRUE,Fm370,39.1871979167685,8.860972343688196,Estimable
2024,plants_m2,treatment,N120,TRUE,Fm372,32.50818289915761,8.857639207910019,Estimable
2024,plants_m2,treatment,N120,TRUE,Fm375,76.00000000000013,7.238767100314955,Estimable
2024,plants_m2,treatment,N120,TRUE,Fm376,44.1871979167685,8.860972343688196,Estimable
2024,plants_m2,treatment,N120,TRUE,Fm377,102.98363420168486,12.515264358063408,Estimable
2024,plants_m2,treatment,N120,TRUE,Fm379,28.18719791676853,8.860972343688196,Estimable
2024,plants_m2,treatment,N120,TRUE,Fm380,38.00000000000014,7.238767100314954,Estimable
2024,plants_m2,treatment,N120,TRUE,Fm382,18.187197916768522,8.860972343688196,Estimable
2024,plants_m2,treatment,N120,TRUE,Fm384,30.187197916768525,8.860972343688196,Estimable
2024,plants_m2,treatment,N120,TRUE,Fm387,34.983634201684865,12.515264358063408,Estimable
2024,plants_m2,treatment,N120,TRUE,Fm388,7.1871979167685005,8.860972343688198,Estimable
2024,plants_m2,treatment,N120,TRUE,Fm389,42.18719791676852,8.860972343688198,Estimable
2024,plants_m2,treatment,N120,TRUE,Fm391,6.187197916768508,8.860972343688198,Estimable
2024,plants_m2,treatment,N120,TRUE,Fm392,36.666666666666806,7.238767100314955,Estimable
2024,plants_m2,treatment,N120,TRUE,Fm394,16.98363420168486,12.51526435806341,Estimable
2024,plants_m2,treatment,N120,TRUE,Fm396,13.187197916768499,8.860972343688196,Estimable
2024,plants_m2,treatment,N120,TRUE,Fm398,0.9836342016848411,12.515264358063408,Estimable
2024,plants_m2,treatment,N120,TRUE,Fm400,25.187197916768522,8.860972343688198,Estimable
2024,plants_m2,treatment,N120,TRUE,Fm401,53.187197916768504,8.860972343688198,Estimable
2024,plants_m2,treatment,N120,TRUE,Fm402,72.98363420168485,12.515264358063407,Estimable
2024,plants_m2,treatment,N120,TRUE,Fm405,52.98363420168487,12.515264358063408,Estimable
2024,plants_m2,treatment,N120,TRUE,Fm406,12.983634201684858,12.515264358063407,Estimable
2024,plants_m2,treatment,N120,TRUE,Fm407,26.000000000000142,7.238767100314956,Estimable
2024,plants_m2,treatment,N120,TRUE,Fm41,58.98363420168485,12.515264358063408,Estimable
2024,plants_m2,treatment,N120,TRUE,Fm410,40.187197916768476,8.860972343688196,Estimable
2024,plants_m2,treatment,N120,TRUE,Fm411,31.187197916768522,8.860972343688196,Estimable
2024,plants_m2,treatment,N120,TRUE,Fm412,31.333333333333467,7.2387671003149565,Estimable
2024,plants_m2,treatment,N120,TRUE,Fm413,34.187197916768476,8.860972343688195,Estimable
2024,plants_m2,treatment,N120,TRUE,Fm414,30.000000000000135,7.2387671003149565,Estimable
2024,plants_m2,treatment,N120,TRUE,Fm415,22.98363420168485,12.515264358063408,Estimable
2024,plants_m2,treatment,N120,TRUE,Fm416,33.18719791676848,8.860972343688196,Estimable
2024,plants_m2,treatment,N120,TRUE,Fm417,48.00000000000012,7.2387671003149565,Estimable
2024,plants_m2,treatment,N120,TRUE,Fm418,49.33333333333345,7.2387671003149565,Estimable
2024,plants_m2,treatment,N120,TRUE,Fm419,42.98363420168486,12.515264358063408,Estimable
2024,plants_m2,treatment,N120,TRUE,Fm420,14.98363420168486,12.515264358063408,Estimable
2024,plants_m2,treatment,N120,TRUE,Fm428,16.983634201684865,12.515264358063408,Estimable
2024,plants_m2,treatment,N120,TRUE,Fm429,18.98363420168486,12.515264358063408,Estimable
2024,plants_m2,treatment,N120,TRUE,Fm43,56.18719791676848,8.860972343688196,Estimable
2024,plants_m2,treatment,N120,TRUE,Fm44,84.98363420168488,12.515264358063407,Estimable
2024,plants_m2,treatment,N120,TRUE,Fm442,26.18719791676851,8.860972343688196,Estimable
2024,plants_m2,treatment,N120,TRUE,Fm444,55.18719791676847,8.860972343688195,Estimable
2024,plants_m2,treatment,N120,TRUE,Fm446,36.187197916768476,8.860972343688195,Estimable
2024,plants_m2,treatment,N120,TRUE,Fm458,57.18719791676846,8.860972343688196,Estimable
2024,plants_m2,treatment,N120,TRUE,Fm464,66.18719791676851,8.860972343688196,Estimable
2024,plants_m2,treatment,N120,TRUE,Fm474,59.508182899157624,8.857639207910017,Estimable
2024,plants_m2,treatment,N120,TRUE,Fm475,46.983634201684865,12.515264358063403,Estimable
2024,plants_m2,treatment,N120,TRUE,Fm477,13.187197916768511,8.860972343688196,Estimable
2024,plants_m2,treatment,N120,TRUE,Fm478,42.98363420168487,12.515264358063403,Estimable
2024,plants_m2,treatment,N120,TRUE,Fm482,46.00000000000013,7.2387671003149565,Estimable
2024,plants_m2,treatment,N120,TRUE,Fm484,32.98363420168487,12.515264358063405,Estimable
2024,plants_m2,treatment,N120,TRUE,Fm489,22.66666666666681,7.2387671003149565,Estimable
2024,plants_m2,treatment,N120,TRUE,Fm491,16.187197916768522,8.860972343688198,Estimable
2024,plants_m2,treatment,N120,TRUE,Fm492,54.187197916768476,8.860972343688198,Estimable
2024,plants_m2,treatment,N120,TRUE,Fm496,22.98363420168485,12.515264358063403,Estimable
2024,plants_m2,treatment,N120,TRUE,Fm505,52.18719791676847,8.860972343688198,Estimable
2024,plants_m2,treatment,N120,TRUE,Fm507,24.18719791676852,8.860972343688198,Estimable
2024,plants_m2,treatment,N120,TRUE,Fm510,26.983634201684854,12.515264358063405,Estimable
2024,plants_m2,treatment,N120,TRUE,Fm518,64.66666666666679,7.2387671003149565,Estimable
2024,plants_m2,treatment,N120,TRUE,Fm519,30.983634201684858,12.515264358063405,Estimable
2024,plants_m2,treatment,N120,TRUE,Fm522,26.983634201684854,12.515264358063405,Estimable
2024,plants_m2,treatment,N120,TRUE,Fm523,42.983634201684865,12.515264358063405,Estimable
2024,plants_m2,treatment,N120,TRUE,Fm524,80.1871979167685,8.8609723436882,Estimable
2024,plants_m2,treatment,N120,TRUE,Fm537,89.1871979167685,8.8609723436882,Estimable
2024,plants_m2,treatment,N120,TRUE,Fm552,22.18719791676851,8.8609723436882,Estimable
2024,plants_m2,treatment,N120,TRUE,Fm56,88.98363420168488,12.515264358063403,Estimable
2024,plants_m2,treatment,N120,TRUE,Fm560,19.18719791676851,8.8609723436882,Estimable
2024,plants_m2,treatment,N120,TRUE,Fm566,92.6666666666668,7.238767100314958,Estimable
2024,plants_m2,treatment,N120,TRUE,Fm569,68.98363420168488,12.515264358063403,Estimable
2024,plants_m2,treatment,N120,TRUE,Fm585,13.333333333333481,7.238767100314958,Estimable
2024,plants_m2,treatment,N120,TRUE,Fm589,30.187197916768525,8.8609723436882,Estimable
2024,plants_m2,treatment,N120,TRUE,Fm590,102.98363420168486,12.515264358063403,Estimable
2024,plants_m2,treatment,N120,TRUE,Fm592,52.98363420168487,12.515264358063401,Estimable
2024,plants_m2,treatment,N120,TRUE,Fm600,42.98363420168487,12.515264358063401,Estimable
2024,plants_m2,treatment,N120,TRUE,Fm601,46.00000000000014,7.238767100314959,Estimable
2024,plants_m2,treatment,N120,TRUE,Fm610,80.98363420168488,12.515264358063401,Estimable
2024,plants_m2,treatment,N120,TRUE,Fm611,118.98363420168488,12.515264358063401,Estimable
2024,plants_m2,treatment,N120,TRUE,Fm612,74.18719791676848,8.8609723436882,Estimable
2024,plants_m2,treatment,N120,TRUE,Fm614,40.98363420168487,12.515264358063401,Estimable
2024,plants_m2,treatment,N120,TRUE,Fm616,43.18719791676849,8.8609723436882,Estimable
2024,plants_m2,treatment,N120,TRUE,Fm620,44.00000000000015,7.238767100314958,Estimable
2024,plants_m2,treatment,N120,TRUE,Fm65,50.18719791676848,8.860972343688202,Estimable
2024,plants_m2,treatment,N120,TRUE,Fm78,3.187197916768497,8.8609723436882,Estimable
2024,plants_m2,treatment,N120,TRUE,Fm79,16.187197916768522,8.860972343688198,Estimable
2024,plants_m2,treatment,N120,TRUE,Fm86,68.98363420168488,12.515264358063403,Estimable
2024,plants_m2,treatment,N120,TRUE,Fm9,74.98363420168486,12.515264358063401,Estimable
2024,number_of_tillers,treatment,N40,TRUE,Fm134,22.333333333369733,0.8182365405158819,Estimable
2024,number_of_tillers,treatment,N40,TRUE,Fm156,1.3333333333333381,0.8182365405151889,Estimable
2024,number_of_tillers,treatment,N40,TRUE,Fm161,2.0000000000000004,0.818236540515189,Estimable
2024,number_of_tillers,treatment,N40,TRUE,Fm168,1.0000000000000027,0.8182365405151889,Estimable
2024,number_of_tillers,treatment,N40,TRUE,Fm170,2.000000000000002,0.8182365405151889,Estimable
2024,number_of_tillers,treatment,N40,TRUE,Fm173,10.00000000000001,0.8182365405151889,Estimable
2024,number_of_tillers,treatment,N40,TRUE,Fm174,5.666666666666671,0.8182365405151889,Estimable
2024,number_of_tillers,treatment,N40,TRUE,Fm176,3.6666666666666687,0.8182365405151889,Estimable
2024,number_of_tillers,treatment,N40,TRUE,Fm181,4.000000000000003,0.8182365405151889,Estimable
2024,number_of_tillers,treatment,N40,TRUE,Fm185,0.6666666666666697,0.8182365405151889,Estimable
2024,number_of_tillers,treatment,N40,TRUE,Fm190,1.0000000000000038,0.8182365405151889,Estimable
2024,number_of_tillers,treatment,N40,TRUE,Fm193,1.3333333333333373,0.8182365405151888,Estimable
2024,number_of_tillers,treatment,N40,TRUE,Fm194,2.0000000000000027,0.8182365405151888,Estimable
2024,number_of_tillers,treatment,N40,TRUE,Fm195,1.0535199183287913e-16,0.8182365405151889,Estimable
2024,number_of_tillers,treatment,N40,TRUE,Fm20,0.6666666666666691,0.8182365405151888,Estimable
2024,number_of_tillers,treatment,N40,TRUE,Fm203,5.000000000000002,0.8182365405151888,Estimable
2024,number_of_tillers,treatment,N40,TRUE,Fm208,0.3333333333333338,0.8182365405151889,Estimable
2024,number_of_tillers,treatment,N40,TRUE,Fm214,3.000000000000002,0.8182365405151889,Estimable
2024,number_of_tillers,treatment,N40,TRUE,Fm215,1.6666666666666679,0.8182365405151889,Estimable
2024,number_of_tillers,treatment,N40,TRUE,Fm216,-0.002852425629244603,1.417198909857986,Estimable
2024,number_of_tillers,treatment,N40,TRUE,Fm219,4.333333333333335,0.8182365405151888,Estimable
2024,number_of_tillers,treatment,N40,TRUE,Fm221,1.333333333333336,0.8182365405151888,Estimable
2024,number_of_tillers,treatment,N40,TRUE,Fm225,4.000000000000001,0.8182365405151887,Estimable
2024,number_of_tillers,treatment,N40,TRUE,Fm227,3.000000000000002,0.8182365405151888,Estimable
2024,number_of_tillers,treatment,N40,TRUE,Fm233,-1.0938020008024311e-16,0.8182365405151887,Estimable
2024,number_of_tillers,treatment,N40,TRUE,Fm235,1.6666666666666679,0.8182365405151888,Estimable
2024,number_of_tillers,treatment,N40,TRUE,Fm236,0.666666666666668,0.8182365405151888,Estimable
2024,number_of_tillers,treatment,N40,TRUE,Fm238,3.333333333333335,0.8182365405151887,Estimable
2024,number_of_tillers,treatment,N40,TRUE,Fm249,0.3333333333333338,0.8182365405151887,Estimable
2024,number_of_tillers,treatment,N40,TRUE,Fm250,0.33333333333333415,0.8182365405151887,Estimable
2024,number_of_tillers,treatment,N40,TRUE,Fm3,2.3333333333333353,0.8182365405151886,Estimable
2024,number_of_tillers,treatment,N40,TRUE,Fm321,3.3333333333333353,0.8182365405151887,Estimable
2024,number_of_tillers,treatment,N40,TRUE,Fm322,0.3333333333333344,0.8182365405151886,Estimable
2024,number_of_tillers,treatment,N40,TRUE,Fm337,1.5757809962001363e-16,0.8182365405151886,Estimable
2024,number_of_tillers,treatment,N40,TRUE,Fm341,1.6666666666666679,0.8182365405151886,Estimable
2024,number_of_tillers,treatment,N40,TRUE,Fm343,1.0000000000000022,0.8182365405151886,Estimable
2024,number_of_tillers,treatment,N40,TRUE,Fm344,1.000000000000002,0.8182365405151886,Estimable
2024,number_of_tillers,treatment,N40,TRUE,Fm345,2.333333333333335,0.8182365405151886,Estimable
2024,number_of_tillers,treatment,N40,TRUE,Fm346,-0.006053101313217513,1.002121076235348,Estimable
2024,number_of_tillers,treatment,N40,TRUE,Fm347,1.000000000000002,0.8182365405151886,Estimable
2024,number_of_tillers,treatment,N40,TRUE,Fm349,1.6666666666666676,0.8182365405151886,Estimable
2024,number_of_tillers,treatment,N40,TRUE,Fm351,1.6666666666666679,0.8182365405151886,Estimable
2024,number_of_tillers,treatment,N40,TRUE,Fm352,0.9939468986867843,1.002121076235348,Estimable
2024,number_of_tillers,treatment,N40,TRUE,Fm354,0.33333333333333415,0.8182365405151886,Estimable
2024,number_of_tillers,treatment,N40,TRUE,Fm355,0.6666666666666684,0.8182365405151887,Estimable
2024,number_of_tillers,treatment,N40,TRUE,Fm356,0.3333333333333341,0.8182365405151886,Estimable
2024,number_of_tillers,treatment,N40,TRUE,Fm358,1.3333333333333357,0.8182365405151886,Estimable
2024,number_of_tillers,treatment,N40,TRUE,Fm359,0.6666666666666685,0.8182365405151886,Estimable
2024,number_of_tillers,treatment,N40,TRUE,Fm36,3.6666666666666674,0.8182365405151886,Estimable
2024,number_of_tillers,treatment,N40,TRUE,Fm361,0.33333333333333404,0.8182365405151886,Estimable
2024,number_of_tillers,treatment,N40,TRUE,Fm363,1.0000000000000018,0.8182365405151886,Estimable
2024,number_of_tillers,treatment,N40,TRUE,Fm364,2.6296607051726983e-16,0.8182365405151886,Estimable
2024,number_of_tillers,treatment,N40,TRUE,Fm365,1.000000000000002,0.8182365405151885,Estimable
2024,number_of_tillers,treatment,N40,TRUE,Fm366,-1.285787207222665e-16,0.8182365405151886,Estimable
2024,number_of_tillers,treatment,N40,TRUE,Fm368,1.3333333333333348,0.8182365405151886,Estimable
2024,number_of_tillers,treatment,N40,TRUE,Fm369,1.3333333333333346,0.8182365405151887,Estimable
2024,number_of_tillers,treatment,N40,TRUE,Fm370,2.333333333333334,0.8182365405151887,Estimable
2024,number_of_tillers,treatment,N40,TRUE,Fm372,3.666666666666668,0.8182365405151887,Estimable
2024,number_of_tillers,treatment,N40,TRUE,Fm375,3.3333333333333344,0.8182365405151886,Estimable
2024,number_of_tillers,treatment,N40,TRUE,Fm376,1.3333333333333348,0.8182365405151886,Estimable
2024,number_of_tillers,treatment,N40,TRUE,Fm377,1.333333333333335,0.8182365405151886,Estimable
2024,number_of_tillers,treatment,N40,TRUE,Fm378,2.000000000000001,0.8182365405151886,Estimable
2024,number_of_tillers,treatment,N40,TRUE,Fm379,4.666666666666668,0.8182365405151886,Estimable
2024,number_of_tillers,treatment,N40,TRUE,Fm380,1.3333333333333355,0.8182365405151886,Estimable
2024,number_of_tillers,treatment,N40,TRUE,Fm381,1.000000000000002,0.8182365405151887,Estimable
2024,number_of_tillers,treatment,N40,TRUE,Fm382,6.666666666666666,0.8182365405151887,Estimable
2024,number_of_tillers,treatment,N40,TRUE,Fm384,1.0000000000000018,0.8182365405151887,Estimable
2024,number_of_tillers,treatment,N40,TRUE,Fm387,1.333333333333335,0.8182365405151886,Estimable
2024,number_of_tillers,treatment,N40,TRUE,Fm388,3.6666666666666674,0.8182365405151887,Estimable
2024,number_of_tillers,treatment,N40,TRUE,Fm389,0.666666666666668,0.8182365405151886,Estimable
2024,number_of_tillers,treatment,N40,TRUE,Fm391,1.6666666666666672,0.8182365405151886,Estimable
2024,number_of_tillers,treatment,N40,TRUE,Fm392,3.666666666666667,0.8182365405151886,Estimable
2024,number_of_tillers,treatment,N40,TRUE,Fm394,4.333333333333334,0.8182365405151887,Estimable
2024,number_of_tillers,treatment,N40,TRUE,Fm395,2.0000000000000004,0.8182365405151886,Estimable
2024,number_of_tillers,treatment,N40,TRUE,Fm396,4.333333333333334,0.8182365405151887,Estimable
2024,number_of_tillers,treatment,N40,TRUE,Fm398,2.0000000000000004,0.8182365405151886,Estimable
2024,number_of_tillers,treatment,N40,TRUE,Fm400,2.0000000000000004,0.8182365405151887,Estimable
2024,number_of_tillers,treatment,N40,TRUE,Fm401,1.000000000000001,0.8182365405151887,Estimable
2024,number_of_tillers,treatment,N40,TRUE,Fm402,2.333333333333334,0.8182365405151887,Estimable
2024,number_of_tillers,treatment,N40,TRUE,Fm404,1.3333333333333348,0.8182365405151886,Estimable
2024,number_of_tillers,treatment,N40,TRUE,Fm405,2.6666666666666674,0.8182365405151886,Estimable
2024,number_of_tillers,treatment,N40,TRUE,Fm406,1.0000000000000018,0.8182365405151886,Estimable
2024,number_of_tillers,treatment,N40,TRUE,Fm407,0.6666666666666683,0.8182365405151886,Estimable
2024,number_of_tillers,treatment,N40,TRUE,Fm41,5.000000000000002,0.8182365405151887,Estimable
2024,number_of_tillers,treatment,N40,TRUE,Fm410,1.333333333333335,0.8182365405151887,Estimable
2024,number_of_tillers,treatment,N40,TRUE,Fm411,1.0000000000000013,0.8182365405151888,Estimable
2024,number_of_tillers,treatment,N40,TRUE,Fm412,5.333333333333336,0.8182365405151888,Estimable
2024,number_of_tillers,treatment,N40,TRUE,Fm413,3.666666666666667,0.8182365405151887,Estimable
2024,number_of_tillers,treatment,N40,TRUE,Fm414,0.6666666666666673,0.8182365405151888,Estimable
2024,number_of_tillers,treatment,N40,TRUE,Fm415,3.3333333333333344,0.8182365405151888,Estimable
2024,number_of_tillers,treatment,N40,TRUE,Fm416,2.0000000000000004,0.8182365405151887,Estimable
2024,number_of_tillers,treatment,N40,TRUE,Fm417,3.0000000000000013,0.8182365405151888,Estimable
2024,number_of_tillers,treatment,N40,TRUE,Fm418,0.6666666666666677,0.8182365405151887,Estimable
2024,number_of_tillers,treatment,N40,TRUE,Fm419,2.3333333333333344,0.8182365405151888,Estimable
2024,number_of_tillers,treatment,N40,TRUE,Fm420,-7.437019888655865e-17,0.8182365405151887,Estimable
2024,number_of_tillers,treatment,N40,TRUE,Fm421,1.6666666666666676,0.8182365405151887,Estimable
2024,number_of_tillers,treatment,N40,TRUE,Fm428,5.000000000000002,0.8182365405151888,Estimable
2024,number_of_tillers,treatment,N40,TRUE,Fm429,0.3333333333333336,0.8182365405151888,Estimable
2024,number_of_tillers,treatment,N40,TRUE,Fm43,3.666666666666668,0.8182365405151887,Estimable
2024,number_of_tillers,treatment,N40,TRUE,Fm44,4.000000000000002,0.8182365405151887,Estimable
2024,number_of_tillers,treatment,N40,TRUE,Fm442,1.6666666666666683,0.8182365405151887,Estimable
2024,number_of_tillers,treatment,N40,TRUE,Fm443,2.9939468986867888,1.002121076235348,Estimable
2024,number_of_tillers,treatment,N40,TRUE,Fm444,0.6666666666666685,0.8182365405151887,Estimable
2024,number_of_tillers,treatment,N40,TRUE,Fm446,1.3333333333333355,0.8182365405151887,Estimable
2024,number_of_tillers,treatment,N40,TRUE,Fm458,5.2321439558117875e-16,0.8182365405151887,Estimable
2024,number_of_tillers,treatment,N40,TRUE,Fm464,4.000000000000002,0.8182365405151887,Estimable
2024,number_of_tillers,treatment,N40,TRUE,Fm474,2.6666666666666687,0.8182365405151887,Estimable
2024,number_of_tillers,treatment,N40,TRUE,Fm475,1.3333333333333355,0.8182365405151886,Estimable
2024,number_of_tillers,treatment,N40,TRUE,Fm477,1.6666666666666683,0.8182365405151886,Estimable
2024,number_of_tillers,treatment,N40,TRUE,Fm478,1.6666666666666685,0.8182365405151886,Estimable
2024,number_of_tillers,treatment,N40,TRUE,Fm480,0.3333333333333345,0.8182365405151886,Estimable
2024,number_of_tillers,treatment,N40,TRUE,Fm482,1.0000000000000024,0.8182365405151887,Estimable
2024,number_of_tillers,treatment,N40,TRUE,Fm484,1.0000000000000024,0.8182365405151888,Estimable
2024,number_of_tillers,treatment,N40,TRUE,Fm489,0.33333333333333454,0.8182365405151887,Estimable
2024,number_of_tillers,treatment,N40,TRUE,Fm491,2.0000000000000018,0.8182365405151887,Estimable
2024,number_of_tillers,treatment,N40,TRUE,Fm492,1.6666666666666683,0.8182365405151888,Estimable
2024,number_of_tillers,treatment,N40,TRUE,Fm496,0.6666666666666684,0.8182365405151888,Estimable
2024,number_of_tillers,treatment,N40,TRUE,Fm505,1.0000000000000022,0.8182365405151887,Estimable
2024,number_of_tillers,treatment,N40,TRUE,Fm507,16.666666666666668,0.8182365405151887,Estimable
2024,number_of_tillers,treatment,N40,TRUE,Fm510,3.9104528300597004e-16,0.8182365405151887,Estimable
2024,number_of_tillers,treatment,N40,TRUE,Fm518,4.000000000000002,0.8182365405151886,Estimable
2024,number_of_tillers,treatment,N40,TRUE,Fm519,2.6666666666666687,0.8182365405151887,Estimable
2024,number_of_tillers,treatment,N40,TRUE,Fm522,5.66666666666667,0.8182365405151886,Estimable
2024,number_of_tillers,treatment,N40,TRUE,Fm523,0.33333333333333426,0.8182365405151887,Estimable
2024,number_of_tillers,treatment,N40,TRUE,Fm524,4.666666666666669,0.8182365405151886,Estimable
2024,number_of_tillers,treatment,N40,TRUE,Fm537,2.0000000000000018,0.8182365405151887,Estimable
2024,number_of_tillers,treatment,N40,TRUE,Fm552,2.6666666666666687,0.8182365405151888,Estimable
2024,number_of_tillers,treatment,N40,TRUE,Fm56,5.66666666666667,0.8182365405151887,Estimable
2024,number_of_tillers,treatment,N40,TRUE,Fm560,23.333333333333332,0.8182365405151886,Estimable
2024,number_of_tillers,treatment,N40,TRUE,Fm566,13.666666666666666,0.8182365405151888,Estimable
2024,number_of_tillers,treatment,N40,TRUE,Fm569,15.333333333333332,0.8182365405151887,Estimable
2024,number_of_tillers,treatment,N40,TRUE,Fm585,7.004626888498598,1.0021209830660982,Estimable
2024,number_of_tillers,treatment,N40,TRUE,Fm589,4.333333333333335,0.8182365405151886,Estimable
2024,number_of_tillers,treatment,N40,TRUE,Fm590,20.33333333333333,0.8182365405151886,Estimable
2024,number_of_tillers,treatment,N40,TRUE,Fm592,22.999999999999996,0.8182365405151886,Estimable
2024,number_of_tillers,treatment,N40,TRUE,Fm600,3.3333333333333353,0.8182365405151887,Estimable
2024,number_of_tillers,treatment,N40,TRUE,Fm601,5.333333333333335,0.8182365405151886,Estimable
2024,number_of_tillers,treatment,N40,TRUE,Fm610,10.999999999999998,0.8182365405151886,Estimable
2024,number_of_tillers,treatment,N40,TRUE,Fm611,11.333333333333332,0.8182365405151886,Estimable
2024,number_of_tillers,treatment,N40,TRUE,Fm612,11.666666666666666,0.8182365405151886,Estimable
2024,number_of_tillers,treatment,N40,TRUE,Fm614,0.6666666666666689,0.8182365405151886,Estimable
2024,number_of_tillers,treatment,N40,TRUE,Fm615,0.6666666666666691,0.8182365405151886,Estimable
2024,number_of_tillers,treatment,N40,TRUE,Fm616,10,0.8182365405151886,Estimable
2024,number_of_tillers,treatment,N40,TRUE,Fm620,6.000000000000002,0.8182365405151886,Estimable
2024,number_of_tillers,treatment,N40,TRUE,Fm621,4.66666666666667,0.8182365405151886,Estimable
2024,number_of_tillers,treatment,N40,TRUE,Fm65,3.3333333333333353,0.8182365405151886,Estimable
2024,number_of_tillers,treatment,N40,TRUE,Fm78,4.5014262128146285,1.002120983066099,Estimable
2024,number_of_tillers,treatment,N40,TRUE,Fm79,8.000000000000002,0.8182365405151886,Estimable
2024,number_of_tillers,treatment,N40,TRUE,Fm86,7.000000000000002,0.8182365405151886,Estimable
2024,number_of_tillers,treatment,N40,TRUE,Fm9,0.666666666666669,0.8182365405151886,Estimable
2024,number_of_tillers,treatment,N120,TRUE,Fm134,26.66666666669645,0.7978859357689586,Estimable
2024,number_of_tillers,treatment,N120,TRUE,Fm156,1.666666666666998,0.7978859357685253,Estimable
2024,number_of_tillers,treatment,N120,TRUE,Fm161,3.0000000000001856,0.7978859357685252,Estimable
2024,number_of_tillers,treatment,N120,TRUE,Fm168,0.9478499002456939,0.9759526788967032,Estimable
2024,number_of_tillers,treatment,N120,TRUE,Fm170,2.666666666666784,0.7978859357685253,Estimable
2024,number_of_tillers,treatment,N120,TRUE,Fm173,8.33333333333344,0.7978859357685252,Estimable
2024,number_of_tillers,treatment,N120,TRUE,Fm174,7.666666666666775,0.7978859357685252,Estimable
2024,number_of_tillers,treatment,N120,TRUE,Fm176,4.333333333333438,0.7978859357685252,Estimable
2024,number_of_tillers,treatment,N120,TRUE,Fm181,3.3333333333334325,0.7978859357685252,Estimable
2024,number_of_tillers,treatment,N120,TRUE,Fm185,1.0000000000000915,0.7978859357685252,Estimable
2024,number_of_tillers,treatment,N120,TRUE,Fm190,1.333333333333419,0.7978859357685252,Estimable
2024,number_of_tillers,treatment,N120,TRUE,Fm193,1.000000000000079,0.7978859357685252,Estimable
2024,number_of_tillers,treatment,N120,TRUE,Fm194,1.3333333333334094,0.7978859357685251,Estimable
2024,number_of_tillers,treatment,N120,TRUE,Fm195,7.354927561816467e-14,0.7978859357685252,Estimable
2024,number_of_tillers,treatment,N120,TRUE,Fm20,0.6666666666667348,0.7978859357685251,Estimable
2024,number_of_tillers,treatment,N120,TRUE,Fm203,5.000000000000065,0.7978859357685252,Estimable
2024,number_of_tillers,treatment,N120,TRUE,Fm208,0.6666666666667315,0.7978859357685252,Estimable
2024,number_of_tillers,treatment,N120,TRUE,Fm214,3.0000000000000635,0.7978859357685252,Estimable
2024,number_of_tillers,treatment,N120,TRUE,Fm215,1.3333333333333954,0.7978859357685252,Estimable
2024,number_of_tillers,treatment,N120,TRUE,Fm216,1.5665892768330616,0.9759503553637097,Estimable
2024,number_of_tillers,treatment,N120,TRUE,Fm219,3.6666666666667256,0.7978859357685252,Estimable
2024,number_of_tillers,treatment,N120,TRUE,Fm221,1.3333333333333914,0.7978859357685252,Estimable
2024,number_of_tillers,treatment,N120,TRUE,Fm225,3.3333333333333903,0.7978859357685252,Estimable
2024,number_of_tillers,treatment,N120,TRUE,Fm227,1.6666666666667236,0.7978859357685251,Estimable
2024,number_of_tillers,treatment,N120,TRUE,Fm233,0.3333333333333888,0.7978859357685252,Estimable
2024,number_of_tillers,treatment,N120,TRUE,Fm235,1.0000000000000528,0.7978859357685252,Estimable
2024,number_of_tillers,treatment,N120,TRUE,Fm236,0.6666666666667193,0.7978859357685252,Estimable
2024,number_of_tillers,treatment,N120,TRUE,Fm238,4.000000000000052,0.7978859357685252,Estimable
2024,number_of_tillers,treatment,N120,TRUE,Fm249,5.272008625015278e-14,0.7978859357685252,Estimable
2024,number_of_tillers,treatment,N120,TRUE,Fm250,0.33333333333338283,0.7978859357685252,Estimable
2024,number_of_tillers,treatment,N120,TRUE,Fm3,2.6666666666667163,0.7978859357685252,Estimable
2024,number_of_tillers,treatment,N120,TRUE,Fm321,3.6666666666667163,0.7978859357685252,Estimable
2024,number_of_tillers,treatment,N120,TRUE,Fm322,0.33333333333338205,0.7978859357685252,Estimable
2024,number_of_tillers,treatment,N120,TRUE,Fm337,0.6666666666667134,0.7978859357685252,Estimable
2024,number_of_tillers,treatment,N120,TRUE,Fm341,4.33333333333338,0.7978859357685252,Estimable
2024,number_of_tillers,treatment,N120,TRUE,Fm343,1.666666666666714,0.7978859357685252,Estimable
2024,number_of_tillers,treatment,N120,TRUE,Fm344,1.0000000000000457,0.7978859357685252,Estimable
2024,number_of_tillers,treatment,N120,TRUE,Fm345,2.3333333333333797,0.7978859357685252,Estimable
2024,number_of_tillers,treatment,N120,TRUE,Fm346,0.9855608229216652,0.9759480318251859,Estimable
2024,number_of_tillers,treatment,N120,TRUE,Fm347,1.0000000000000444,0.7978859357685252,Estimable
2024,number_of_tillers,treatment,N120,TRUE,Fm349,1.666666666666712,0.7978859357685252,Estimable
2024,number_of_tillers,treatment,N120,TRUE,Fm351,2.000000000000045,0.7978859357685252,Estimable
2024,number_of_tillers,treatment,N120,TRUE,Fm352,3.333333333333378,0.7978859357685252,Estimable
2024,number_of_tillers,treatment,N120,TRUE,Fm354,1.0000000000000435,0.7978859357685251,Estimable
2024,number_of_tillers,treatment,N120,TRUE,Fm355,1.3333333333333774,0.7978859357685251,Estimable
2024,number_of_tillers,treatment,N120,TRUE,Fm356,0.33333333333337606,0.7978859357685252,Estimable
2024,number_of_tillers,treatment,N120,TRUE,Fm358,2.000000000000043,0.7978859357685252,Estimable
2024,number_of_tillers,treatment,N120,TRUE,Fm359,1.6666666666667092,0.7978859357685252,Estimable
2024,number_of_tillers,treatment,N120,TRUE,Fm36,4.000000000000042,0.7978859357685252,Estimable
2024,number_of_tillers,treatment,N120,TRUE,Fm361,1.9478499002456706,0.9759526788967035,Estimable
2024,number_of_tillers,treatment,N120,TRUE,Fm363,1.3333333333333757,0.7978859357685252,Estimable
2024,number_of_tillers,treatment,N120,TRUE,Fm364,1.0000000000000402,0.7978859357685252,Estimable
2024,number_of_tillers,treatment,N120,TRUE,Fm365,0.6666666666667077,0.7978859357685252,Estimable
2024,number_of_tillers,treatment,N120,TRUE,Fm366,0.6666666666667075,0.7978859357685252,Estimable
2024,number_of_tillers,treatment,N120,TRUE,Fm368,1.6666666666667078,0.7978859357685252,Estimable
2024,number_of_tillers,treatment,N120,TRUE,Fm369,1.0000000000000393,0.7978859357685252,Estimable
2024,number_of_tillers,treatment,N120,TRUE,Fm370,2.000000000000041,0.7978859357685252,Estimable
2024,number_of_tillers,treatment,N120,TRUE,Fm372,4.666666666666707,0.7978859357685252,Estimable
2024,number_of_tillers,treatment,N120,TRUE,Fm375,2.3333333333333743,0.7978859357685252,Estimable
2024,number_of_tillers,treatment,N120,TRUE,Fm376,2.3333333333333743,0.7978859357685251,Estimable
2024,number_of_tillers,treatment,N120,TRUE,Fm377,2.0000000000000404,0.7978859357685252,Estimable
2024,number_of_tillers,treatment,N120,TRUE,Fm378,3.333333333333374,0.7978859357685251,Estimable
2024,number_of_tillers,treatment,N120,TRUE,Fm379,3.666666666666708,0.7978859357685251,Estimable
2024,number_of_tillers,treatment,N120,TRUE,Fm380,2.3333333333333743,0.7978859357685252,Estimable
2024,number_of_tillers,treatment,N120,TRUE,Fm381,1.6666666666667085,0.7978859357685251,Estimable
2024,number_of_tillers,treatment,N120,TRUE,Fm382,6.0000000000000435,0.797885935768525,Estimable
2024,number_of_tillers,treatment,N120,TRUE,Fm384,2.3333333333333752,0.797885935768525,Estimable
2024,number_of_tillers,treatment,N120,TRUE,Fm387,1.6666666666667092,0.797885935768525,Estimable
2024,number_of_tillers,treatment,N120,TRUE,Fm388,5.6666666666667105,0.7978859357685252,Estimable
2024,number_of_tillers,treatment,N120,TRUE,Fm389,2.000000000000042,0.7978859357685252,Estimable
2024,number_of_tillers,treatment,N120,TRUE,Fm391,2.6666666666667087,0.7978859357685252,Estimable
2024,number_of_tillers,treatment,N120,TRUE,Fm392,5.000000000000042,0.7978859357685252,Estimable
2024,number_of_tillers,treatment,N120,TRUE,Fm394,4.000000000000043,0.7978859357685252,Estimable
2024,number_of_tillers,treatment,N120,TRUE,Fm395,2.333333333333376,0.7978859357685252,Estimable
2024,number_of_tillers,treatment,N120,TRUE,Fm396,6.000000000000045,0.7978859357685252,Estimable
2024,number_of_tillers,treatment,N120,TRUE,Fm398,2.9478499002456755,0.975952678896703,Estimable
2024,number_of_tillers,treatment,N120,TRUE,Fm400,1.66666666666671,0.7978859357685252,Estimable
2024,number_of_tillers,treatment,N120,TRUE,Fm401,0.6666666666667084,0.7978859357685253,Estimable
2024,number_of_tillers,treatment,N120,TRUE,Fm402,2.3333333333333766,0.7978859357685252,Estimable
2024,number_of_tillers,treatment,N120,TRUE,Fm404,1.5665892768330347,0.97595035536371,Estimable
2024,number_of_tillers,treatment,N120,TRUE,Fm405,2.000000000000043,0.7978859357685252,Estimable
2024,number_of_tillers,treatment,N120,TRUE,Fm406,0.3333333333333754,0.7978859357685252,Estimable
2024,number_of_tillers,treatment,N120,TRUE,Fm407,0.33333333333337495,0.7978859357685252,Estimable
2024,number_of_tillers,treatment,N120,TRUE,Fm41,4.66666666666671,0.7978859357685252,Estimable
2024,number_of_tillers,treatment,N120,TRUE,Fm410,1.333333333333376,0.7978859357685252,Estimable
2024,number_of_tillers,treatment,N120,TRUE,Fm411,2.333333333333376,0.7978859357685252,Estimable
2024,number_of_tillers,treatment,N120,TRUE,Fm412,4.0000000000000435,0.7978859357685253,Estimable
2024,number_of_tillers,treatment,N120,TRUE,Fm413,5.333333333333377,0.7978859357685252,Estimable
2024,number_of_tillers,treatment,N120,TRUE,Fm414,0.3333333333333754,0.7978859357685253,Estimable
2024,number_of_tillers,treatment,N120,TRUE,Fm415,5.3333333333333774,0.7978859357685253,Estimable
2024,number_of_tillers,treatment,N120,TRUE,Fm416,1.3333333333333761,0.7978859357685253,Estimable
2024,number_of_tillers,treatment,N120,TRUE,Fm417,3.000000000000044,0.7978859357685253,Estimable
2024,number_of_tillers,treatment,N120,TRUE,Fm418,1.0000000000000415,0.7978859357685253,Estimable
2024,number_of_tillers,treatment,N120,TRUE,Fm419,2.66666666666671,0.7978859357685253,Estimable
2024,number_of_tillers,treatment,N120,TRUE,Fm420,0.33333333333337556,0.7978859357685253,Estimable
2024,number_of_tillers,treatment,N120,TRUE,Fm421,2.000000000000043,0.7978859357685253,Estimable
2024,number_of_tillers,treatment,N120,TRUE,Fm428,6.000000000000046,0.7978859357685254,Estimable
2024,number_of_tillers,treatment,N120,TRUE,Fm429,0.3333333333333756,0.7978859357685253,Estimable
2024,number_of_tillers,treatment,N120,TRUE,Fm43,4.3333333333333774,0.7978859357685253,Estimable
2024,number_of_tillers,treatment,N120,TRUE,Fm44,3.6666666666667114,0.7978859357685254,Estimable
2024,number_of_tillers,treatment,N120,TRUE,Fm442,0.6666666666667086,0.7978859357685254,Estimable
2024,number_of_tillers,treatment,N120,TRUE,Fm443,4.000000000000044,0.7978859357685254,Estimable
2024,number_of_tillers,treatment,N120,TRUE,Fm444,4.216854485276058e-14,0.7978859357685254,Estimable
2024,number_of_tillers,treatment,N120,TRUE,Fm446,1.0000000000000413,0.7978859357685254,Estimable
2024,number_of_tillers,treatment,N120,TRUE,Fm458,0.6666666666667082,0.7978859357685254,Estimable
2024,number_of_tillers,treatment,N120,TRUE,Fm464,5.0000000000000435,0.7978859357685254,Estimable
2024,number_of_tillers,treatment,N120,TRUE,Fm474,2.66666666666671,0.7978859357685254,Estimable
2024,number_of_tillers,treatment,N120,TRUE,Fm475,1.0000000000000404,0.7978859357685254,Estimable
2024,number_of_tillers,treatment,N120,TRUE,Fm477,2.333333333333376,0.7978859357685254,Estimable
2024,number_of_tillers,treatment,N120,TRUE,Fm478,3.000000000000043,0.7978859357685254,Estimable
2024,number_of_tillers,treatment,N120,TRUE,Fm480,1.333333333333375,0.7978859357685254,Estimable
2024,number_of_tillers,treatment,N120,TRUE,Fm482,1.6666666666667085,0.7978859357685254,Estimable
2024,number_of_tillers,treatment,N120,TRUE,Fm484,1.3333333333333748,0.7978859357685254,Estimable
2024,number_of_tillers,treatment,N120,TRUE,Fm489,1.6666666666667083,0.7978859357685254,Estimable
2024,number_of_tillers,treatment,N120,TRUE,Fm491,0.6666666666667066,0.7978859357685254,Estimable
2024,number_of_tillers,treatment,N120,TRUE,Fm492,1.6666666666667078,0.7978859357685254,Estimable
2024,number_of_tillers,treatment,N120,TRUE,Fm496,1.3333333333333741,0.7978859357685254,Estimable
2024,number_of_tillers,treatment,N120,TRUE,Fm505,0.6666666666667065,0.7978859357685254,Estimable
2024,number_of_tillers,treatment,N120,TRUE,Fm507,13.000000000000048,0.7978859357685254,Estimable
2024,number_of_tillers,treatment,N120,TRUE,Fm510,4.0791729859191875e-14,0.7978859357685254,Estimable
2024,number_of_tillers,treatment,N120,TRUE,Fm518,4.6666666666667105,0.7978859357685254,Estimable
2024,number_of_tillers,treatment,N120,TRUE,Fm519,5.0000000000000435,0.7978859357685254,Estimable
2024,number_of_tillers,treatment,N120,TRUE,Fm522,4.6666666666667105,0.7978859357685254,Estimable
2024,number_of_tillers,treatment,N120,TRUE,Fm523,0.6666666666667075,0.7978859357685254,Estimable
2024,number_of_tillers,treatment,N120,TRUE,Fm524,5.333333333333378,0.7978859357685254,Estimable
2024,number_of_tillers,treatment,N120,TRUE,Fm537,3.3333333333333766,0.7978859357685254,Estimable
2024,number_of_tillers,treatment,N120,TRUE,Fm552,6.000000000000045,0.7978859357685254,Estimable
2024,number_of_tillers,treatment,N120,TRUE,Fm56,7.000000000000047,0.7978859357685254,Estimable
2024,number_of_tillers,treatment,N120,TRUE,Fm560,22.333333333333382,0.7978859357685253,Estimable
2024,number_of_tillers,treatment,N120,TRUE,Fm566,11.333333333333384,0.7978859357685254,Estimable
2024,number_of_tillers,treatment,N120,TRUE,Fm569,27.333333333333393,0.7978859357685253,Estimable
2024,number_of_tillers,treatment,N120,TRUE,Fm585,7.104300199509001,1.378429768356357,Estimable
2024,number_of_tillers,treatment,N120,TRUE,Fm589,5.00000000000005,0.7978859357685253,Estimable
2024,number_of_tillers,treatment,N120,TRUE,Fm590,23.33333333333339,0.7978859357685253,Estimable
2024,number_of_tillers,treatment,N120,TRUE,Fm592,32.00000000000006,0.7978859357685253,Estimable
2024,number_of_tillers,treatment,N120,TRUE,Fm600,5.333333333333387,0.7978859357685253,Estimable
2024,number_of_tillers,treatment,N120,TRUE,Fm601,12.33333333333339,0.7978859357685253,Estimable
2024,number_of_tillers,treatment,N120,TRUE,Fm610,9.333333333333389,0.7978859357685252,Estimable
2024,number_of_tillers,treatment,N120,TRUE,Fm611,12.000000000000055,0.7978859357685252,Estimable
2024,number_of_tillers,treatment,N120,TRUE,Fm612,28.666666666666732,0.7978859357685252,Estimable
2024,number_of_tillers,treatment,N120,TRUE,Fm614,1.0000000000000553,0.7978859357685252,Estimable
2024,number_of_tillers,treatment,N120,TRUE,Fm615,0.6666666666667218,0.7978859357685252,Estimable
2024,number_of_tillers,treatment,N120,TRUE,Fm616,9.333333333333393,0.7978859357685252,Estimable
2024,number_of_tillers,treatment,N120,TRUE,Fm620,7.666666666666726,0.7978859357685252,Estimable
2024,number_of_tillers,treatment,N120,TRUE,Fm621,4.666666666666725,0.7978859357685251,Estimable
2024,number_of_tillers,treatment,N120,TRUE,Fm65,3.3333333333333903,0.7978859357685251,Estimable
2024,number_of_tillers,treatment,N120,TRUE,Fm78,5.000000000000058,0.7978859357685251,Estimable
2024,number_of_tillers,treatment,N120,TRUE,Fm79,11.666666666666725,0.7978859357685251,Estimable
2024,number_of_tillers,treatment,N120,TRUE,Fm86,6.6666666666667265,0.797885935768525,Estimable
2024,number_of_tillers,treatment,N120,TRUE,Fm9,1.3333333333333923,0.797885935768525,Estimable
2024,days_to_harvest,treatment,N40,TRUE,Fm134,177.00000000012437,4.152646263440594,Estimable
2024,days_to_harvest,treatment,N40,TRUE,Fm170,173.00000000000023,4.152646263438889,Estimable
2024,days_to_harvest,treatment,N40,TRUE,Fm173,184.46482558619394,5.08541592274307,Estimable
2024,days_to_harvest,treatment,N40,TRUE,Fm174,180.43435751957355,5.085422398980925,Estimable
2024,days_to_harvest,treatment,N40,TRUE,Fm176,187.33333333333357,4.152646263438888,Estimable
2024,days_to_harvest,treatment,N40,TRUE,Fm181,126.33333333333356,4.152646263438888,Estimable
2024,days_to_harvest,treatment,N40,TRUE,Fm185,182.66666666666688,4.152646263438889,Estimable
2024,days_to_harvest,treatment,N40,TRUE,Fm190,150.33333333333357,4.152646263438888,Estimable
2024,days_to_harvest,treatment,N40,TRUE,Fm193,147.66666666666688,4.152646263438888,Estimable
2024,days_to_harvest,treatment,N40,TRUE,Fm194,152.66666666666686,4.152646263438888,Estimable
2024,days_to_harvest,treatment,N40,TRUE,Fm195,156.0000000000002,4.152646263438888,Estimable
2024,days_to_harvest,treatment,N40,TRUE,Fm203,131.33333333333357,4.152646263438888,Estimable
2024,days_to_harvest,treatment,N40,TRUE,Fm208,183.66666666666688,4.152646263438889,Estimable
2024,days_to_harvest,treatment,N40,TRUE,Fm214,138.00000000000023,4.152646263438888,Estimable
2024,days_to_harvest,treatment,N40,TRUE,Fm215,121.66666666666683,4.152646263438888,Estimable
2024,days_to_harvest,treatment,N40,TRUE,Fm216,162.13128496085346,7.191152267645904,Estimable
2024,days_to_harvest,treatment,N40,TRUE,Fm219,121.00000000000016,4.152646263438888,Estimable
2024,days_to_harvest,treatment,N40,TRUE,Fm221,155.00000000000017,4.152646263438888,Estimable
2024,days_to_harvest,treatment,N40,TRUE,Fm225,128.00000000000017,4.152646263438888,Estimable
2024,days_to_harvest,treatment,N40,TRUE,Fm227,173.00000000000023,4.152646263438888,Estimable
2024,days_to_harvest,treatment,N40,TRUE,Fm233,185.00000000000023,4.152646263438888,Estimable
2024,days_to_harvest,treatment,N40,TRUE,Fm235,182.66666666666686,4.152646263438888,Estimable
2024,days_to_harvest,treatment,N40,TRUE,Fm236,144.00000000000023,4.152646263438888,Estimable
2024,days_to_harvest,treatment,N40,TRUE,Fm238,184.43435751957355,5.085422398980924,Estimable
2024,days_to_harvest,treatment,N40,TRUE,Fm249,186.46482558619397,5.085415922743069,Estimable
2024,days_to_harvest,treatment,N40,TRUE,Fm250,183.33333333333357,4.152646263438887,Estimable
2024,days_to_harvest,treatment,N40,TRUE,Fm3,180.66666666666686,4.152646263438887,Estimable
2024,days_to_harvest,treatment,N40,TRUE,Fm321,136.33333333333354,4.152646263438887,Estimable
2024,days_to_harvest,treatment,N40,TRUE,Fm322,179.66666666666688,4.152646263438887,Estimable
2024,days_to_harvest,treatment,N40,TRUE,Fm337,161.66666666666686,4.152646263438887,Estimable
2024,days_to_harvest,treatment,N40,TRUE,Fm341,160.3333333333335,4.152646263438887,Estimable
2024,days_to_harvest,treatment,N40,TRUE,Fm343,184.0000000000002,4.1526462634388865,Estimable
2024,days_to_harvest,treatment,N40,TRUE,Fm344,182.33333333333357,4.152646263438887,Estimable
2024,days_to_harvest,treatment,N40,TRUE,Fm345,176.96482558619385,5.085415922743069,Estimable
2024,days_to_harvest,treatment,N40,TRUE,Fm346,180.07034882761286,7.191133948230695,Estimable
2024,days_to_harvest,treatment,N40,TRUE,Fm347,155.66666666666686,4.152646263438887,Estimable
2024,days_to_harvest,treatment,N40,TRUE,Fm349,162.3333333333335,4.152646263438887,Estimable
2024,days_to_harvest,treatment,N40,TRUE,Fm351,172.0000000000002,4.152646263438887,Estimable
2024,days_to_harvest,treatment,N40,TRUE,Fm352,164.1008168942332,5.085413763995283,Estimable
2024,days_to_harvest,treatment,N40,TRUE,Fm354,176.33333333333357,4.152646263438887,Estimable
2024,days_to_harvest,treatment,N40,TRUE,Fm355,159.0000000000002,4.152646263438887,Estimable
2024,days_to_harvest,treatment,N40,TRUE,Fm356,179.33333333333354,4.152646263438887,Estimable
2024,days_to_harvest,treatment,N40,TRUE,Fm358,182.33333333333354,4.152646263438887,Estimable
2024,days_to_harvest,treatment,N40,TRUE,Fm359,177.00000000000023,4.152646263438887,Estimable
2024,days_to_harvest,treatment,N40,TRUE,Fm36,178.33333333333354,4.152646263438887,Estimable
2024,days_to_harvest,treatment,N40,TRUE,Fm361,155.66666666666686,4.152646263438887,Estimable
2024,days_to_harvest,treatment,N40,TRUE,Fm363,166.33333333333354,4.152646263438887,Estimable
2024,days_to_harvest,treatment,N40,TRUE,Fm364,183.96482558619385,5.08541592274307,Estimable
2024,days_to_harvest,treatment,N40,TRUE,Fm365,162.66666666666688,4.152646263438887,Estimable
2024,days_to_harvest,treatment,N40,TRUE,Fm366,156.0000000000002,4.152646263438887,Estimable
2024,days_to_harvest,treatment,N40,TRUE,Fm368,165.93435751957372,5.085422398980922,Estimable
2024,days_to_harvest,treatment,N40,TRUE,Fm369,169.00000000000023,4.152646263438887,Estimable
2024,days_to_harvest,treatment,N40,TRUE,Fm370,178.33333333333357,4.152646263438887,Estimable
2024,days_to_harvest,treatment,N40,TRUE,Fm372,167.33333333333357,4.152646263438887,Estimable
2024,days_to_harvest,treatment,N40,TRUE,Fm375,156.00000000000023,4.152646263438887,Estimable
2024,days_to_harvest,treatment,N40,TRUE,Fm376,159.33333333333357,4.152646263438888,Estimable
2024,days_to_harvest,treatment,N40,TRUE,Fm377,165.3333333333336,4.152646263438887,Estimable
2024,days_to_harvest,treatment,N40,TRUE,Fm378,154.6666666666669,4.152646263438888,Estimable
2024,days_to_harvest,treatment,N40,TRUE,Fm379,157.43435751957367,5.085422398980924,Estimable
2024,days_to_harvest,treatment,N40,TRUE,Fm380,169.33333333333357,4.152646263438889,Estimable
2024,days_to_harvest,treatment,N40,TRUE,Fm381,161.66666666666688,4.152646263438889,Estimable
2024,days_to_harvest,treatment,N40,TRUE,Fm382,154.33333333333354,4.152646263438889,Estimable
2024,days_to_harvest,treatment,N40,TRUE,Fm384,185.33333333333357,4.152646263438888,Estimable
2024,days_to_harvest,treatment,N40,TRUE,Fm387,183.33333333333354,4.152646263438889,Estimable
2024,days_to_harvest,treatment,N40,TRUE,Fm388,170.6666666666669,4.152646263438888,Estimable
2024,days_to_harvest,treatment,N40,TRUE,Fm389,181.33333333333357,4.152646263438888,Estimable
2024,days_to_harvest,treatment,N40,TRUE,Fm391,158.66666666666688,4.152646263438888,Estimable
2024,days_to_harvest,treatment,N40,TRUE,Fm392,138.6666666666669,4.152646263438888,Estimable
2024,days_to_harvest,treatment,N40,TRUE,Fm394,166.46482558619377,5.085415922743069,Estimable
2024,days_to_harvest,treatment,N40,TRUE,Fm395,167.00000000000026,4.152646263438887,Estimable
2024,days_to_harvest,treatment,N40,TRUE,Fm396,173.00000000000023,4.152646263438887,Estimable
2024,days_to_harvest,treatment,N40,TRUE,Fm398,157.1008168942331,5.085413763995284,Estimable
2024,days_to_harvest,treatment,N40,TRUE,Fm400,165.0000000000002,4.152646263438887,Estimable
2024,days_to_harvest,treatment,N40,TRUE,Fm401,155.66666666666686,4.152646263438888,Estimable
2024,days_to_harvest,treatment,N40,TRUE,Fm402,149.66666666666688,4.152646263438888,Estimable
2024,days_to_harvest,treatment,N40,TRUE,Fm404,166.66666666666686,4.152646263438888,Estimable
2024,days_to_harvest,treatment,N40,TRUE,Fm405,165.00000000000017,4.152646263438888,Estimable
2024,days_to_harvest,treatment,N40,TRUE,Fm406,156.33333333333354,4.152646263438888,Estimable
2024,days_to_harvest,treatment,N40,TRUE,Fm407,160.3333333333335,4.152646263438888,Estimable
2024,days_to_harvest,treatment,N40,TRUE,Fm41,186.0000000000002,4.152646263438887,Estimable
2024,days_to_harvest,treatment,N40,TRUE,Fm410,168.66666666666683,4.152646263438888,Estimable
2024,days_to_harvest,treatment,N40,TRUE,Fm411,162.66666666666683,4.152646263438887,Estimable
2024,days_to_harvest,treatment,N40,TRUE,Fm412,151.33333333333354,4.152646263438887,Estimable
2024,days_to_harvest,treatment,N40,TRUE,Fm413,161.66666666666683,4.152646263438887,Estimable
2024,days_to_harvest,treatment,N40,TRUE,Fm414,151.33333333333354,4.152646263438887,Estimable
2024,days_to_harvest,treatment,N40,TRUE,Fm415,148.00000000000017,4.152646263438887,Estimable
2024,days_to_harvest,treatment,N40,TRUE,Fm416,170.66666666666686,4.152646263438887,Estimable
2024,days_to_harvest,treatment,N40,TRUE,Fm417,185.3333333333335,4.152646263438887,Estimable
2024,days_to_harvest,treatment,N40,TRUE,Fm418,181.3333333333335,4.152646263438887,Estimable
2024,days_to_harvest,treatment,N40,TRUE,Fm419,141.0000000000002,4.152646263438887,Estimable
2024,days_to_harvest,treatment,N40,TRUE,Fm420,160.43435751957364,5.085422398980924,Estimable
2024,days_to_harvest,treatment,N40,TRUE,Fm421,180.0000000000002,4.152646263438887,Estimable
2024,days_to_harvest,treatment,N40,TRUE,Fm428,142.93435751957367,5.085422398980923,Estimable
2024,days_to_harvest,treatment,N40,TRUE,Fm429,147.0000000000002,4.152646263438887,Estimable
2024,days_to_harvest,treatment,N40,TRUE,Fm43,179.3333333333335,4.152646263438887,Estimable
2024,days_to_harvest,treatment,N40,TRUE,Fm44,171.66666666666686,4.152646263438887,Estimable
2024,days_to_harvest,treatment,N40,TRUE,Fm442,169.66666666666683,4.152646263438887,Estimable
2024,days_to_harvest,treatment,N40,TRUE,Fm443,168.10081689423308,5.085413763995283,Estimable
2024,days_to_harvest,treatment,N40,TRUE,Fm444,166.66666666666683,4.152646263438887,Estimable
2024,days_to_harvest,treatment,N40,TRUE,Fm446,160.6666666666668,4.152646263438887,Estimable
2024,days_to_harvest,treatment,N40,TRUE,Fm458,183.33333333333348,4.152646263438887,Estimable
2024,days_to_harvest,treatment,N40,TRUE,Fm464,177.00000000000017,4.152646263438887,Estimable
2024,days_to_harvest,treatment,N40,TRUE,Fm474,152.3333333333335,4.152646263438887,Estimable
2024,days_to_harvest,treatment,N40,TRUE,Fm475,157.00000000000014,4.152646263438887,Estimable
2024,days_to_harvest,treatment,N40,TRUE,Fm477,186.00000000000014,4.152646263438887,Estimable
2024,days_to_harvest,treatment,N40,TRUE,Fm478,163.33333333333346,4.152646263438887,Estimable
2024,days_to_harvest,treatment,N40,TRUE,Fm480,173.3333333333335,4.152646263438887,Estimable
2024,days_to_harvest,treatment,N40,TRUE,Fm482,168.66666666666683,4.152646263438887,Estimable
2024,days_to_harvest,treatment,N40,TRUE,Fm484,166.66666666666683,4.1526462634388865,Estimable
2024,days_to_harvest,treatment,N40,TRUE,Fm489,145.33333333333348,4.1526462634388865,Estimable
2024,days_to_harvest,treatment,N40,TRUE,Fm491,162.33333333333346,4.152646263438887,Estimable
2024,days_to_harvest,treatment,N40,TRUE,Fm492,165.33333333333346,4.152646263438887,Estimable
2024,days_to_harvest,treatment,N40,TRUE,Fm496,145.66666666666677,4.152646263438887,Estimable
2024,days_to_harvest,treatment,N40,TRUE,Fm505,181.6666666666668,4.152646263438887,Estimable
2024,days_to_harvest,treatment,N40,TRUE,Fm507,169.6666666666668,4.152646263438887,Estimable
2024,days_to_harvest,treatment,N40,TRUE,Fm510,179.6666666666668,4.152646263438887,Estimable
2024,days_to_harvest,treatment,N40,TRUE,Fm518,152.6666666666668,4.152646263438887,Estimable
2024,days_to_harvest,treatment,N40,TRUE,Fm519,168.00000000000014,4.152646263438887,Estimable
2024,days_to_harvest,treatment,N40,TRUE,Fm522,180.00000000000017,4.152646263438887,Estimable
2024,days_to_harvest,treatment,N40,TRUE,Fm523,144.33333333333348,4.152646263438887,Estimable
2024,days_to_harvest,treatment,N40,TRUE,Fm524,153.33333333333348,4.152646263438887,Estimable
2024,days_to_harvest,treatment,N40,TRUE,Fm537,153.66666666666686,4.152646263438887,Estimable
2024,days_to_harvest,treatment,N40,TRUE,Fm552,155.00000000000017,4.152646263438887,Estimable
2024,days_to_harvest,treatment,N40,TRUE,Fm56,182.66666666666683,4.1526462634388865,Estimable
2024,days_to_harvest,treatment,N40,TRUE,Fm560,129.0000000000002,4.152646263438887,Estimable
2024,days_to_harvest,treatment,N40,TRUE,Fm566,156.6666666666668,4.152646263438887,Estimable
2024,days_to_harvest,treatment,N40,TRUE,Fm569,129.60081689423302,5.085413763995281,Estimable
2024,days_to_harvest,treatment,N40,TRUE,Fm585,161.66666666666683,4.152646263438887,Estimable
2024,days_to_harvest,treatment,N40,TRUE,Fm589,121.4343575195735,5.085422398980926,Estimable
2024,days_to_harvest,treatment,N40,TRUE,Fm590,133.33333333333348,4.152646263438888,Estimable
2024,days_to_harvest,treatment,N40,TRUE,Fm592,141.3333333333335,4.152646263438888,Estimable
2024,days_to_harvest,treatment,N40,TRUE,Fm600,181.33333333333348,4.152646263438888,Estimable
2024,days_to_harvest,treatment,N40,TRUE,Fm601,184.66666666666683,4.152646263438888,Estimable
2024,days_to_harvest,treatment,N40,TRUE,Fm610,156.3333333333335,4.152646263438888,Estimable
2024,days_to_harvest,treatment,N40,TRUE,Fm611,152.00000000000017,4.152646263438888,Estimable
2024,days_to_harvest,treatment,N40,TRUE,Fm612,155.66666666666683,4.152646263438888,Estimable
2024,days_to_harvest,treatment,N40,TRUE,Fm614,188.3333333333335,4.152646263438888,Estimable
2024,days_to_harvest,treatment,N40,TRUE,Fm615,161.3333333333335,4.152646263438888,Estimable
2024,days_to_harvest,treatment,N40,TRUE,Fm616,122.00000000000021,4.152646263438888,Estimable
2024,days_to_harvest,treatment,N40,TRUE,Fm620,131.66666666666686,4.152646263438888,Estimable
2024,days_to_harvest,treatment,N40,TRUE,Fm621,154.66666666666683,4.152646263438888,Estimable
2024,days_to_harvest,treatment,N40,TRUE,Fm65,183.0000000000002,4.152646263438888,Estimable
2024,days_to_harvest,treatment,N40,TRUE,Fm78,184.43435751957367,5.085422398980925,Estimable
2024,days_to_harvest,treatment,N40,TRUE,Fm79,187.0000000000002,4.152646263438888,Estimable
2024,days_to_harvest,treatment,N40,TRUE,Fm86,183.3333333333335,4.152646263438888,Estimable
2024,days_to_harvest,treatment,N120,TRUE,Fm134,170.99999999985684,4.050205388971627,Estimable
2024,days_to_harvest,treatment,N120,TRUE,Fm170,184.33333333333127,4.050205388973856,Estimable
2024,days_to_harvest,treatment,N120,TRUE,Fm173,188.33333333333104,4.050205388973856,Estimable
2024,days_to_harvest,treatment,N120,TRUE,Fm174,180.9999999999976,4.050205388973856,Estimable
2024,days_to_harvest,treatment,N120,TRUE,Fm176,186.66666666666427,4.050205388973856,Estimable
2024,days_to_harvest,treatment,N120,TRUE,Fm181,127.99999999999761,4.050205388973856,Estimable
2024,days_to_harvest,treatment,N120,TRUE,Fm185,183.99999999999787,4.050205388973856,Estimable
2024,days_to_harvest,treatment,N120,TRUE,Fm190,147.6666666666645,4.050205388973855,Estimable
2024,days_to_harvest,treatment,N120,TRUE,Fm193,146.99999999999793,4.050205388973856,Estimable
2024,days_to_harvest,treatment,N120,TRUE,Fm194,159.33333333333135,4.050205388973856,Estimable
2024,days_to_harvest,treatment,N120,TRUE,Fm195,158.3333333333314,4.050205388973856,Estimable
2024,days_to_harvest,treatment,N120,TRUE,Fm203,131.9999999999981,4.050205388973856,Estimable
2024,days_to_harvest,treatment,N120,TRUE,Fm208,180.99999999999818,4.050205388973856,Estimable
2024,days_to_harvest,treatment,N120,TRUE,Fm214,133.99999999999818,4.050205388973856,Estimable
2024,days_to_harvest,treatment,N120,TRUE,Fm215,124.33333333333157,4.050205388973856,Estimable
2024,days_to_harvest,treatment,N120,TRUE,Fm216,160.33333333333164,4.050205388973856,Estimable
2024,days_to_harvest,treatment,N120,TRUE,Fm219,122.28447099480368,4.925453530276077,Estimable
2024,days_to_harvest,treatment,N120,TRUE,Fm221,152.66666666666504,4.050205388973856,Estimable
2024,days_to_harvest,treatment,N120,TRUE,Fm225,130.9999999999984,4.050205388973856,Estimable
2024,days_to_harvest,treatment,N120,TRUE,Fm227,173.99999999999847,4.050205388973856,Estimable
2024,days_to_harvest,treatment,N120,TRUE,Fm233,184.99999999999838,4.050205388973855,Estimable
2024,days_to_harvest,treatment,N120,TRUE,Fm235,180.33333333333172,4.050205388973855,Estimable
2024,days_to_harvest,treatment,N120,TRUE,Fm236,148.99999999999832,4.050205388973855,Estimable
2024,days_to_harvest,treatment,N120,TRUE,Fm238,184.33333333333167,4.050205388973856,Estimable
2024,days_to_harvest,treatment,N120,TRUE,Fm249,183.3333333333316,4.050205388973855,Estimable
2024,days_to_harvest,treatment,N120,TRUE,Fm250,186.66666666666492,4.050205388973856,Estimable
2024,days_to_harvest,treatment,N120,TRUE,Fm3,180.99999999999827,4.050205388973856,Estimable
2024,days_to_harvest,treatment,N120,TRUE,Fm321,140.33333333333155,4.050205388973856,Estimable
2024,days_to_harvest,treatment,N120,TRUE,Fm322,183.33333333333158,4.050205388973856,Estimable
2024,days_to_harvest,treatment,N120,TRUE,Fm337,158.6666666666649,4.050205388973856,Estimable
2024,days_to_harvest,treatment,N120,TRUE,Fm341,161.6666666666649,4.050205388973856,Estimable
2024,days_to_harvest,treatment,N120,TRUE,Fm343,184.99999999999827,4.050205388973856,Estimable
2024,days_to_harvest,treatment,N120,TRUE,Fm344,183.33333333333155,4.050205388973856,Estimable
2024,days_to_harvest,treatment,N120,TRUE,Fm345,170.9999999999982,4.050205388973856,Estimable
2024,days_to_harvest,treatment,N120,TRUE,Fm346,185.22762168714084,4.925308185125426,Estimable
2024,days_to_harvest,treatment,N120,TRUE,Fm347,152.9999999999982,4.050205388973855,Estimable
2024,days_to_harvest,treatment,N120,TRUE,Fm349,176.6666666666649,4.050205388973856,Estimable
2024,days_to_harvest,treatment,N120,TRUE,Fm351,188.3333333333315,4.050205388973856,Estimable
2024,days_to_harvest,treatment,N120,TRUE,Fm352,159.3333333333315,4.050205388973856,Estimable
2024,days_to_harvest,treatment,N120,TRUE,Fm354,166.99999999999818,4.050205388973856,Estimable
2024,days_to_harvest,treatment,N120,TRUE,Fm355,166.99999999999818,4.050205388973856,Estimable
2024,days_to_harvest,treatment,N120,TRUE,Fm356,185.28447099480377,4.925453530276077,Estimable
2024,days_to_harvest,treatment,N120,TRUE,Fm358,182.99999999999818,4.050205388973856,Estimable
2024,days_to_harvest,treatment,N120,TRUE,Fm359,167.3333333333315,4.050205388973855,Estimable
2024,days_to_harvest,treatment,N120,TRUE,Fm36,176.9999999999982,4.050205388973855,Estimable
2024,days_to_harvest,treatment,N120,TRUE,Fm361,153.3333333333315,4.050205388973856,Estimable
2024,days_to_harvest,treatment,N120,TRUE,Fm363,163.99999999999815,4.050205388973855,Estimable
2024,days_to_harvest,treatment,N120,TRUE,Fm364,173.33333333333152,4.050205388973855,Estimable
2024,days_to_harvest,treatment,N120,TRUE,Fm365,164.99999999999818,4.050205388973856,Estimable
2024,days_to_harvest,treatment,N120,TRUE,Fm366,161.99999999999815,4.050205388973856,Estimable
2024,days_to_harvest,treatment,N120,TRUE,Fm368,178.99999999999818,4.050205388973856,Estimable
2024,days_to_harvest,treatment,N120,TRUE,Fm369,170.99999999999812,4.050205388973856,Estimable
2024,days_to_harvest,treatment,N120,TRUE,Fm370,176.99999999999818,4.050205388973856,Estimable
2024,days_to_harvest,treatment,N120,TRUE,Fm372,160.99999999999818,4.050205388973856,Estimable
2024,days_to_harvest,treatment,N120,TRUE,Fm375,164.66666666666484,4.050205388973856,Estimable
2024,days_to_harvest,treatment,N120,TRUE,Fm376,156.3333333333315,4.050205388973856,Estimable
2024,days_to_harvest,treatment,N120,TRUE,Fm377,164.99999999999818,4.050205388973856,Estimable
2024,days_to_harvest,treatment,N120,TRUE,Fm378,171.66666666666484,4.050205388973857,Estimable
2024,days_to_harvest,treatment,N120,TRUE,Fm379,158.3333333333315,4.050205388973856,Estimable
2024,days_to_harvest,treatment,N120,TRUE,Fm380,164.99999999999815,4.050205388973857,Estimable
2024,days_to_harvest,treatment,N120,TRUE,Fm381,154.99999999999815,4.050205388973856,Estimable
2024,days_to_harvest,treatment,N120,TRUE,Fm382,161.66666666666484,4.050205388973856,Estimable
2024,days_to_harvest,treatment,N120,TRUE,Fm384,184.6666666666648,4.050205388973856,Estimable
2024,days_to_harvest,treatment,N120,TRUE,Fm387,189.72762168714084,4.9253081851254255,Estimable
2024,days_to_harvest,treatment,N120,TRUE,Fm388,163.33333333333144,4.050205388973856,Estimable
2024,days_to_harvest,treatment,N120,TRUE,Fm389,183.66666666666478,4.050205388973856,Estimable
2024,days_to_harvest,treatment,N120,TRUE,Fm391,165.33333333333147,4.050205388973856,Estimable
2024,days_to_harvest,treatment,N120,TRUE,Fm392,142.66666666666478,4.050205388973856,Estimable
2024,days_to_harvest,treatment,N120,TRUE,Fm394,153.78447099480374,4.925453530276079,Estimable
2024,days_to_harvest,treatment,N120,TRUE,Fm395,163.99999999999812,4.050205388973857,Estimable
2024,days_to_harvest,treatment,N120,TRUE,Fm396,162.6666666666648,4.050205388973857,Estimable
2024,days_to_harvest,treatment,N120,TRUE,Fm398,163.28447099480377,4.925453530276079,Estimable
2024,days_to_harvest,treatment,N120,TRUE,Fm400,168.6666666666648,4.050205388973856,Estimable
2024,days_to_harvest,treatment,N120,TRUE,Fm401,158.99999999999815,4.050205388973856,Estimable
2024,days_to_harvest,treatment,N120,TRUE,Fm402,150.99999999999812,4.050205388973856,Estimable
2024,days_to_harvest,treatment,N120,TRUE,Fm404,158.98790731805053,4.9252839605166505,Estimable
2024,days_to_harvest,treatment,N120,TRUE,Fm405,173.3333333333315,4.050205388973856,Estimable
2024,days_to_harvest,treatment,N120,TRUE,Fm406,158.3333333333315,4.050205388973857,Estimable
2024,days_to_harvest,treatment,N120,TRUE,Fm407,151.99999999999815,4.050205388973857,Estimable
2024,days_to_harvest,treatment,N120,TRUE,Fm41,181.66666666666487,4.050205388973857,Estimable
2024,days_to_harvest,treatment,N120,TRUE,Fm410,173.28447099480377,4.925453530276079,Estimable
2024,days_to_harvest,treatment,N120,TRUE,Fm411,152.99999999999818,4.050205388973857,Estimable
2024,days_to_harvest,treatment,N120,TRUE,Fm412,152.99999999999818,4.050205388973857,Estimable
2024,days_to_harvest,treatment,N120,TRUE,Fm413,165.99999999999818,4.050205388973857,Estimable
2024,days_to_harvest,treatment,N120,TRUE,Fm414,149.66666666666484,4.050205388973857,Estimable
2024,days_to_harvest,treatment,N120,TRUE,Fm415,149.99999999999818,4.050205388973857,Estimable
2024,days_to_harvest,treatment,N120,TRUE,Fm416,176.9999999999982,4.050205388973857,Estimable
2024,days_to_harvest,treatment,N120,TRUE,Fm417,181.9999999999982,4.050205388973857,Estimable
2024,days_to_harvest,treatment,N120,TRUE,Fm418,181.33333333333155,4.050205388973858,Estimable
2024,days_to_harvest,treatment,N120,TRUE,Fm419,146.99999999999818,4.050205388973857,Estimable
2024,days_to_harvest,treatment,N120,TRUE,Fm420,153.66666666666487,4.050205388973858,Estimable
2024,days_to_harvest,treatment,N120,TRUE,Fm421,173.99999999999824,4.050205388973858,Estimable
2024,days_to_harvest,treatment,N120,TRUE,Fm428,151.66666666666487,4.050205388973858,Estimable
2024,days_to_harvest,treatment,N120,TRUE,Fm429,145.9999999999982,4.050205388973858,Estimable
2024,days_to_harvest,treatment,N120,TRUE,Fm43,185.33333333333155,4.050205388973858,Estimable
2024,days_to_harvest,treatment,N120,TRUE,Fm44,178.33333333333155,4.050205388973858,Estimable
2024,days_to_harvest,treatment,N120,TRUE,Fm442,166.66666666666487,4.050205388973858,Estimable
2024,days_to_harvest,treatment,N120,TRUE,Fm443,159.99999999999824,4.050205388973858,Estimable
2024,days_to_harvest,treatment,N120,TRUE,Fm444,177.33333333333158,4.050205388973858,Estimable
2024,days_to_harvest,treatment,N120,TRUE,Fm446,168.99999999999824,4.050205388973858,Estimable
2024,days_to_harvest,treatment,N120,TRUE,Fm458,177.99999999999827,4.050205388973857,Estimable
2024,days_to_harvest,treatment,N120,TRUE,Fm464,185.99999999999824,4.050205388973857,Estimable
2024,days_to_harvest,treatment,N120,TRUE,Fm474,164.33333333333155,4.050205388973857,Estimable
2024,days_to_harvest,treatment,N120,TRUE,Fm475,153.98790731805065,4.9252839605166505,Estimable
2024,days_to_harvest,treatment,N120,TRUE,Fm477,183.33333333333152,4.050205388973857,Estimable
2024,days_to_harvest,treatment,N120,TRUE,Fm478,171.66666666666484,4.050205388973857,Estimable
2024,days_to_harvest,treatment,N120,TRUE,Fm480,177.66666666666487,4.050205388973857,Estimable
2024,days_to_harvest,treatment,N120,TRUE,Fm482,170.3333333333315,4.050205388973857,Estimable
2024,days_to_harvest,treatment,N120,TRUE,Fm484,166.66666666666484,4.050205388973857,Estimable
2024,days_to_harvest,treatment,N120,TRUE,Fm489,161.99999999999815,4.050205388973857,Estimable
2024,days_to_harvest,treatment,N120,TRUE,Fm491,163.33333333333152,4.050205388973857,Estimable
2024,days_to_harvest,treatment,N120,TRUE,Fm492,155.3333333333315,4.050205388973857,Estimable
2024,days_to_harvest,treatment,N120,TRUE,Fm496,144.33333333333147,4.050205388973857,Estimable
2024,days_to_harvest,treatment,N120,TRUE,Fm505,186.3333333333315,4.050205388973857,Estimable
2024,days_to_harvest,treatment,N120,TRUE,Fm507,165.7276216871409,4.925308185125428,Estimable
2024,days_to_harvest,treatment,N120,TRUE,Fm510,184.99999999999818,4.050205388973856,Estimable
2024,days_to_harvest,treatment,N120,TRUE,Fm518,153.66666666666484,4.050205388973857,Estimable
2024,days_to_harvest,treatment,N120,TRUE,Fm519,160.66666666666484,4.050205388973857,Estimable
2024,days_to_harvest,treatment,N120,TRUE,Fm522,176.3333333333315,4.050205388973857,Estimable
2024,days_to_harvest,treatment,N120,TRUE,Fm523,145.99999999999812,4.050205388973857,Estimable
2024,days_to_harvest,treatment,N120,TRUE,Fm524,153.99999999999812,4.050205388973857,Estimable
2024,days_to_harvest,treatment,N120,TRUE,Fm537,170.2844709948038,4.92545353027608,Estimable
2024,days_to_harvest,treatment,N120,TRUE,Fm552,165.6666666666648,4.050205388973857,Estimable
2024,days_to_harvest,treatment,N120,TRUE,Fm56,182.3333333333315,4.050205388973857,Estimable
2024,days_to_harvest,treatment,N120,TRUE,Fm560,128.33333333333144,4.050205388973857,Estimable
2024,days_to_harvest,treatment,N120,TRUE,Fm566,154.33333333333147,4.050205388973857,Estimable
2024,days_to_harvest,treatment,N120,TRUE,Fm569,128.33333333333147,4.050205388973856,Estimable
2024,days_to_harvest,treatment,N120,TRUE,Fm585,156.43105801038772,6.91577029961361,Estimable
2024,days_to_harvest,treatment,N120,TRUE,Fm589,120.99999999999815,4.050205388973857,Estimable
2024,days_to_harvest,treatment,N120,TRUE,Fm590,130.28447099480383,4.925453530276081,Estimable
2024,days_to_harvest,treatment,N120,TRUE,Fm592,129.99999999999815,4.050205388973857,Estimable
2024,days_to_harvest,treatment,N120,TRUE,Fm600,182.66666666666487,4.050205388973857,Estimable
2024,days_to_harvest,treatment,N120,TRUE,Fm601,182.99999999999818,4.050205388973856,Estimable
2024,days_to_harvest,treatment,N120,TRUE,Fm610,160.33333333333147,4.050205388973856,Estimable
2024,days_to_harvest,treatment,N120,TRUE,Fm611,155.33333333333147,4.050205388973856,Estimable
2024,days_to_harvest,treatment,N120,TRUE,Fm612,154.9999999999981,4.050205388973856,Estimable
2024,days_to_harvest,treatment,N120,TRUE,Fm614,176.33333333333147,4.050205388973856,Estimable
2024,days_to_harvest,treatment,N120,TRUE,Fm615,162.66666666666478,4.050205388973856,Estimable
2024,days_to_harvest,treatment,N120,TRUE,Fm616,123.28447099480358,4.925453530276081,Estimable
2024,days_to_harvest,treatment,N120,TRUE,Fm620,131.3333333333314,4.050205388973856,Estimable
2024,days_to_harvest,treatment,N120,TRUE,Fm621,160.33333333333144,4.050205388973856,Estimable
2024,days_to_harvest,treatment,N120,TRUE,Fm65,171.9999999999981,4.050205388973856,Estimable
2024,days_to_harvest,treatment,N120,TRUE,Fm78,183.9999999999981,4.050205388973856,Estimable
2024,days_to_harvest,treatment,N120,TRUE,Fm79,185.7844709948037,4.925453530276081,Estimable
2024,days_to_harvest,treatment,N120,TRUE,Fm86,185.33333333333138,4.050205388973856,Estimable
2024,normalized_difference_vegetation_index,treatment,N40,TRUE,Fm134,0.6666666666664511,0.0367656582453616,Estimable
2024,normalized_difference_vegetation_index,treatment,N40,TRUE,Fm156,0.5866666666666638,0.03676565824536653,Estimable
2024,normalized_difference_vegetation_index,treatment,N40,TRUE,Fm161,0.6333333333333308,0.03676565824536653,Estimable
2024,normalized_difference_vegetation_index,treatment,N40,TRUE,Fm168,0.6599999999999974,0.03676565824536653,Estimable
2024,normalized_difference_vegetation_index,treatment,N40,TRUE,Fm170,0.566666666666664,0.03676565824536653,Estimable
2024,normalized_difference_vegetation_index,treatment,N40,TRUE,Fm173,0.686666666666664,0.03676565824536653,Estimable
2024,normalized_difference_vegetation_index,treatment,N40,TRUE,Fm174,0.7399999999999977,0.03676565824536653,Estimable
2024,normalized_difference_vegetation_index,treatment,N40,TRUE,Fm176,0.5033333333333306,0.03676565824536653,Estimable
2024,normalized_difference_vegetation_index,treatment,N40,TRUE,Fm181,0.6766666666666641,0.03676565824536653,Estimable
2024,normalized_difference_vegetation_index,treatment,N40,TRUE,Fm185,0.4666666666666642,0.03676565824536653,Estimable
2024,normalized_difference_vegetation_index,treatment,N40,TRUE,Fm190,0.6699999999999975,0.03676565824536653,Estimable
2024,normalized_difference_vegetation_index,treatment,N40,TRUE,Fm193,0.5999999999999974,0.03676565824536653,Estimable
2024,normalized_difference_vegetation_index,treatment,N40,TRUE,Fm194,0.6533333333333309,0.03676565824536653,Estimable
2024,normalized_difference_vegetation_index,treatment,N40,TRUE,Fm195,0.6566666666666641,0.03676565824536653,Estimable
2024,normalized_difference_vegetation_index,treatment,N40,TRUE,Fm20,0.6199999999999974,0.03676565824536653,Estimable
2024,normalized_difference_vegetation_index,treatment,N40,TRUE,Fm203,0.6399999999999975,0.03676565824536653,Estimable
2024,normalized_difference_vegetation_index,treatment,N40,TRUE,Fm208,0.6166666666666641,0.03676565824536653,Estimable
2024,normalized_difference_vegetation_index,treatment,N40,TRUE,Fm214,0.6466666666666642,0.03676565824536653,Estimable
2024,normalized_difference_vegetation_index,treatment,N40,TRUE,Fm215,0.6133333333333308,0.03676565824536653,Estimable
2024,normalized_difference_vegetation_index,treatment,N40,TRUE,Fm216,0.598169513015015,0.06347510120861627,Estimable
2024,normalized_difference_vegetation_index,treatment,N40,TRUE,Fm219,0.5933333333333308,0.03676565824536653,Estimable
2024,normalized_difference_vegetation_index,treatment,N40,TRUE,Fm221,0.6566666666666642,0.03676565824536653,Estimable
2024,normalized_difference_vegetation_index,treatment,N40,TRUE,Fm225,0.5866666666666642,0.03676565824536653,Estimable
2024,normalized_difference_vegetation_index,treatment,N40,TRUE,Fm227,0.5299999999999975,0.03676565824536653,Estimable
2024,normalized_difference_vegetation_index,treatment,N40,TRUE,Fm233,0.5566666666666641,0.03676565824536653,Estimable
2024,normalized_difference_vegetation_index,treatment,N40,TRUE,Fm235,0.5933333333333308,0.03676565824536653,Estimable
2024,normalized_difference_vegetation_index,treatment,N40,TRUE,Fm236,0.613333333333331,0.03676565824536653,Estimable
2024,normalized_difference_vegetation_index,treatment,N40,TRUE,Fm238,0.4333333333333308,0.03676565824536653,Estimable
2024,normalized_difference_vegetation_index,treatment,N40,TRUE,Fm249,0.6199999999999977,0.03676565824536653,Estimable
2024,normalized_difference_vegetation_index,treatment,N40,TRUE,Fm250,0.6099999999999978,0.03676565824536653,Estimable
2024,normalized_difference_vegetation_index,treatment,N40,TRUE,Fm3,0.7033333333333313,0.03676565824536653,Estimable
2024,normalized_difference_vegetation_index,treatment,N40,TRUE,Fm321,0.6866666666666643,0.036765658245366525,Estimable
2024,normalized_difference_vegetation_index,treatment,N40,TRUE,Fm322,0.6966666666666642,0.036765658245366525,Estimable
2024,normalized_difference_vegetation_index,treatment,N40,TRUE,Fm337,0.5466666666666644,0.036765658245366525,Estimable
2024,normalized_difference_vegetation_index,treatment,N40,TRUE,Fm341,0.673333333333331,0.036765658245366525,Estimable
2024,normalized_difference_vegetation_index,treatment,N40,TRUE,Fm343,0.6366666666666645,0.03676565824536653,Estimable
2024,normalized_difference_vegetation_index,treatment,N40,TRUE,Fm344,0.45666666666666456,0.03676565824536653,Estimable
2024,normalized_difference_vegetation_index,treatment,N40,TRUE,Fm345,0.6399999999999978,0.03676565824536653,Estimable
2024,normalized_difference_vegetation_index,treatment,N40,TRUE,Fm346,0.5015215757172753,0.044956530539618025,Estimable
2024,normalized_difference_vegetation_index,treatment,N40,TRUE,Fm347,0.6233333333333311,0.03676565824536653,Estimable
2024,normalized_difference_vegetation_index,treatment,N40,TRUE,Fm349,0.6866666666666644,0.03676565824536653,Estimable
2024,normalized_difference_vegetation_index,treatment,N40,TRUE,Fm351,0.6533333333333311,0.03676565824536653,Estimable
2024,normalized_difference_vegetation_index,treatment,N40,TRUE,Fm352,0.6015215757172753,0.04495653053961803,Estimable
2024,normalized_difference_vegetation_index,treatment,N40,TRUE,Fm354,0.5933333333333312,0.03676565824536653,Estimable
2024,normalized_difference_vegetation_index,treatment,N40,TRUE,Fm355,0.6666666666666644,0.03676565824536653,Estimable
2024,normalized_difference_vegetation_index,treatment,N40,TRUE,Fm356,0.5699999999999977,0.03676565824536653,Estimable
2024,normalized_difference_vegetation_index,treatment,N40,TRUE,Fm358,0.49666666666666454,0.03676565824536653,Estimable
2024,normalized_difference_vegetation_index,treatment,N40,TRUE,Fm359,0.5933333333333312,0.03676565824536653,Estimable
2024,normalized_difference_vegetation_index,treatment,N40,TRUE,Fm36,0.3999999999999978,0.03676565824536653,Estimable
2024,normalized_difference_vegetation_index,treatment,N40,TRUE,Fm361,0.6399999999999978,0.03676565824536653,Estimable
2024,normalized_difference_vegetation_index,treatment,N40,TRUE,Fm363,0.6066666666666645,0.03676565824536653,Estimable
2024,normalized_difference_vegetation_index,treatment,N40,TRUE,Fm364,0.5233333333333313,0.03676565824536653,Estimable
2024,normalized_difference_vegetation_index,treatment,N40,TRUE,Fm365,0.5666666666666644,0.03676565824536653,Estimable
2024,normalized_difference_vegetation_index,treatment,N40,TRUE,Fm366,0.6666666666666644,0.03676565824536653,Estimable
2024,normalized_difference_vegetation_index,treatment,N40,TRUE,Fm368,0.6166666666666645,0.03676565824536653,Estimable
2024,normalized_difference_vegetation_index,treatment,N40,TRUE,Fm369,0.573333333333331,0.03676565824536653,Estimable
2024,normalized_difference_vegetation_index,treatment,N40,TRUE,Fm370,0.4766666666666646,0.03676565824536653,Estimable
2024,normalized_difference_vegetation_index,treatment,N40,TRUE,Fm372,0.6433333333333311,0.03676565824536653,Estimable
2024,normalized_difference_vegetation_index,treatment,N40,TRUE,Fm375,0.6366666666666645,0.03676565824536653,Estimable
2024,normalized_difference_vegetation_index,treatment,N40,TRUE,Fm376,0.6066666666666644,0.03676565824536653,Estimable
2024,normalized_difference_vegetation_index,treatment,N40,TRUE,Fm377,0.6766666666666644,0.03676565824536653,Estimable
2024,normalized_difference_vegetation_index,treatment,N40,TRUE,Fm378,0.6366666666666644,0.03676565824536653,Estimable
2024,normalized_difference_vegetation_index,treatment,N40,TRUE,Fm379,0.709999999999998,0.03676565824536653,Estimable
2024,normalized_difference_vegetation_index,treatment,N40,TRUE,Fm380,0.5899999999999977,0.03676565824536653,Estimable
2024,normalized_difference_vegetation_index,treatment,N40,TRUE,Fm381,0.6533333333333311,0.03676565824536653,Estimable
2024,normalized_difference_vegetation_index,treatment,N40,TRUE,Fm382,0.6566666666666643,0.03676565824536653,Estimable
2024,normalized_difference_vegetation_index,treatment,N40,TRUE,Fm384,0.5399999999999975,0.03676565824536653,Estimable
2024,normalized_difference_vegetation_index,treatment,N40,TRUE,Fm387,0.603333333333331,0.03676565824536653,Estimable
2024,normalized_difference_vegetation_index,treatment,N40,TRUE,Fm388,0.5599999999999975,0.03676565824536653,Estimable
2024,normalized_difference_vegetation_index,treatment,N40,TRUE,Fm389,0.5033333333333311,0.03676565824536653,Estimable
2024,normalized_difference_vegetation_index,treatment,N40,TRUE,Fm391,0.6299999999999977,0.03676565824536653,Estimable
2024,normalized_difference_vegetation_index,treatment,N40,TRUE,Fm392,0.6866666666666642,0.03676565824536653,Estimable
2024,normalized_difference_vegetation_index,treatment,N40,TRUE,Fm394,0.5633333333333309,0.03676565824536653,Estimable
2024,normalized_difference_vegetation_index,treatment,N40,TRUE,Fm395,0.6733333333333309,0.03676565824536653,Estimable
2024,normalized_difference_vegetation_index,treatment,N40,TRUE,Fm396,0.5899999999999977,0.03676565824536653,Estimable
2024,normalized_difference_vegetation_index,treatment,N40,TRUE,Fm398,0.6065215757172748,0.04495653053961804,Estimable
2024,normalized_difference_vegetation_index,treatment,N40,TRUE,Fm400,0.7066666666666647,0.03676565824536653,Estimable
2024,normalized_difference_vegetation_index,treatment,N40,TRUE,Fm401,0.6299999999999978,0.03676565824536653,Estimable
2024,normalized_difference_vegetation_index,treatment,N40,TRUE,Fm402,0.6799999999999977,0.03676565824536653,Estimable
2024,normalized_difference_vegetation_index,treatment,N40,TRUE,Fm404,0.633333333333331,0.03676565824536653,Estimable
2024,normalized_difference_vegetation_index,treatment,N40,TRUE,Fm405,0.643333333333331,0.03676565824536653,Estimable
2024,normalized_difference_vegetation_index,treatment,N40,TRUE,Fm406,0.5999999999999979,0.03676565824536653,Estimable
2024,normalized_difference_vegetation_index,treatment,N40,TRUE,Fm407,0.6333333333333311,0.036765658245366525,Estimable
2024,normalized_difference_vegetation_index,treatment,N40,TRUE,Fm41,0.693333333333331,0.03676565824536653,Estimable
2024,normalized_difference_vegetation_index,treatment,N40,TRUE,Fm410,0.6733333333333311,0.03676565824536653,Estimable
2024,normalized_difference_vegetation_index,treatment,N40,TRUE,Fm411,0.6699999999999977,0.03676565824536653,Estimable
2024,normalized_difference_vegetation_index,treatment,N40,TRUE,Fm412,0.6433333333333311,0.03676565824536653,Estimable
2024,normalized_difference_vegetation_index,treatment,N40,TRUE,Fm413,0.6766666666666644,0.03676565824536653,Estimable
2024,normalized_difference_vegetation_index,treatment,N40,TRUE,Fm414,0.5433333333333311,0.03676565824536653,Estimable
2024,normalized_difference_vegetation_index,treatment,N40,TRUE,Fm415,0.5966666666666645,0.03676565824536653,Estimable
2024,normalized_difference_vegetation_index,treatment,N40,TRUE,Fm416,0.6599999999999978,0.036765658245366525,Estimable
2024,normalized_difference_vegetation_index,treatment,N40,TRUE,Fm417,0.5699999999999977,0.036765658245366525,Estimable
2024,normalized_difference_vegetation_index,treatment,N40,TRUE,Fm418,0.6433333333333311,0.036765658245366525,Estimable
2024,normalized_difference_vegetation_index,treatment,N40,TRUE,Fm419,0.6433333333333311,0.03676565824536653,Estimable
2024,normalized_difference_vegetation_index,treatment,N40,TRUE,Fm420,0.6533333333333311,0.03676565824536653,Estimable
2024,normalized_difference_vegetation_index,treatment,N40,TRUE,Fm421,0.49666666666666454,0.036765658245366525,Estimable
2024,normalized_difference_vegetation_index,treatment,N40,TRUE,Fm428,0.7233333333333313,0.03676565824536653,Estimable
2024,normalized_difference_vegetation_index,treatment,N40,TRUE,Fm429,0.6699999999999977,0.036765658245366525,Estimable
2024,normalized_difference_vegetation_index,treatment,N40,TRUE,Fm43,0.7066666666666644,0.036765658245366525,Estimable
2024,normalized_difference_vegetation_index,treatment,N40,TRUE,Fm44,0.6566666666666644,0.036765658245366525,Estimable
2024,normalized_difference_vegetation_index,treatment,N40,TRUE,Fm442,0.6066666666666644,0.036765658245366525,Estimable
2024,normalized_difference_vegetation_index,treatment,N40,TRUE,Fm443,0.4715215757172754,0.04495653053961804,Estimable
2024,normalized_difference_vegetation_index,treatment,N40,TRUE,Fm444,0.6399999999999978,0.03676565824536652,Estimable
2024,normalized_difference_vegetation_index,treatment,N40,TRUE,Fm446,0.6799999999999977,0.03676565824536652,Estimable
2024,normalized_difference_vegetation_index,treatment,N40,TRUE,Fm458,0.683333333333331,0.03676565824536652,Estimable
2024,normalized_difference_vegetation_index,treatment,N40,TRUE,Fm464,0.6366666666666644,0.03676565824536652,Estimable
2024,normalized_difference_vegetation_index,treatment,N40,TRUE,Fm474,0.5133333333333312,0.036765658245366525,Estimable
2024,normalized_difference_vegetation_index,treatment,N40,TRUE,Fm475,0.6699999999999977,0.03676565824536652,Estimable
2024,normalized_difference_vegetation_index,treatment,N40,TRUE,Fm477,0.43333333333333113,0.03676565824536652,Estimable
2024,normalized_difference_vegetation_index,treatment,N40,TRUE,Fm478,0.7033333333333313,0.03676565824536652,Estimable
2024,normalized_difference_vegetation_index,treatment,N40,TRUE,Fm480,0.49999999999999795,0.03676565824536652,Estimable
2024,normalized_difference_vegetation_index,treatment,N40,TRUE,Fm482,0.5233333333333313,0.03676565824536652,Estimable
2024,normalized_difference_vegetation_index,treatment,N40,TRUE,Fm484,0.6766666666666644,0.03676565824536652,Estimable
2024,normalized_difference_vegetation_index,treatment,N40,TRUE,Fm489,0.6199999999999978,0.03676565824536652,Estimable
2024,normalized_difference_vegetation_index,treatment,N40,TRUE,Fm491,0.49333333333333124,0.03676565824536652,Estimable
2024,normalized_difference_vegetation_index,treatment,N40,TRUE,Fm492,0.6666666666666644,0.036765658245366525,Estimable
2024,normalized_difference_vegetation_index,treatment,N40,TRUE,Fm496,0.5999999999999978,0.036765658245366525,Estimable
2024,normalized_difference_vegetation_index,treatment,N40,TRUE,Fm505,0.6833333333333311,0.03676565824536652,Estimable
2024,normalized_difference_vegetation_index,treatment,N40,TRUE,Fm507,0.469999999999998,0.03676565824536652,Estimable
2024,normalized_difference_vegetation_index,treatment,N40,TRUE,Fm510,0.6666666666666645,0.03676565824536652,Estimable
2024,normalized_difference_vegetation_index,treatment,N40,TRUE,Fm518,0.629999999999998,0.03676565824536652,Estimable
2024,normalized_difference_vegetation_index,treatment,N40,TRUE,Fm519,0.5866666666666647,0.03676565824536652,Estimable
2024,normalized_difference_vegetation_index,treatment,N40,TRUE,Fm522,0.48999999999999805,0.03676565824536652,Estimable
2024,normalized_difference_vegetation_index,treatment,N40,TRUE,Fm523,0.6399999999999978,0.03676565824536652,Estimable
2024,normalized_difference_vegetation_index,treatment,N40,TRUE,Fm524,0.6399999999999979,0.03676565824536652,Estimable
2024,normalized_difference_vegetation_index,treatment,N40,TRUE,Fm537,0.6033333333333312,0.03676565824536652,Estimable
2024,normalized_difference_vegetation_index,treatment,N40,TRUE,Fm552,0.6066666666666647,0.036765658245366525,Estimable
2024,normalized_difference_vegetation_index,treatment,N40,TRUE,Fm56,0.5966666666666647,0.036765658245366525,Estimable
2024,normalized_difference_vegetation_index,treatment,N40,TRUE,Fm560,0.619999999999998,0.03676565824536653,Estimable
2024,normalized_difference_vegetation_index,treatment,N40,TRUE,Fm566,0.5633333333333314,0.036765658245366525,Estimable
2024,normalized_difference_vegetation_index,treatment,N40,TRUE,Fm569,0.6266666666666647,0.036765658245366525,Estimable
2024,normalized_difference_vegetation_index,treatment,N40,TRUE,Fm585,0.6675631807902294,0.04495617130074956,Estimable
2024,normalized_difference_vegetation_index,treatment,N40,TRUE,Fm589,0.6533333333333313,0.036765658245366525,Estimable
2024,normalized_difference_vegetation_index,treatment,N40,TRUE,Fm590,0.5766666666666647,0.036765658245366525,Estimable
2024,normalized_difference_vegetation_index,treatment,N40,TRUE,Fm592,0.619999999999998,0.036765658245366525,Estimable
2024,normalized_difference_vegetation_index,treatment,N40,TRUE,Fm600,0.5233333333333315,0.036765658245366525,Estimable
2024,normalized_difference_vegetation_index,treatment,N40,TRUE,Fm601,0.5399999999999981,0.036765658245366525,Estimable
2024,normalized_difference_vegetation_index,treatment,N40,TRUE,Fm610,0.5366666666666647,0.036765658245366525,Estimable
2024,normalized_difference_vegetation_index,treatment,N40,TRUE,Fm611,0.4833333333333314,0.03676565824536653,Estimable
2024,normalized_difference_vegetation_index,treatment,N40,TRUE,Fm612,0.6066666666666648,0.03676565824536653,Estimable
2024,normalized_difference_vegetation_index,treatment,N40,TRUE,Fm614,0.5066666666666648,0.03676565824536653,Estimable
2024,normalized_difference_vegetation_index,treatment,N40,TRUE,Fm615,0.5933333333333314,0.03676565824536653,Estimable
2024,normalized_difference_vegetation_index,treatment,N40,TRUE,Fm616,0.6699999999999982,0.03676565824536653,Estimable
2024,normalized_difference_vegetation_index,treatment,N40,TRUE,Fm620,0.6799999999999982,0.03676565824536653,Estimable
2024,normalized_difference_vegetation_index,treatment,N40,TRUE,Fm621,0.7133333333333315,0.03676565824536653,Estimable
2024,normalized_difference_vegetation_index,treatment,N40,TRUE,Fm65,0.4999999999999981,0.03676565824536653,Estimable
2024,normalized_difference_vegetation_index,treatment,N40,TRUE,Fm78,0.5309152434924895,0.044956171300749526,Estimable
2024,normalized_difference_vegetation_index,treatment,N40,TRUE,Fm79,0.6366666666666647,0.036765658245366525,Estimable
2024,normalized_difference_vegetation_index,treatment,N40,TRUE,Fm86,0.649999999999998,0.036765658245366525,Estimable
2024,normalized_difference_vegetation_index,treatment,N40,TRUE,Fm9,0.6766666666666648,0.03676565824536653,Estimable
2024,normalized_difference_vegetation_index,treatment,N120,TRUE,Fm134,0.6333333333326461,0.038524773085297274,Estimable
2024,normalized_difference_vegetation_index,treatment,N120,TRUE,Fm156,0.5799999999999862,0.03852477308530996,Estimable
2024,normalized_difference_vegetation_index,treatment,N120,TRUE,Fm161,0.7099999999999866,0.03852477308530996,Estimable
2024,normalized_difference_vegetation_index,treatment,N120,TRUE,Fm168,0.6660088704132013,0.04710394204524601,Estimable
2024,normalized_difference_vegetation_index,treatment,N120,TRUE,Fm170,0.5833333333333193,0.038524773085309966,Estimable
2024,normalized_difference_vegetation_index,treatment,N120,TRUE,Fm173,0.706666666666653,0.03852477308530996,Estimable
2024,normalized_difference_vegetation_index,treatment,N120,TRUE,Fm174,0.7299999999999859,0.03852477308530996,Estimable
2024,normalized_difference_vegetation_index,treatment,N120,TRUE,Fm176,0.49999999999998557,0.03852477308530996,Estimable
2024,normalized_difference_vegetation_index,treatment,N120,TRUE,Fm181,0.5833333333333194,0.03852477308530996,Estimable
2024,normalized_difference_vegetation_index,treatment,N120,TRUE,Fm185,0.3799999999999859,0.038524773085309966,Estimable
2024,normalized_difference_vegetation_index,treatment,N120,TRUE,Fm190,0.6466666666666532,0.038524773085309966,Estimable
2024,normalized_difference_vegetation_index,treatment,N120,TRUE,Fm193,0.5966666666666532,0.038524773085309966,Estimable
2024,normalized_difference_vegetation_index,treatment,N120,TRUE,Fm194,0.5466666666666531,0.03852477308530996,Estimable
2024,normalized_difference_vegetation_index,treatment,N120,TRUE,Fm195,0.63333333333332,0.03852477308530996,Estimable
2024,normalized_difference_vegetation_index,treatment,N120,TRUE,Fm20,0.5866666666666532,0.03852477308530996,Estimable
2024,normalized_difference_vegetation_index,treatment,N120,TRUE,Fm203,0.6499999999999866,0.03852477308530996,Estimable
2024,normalized_difference_vegetation_index,treatment,N120,TRUE,Fm208,0.6166666666666532,0.03852477308530996,Estimable
2024,normalized_difference_vegetation_index,treatment,N120,TRUE,Fm214,0.6433333333333198,0.03852477308530996,Estimable
2024,normalized_difference_vegetation_index,treatment,N120,TRUE,Fm215,0.5799999999999864,0.03852477308530996,Estimable
2024,normalized_difference_vegetation_index,treatment,N120,TRUE,Fm216,0.6433333333333198,0.03852477308530996,Estimable
2024,normalized_difference_vegetation_index,treatment,N120,TRUE,Fm219,0.586666666666653,0.03852477308530996,Estimable
2024,normalized_difference_vegetation_index,treatment,N120,TRUE,Fm221,0.5699999999999864,0.038524773085309966,Estimable
2024,normalized_difference_vegetation_index,treatment,N120,TRUE,Fm225,0.60333333333332,0.038524773085309966,Estimable
2024,normalized_difference_vegetation_index,treatment,N120,TRUE,Fm227,0.5266666666666532,0.038524773085309966,Estimable
2024,normalized_difference_vegetation_index,treatment,N120,TRUE,Fm233,0.5899999999999865,0.038524773085309966,Estimable
2024,normalized_difference_vegetation_index,treatment,N120,TRUE,Fm235,0.5999999999999864,0.03852477308530996,Estimable
2024,normalized_difference_vegetation_index,treatment,N120,TRUE,Fm236,0.5833333333333198,0.03852477308530996,Estimable
2024,normalized_difference_vegetation_index,treatment,N120,TRUE,Fm238,0.4533333333333197,0.03852477308530996,Estimable
2024,normalized_difference_vegetation_index,treatment,N120,TRUE,Fm249,0.6433333333333201,0.03852477308530996,Estimable
2024,normalized_difference_vegetation_index,treatment,N120,TRUE,Fm250,0.62333333333332,0.03852477308530996,Estimable
2024,normalized_difference_vegetation_index,treatment,N120,TRUE,Fm3,0.6599999999999866,0.03852477308530996,Estimable
2024,normalized_difference_vegetation_index,treatment,N120,TRUE,Fm321,0.7033333333333199,0.03852477308530996,Estimable
2024,normalized_difference_vegetation_index,treatment,N120,TRUE,Fm322,0.6733333333333199,0.038524773085309966,Estimable
2024,normalized_difference_vegetation_index,treatment,N120,TRUE,Fm337,0.6033333333333196,0.03852477308530996,Estimable
2024,normalized_difference_vegetation_index,treatment,N120,TRUE,Fm341,0.6999999999999864,0.038524773085309966,Estimable
2024,normalized_difference_vegetation_index,treatment,N120,TRUE,Fm343,0.6399999999999864,0.03852477308530996,Estimable
2024,normalized_difference_vegetation_index,treatment,N120,TRUE,Fm344,0.4399999999999861,0.03852477308530996,Estimable
2024,normalized_difference_vegetation_index,treatment,N120,TRUE,Fm345,0.6899999999999863,0.03852477308530996,Estimable
2024,normalized_difference_vegetation_index,treatment,N120,TRUE,Fm346,0.5012646923839225,0.047103685636314674,Estimable
2024,normalized_difference_vegetation_index,treatment,N120,TRUE,Fm347,0.6333333333333195,0.03852477308530996,Estimable
2024,normalized_difference_vegetation_index,treatment,N120,TRUE,Fm349,0.6799999999999863,0.03852477308530996,Estimable
2024,normalized_difference_vegetation_index,treatment,N120,TRUE,Fm351,0.4999999999999861,0.03852477308530996,Estimable
2024,normalized_difference_vegetation_index,treatment,N120,TRUE,Fm352,0.6599999999999863,0.03852477308530996,Estimable
2024,normalized_difference_vegetation_index,treatment,N120,TRUE,Fm354,0.6599999999999863,0.03852477308530996,Estimable
2024,normalized_difference_vegetation_index,treatment,N120,TRUE,Fm355,0.5866666666666529,0.03852477308530996,Estimable
2024,normalized_difference_vegetation_index,treatment,N120,TRUE,Fm356,0.5033333333333194,0.03852477308530996,Estimable
2024,normalized_difference_vegetation_index,treatment,N120,TRUE,Fm358,0.5066666666666527,0.03852477308530996,Estimable
2024,normalized_difference_vegetation_index,treatment,N120,TRUE,Fm359,0.646666666666653,0.03852477308530996,Estimable
2024,normalized_difference_vegetation_index,treatment,N120,TRUE,Fm36,0.45333333333331943,0.03852477308530995,Estimable
2024,normalized_difference_vegetation_index,treatment,N120,TRUE,Fm361,0.7010088704132009,0.047103942045246004,Estimable
2024,normalized_difference_vegetation_index,treatment,N120,TRUE,Fm363,0.656666666666653,0.03852477308530996,Estimable
2024,normalized_difference_vegetation_index,treatment,N120,TRUE,Fm364,0.6299999999999862,0.03852477308530996,Estimable
2024,normalized_difference_vegetation_index,treatment,N120,TRUE,Fm365,0.5833333333333196,0.03852477308530995,Estimable
2024,normalized_difference_vegetation_index,treatment,N120,TRUE,Fm366,0.6933333333333196,0.03852477308530995,Estimable
2024,normalized_difference_vegetation_index,treatment,N120,TRUE,Fm368,0.526666666666653,0.03852477308530995,Estimable
2024,normalized_difference_vegetation_index,treatment,N120,TRUE,Fm369,0.6599999999999864,0.03852477308530995,Estimable
2024,normalized_difference_vegetation_index,treatment,N120,TRUE,Fm370,0.496666666666653,0.03852477308530995,Estimable
2024,normalized_difference_vegetation_index,treatment,N120,TRUE,Fm372,0.6699999999999865,0.03852477308530995,Estimable
2024,normalized_difference_vegetation_index,treatment,N120,TRUE,Fm375,0.6066666666666529,0.03852477308530995,Estimable
2024,normalized_difference_vegetation_index,treatment,N120,TRUE,Fm376,0.6266666666666529,0.03852477308530995,Estimable
2024,normalized_difference_vegetation_index,treatment,N120,TRUE,Fm377,0.6833333333333196,0.03852477308530995,Estimable
2024,normalized_difference_vegetation_index,treatment,N120,TRUE,Fm378,0.5433333333333196,0.03852477308530995,Estimable
2024,normalized_difference_vegetation_index,treatment,N120,TRUE,Fm379,0.6833333333333196,0.03852477308530995,Estimable
2024,normalized_difference_vegetation_index,treatment,N120,TRUE,Fm380,0.5999999999999862,0.03852477308530995,Estimable
2024,normalized_difference_vegetation_index,treatment,N120,TRUE,Fm381,0.6399999999999864,0.03852477308530995,Estimable
2024,normalized_difference_vegetation_index,treatment,N120,TRUE,Fm382,0.6933333333333196,0.03852477308530995,Estimable
2024,normalized_difference_vegetation_index,treatment,N120,TRUE,Fm384,0.5033333333333194,0.03852477308530995,Estimable
2024,normalized_difference_vegetation_index,treatment,N120,TRUE,Fm387,0.5633333333333196,0.03852477308530995,Estimable
2024,normalized_difference_vegetation_index,treatment,N120,TRUE,Fm388,0.656666666666653,0.03852477308530995,Estimable
2024,normalized_difference_vegetation_index,treatment,N120,TRUE,Fm389,0.5133333333333195,0.03852477308530995,Estimable
2024,normalized_difference_vegetation_index,treatment,N120,TRUE,Fm391,0.6633333333333196,0.038524773085309945,Estimable
2024,normalized_difference_vegetation_index,treatment,N120,TRUE,Fm392,0.586666666666653,0.038524773085309945,Estimable
2024,normalized_difference_vegetation_index,treatment,N120,TRUE,Fm394,0.6233333333333196,0.038524773085309945,Estimable
2024,normalized_difference_vegetation_index,treatment,N120,TRUE,Fm395,0.6699999999999863,0.03852477308530995,Estimable
2024,normalized_difference_vegetation_index,treatment,N120,TRUE,Fm396,0.6933333333333196,0.03852477308530995,Estimable
2024,normalized_difference_vegetation_index,treatment,N120,TRUE,Fm398,0.571008870413201,0.04710394204524601,Estimable
2024,normalized_difference_vegetation_index,treatment,N120,TRUE,Fm400,0.6266666666666528,0.038524773085309945,Estimable
2024,normalized_difference_vegetation_index,treatment,N120,TRUE,Fm401,0.5733333333333195,0.038524773085309945,Estimable
2024,normalized_difference_vegetation_index,treatment,N120,TRUE,Fm402,0.6899999999999862,0.038524773085309945,Estimable
2024,normalized_difference_vegetation_index,treatment,N120,TRUE,Fm404,0.6877264372028339,0.047103813840954814,Estimable
2024,normalized_difference_vegetation_index,treatment,N120,TRUE,Fm405,0.5599999999999863,0.038524773085309945,Estimable
2024,normalized_difference_vegetation_index,treatment,N120,TRUE,Fm406,0.6166666666666529,0.038524773085309945,Estimable
2024,normalized_difference_vegetation_index,treatment,N120,TRUE,Fm407,0.7266666666666529,0.038524773085309945,Estimable
2024,normalized_difference_vegetation_index,treatment,N120,TRUE,Fm41,0.6799999999999862,0.038524773085309945,Estimable
2024,normalized_difference_vegetation_index,treatment,N120,TRUE,Fm410,0.6433333333333195,0.03852477308530995,Estimable
2024,normalized_difference_vegetation_index,treatment,N120,TRUE,Fm411,0.7066666666666529,0.03852477308530995,Estimable
2024,normalized_difference_vegetation_index,treatment,N120,TRUE,Fm412,0.6266666666666529,0.03852477308530995,Estimable
2024,normalized_difference_vegetation_index,treatment,N120,TRUE,Fm413,0.6299999999999863,0.03852477308530995,Estimable
2024,normalized_difference_vegetation_index,treatment,N120,TRUE,Fm414,0.5699999999999863,0.03852477308530995,Estimable
2024,normalized_difference_vegetation_index,treatment,N120,TRUE,Fm415,0.626666666666653,0.03852477308530995,Estimable
2024,normalized_difference_vegetation_index,treatment,N120,TRUE,Fm416,0.536666666666653,0.03852477308530995,Estimable
2024,normalized_difference_vegetation_index,treatment,N120,TRUE,Fm417,0.5966666666666531,0.03852477308530995,Estimable
2024,normalized_difference_vegetation_index,treatment,N120,TRUE,Fm418,0.6199999999999863,0.03852477308530996,Estimable
2024,normalized_difference_vegetation_index,treatment,N120,TRUE,Fm419,0.6499999999999864,0.03852477308530996,Estimable
2024,normalized_difference_vegetation_index,treatment,N120,TRUE,Fm420,0.6199999999999863,0.03852477308530996,Estimable
2024,normalized_difference_vegetation_index,treatment,N120,TRUE,Fm421,0.536666666666653,0.03852477308530996,Estimable
2024,normalized_difference_vegetation_index,treatment,N120,TRUE,Fm428,0.6099999999999862,0.03852477308530996,Estimable
2024,normalized_difference_vegetation_index,treatment,N120,TRUE,Fm429,0.6699999999999863,0.03852477308530996,Estimable
2024,normalized_difference_vegetation_index,treatment,N120,TRUE,Fm43,0.666666666666653,0.03852477308530996,Estimable
2024,normalized_difference_vegetation_index,treatment,N120,TRUE,Fm44,0.6466666666666528,0.03852477308530996,Estimable
2024,normalized_difference_vegetation_index,treatment,N120,TRUE,Fm442,0.646666666666653,0.03852477308530996,Estimable
2024,normalized_difference_vegetation_index,treatment,N120,TRUE,Fm443,0.636666666666653,0.03852477308530996,Estimable
2024,normalized_difference_vegetation_index,treatment,N120,TRUE,Fm444,0.6033333333333195,0.03852477308530996,Estimable
2024,normalized_difference_vegetation_index,treatment,N120,TRUE,Fm446,0.6699999999999863,0.03852477308530995,Estimable
2024,normalized_difference_vegetation_index,treatment,N120,TRUE,Fm458,0.6866666666666529,0.03852477308530996,Estimable
2024,normalized_difference_vegetation_index,treatment,N120,TRUE,Fm464,0.5766666666666529,0.03852477308530996,Estimable
2024,normalized_difference_vegetation_index,treatment,N120,TRUE,Fm474,0.4866666666666528,0.03852477308530996,Estimable
2024,normalized_difference_vegetation_index,treatment,N120,TRUE,Fm475,0.6877264372028341,0.04710381384095483,Estimable
2024,normalized_difference_vegetation_index,treatment,N120,TRUE,Fm477,0.45999999999998614,0.03852477308530996,Estimable
2024,normalized_difference_vegetation_index,treatment,N120,TRUE,Fm478,0.6366666666666528,0.03852477308530996,Estimable
2024,normalized_difference_vegetation_index,treatment,N120,TRUE,Fm480,0.47999999999998605,0.03852477308530996,Estimable
2024,normalized_difference_vegetation_index,treatment,N120,TRUE,Fm482,0.6199999999999862,0.03852477308530995,Estimable
2024,normalized_difference_vegetation_index,treatment,N120,TRUE,Fm484,0.6466666666666528,0.03852477308530995,Estimable
2024,normalized_difference_vegetation_index,treatment,N120,TRUE,Fm489,0.5399999999999862,0.03852477308530996,Estimable
2024,normalized_difference_vegetation_index,treatment,N120,TRUE,Fm491,0.6133333333333194,0.03852477308530995,Estimable
2024,normalized_difference_vegetation_index,treatment,N120,TRUE,Fm492,0.6733333333333196,0.03852477308530995,Estimable
2024,normalized_difference_vegetation_index,treatment,N120,TRUE,Fm496,0.6599999999999862,0.03852477308530995,Estimable
2024,normalized_difference_vegetation_index,treatment,N120,TRUE,Fm505,0.6766666666666528,0.03852477308530995,Estimable
2024,normalized_difference_vegetation_index,treatment,N120,TRUE,Fm507,0.5466666666666528,0.03852477308530995,Estimable
2024,normalized_difference_vegetation_index,treatment,N120,TRUE,Fm510,0.6933333333333195,0.03852477308530995,Estimable
2024,normalized_difference_vegetation_index,treatment,N120,TRUE,Fm518,0.6766666666666528,0.03852477308530995,Estimable
2024,normalized_difference_vegetation_index,treatment,N120,TRUE,Fm519,0.6666666666666529,0.03852477308530995,Estimable
2024,normalized_difference_vegetation_index,treatment,N120,TRUE,Fm522,0.5699999999999862,0.038524773085309945,Estimable
2024,normalized_difference_vegetation_index,treatment,N120,TRUE,Fm523,0.6266666666666527,0.038524773085309945,Estimable
2024,normalized_difference_vegetation_index,treatment,N120,TRUE,Fm524,0.6733333333333195,0.038524773085309945,Estimable
2024,normalized_difference_vegetation_index,treatment,N120,TRUE,Fm537,0.6033333333333193,0.038524773085309945,Estimable
2024,normalized_difference_vegetation_index,treatment,N120,TRUE,Fm552,0.6366666666666527,0.038524773085309945,Estimable
2024,normalized_difference_vegetation_index,treatment,N120,TRUE,Fm56,0.6466666666666527,0.038524773085309945,Estimable
2024,normalized_difference_vegetation_index,treatment,N120,TRUE,Fm560,0.6099999999999861,0.038524773085309945,Estimable
2024,normalized_difference_vegetation_index,treatment,N120,TRUE,Fm566,0.6033333333333194,0.038524773085309945,Estimable
2024,normalized_difference_vegetation_index,treatment,N120,TRUE,Fm569,0.6666666666666528,0.038524773085309945,Estimable
2024,normalized_difference_vegetation_index,treatment,N120,TRUE,Fm585,0.5979822591735551,0.06650301497664383,Estimable
2024,normalized_difference_vegetation_index,treatment,N120,TRUE,Fm589,0.6666666666666529,0.038524773085309945,Estimable
2024,normalized_difference_vegetation_index,treatment,N120,TRUE,Fm590,0.619999999999986,0.03852477308530995,Estimable
2024,normalized_difference_vegetation_index,treatment,N120,TRUE,Fm592,0.6733333333333194,0.038524773085309945,Estimable
2024,normalized_difference_vegetation_index,treatment,N120,TRUE,Fm600,0.5533333333333194,0.038524773085309945,Estimable
2024,normalized_difference_vegetation_index,treatment,N120,TRUE,Fm601,0.5433333333333195,0.038524773085309945,Estimable
2024,normalized_difference_vegetation_index,treatment,N120,TRUE,Fm610,0.5466666666666526,0.038524773085309945,Estimable
2024,normalized_difference_vegetation_index,treatment,N120,TRUE,Fm611,0.48333333333331946,0.038524773085309945,Estimable
2024,normalized_difference_vegetation_index,treatment,N120,TRUE,Fm612,0.5866666666666529,0.038524773085309945,Estimable
2024,normalized_difference_vegetation_index,treatment,N120,TRUE,Fm614,0.6299999999999862,0.038524773085309945,Estimable
2024,normalized_difference_vegetation_index,treatment,N120,TRUE,Fm615,0.6233333333333195,0.038524773085309945,Estimable
2024,normalized_difference_vegetation_index,treatment,N120,TRUE,Fm616,0.6466666666666528,0.038524773085309945,Estimable
2024,normalized_difference_vegetation_index,treatment,N120,TRUE,Fm620,0.6666666666666529,0.038524773085309945,Estimable
2024,normalized_difference_vegetation_index,treatment,N120,TRUE,Fm621,0.6999999999999863,0.038524773085309945,Estimable
2024,normalized_difference_vegetation_index,treatment,N120,TRUE,Fm65,0.6299999999999862,0.03852477308530994,Estimable
2024,normalized_difference_vegetation_index,treatment,N120,TRUE,Fm78,0.48333333333331957,0.03852477308530994,Estimable
2024,normalized_difference_vegetation_index,treatment,N120,TRUE,Fm79,0.6399999999999864,0.03852477308530994,Estimable
2024,normalized_difference_vegetation_index,treatment,N120,TRUE,Fm86,0.6899999999999863,0.03852477308530994,Estimable
2024,normalized_difference_vegetation_index,treatment,N120,TRUE,Fm9,0.6399999999999864,0.03852477308530994,Estimable
2024,fluorescence,treatment,N40,TRUE,Fm134,0.4433333333326354,0.054998117269675524,Estimable
2024,fluorescence,treatment,N40,TRUE,Fm156,0.5499999999999834,0.05499811726970005,Estimable
2024,fluorescence,treatment,N40,TRUE,Fm161,0.6033333333333152,0.05499811726970006,Estimable
2024,fluorescence,treatment,N40,TRUE,Fm168,0.6166666666666477,0.05499811726970006,Estimable
2024,fluorescence,treatment,N40,TRUE,Fm170,0.5866666666666469,0.05499811726970006,Estimable
2024,fluorescence,treatment,N40,TRUE,Fm173,0.6699999999999804,0.05499811726970006,Estimable
2024,fluorescence,treatment,N40,TRUE,Fm174,0.6833333333333131,0.05499811726970006,Estimable
2024,fluorescence,treatment,N40,TRUE,Fm176,0.3666666666666455,0.05499811726970005,Estimable
2024,fluorescence,treatment,N40,TRUE,Fm181,0.686666666666647,0.05499811726970006,Estimable
2024,fluorescence,treatment,N40,TRUE,Fm185,0.4499999999999794,0.05499811726970007,Estimable
2024,fluorescence,treatment,N40,TRUE,Fm190,0.6633333333333136,0.05499811726970007,Estimable
2024,fluorescence,treatment,N40,TRUE,Fm193,0.6233333333333133,0.05499811726970006,Estimable
2024,fluorescence,treatment,N40,TRUE,Fm194,0.6099999999999799,0.05499811726970005,Estimable
2024,fluorescence,treatment,N40,TRUE,Fm195,0.7033333333333132,0.05499811726970006,Estimable
2024,fluorescence,treatment,N40,TRUE,Fm20,0.5833333333333128,0.05499811726970006,Estimable
2024,fluorescence,treatment,N40,TRUE,Fm203,0.6033333333333128,0.05499811726970006,Estimable
2024,fluorescence,treatment,N40,TRUE,Fm208,0.5299999999999794,0.05499811726970006,Estimable
2024,fluorescence,treatment,N40,TRUE,Fm214,0.7866666666666464,0.05499811726970006,Estimable
2024,fluorescence,treatment,N40,TRUE,Fm215,0.7866666666666461,0.05499811726970006,Estimable
2024,fluorescence,treatment,N40,TRUE,Fm216,0.6905133702940742,0.09479069877267228,Estimable
2024,fluorescence,treatment,N40,TRUE,Fm219,0.7566666666666458,0.05499811726970005,Estimable
2024,fluorescence,treatment,N40,TRUE,Fm221,0.6833333333333124,0.05499811726970005,Estimable
2024,fluorescence,treatment,N40,TRUE,Fm225,0.6266666666666456,0.05499811726970005,Estimable
2024,fluorescence,treatment,N40,TRUE,Fm227,0.6233333333333123,0.05499811726970005,Estimable
2024,fluorescence,treatment,N40,TRUE,Fm233,0.5066666666666454,0.054998117269700046,Estimable
2024,fluorescence,treatment,N40,TRUE,Fm235,0.463333333333312,0.054998117269700046,Estimable
2024,fluorescence,treatment,N40,TRUE,Fm236,0.6833333333333125,0.054998117269700046,Estimable
2024,fluorescence,treatment,N40,TRUE,Fm238,0.5433333333333122,0.05499811726970005,Estimable
2024,fluorescence,treatment,N40,TRUE,Fm249,0.6366666666666457,0.054998117269700046,Estimable
2024,fluorescence,treatment,N40,TRUE,Fm250,0.6599999999999792,0.05499811726970005,Estimable
2024,fluorescence,treatment,N40,TRUE,Fm3,0.6966666666666458,0.05499811726970005,Estimable
2024,fluorescence,treatment,N40,TRUE,Fm321,0.789999999999979,0.05499811726970005,Estimable
2024,fluorescence,treatment,N40,TRUE,Fm322,0.6633333333333121,0.05499811726970005,Estimable
2024,fluorescence,treatment,N40,TRUE,Fm337,0.5166666666666453,0.05499811726970005,Estimable
2024,fluorescence,treatment,N40,TRUE,Fm341,0.6299999999999788,0.05499811726970005,Estimable
2024,fluorescence,treatment,N40,TRUE,Fm343,0.5999999999999789,0.054998117269700046,Estimable
2024,fluorescence,treatment,N40,TRUE,Fm344,0.3299999999999782,0.05499811726970005,Estimable
2024,fluorescence,treatment,N40,TRUE,Fm345,0.5833333333333124,0.054998117269700046,Estimable
2024,fluorescence,treatment,N40,TRUE,Fm346,0.46856870652278654,0.06719397715514368,Estimable
2024,fluorescence,treatment,N40,TRUE,Fm347,0.64999999999997915,0.05499811726970005,Estimable
2024,fluorescence,treatment,N40,TRUE,Fm349,0.6733333333333125,0.054998117269700046,Estimable
2024,fluorescence,treatment,N40,TRUE,Fm351,0.7066666666666458,0.05499811726970004,Estimable
2024,fluorescence,treatment,N40,TRUE,Fm352,0.6285687065227863,0.06719397715514368,Estimable
2024,fluorescence,treatment,N40,TRUE,Fm354,0.609999999999979,0.05499811726970004,Estimable
2024,fluorescence,treatment,N40,TRUE,Fm355,0.639999999999979,0.05499811726970004,Estimable
2024,fluorescence,treatment,N40,TRUE,Fm356,0.6399999999999789,0.05499811726970004,Estimable
2024,fluorescence,treatment,N40,TRUE,Fm358,0.6099999999999789,0.05499811726970004,Estimable
2024,fluorescence,treatment,N40,TRUE,Fm359,0.5133333333333121,0.05499811726970004,Estimable
2024,fluorescence,treatment,N40,TRUE,Fm36,0.46999999999997877,0.05499811726970004,Estimable
2024,fluorescence,treatment,N40,TRUE,Fm361,0.6899999999999791,0.05499811726970004,Estimable
2024,fluorescence,treatment,N40,TRUE,Fm363,0.6666666666666458,0.05499811726970004,Estimable
2024,fluorescence,treatment,N40,TRUE,Fm364,0.5033333333333121,0.05499811726970004,Estimable
2024,fluorescence,treatment,N40,TRUE,Fm365,0.719999999999979,0.054998117269700046,Estimable
2024,fluorescence,treatment,N40,TRUE,Fm366,0.6633333333333123,0.054998117269700046,Estimable
2024,fluorescence,treatment,N40,TRUE,Fm368,0.5799999999999789,0.054998117269700046,Estimable
2024,fluorescence,treatment,N40,TRUE,Fm369,0.719999999999979,0.05499811726970004,Estimable
2024,fluorescence,treatment,N40,TRUE,Fm370,0.4666666666666453,0.054998117269700046,Estimable
2024,fluorescence,treatment,N40,TRUE,Fm372,0.6433333333333124,0.05499811726970004,Estimable
2024,fluorescence,treatment,N40,TRUE,Fm375,0.619999999999979,0.05499811726970004,Estimable
2024,fluorescence,treatment,N40,TRUE,Fm376,0.5299999999999788,0.054998117269700046,Estimable
2024,fluorescence,treatment,N40,TRUE,Fm377,0.719999999999979,0.054998117269700046,Estimable
2024,fluorescence,treatment,N40,TRUE,Fm378,0.6166666666666456,0.054998117269700046,Estimable
2024,fluorescence,treatment,N40,TRUE,Fm379,0.6366666666666456,0.054998117269700046,Estimable
2024,fluorescence,treatment,N40,TRUE,Fm380,0.589999999999979,0.054998117269700046,Estimable
2024,fluorescence,treatment,N40,TRUE,Fm381,0.559999999999979,0.05499811726970004,Estimable
2024,fluorescence,treatment,N40,TRUE,Fm382,0.6599999999999792,0.05499811726970004,Estimable
2024,fluorescence,treatment,N40,TRUE,Fm384,0.48333333333331213,0.05499811726970004,Estimable
2024,fluorescence,treatment,N40,TRUE,Fm387,0.6699999999999793,0.05499811726970004,Estimable
2024,fluorescence,treatment,N40,TRUE,Fm388,0.5499999999999791,0.054998117269700046,Estimable
2024,fluorescence,treatment,N40,TRUE,Fm389,0.4966666666666456,0.05499811726970004,Estimable
2024,fluorescence,treatment,N40,TRUE,Fm391,0.6433333333333126,0.05499811726970004,Estimable
2024,fluorescence,treatment,N40,TRUE,Fm392,0.776666666666646,0.054998117269700046,Estimable
2024,fluorescence,treatment,N40,TRUE,Fm394,0.6785687065227866,0.06719397715514369,Estimable
2024,fluorescence,treatment,N40,TRUE,Fm395,0.6399999999999791,0.05499811726970004,Estimable
2024,fluorescence,treatment,N40,TRUE,Fm396,0.6533333333333124,0.05499811726970004,Estimable
2024,fluorescence,treatment,N40,TRUE,Fm398,0.5985687065227867,0.0671939771551437,Estimable
2024,fluorescence,treatment,N40,TRUE,Fm400,0.7433333333333123,0.054998117269700046,Estimable
2024,fluorescence,treatment,N40,TRUE,Fm401,0.7133333333333123,0.05499811726970004,Estimable
2024,fluorescence,treatment,N40,TRUE,Fm402,0.759999999999979,0.05499811726970003,Estimable
2024,fluorescence,treatment,N40,TRUE,Fm404,0.6499999999999789,0.05499811726970003,Estimable
2024,fluorescence,treatment,N40,TRUE,Fm405,0.6399999999999789,0.05499811726970003,Estimable
2024,fluorescence,treatment,N40,TRUE,Fm406,0.6333333333333122,0.05499811726970003,Estimable
2024,fluorescence,treatment,N40,TRUE,Fm407,0.6866666666666456,0.05499811726970003,Estimable
2024,fluorescence,treatment,N40,TRUE,Fm41,0.6499999999999789,0.05499811726970003,Estimable
2024,fluorescence,treatment,N40,TRUE,Fm410,0.6266666666666455,0.05499811726970004,Estimable
2024,fluorescence,treatment,N40,TRUE,Fm411,0.5799999999999789,0.05499811726970004,Estimable
2024,fluorescence,treatment,N40,TRUE,Fm412,0.6833333333333121,0.05499811726970004,Estimable
2024,fluorescence,treatment,N40,TRUE,Fm413,0.7066666666666455,0.05499811726970004,Estimable
2024,fluorescence,treatment,N40,TRUE,Fm414,0.6399999999999787,0.05499811726970004,Estimable
2024,fluorescence,treatment,N40,TRUE,Fm415,0.7133333333333121,0.05499811726970004,Estimable
2024,fluorescence,treatment,N40,TRUE,Fm416,0.5299999999999786,0.05499811726970004,Estimable
2024,fluorescence,treatment,N40,TRUE,Fm417,0.40999999999997844,0.05499811726970004,Estimable
2024,fluorescence,treatment,N40,TRUE,Fm418,0.6399999999999788,0.05499811726970003,Estimable
2024,fluorescence,treatment,N40,TRUE,Fm419,0.7133333333333122,0.05499811726970003,Estimable
2024,fluorescence,treatment,N40,TRUE,Fm420,0.7099999999999788,0.05499811726970003,Estimable
2024,fluorescence,treatment,N40,TRUE,Fm421,0.5233333333333119,0.05499811726970004,Estimable
2024,fluorescence,treatment,N40,TRUE,Fm428,0.7699999999999788,0.05499811726970003,Estimable
2024,fluorescence,treatment,N40,TRUE,Fm429,0.6866666666666454,0.05499811726970003,Estimable
2024,fluorescence,treatment,N40,TRUE,Fm43,0.633333333333312,0.05499811726970003,Estimable
2024,fluorescence,treatment,N40,TRUE,Fm44,0.6033333333333118,0.05499811726970004,Estimable
2024,fluorescence,treatment,N40,TRUE,Fm442,0.523333333333312,0.05499811726970003,Estimable
2024,fluorescence,treatment,N40,TRUE,Fm443,0.6635687065227864,0.0671939771551437,Estimable
2024,fluorescence,treatment,N40,TRUE,Fm444,0.6666666666666454,0.05499811726970004,Estimable
2024,fluorescence,treatment,N40,TRUE,Fm446,0.6899999999999787,0.05499811726970004,Estimable
2024,fluorescence,treatment,N40,TRUE,Fm458,0.6599999999999788,0.05499811726970003,Estimable
2024,fluorescence,treatment,N40,TRUE,Fm464,0.6633333333333121,0.05499811726970004,Estimable
2024,fluorescence,treatment,N40,TRUE,Fm474,0.4899999999999786,0.05499811726970003,Estimable
2024,fluorescence,treatment,N40,TRUE,Fm475,0.7399999999999788,0.05499811726970004,Estimable
2024,fluorescence,treatment,N40,TRUE,Fm477,0.336666666666645,0.05499811726970004,Estimable
2024,fluorescence,treatment,N40,TRUE,Fm478,0.6333333333333122,0.05499811726970003,Estimable
2024,fluorescence,treatment,N40,TRUE,Fm480,0.5599999999999788,0.05499811726970003,Estimable
2024,fluorescence,treatment,N40,TRUE,Fm482,0.5833333333333122,0.05499811726970003,Estimable
2024,fluorescence,treatment,N40,TRUE,Fm484,0.6999999999999789,0.05499811726970003,Estimable
2024,fluorescence,treatment,N40,TRUE,Fm489,0.7099999999999789,0.05499811726970003,Estimable
2024,fluorescence,treatment,N40,TRUE,Fm491,0.543333333333312,0.05499811726970003,Estimable
2024,fluorescence,treatment,N40,TRUE,Fm492,0.6633333333333122,0.05499811726970003,Estimable
2024,fluorescence,treatment,N40,TRUE,Fm496,0.6299999999999789,0.05499811726970002,Estimable
2024,fluorescence,treatment,N40,TRUE,Fm505,0.7266666666666457,0.054998117269700025,Estimable
2024,fluorescence,treatment,N40,TRUE,Fm507,0.3366666666666454,0.05499811726970002,Estimable
2024,fluorescence,treatment,N40,TRUE,Fm510,0.6166666666666455,0.054998117269700025,Estimable
2024,fluorescence,treatment,N40,TRUE,Fm518,0.649999999999979,0.054998117269700025,Estimable
2024,fluorescence,treatment,N40,TRUE,Fm519,0.5666666666666457,0.054998117269700025,Estimable
2024,fluorescence,treatment,N40,TRUE,Fm522,0.42666666666664554,0.054998117269700025,Estimable
2024,fluorescence,treatment,N40,TRUE,Fm523,0.7133333333333124,0.05499811726970002,Estimable
2024,fluorescence,treatment,N40,TRUE,Fm524,0.6933333333333125,0.054998117269700025,Estimable
2024,fluorescence,treatment,N40,TRUE,Fm537,0.7133333333333124,0.054998117269700025,Estimable
2024,fluorescence,treatment,N40,TRUE,Fm552,0.5733333333333124,0.054998117269700025,Estimable
2024,fluorescence,treatment,N40,TRUE,Fm56,0.6466666666666459,0.05499811726970002,Estimable
2024,fluorescence,treatment,N40,TRUE,Fm560,0.7066666666666458,0.054998117269700025,Estimable
2024,fluorescence,treatment,N40,TRUE,Fm566,0.6966666666666458,0.05499811726970001,Estimable
2024,fluorescence,treatment,N40,TRUE,Fm569,0.6833333333333124,0.05499811726970002,Estimable
2024,fluorescence,treatment,N40,TRUE,Fm585,0.7266879786242193,0.0671931084327971,Estimable
2024,fluorescence,treatment,N40,TRUE,Fm589,0.7766666666666457,0.05499811726970002,Estimable
2024,fluorescence,treatment,N40,TRUE,Fm590,0.7266666666666456,0.054998117269700025,Estimable
2024,fluorescence,treatment,N40,TRUE,Fm592,0.6999999999999789,0.054998117269700025,Estimable
2024,fluorescence,treatment,N40,TRUE,Fm600,0.6066666666666457,0.05499811726970002,Estimable
2024,fluorescence,treatment,N40,TRUE,Fm601,0.5399999999999789,0.05499811726970002,Estimable
2024,fluorescence,treatment,N40,TRUE,Fm610,0.5966666666666457,0.05499811726970002,Estimable
2024,fluorescence,treatment,N40,TRUE,Fm611,0.6366666666666457,0.05499811726970002,Estimable
2024,fluorescence,treatment,N40,TRUE,Fm612,0.659999999999979,0.05499811726970002,Estimable
2024,fluorescence,treatment,N40,TRUE,Fm614,0.469999999999979,0.05499811726970002,Estimable
2024,fluorescence,treatment,N40,TRUE,Fm615,0.6466666666666459,0.05499811726970001,Estimable
2024,fluorescence,treatment,N40,TRUE,Fm616,0.789999999999979,0.05499811726970001,Estimable
2024,fluorescence,treatment,N40,TRUE,Fm620,0.6799999999999791,0.05499811726970001,Estimable
2024,fluorescence,treatment,N40,TRUE,Fm621,0.7666666666666457,0.05499811726970001,Estimable
2024,fluorescence,treatment,N40,TRUE,Fm65,0.4833333333333123,0.05499811726970001,Estimable
2024,fluorescence,treatment,N40,TRUE,Fm78,0.4447433148529324,0.0671931084327971,Estimable
2024,fluorescence,treatment,N40,TRUE,Fm79,0.6199999999999791,0.05499811726970001,Estimable
2024,fluorescence,treatment,N40,TRUE,Fm86,0.5333333333333123,0.05499811726970001,Estimable
2024,fluorescence,treatment,N40,TRUE,Fm9,0.5633333333333123,0.05499811726970001,Estimable
2024,fluorescence,treatment,N120,TRUE,Fm134,0.46000000000057356,0.062239719282699855,Estimable
2024,fluorescence,treatment,N120,TRUE,Fm156,0.5933333333333438,0.062239719282668624,Estimable
2024,fluorescence,treatment,N120,TRUE,Fm161,0.6900000000000119,0.062239719282668624,Estimable
2024,fluorescence,treatment,N120,TRUE,Fm168,0.45142223755826616,0.07593890867896451,Estimable
2024,fluorescence,treatment,N120,TRUE,Fm170,0.5866666666666791,0.062239719282668624,Estimable
2024,fluorescence,treatment,N120,TRUE,Fm173,0.6633333333333458,0.062239719282668624,Estimable
2024,fluorescence,treatment,N120,TRUE,Fm174,0.6666666666666794,0.062239719282668624,Estimable
2024,fluorescence,treatment,N120,TRUE,Fm176,0.4300000000000129,0.06223971928266863,Estimable
2024,fluorescence,treatment,N120,TRUE,Fm181,0.6500000000000125,0.06223971928266863,Estimable
2024,fluorescence,treatment,N120,TRUE,Fm185,0.37666666666667936,0.06223971928266863,Estimable
2024,fluorescence,treatment,N120,TRUE,Fm190,0.7600000000000123,0.06223971928266863,Estimable
2024,fluorescence,treatment,N120,TRUE,Fm193,0.6300000000000127,0.06223971928266864,Estimable
2024,fluorescence,treatment,N120,TRUE,Fm194,0.6366666666666794,0.06223971928266863,Estimable
2024,fluorescence,treatment,N120,TRUE,Fm195,0.7133333333333461,0.062239719282668624,Estimable
2024,fluorescence,treatment,N120,TRUE,Fm20,0.6266666666666797,0.06223971928266863,Estimable
2024,fluorescence,treatment,N120,TRUE,Fm203,0.7600000000000128,0.062239719282668624,Estimable
2024,fluorescence,treatment,N120,TRUE,Fm208,0.6866666666666796,0.062239719282668624,Estimable
2024,fluorescence,treatment,N120,TRUE,Fm214,0.7366666666666798,0.06223971928266863,Estimable
2024,fluorescence,treatment,N120,TRUE,Fm215,0.7500000000000131,0.062239719282668624,Estimable
2024,fluorescence,treatment,N120,TRUE,Fm216,0.7333333333333468,0.06223971928266862,Estimable
2024,fluorescence,treatment,N120,TRUE,Fm219,0.7500000000000133,0.062239719282668624,Estimable
2024,fluorescence,treatment,N120,TRUE,Fm221,0.6266666666666804,0.062239719282668624,Estimable
2024,fluorescence,treatment,N120,TRUE,Fm225,0.623333333333347,0.06223971928266863,Estimable
2024,fluorescence,treatment,N120,TRUE,Fm227,0.563333333333347,0.062239719282668624,Estimable
2024,fluorescence,treatment,N120,TRUE,Fm233,0.5666666666666802,0.062239719282668624,Estimable
2024,fluorescence,treatment,N120,TRUE,Fm235,0.5066666666666801,0.062239719282668624,Estimable
2024,fluorescence,treatment,N120,TRUE,Fm236,0.6633333333333468,0.062239719282668624,Estimable
2024,fluorescence,treatment,N120,TRUE,Fm238,0.5666666666666802,0.062239719282668624,Estimable
2024,fluorescence,treatment,N120,TRUE,Fm249,0.6833333333333467,0.06223971928266863,Estimable
2024,fluorescence,treatment,N120,TRUE,Fm250,0.6533333333333469,0.06223971928266863,Estimable
2024,fluorescence,treatment,N120,TRUE,Fm3,0.6633333333333468,0.06223971928266863,Estimable
2024,fluorescence,treatment,N120,TRUE,Fm321,0.7066666666666801,0.06223971928266863,Estimable
2024,fluorescence,treatment,N120,TRUE,Fm322,0.633333333333347,0.062239719282668624,Estimable
2024,fluorescence,treatment,N120,TRUE,Fm337,0.6800000000000134,0.06223971928266863,Estimable
2024,fluorescence,treatment,N120,TRUE,Fm341,0.6833333333333469,0.06223971928266862,Estimable
2024,fluorescence,treatment,N120,TRUE,Fm343,0.7033333333333469,0.062239719282668624,Estimable
2024,fluorescence,treatment,N120,TRUE,Fm344,0.3666666666666804,0.062239719282668624,Estimable
2024,fluorescence,treatment,N120,TRUE,Fm345,0.7433333333333467,0.062239719282668624,Estimable
2024,fluorescence,treatment,N120,TRUE,Fm346,0.5192789643794223,0.07593833857650516,Estimable
2024,fluorescence,treatment,N120,TRUE,Fm347,0.6833333333333469,0.06223971928266862,Estimable
2024,fluorescence,treatment,N120,TRUE,Fm349,0.7066666666666802,0.06223971928266862,Estimable
2024,fluorescence,treatment,N120,TRUE,Fm351,0.5766666666666803,0.06223971928266862,Estimable
2024,fluorescence,treatment,N120,TRUE,Fm352,0.5833333333333469,0.06223971928266862,Estimable
2024,fluorescence,treatment,N120,TRUE,Fm354,0.6266666666666801,0.062239719282668624,Estimable
2024,fluorescence,treatment,N120,TRUE,Fm355,0.6766666666666802,0.062239719282668624,Estimable
2024,fluorescence,treatment,N120,TRUE,Fm356,0.49000000000001354,0.06223971928266863,Estimable
2024,fluorescence,treatment,N120,TRUE,Fm358,0.34000000000001346,0.06223971928266863,Estimable
2024,fluorescence,treatment,N120,TRUE,Fm359,0.65666666666668,0.06223971928266863,Estimable
2024,fluorescence,treatment,N120,TRUE,Fm36,0.5366666666666802,0.062239719282668624,Estimable
2024,fluorescence,treatment,N120,TRUE,Fm361,0.7464222375582656,0.07593890867896448,Estimable
2024,fluorescence,treatment,N120,TRUE,Fm363,0.6733333333333466,0.062239719282668624,Estimable
2024,fluorescence,treatment,N120,TRUE,Fm364,0.6466666666666802,0.06223971928266862,Estimable
2024,fluorescence,treatment,N120,TRUE,Fm365,0.60666666666668,0.06223971928266862,Estimable
2024,fluorescence,treatment,N120,TRUE,Fm366,0.72666666666668,0.062239719282668624,Estimable
2024,fluorescence,treatment,N120,TRUE,Fm368,0.6100000000000134,0.06223971928266862,Estimable
2024,fluorescence,treatment,N120,TRUE,Fm369,0.5600000000000136,0.06223971928266861,Estimable
2024,fluorescence,treatment,N120,TRUE,Fm370,0.5100000000000136,0.06223971928266861,Estimable
2024,fluorescence,treatment,N120,TRUE,Fm372,0.7166666666666799,0.06223971928266862,Estimable
2024,fluorescence,treatment,N120,TRUE,Fm375,0.6066666666666801,0.06223971928266862,Estimable
2024,fluorescence,treatment,N120,TRUE,Fm376,0.5466666666666803,0.06223971928266861,Estimable
2024,fluorescence,treatment,N120,TRUE,Fm377,0.65666666666668,0.06223971928266861,Estimable
2024,fluorescence,treatment,N120,TRUE,Fm378,0.4966666666666801,0.0622397192826686,Estimable
2024,fluorescence,treatment,N120,TRUE,Fm379,0.7033333333333465,0.0622397192826686,Estimable
2024,fluorescence,treatment,N120,TRUE,Fm380,0.64666666666668,0.06223971928266861,Estimable
2024,fluorescence,treatment,N120,TRUE,Fm381,0.6600000000000132,0.06223971928266861,Estimable
2024,fluorescence,treatment,N120,TRUE,Fm382,0.7133333333333466,0.0622397192826686,Estimable
2024,fluorescence,treatment,N120,TRUE,Fm384,0.4433333333333468,0.0622397192826686,Estimable
2024,fluorescence,treatment,N120,TRUE,Fm387,0.6733333333333466,0.0622397192826686,Estimable
2024,fluorescence,treatment,N120,TRUE,Fm388,0.6000000000000133,0.0622397192826686,Estimable
2024,fluorescence,treatment,N120,TRUE,Fm389,0.5066666666666799,0.0622397192826686,Estimable
2024,fluorescence,treatment,N120,TRUE,Fm391,0.6966666666666798,0.0622397192826686,Estimable
2024,fluorescence,treatment,N120,TRUE,Fm392,0.7333333333333465,0.0622397192826686,Estimable
2024,fluorescence,treatment,N120,TRUE,Fm394,0.59666666666668,0.062239719282668596,Estimable
2024,fluorescence,treatment,N120,TRUE,Fm395,0.70266666666668,0.0622397192826686,Estimable
2024,fluorescence,treatment,N120,TRUE,Fm396,0.6900000000000133,0.0622397192826686,Estimable
2024,fluorescence,treatment,N120,TRUE,Fm398,0.6164222375582658,0.07593890867896447,Estimable
2024,fluorescence,treatment,N120,TRUE,Fm400,0.7233333333333465,0.06223971928266861,Estimable
2024,fluorescence,treatment,N120,TRUE,Fm401,0.62666666666668,0.06223971928266861,Estimable
2024,fluorescence,treatment,N120,TRUE,Fm402,0.6633333333333465,0.06223971928266861,Estimable
2024,fluorescence,treatment,N120,TRUE,Fm404,0.7092987980623497,0.07593862362826978,Estimable
2024,fluorescence,treatment,N120,TRUE,Fm405,0.6600000000000131,0.06223971928266861,Estimable
2024,fluorescence,treatment,N120,TRUE,Fm406,0.6966666666666798,0.06223971928266861,Estimable
2024,fluorescence,treatment,N120,TRUE,Fm407,0.6833333333333466,0.0622397192826686,Estimable
2024,fluorescence,treatment,N120,TRUE,Fm41,0.730000000000013,0.0622397192826686,Estimable
2024,fluorescence,treatment,N120,TRUE,Fm410,0.6033333333333466,0.0622397192826686,Estimable
2024,fluorescence,treatment,N120,TRUE,Fm411,0.6800000000000131,0.06223971928266861,Estimable
2024,fluorescence,treatment,N120,TRUE,Fm412,0.6233333333333465,0.06223971928266861,Estimable
2024,fluorescence,treatment,N120,TRUE,Fm413,0.6233333333333466,0.06223971928266862,Estimable
2024,fluorescence,treatment,N120,TRUE,Fm414,0.6333333333333466,0.06223971928266861,Estimable
2024,fluorescence,treatment,N120,TRUE,Fm415,0.5933333333333466,0.06223971928266861,Estimable
2024,fluorescence,treatment,N120,TRUE,Fm416,0.5300000000000132,0.0622397192826686,Estimable
2024,fluorescence,treatment,N120,TRUE,Fm417,0.5300000000000132,0.062239719282668596,Estimable
2024,fluorescence,treatment,N120,TRUE,Fm418,0.6633333333333463,0.062239719282668596,Estimable
2024,fluorescence,treatment,N120,TRUE,Fm419,0.7166666666666796,0.0622397192826686,Estimable
2024,fluorescence,treatment,N120,TRUE,Fm420,0.6933333333333463,0.0622397192826686,Estimable
2024,fluorescence,treatment,N120,TRUE,Fm421,0.5466666666666801,0.0622397192826686,Estimable
2024,fluorescence,treatment,N120,TRUE,Fm428,0.6500000000000131,0.0622397192826686,Estimable
2024,fluorescence,treatment,N120,TRUE,Fm429,0.6700000000000131,0.0622397192826686,Estimable
2024,fluorescence,treatment,N120,TRUE,Fm43,0.5833333333333467,0.0622397192826686,Estimable
2024,fluorescence,treatment,N120,TRUE,Fm44,0.6333333333333466,0.062239719282668596,Estimable
2024,fluorescence,treatment,N120,TRUE,Fm442,0.5566666666666801,0.062239719282668596,Estimable
2024,fluorescence,treatment,N120,TRUE,Fm443,0.5666666666666801,0.062239719282668596,Estimable
2024,fluorescence,treatment,N120,TRUE,Fm444,0.50666666666668,0.062239719282668596,Estimable
2024,fluorescence,treatment,N120,TRUE,Fm446,0.7200000000000132,0.06223971928266859,Estimable
2024,fluorescence,treatment,N120,TRUE,Fm458,0.7466666666666798,0.062239719282668596,Estimable
2024,fluorescence,treatment,N120,TRUE,Fm464,0.3700000000000135,0.062239719282668596,Estimable
2024,fluorescence,treatment,N120,TRUE,Fm474,0.5066666666666799,0.0622397192826686,Estimable
2024,fluorescence,treatment,N120,TRUE,Fm475,0.7042987980623494,0.07593862362826978,Estimable
2024,fluorescence,treatment,N120,TRUE,Fm477,0.3600000000000133,0.0622397192826686,Estimable
2024,fluorescence,treatment,N120,TRUE,Fm478,0.5700000000000132,0.06223971928266861,Estimable
2024,fluorescence,treatment,N120,TRUE,Fm480,0.5066666666666799,0.06223971928266861,Estimable
2024,fluorescence,treatment,N120,TRUE,Fm482,0.6566666666666796,0.06223971928266861,Estimable
2024,fluorescence,treatment,N120,TRUE,Fm484,0.7666666666666795,0.06223971928266861,Estimable
2024,fluorescence,treatment,N120,TRUE,Fm489,0.5500000000000131,0.06223971928266862,Estimable
2024,fluorescence,treatment,N120,TRUE,Fm491,0.6200000000000132,0.06223971928266862,Estimable
2024,fluorescence,treatment,N120,TRUE,Fm492,0.6766666666666796,0.06223971928266862,Estimable
2024,fluorescence,treatment,N120,TRUE,Fm496,0.7200000000000131,0.062239719282668624,Estimable
2024,fluorescence,treatment,N120,TRUE,Fm505,0.6900000000000132,0.06223971928266862,Estimable
2024,fluorescence,treatment,N120,TRUE,Fm507,0.44666666666668003,0.06223971928266862,Estimable
2024,fluorescence,treatment,N120,TRUE,Fm510,0.7166666666666797,0.06223971928266862,Estimable
2024,fluorescence,treatment,N120,TRUE,Fm518,0.6833333333333464,0.062239719282668624,Estimable
2024,fluorescence,treatment,N120,TRUE,Fm519,0.6933333333333463,0.062239719282668624,Estimable
2024,fluorescence,treatment,N120,TRUE,Fm522,0.5933333333333465,0.062239719282668624,Estimable
2024,fluorescence,treatment,N120,TRUE,Fm523,0.6733333333333464,0.062239719282668624,Estimable
2024,fluorescence,treatment,N120,TRUE,Fm524,0.6566666666666797,0.062239719282668624,Estimable
2024,fluorescence,treatment,N120,TRUE,Fm537,0.5666666666666799,0.062239719282668624,Estimable
2024,fluorescence,treatment,N120,TRUE,Fm552,0.6266666666666798,0.062239719282668624,Estimable
2024,fluorescence,treatment,N120,TRUE,Fm56,0.6200000000000131,0.062239719282668624,Estimable
2024,fluorescence,treatment,N120,TRUE,Fm560,0.7033333333333462,0.062239719282668624,Estimable
2024,fluorescence,treatment,N120,TRUE,Fm566,0.7233333333333463,0.06223971928266863,Estimable
2024,fluorescence,treatment,N120,TRUE,Fm569,0.6933333333333463,0.06223971928266864,Estimable
2024,fluorescence,treatment,N120,TRUE,Fm585,0.6771555248835057,0.10698375314155065,Estimable
2024,fluorescence,treatment,N120,TRUE,Fm589,0.7700000000000131,0.06223971928266864,Estimable
2024,fluorescence,treatment,N120,TRUE,Fm590,0.6466666666666797,0.06223971928266864,Estimable
2024,fluorescence,treatment,N120,TRUE,Fm592,0.7200000000000131,0.06223971928266863,Estimable
2024,fluorescence,treatment,N120,TRUE,Fm600,0.5966666666666799,0.06223971928266863,Estimable
2024,fluorescence,treatment,N120,TRUE,Fm601,0.5166666666666798,0.06223971928266863,Estimable
2024,fluorescence,treatment,N120,TRUE,Fm610,0.5900000000000133,0.06223971928266863,Estimable
2024,fluorescence,treatment,N120,TRUE,Fm611,0.5866666666666798,0.06223971928266863,Estimable
2024,fluorescence,treatment,N120,TRUE,Fm612,0.6633333333333464,0.06223971928266863,Estimable
2024,fluorescence,treatment,N120,TRUE,Fm614,0.6533333333333464,0.06223971928266864,Estimable
2024,fluorescence,treatment,N120,TRUE,Fm615,0.7000000000000132,0.06223971928266864,Estimable
2024,fluorescence,treatment,N120,TRUE,Fm616,0.7866666666666797,0.06223971928266863,Estimable
2024,fluorescence,treatment,N120,TRUE,Fm620,0.660000000000013,0.06223971928266863,Estimable
2024,fluorescence,treatment,N120,TRUE,Fm621,0.5900000000000132,0.06223971928266863,Estimable
2024,fluorescence,treatment,N120,TRUE,Fm65,0.6666666666666798,0.06223971928266863,Estimable
2024,fluorescence,treatment,N120,TRUE,Fm78,0.4933333333333466,0.06223971928266863,Estimable
2024,fluorescence,treatment,N120,TRUE,Fm79,0.6266666666666799,0.06223971928266863,Estimable
2024,fluorescence,treatment,N120,TRUE,Fm86,0.5633333333333467,0.06223971928266864,Estimable
2024,fluorescence,treatment,N120,TRUE,Fm9,0.4933333333333466,0.06223971928266863,Estimable
2024,protein_pct,treatment,N40,TRUE,Fm181,14.909999836657084,1.1005263834167691,Estimable
2024,protein_pct,treatment,N40,TRUE,Fm190,14.534999836661937,1.100526383416955,Estimable
2024,protein_pct,treatment,N40,TRUE,Fm193,15.513333333333332,0.8985760292807117,Estimable
2024,protein_pct,treatment,N40,TRUE,Fm194,15.319999836661937,1.100526383416955,Estimable
2024,protein_pct,treatment,N40,TRUE,Fm195,17.21999983666194,1.100526383416955,Estimable
2024,protein_pct,treatment,N40,TRUE,Fm203,12.764999836661943,1.100526383416955,Estimable
2024,protein_pct,treatment,N40,TRUE,Fm214,13.733333333333329,0.8985760292807117,Estimable
2024,protein_pct,treatment,N40,TRUE,Fm215,15.02999983666194,1.1005263834169547,Estimable
2024,protein_pct,treatment,N40,TRUE,Fm219,11.9299997789216,1.5563793371775714,Estimable
2024,protein_pct,treatment,N40,TRUE,Fm221,13.64333333333333,0.8985760292807117,Estimable
2024,protein_pct,treatment,N40,TRUE,Fm225,13.344999836661938,1.1005263834169547,Estimable
2024,protein_pct,treatment,N40,TRUE,Fm233,16.439999778921592,1.5563793371775712,Estimable
2024,protein_pct,treatment,N40,TRUE,Fm236,16.166666666666664,0.8985760292807116,Estimable
2024,protein_pct,treatment,N40,TRUE,Fm321,15.109999999999998,0.8985760292807116,Estimable
2024,protein_pct,treatment,N40,TRUE,Fm337,18.12333333333333,0.8985760292807116,Estimable
2024,protein_pct,treatment,N40,TRUE,Fm341,13.979999836661937,1.1005263834169547,Estimable
2024,protein_pct,treatment,N40,TRUE,Fm347,13.074999836661938,1.1005263834169547,Estimable
2024,protein_pct,treatment,N40,TRUE,Fm349,14.269999778921598,1.556379337177571,Estimable
2024,protein_pct,treatment,N40,TRUE,Fm351,15.299999778921599,1.5563793371775712,Estimable
2024,protein_pct,treatment,N40,TRUE,Fm354,13.459999778921603,1.5563793371775712,Estimable
2024,protein_pct,treatment,N40,TRUE,Fm355,14.33499983666194,1.1005263834169547,Estimable
2024,protein_pct,treatment,N40,TRUE,Fm356,15.889999778921599,1.5563793371775712,Estimable
2024,protein_pct,treatment,N40,TRUE,Fm359,18.73999983666194,1.1005263834169545,Estimable
2024,protein_pct,treatment,N40,TRUE,Fm361,19.70999983666194,1.1005263834169545,Estimable
2024,protein_pct,treatment,N40,TRUE,Fm363,13.329999778921378,1.556379337177571,Estimable
2024,protein_pct,treatment,N40,TRUE,Fm364,18.529999778921376,1.556379337177571,Estimable
2024,protein_pct,treatment,N40,TRUE,Fm365,14.949999836661945,1.1005263834169545,Estimable
2024,protein_pct,treatment,N40,TRUE,Fm366,13.663333333333334,0.8985760292807116,Estimable
2024,protein_pct,treatment,N40,TRUE,Fm368,15.794999836661946,1.1005263834169545,Estimable
2024,protein_pct,treatment,N40,TRUE,Fm369,13.879999778921379,1.556379337177571,Estimable
2024,protein_pct,treatment,N40,TRUE,Fm372,16.629999836661938,1.1005263834169545,Estimable
2024,protein_pct,treatment,N40,TRUE,Fm375,15.924999836661945,1.1005263834169543,Estimable
2024,protein_pct,treatment,N40,TRUE,Fm376,15.609999836661945,1.1005263834169545,Estimable
2024,protein_pct,treatment,N40,TRUE,Fm377,16.909999778921375,1.556379337177571,Estimable
2024,protein_pct,treatment,N40,TRUE,Fm378,19.529999778921376,1.556379337177571,Estimable
2024,protein_pct,treatment,N40,TRUE,Fm379,15.664999836661943,1.1005263834169543,Estimable
2024,protein_pct,treatment,N40,TRUE,Fm380,15.574999836661947,1.1005263834169543,Estimable
2024,protein_pct,treatment,N40,TRUE,Fm381,14.65999977892138,1.556379337177571,Estimable
2024,protein_pct,treatment,N40,TRUE,Fm382,13.514999836661948,1.1005263834169543,Estimable
2024,protein_pct,treatment,N40,TRUE,Fm384,18.849999778921376,1.556379337177571,Estimable
2024,protein_pct,treatment,N40,TRUE,Fm388,15.354999836661946,1.1005263834169543,Estimable
2024,protein_pct,treatment,N40,TRUE,Fm389,15.56999977892138,1.5563793371775714,Estimable
2024,protein_pct,treatment,N40,TRUE,Fm391,17.139999999999997,0.8985760292807112,Estimable
2024,protein_pct,treatment,N40,TRUE,Fm392,13.023333333333332,0.8985760292807112,Estimable
2024,protein_pct,treatment,N40,TRUE,Fm394,17.909999836661942,1.1005263834169543,Estimable
2024,protein_pct,treatment,N40,TRUE,Fm395,15.329999778921378,1.5563793371775714,Estimable
2024,protein_pct,treatment,N40,TRUE,Fm398,15.354999836661948,1.1005263834169543,Estimable
2024,protein_pct,treatment,N40,TRUE,Fm400,14.389999836661946,1.100526383416954,Estimable
2024,protein_pct,treatment,N40,TRUE,Fm401,16.60333333333333,0.8985760292807112,Estimable
2024,protein_pct,treatment,N40,TRUE,Fm402,14.169999836661946,1.100526383416954,Estimable
2024,protein_pct,treatment,N40,TRUE,Fm404,14.669999778921378,1.5563793371775714,Estimable
2024,protein_pct,treatment,N40,TRUE,Fm405,17.324999836661945,1.100526383416954,Estimable
2024,protein_pct,treatment,N40,TRUE,Fm406,14.989999836661946,1.100526383416954,Estimable
2024,protein_pct,treatment,N40,TRUE,Fm407,15.934999836661945,1.1005263834169543,Estimable
2024,protein_pct,treatment,N40,TRUE,Fm41,13.019999778921381,1.5563793371775716,Estimable
2024,protein_pct,treatment,N40,TRUE,Fm410,16.089999836661946,1.100526383416954,Estimable
2024,protein_pct,treatment,N40,TRUE,Fm411,16.414999836661945,1.100526383416954,Estimable
2024,protein_pct,treatment,N40,TRUE,Fm412,13.509999836661944,1.100526383416954,Estimable
2024,protein_pct,treatment,N40,TRUE,Fm413,16.094999836661945,1.100526383416954,Estimable
2024,protein_pct,treatment,N40,TRUE,Fm414,16.159999836661946,1.100526383416954,Estimable
2024,protein_pct,treatment,N40,TRUE,Fm415,16.259999836661947,1.100526383416954,Estimable
2024,protein_pct,treatment,N40,TRUE,Fm418,22.56999983666194,1.100526383416954,Estimable
2024,protein_pct,treatment,N40,TRUE,Fm419,12.983333333333333,0.8985760292807115,Estimable
2024,protein_pct,treatment,N40,TRUE,Fm420,16.399999778921366,1.5563793371775714,Estimable
2024,protein_pct,treatment,N40,TRUE,Fm421,14.71999977892138,1.5563793371775718,Estimable
2024,protein_pct,treatment,N40,TRUE,Fm428,13.909999836661944,1.1005263834169539,Estimable
2024,protein_pct,treatment,N40,TRUE,Fm429,16.806666666666665,0.8985760292807116,Estimable
2024,protein_pct,treatment,N40,TRUE,Fm44,19.869999778921375,1.5563793371775716,Estimable
2024,protein_pct,treatment,N40,TRUE,Fm442,16.53499983666194,1.1005263834169536,Estimable
2024,protein_pct,treatment,N40,TRUE,Fm444,18.259999778921372,1.5563793371775714,Estimable
2024,protein_pct,treatment,N40,TRUE,Fm446,12.63999977892138,1.5563793371775716,Estimable
2024,protein_pct,treatment,N40,TRUE,Fm464,20.019999778921367,1.5563793371775716,Estimable
2024,protein_pct,treatment,N40,TRUE,Fm474,21.04333333333333,0.8985760292807115,Estimable
2024,protein_pct,treatment,N40,TRUE,Fm475,14.99999983666194,1.1005263834169539,Estimable
2024,protein_pct,treatment,N40,TRUE,Fm480,20.44499983666194,1.1005263834169536,Estimable
2024,protein_pct,treatment,N40,TRUE,Fm482,14.81999983666194,1.1005263834169536,Estimable
2024,protein_pct,treatment,N40,TRUE,Fm489,15.91,0.8985760292807115,Estimable
2024,protein_pct,treatment,N40,TRUE,Fm491,15.773333333333332,0.8985760292807115,Estimable
2024,protein_pct,treatment,N40,TRUE,Fm492,15.039999778921382,1.5563793371775718,Estimable
2024,protein_pct,treatment,N40,TRUE,Fm496,13.77999983666194,1.1005263834169536,Estimable
2024,protein_pct,treatment,N40,TRUE,Fm505,17.064999836661944,1.1005263834169536,Estimable
2024,protein_pct,treatment,N40,TRUE,Fm518,12.91333333333333,0.8985760292807113,Estimable
2024,protein_pct,treatment,N40,TRUE,Fm519,18.049999778921364,1.556379337177572,Estimable
2024,protein_pct,treatment,N40,TRUE,Fm522,16.724999836661944,1.1005263834169536,Estimable
2024,protein_pct,treatment,N40,TRUE,Fm523,15.613333333333333,0.8985760292807115,Estimable
2024,protein_pct,treatment,N40,TRUE,Fm524,13.496666666666666,0.8985760292807115,Estimable
2024,protein_pct,treatment,N40,TRUE,Fm537,16.56333333333333,0.8985760292807113,Estimable
2024,protein_pct,treatment,N40,TRUE,Fm552,14.949999778921384,1.556379337177572,Estimable
2024,protein_pct,treatment,N40,TRUE,Fm560,11.399999836661943,1.1005263834169536,Estimable
2024,protein_pct,treatment,N40,TRUE,Fm566,14.60499983666194,1.1005263834169539,Estimable
2024,protein_pct,treatment,N40,TRUE,Fm569,11.279999778921384,1.556379337177572,Estimable
2024,protein_pct,treatment,N40,TRUE,Fm585,14.339999836661939,1.1005263834169539,Estimable
2024,protein_pct,treatment,N40,TRUE,Fm589,6.23999983666194,1.1005263834169539,Estimable
2024,protein_pct,treatment,N40,TRUE,Fm590,12.549999778921384,1.556379337177572,Estimable
2024,protein_pct,treatment,N40,TRUE,Fm592,12.889999836661937,1.1005263834169539,Estimable
2024,protein_pct,treatment,N40,TRUE,Fm610,16.199999836661938,1.1005263834169539,Estimable
2024,protein_pct,treatment,N40,TRUE,Fm611,15.46999983666194,1.1005263834169539,Estimable
2024,protein_pct,treatment,N40,TRUE,Fm612,15.869999778921382,1.556379337177572,Estimable
2024,protein_pct,treatment,N40,TRUE,Fm615,20.799999778921357,1.5563793371775718,Estimable
2024,protein_pct,treatment,N40,TRUE,Fm616,11.949999836661942,1.1005263834169539,Estimable
2024,protein_pct,treatment,N40,TRUE,Fm620,12.286666666666664,0.8985760292807117,Estimable
2024,protein_pct,treatment,N40,TRUE,Fm621,13.903333333333334,0.8985760292807117,Estimable
2024,protein_pct,treatment,N120,TRUE,Fm181,14.330000000011143,1.177363597008681,Estimable
2024,protein_pct,treatment,N120,TRUE,Fm190,14.9633333333334,1.1773635970082112,Estimable
2024,protein_pct,treatment,N120,TRUE,Fm193,15.443333333333403,1.1773635970082112,Estimable
2024,protein_pct,treatment,N120,TRUE,Fm194,14.186666666666737,1.1773635970082112,Estimable
2024,protein_pct,treatment,N120,TRUE,Fm195,19.19000000000007,1.1773635970082112,Estimable
2024,protein_pct,treatment,N120,TRUE,Fm203,12.96000000000007,1.1773635970082112,Estimable
2024,protein_pct,treatment,N120,TRUE,Fm214,13.616666666666738,1.1773635970082112,Estimable
2024,protein_pct,treatment,N120,TRUE,Fm215,13.523333333333401,1.1773635970082112,Estimable
2024,protein_pct,treatment,N120,TRUE,Fm216,17.19000000000007,1.177363597008211,Estimable
2024,protein_pct,treatment,N120,TRUE,Fm219,12.4633333333334,1.177363597008211,Estimable
2024,protein_pct,treatment,N120,TRUE,Fm221,14.010000000000066,1.177363597008211,Estimable
2024,protein_pct,treatment,N120,TRUE,Fm225,13.506666666666732,1.177363597008211,Estimable
2024,protein_pct,treatment,N120,TRUE,Fm227,19.129748404817406,1.4416942371079857,Estimable
2024,protein_pct,treatment,N120,TRUE,Fm233,18.626666666666736,1.1773635970082112,Estimable
2024,protein_pct,treatment,N120,TRUE,Fm236,15.644748404817408,1.441694237107986,Estimable
2024,protein_pct,treatment,N120,TRUE,Fm238,15.419748404817406,1.441694237107986,Estimable
2024,protein_pct,treatment,N120,TRUE,Fm321,16.2533333333334,1.177363597008211,Estimable
2024,protein_pct,treatment,N120,TRUE,Fm322,15.200151708503613,2.038381307441603,Estimable
2024,protein_pct,treatment,N120,TRUE,Fm337,16.356666666666737,1.177363597008211,Estimable
2024,protein_pct,treatment,N120,TRUE,Fm341,14.2133333333334,1.1773635970082112,Estimable
2024,protein_pct,treatment,N120,TRUE,Fm345,15.369748404817408,1.4416942371079857,Estimable
2024,protein_pct,treatment,N120,TRUE,Fm346,16.820151708503616,2.038381307441603,Estimable
2024,protein_pct,treatment,N120,TRUE,Fm347,13.500000000000066,1.1773635970082112,Estimable
2024,protein_pct,treatment,N120,TRUE,Fm349,14.8233333333334,1.1773635970082112,Estimable
2024,protein_pct,treatment,N120,TRUE,Fm351,18.203333333333397,1.1773635970082112,Estimable
2024,protein_pct,treatment,N120,TRUE,Fm352,16.820000000000064,1.1773635970082112,Estimable
2024,protein_pct,treatment,N120,TRUE,Fm354,15.450000000000067,1.1773635970082112,Estimable
2024,protein_pct,treatment,N120,TRUE,Fm355,16.36666666666673,1.1773635970082112,Estimable
2024,protein_pct,treatment,N120,TRUE,Fm356,18.674748404817397,1.4416942371079857,Estimable
2024,protein_pct,treatment,N120,TRUE,Fm358,21.010151708503617,2.0383813074416035,Estimable
2024,protein_pct,treatment,N120,TRUE,Fm359,19.239748404817405,1.441694237107986,Estimable
2024,protein_pct,treatment,N120,TRUE,Fm36,26.3547484048174,1.441694237107986,Estimable
2024,protein_pct,treatment,N120,TRUE,Fm361,17.30000000000007,1.1773635970082112,Estimable
2024,protein_pct,treatment,N120,TRUE,Fm363,15.310000000000073,1.1773635970082112,Estimable
2024,protein_pct,treatment,N120,TRUE,Fm365,16.053333333333402,1.1773635970082112,Estimable
2024,protein_pct,treatment,N120,TRUE,Fm366,15.600000000000069,1.1773635970082112,Estimable
2024,protein_pct,treatment,N120,TRUE,Fm368,17.2747484048174,1.441694237107986,Estimable
2024,protein_pct,treatment,N120,TRUE,Fm369,17.90666666666674,1.1773635970082112,Estimable
2024,protein_pct,treatment,N120,TRUE,Fm370,21.650000000000077,1.1773635970082112,Estimable
2024,protein_pct,treatment,N120,TRUE,Fm372,15.223333333333406,1.1773635970082112,Estimable
2024,protein_pct,treatment,N120,TRUE,Fm375,16.50666666666674,1.1773635970082112,Estimable
2024,protein_pct,treatment,N120,TRUE,Fm376,16.73666666666674,1.1773635970082112,Estimable
2024,protein_pct,treatment,N120,TRUE,Fm377,16.5547484048174,1.4416942371079862,Estimable
2024,protein_pct,treatment,N120,TRUE,Fm378,21.190000000000072,1.1773635970082112,Estimable
2024,protein_pct,treatment,N120,TRUE,Fm379,17.053333333333406,1.1773635970082112,Estimable
2024,protein_pct,treatment,N120,TRUE,Fm380,17.840000000000067,1.1773635970082112,Estimable
2024,protein_pct,treatment,N120,TRUE,Fm381,14.613333333333404,1.1773635970082112,Estimable
2024,protein_pct,treatment,N120,TRUE,Fm382,15.420000000000071,1.1773635970082112,Estimable
2024,protein_pct,treatment,N120,TRUE,Fm384,16.36000000000007,1.1773635970082112,Estimable
2024,protein_pct,treatment,N120,TRUE,Fm388,16.923333333333407,1.1773635970082115,Estimable
2024,protein_pct,treatment,N120,TRUE,Fm389,18.5433333333334,1.1773635970082112,Estimable
2024,protein_pct,treatment,N120,TRUE,Fm391,16.940000000000072,1.1773635970082112,Estimable
2024,protein_pct,treatment,N120,TRUE,Fm392,14.010000000000066,1.1773635970082115,Estimable
2024,protein_pct,treatment,N120,TRUE,Fm394,15.180000000000069,1.1773635970082112,Estimable
2024,protein_pct,treatment,N120,TRUE,Fm395,16.653333333333403,1.1773635970082112,Estimable
2024,protein_pct,treatment,N120,TRUE,Fm396,19.593333333333405,1.1773635970082112,Estimable
2024,protein_pct,treatment,N120,TRUE,Fm398,17.584748404817397,1.441694237107986,Estimable
2024,protein_pct,treatment,N120,TRUE,Fm400,15.746666666666734,1.1773635970082112,Estimable
2024,protein_pct,treatment,N120,TRUE,Fm401,17.4033333333334,1.1773635970082112,Estimable
2024,protein_pct,treatment,N120,TRUE,Fm402,14.300000000000066,1.1773635970082112,Estimable
2024,protein_pct,treatment,N120,TRUE,Fm404,15.689924145748288,1.441661669151927,Estimable
2024,protein_pct,treatment,N120,TRUE,Fm405,16.039748404817395,1.4416942371079862,Estimable
2024,protein_pct,treatment,N120,TRUE,Fm406,15.750000000000068,1.1773635970082115,Estimable
2024,protein_pct,treatment,N120,TRUE,Fm407,14.943333333333397,1.1773635970082112,Estimable
2024,protein_pct,treatment,N120,TRUE,Fm41,17.859748404817395,1.4416942371079862,Estimable
2024,protein_pct,treatment,N120,TRUE,Fm410,16.9533333333334,1.1773635970082115,Estimable
2024,protein_pct,treatment,N120,TRUE,Fm411,14.890000000000063,1.1773635970082115,Estimable
2024,protein_pct,treatment,N120,TRUE,Fm412,15.000000000000066,1.1773635970082112,Estimable
2024,protein_pct,treatment,N120,TRUE,Fm413,18.43666666666673,1.1773635970082115,Estimable
2024,protein_pct,treatment,N120,TRUE,Fm414,17.350000000000062,1.1773635970082115,Estimable
2024,protein_pct,treatment,N120,TRUE,Fm415,14.303333333333397,1.1773635970082112,Estimable
2024,protein_pct,treatment,N120,TRUE,Fm416,18.566666666666734,1.1773635970082112,Estimable
2024,protein_pct,treatment,N120,TRUE,Fm417,21.859748404817395,1.4416942371079862,Estimable
2024,protein_pct,treatment,N120,TRUE,Fm418,23.560151708503618,2.038381307441604,Estimable
2024,protein_pct,treatment,N120,TRUE,Fm419,15.090000000000062,1.1773635970082112,Estimable
2024,protein_pct,treatment,N120,TRUE,Fm420,15.916666666666728,1.1773635970082112,Estimable
2024,protein_pct,treatment,N120,TRUE,Fm421,16.829748404817398,1.4416942371079862,Estimable
2024,protein_pct,treatment,N120,TRUE,Fm428,14.226666666666729,1.1773635970082115,Estimable
2024,protein_pct,treatment,N120,TRUE,Fm429,15.430000000000064,1.1773635970082115,Estimable
2024,protein_pct,treatment,N120,TRUE,Fm44,18.05666666666673,1.1773635970082115,Estimable
2024,protein_pct,treatment,N120,TRUE,Fm442,16.48333333333339,1.1773635970082115,Estimable
2024,protein_pct,treatment,N120,TRUE,Fm443,14.756666666666732,1.1773635970082115,Estimable
2024,protein_pct,treatment,N120,TRUE,Fm444,20.860000000000067,1.1773635970082115,Estimable
2024,protein_pct,treatment,N120,TRUE,Fm446,15.943333333333399,1.1773635970082115,Estimable
2024,protein_pct,treatment,N120,TRUE,Fm464,20.120151708503613,2.038381307441603,Estimable
2024,protein_pct,treatment,N120,TRUE,Fm474,22.52000000000007,1.1773635970082115,Estimable
2024,protein_pct,treatment,N120,TRUE,Fm475,15.293333333333402,1.1773635970082112,Estimable
2024,protein_pct,treatment,N120,TRUE,Fm477,17.559748404817398,1.4416942371079862,Estimable
2024,protein_pct,treatment,N120,TRUE,Fm478,18.229748404817403,1.4416942371079862,Estimable
2024,protein_pct,treatment,N120,TRUE,Fm480,20.1697484048174,1.4416942371079862,Estimable
2024,protein_pct,treatment,N120,TRUE,Fm482,16.1947484048174,1.4416942371079862,Estimable
2024,protein_pct,treatment,N120,TRUE,Fm484,17.9247484048174,1.4416942371079862,Estimable
2024,protein_pct,treatment,N120,TRUE,Fm489,16.4197484048174,1.4416942371079862,Estimable
2024,protein_pct,treatment,N120,TRUE,Fm491,17.5847484048174,1.4416942371079862,Estimable
2024,protein_pct,treatment,N120,TRUE,Fm492,15.234748404817404,1.4416942371079862,Estimable
2024,protein_pct,treatment,N120,TRUE,Fm496,15.04000000000007,1.1773635970082115,Estimable
2024,protein_pct,treatment,N120,TRUE,Fm505,15.550151708503611,2.038381307441603,Estimable
2024,protein_pct,treatment,N120,TRUE,Fm507,16.060151708503618,2.038381307441603,Estimable
2024,protein_pct,treatment,N120,TRUE,Fm518,9.600000000000069,1.1773635970082112,Estimable
2024,protein_pct,treatment,N120,TRUE,Fm519,18.270000000000074,1.1773635970082112,Estimable
2024,protein_pct,treatment,N120,TRUE,Fm523,15.523333333333404,1.1773635970082112,Estimable
2024,protein_pct,treatment,N120,TRUE,Fm524,13.4433333333334,1.1773635970082112,Estimable
2024,protein_pct,treatment,N120,TRUE,Fm537,18.140000000000068,1.1773635970082112,Estimable
2024,protein_pct,treatment,N120,TRUE,Fm552,15.363333333333404,1.1773635970082112,Estimable
2024,protein_pct,treatment,N120,TRUE,Fm560,13.280000000000069,1.1773635970082112,Estimable
2024,protein_pct,treatment,N120,TRUE,Fm566,15.173333333333405,1.1773635970082115,Estimable
2024,protein_pct,treatment,N120,TRUE,Fm569,13.086666666666735,1.1773635970082115,Estimable
2024,protein_pct,treatment,N120,TRUE,Fm585,16.010151708503617,2.038381307441603,Estimable
2024,protein_pct,treatment,N120,TRUE,Fm589,13.490000000000068,1.1773635970082112,Estimable
2024,protein_pct,treatment,N120,TRUE,Fm590,14.01000000000007,1.1773635970082112,Estimable
2024,protein_pct,treatment,N120,TRUE,Fm592,13.3933333333334,1.1773635970082112,Estimable
2024,protein_pct,treatment,N120,TRUE,Fm600,19.34666666666674,1.1773635970082112,Estimable
2024,protein_pct,treatment,N120,TRUE,Fm610,18.083333333333407,1.1773635970082115,Estimable
2024,protein_pct,treatment,N120,TRUE,Fm611,16.51000000000007,1.1773635970082115,Estimable
2024,protein_pct,treatment,N120,TRUE,Fm612,16.500000000000064,1.1773635970082115,Estimable
2024,protein_pct,treatment,N120,TRUE,Fm614,12.763333333333398,1.1773635970082115,Estimable
2024,protein_pct,treatment,N120,TRUE,Fm615,21.910000000000068,1.1773635970082115,Estimable
2024,protein_pct,treatment,N120,TRUE,Fm616,12.743333333333396,1.1773635970082115,Estimable
2024,protein_pct,treatment,N120,TRUE,Fm620,12.733333333333396,1.1773635970082115,Estimable
2024,protein_pct,treatment,N120,TRUE,Fm621,15.570000000000062,1.1773635970082112,Estimable
2024,protein_pct,treatment,N120,TRUE,Fm65,20.356666666666733,1.1773635970082115,Estimable
