year,trait,scope,genotype,contrast,blue,standard_error,estimable
2024,dtf,N120_minus_N40_exploratory,Fm134,N120 - N40,-5.999999999893745,4.075222234447335,TRUE
2024,dtf,N120_minus_N40_exploratory,Fm170,N120 - N40,2.333333333335247,4.075222234449043,TRUE
2024,dtf,N120_minus_N40_exploratory,Fm173,N120 - N40,5.666666666668746,4.075222234449044,TRUE
2024,dtf,N120_minus_N40_exploratory,Fm174,N120 - N40,0.33333333333538917,4.075222234449043,TRUE
2024,dtf,N120_minus_N40_exploratory,Fm176,N120 - N40,1.3333333333354744,4.075222234449044,TRUE
2024,dtf,N120_minus_N40_exploratory,Fm181,N120 - N40,2.6666666666687604,4.075222234449044,TRUE
2024,dtf,N120_minus_N40_exploratory,Fm185,N120 - N40,-1.6666666666646819,4.075222234449044,TRUE
2024,dtf,N120_minus_N40_exploratory,Fm190,N120 - N40,-2.333333333331325,4.075222234449044,TRUE
2024,dtf,N120_minus_N40_exploratory,Fm193,N120 - N40,1.0000000000019469,4.075222234449044,TRUE
2024,dtf,N120_minus_N40_exploratory,Fm194,N120 - N40,1.6666666666685899,4.075222234449044,TRUE
2024,dtf,N120_minus_N40_exploratory,Fm195,N120 - N40,1.9042545318370685e-12,4.075222234449045,TRUE
2024,dtf,N120_minus_N40_exploratory,Fm203,N120 - N40,0.666666666668533,4.075222234449045,TRUE
2024,dtf,N120_minus_N40_exploratory,Fm208,N120 - N40,14.00000000000189,4.075222234449044,TRUE
2024,dtf,N120_minus_N40_exploratory,Fm214,N120 - N40,2.00000000000189,4.075222234449044,TRUE
2024,dtf,N120_minus_N40_exploratory,Fm215,N120 - N40,0.6666666666684762,4.075222234449044,TRUE
2024,dtf,N120_minus_N40_exploratory,Fm216,N120 - N40,1.3026222454890188,5.275618065995739,TRUE
2024,dtf,N120_minus_N40_exploratory,Fm219,N120 - N40,0.6666666666684335,4.075222234449043,TRUE
2024,dtf,N120_minus_N40_exploratory,Fm221,N120 - N40,10.33333333333512,4.075222234449043,TRUE
2024,dtf,N120_minus_N40_exploratory,Fm225,N120 - N40,1.7621459846850485e-12,4.075222234449043,TRUE
2024,dtf,N120_minus_N40_exploratory,Fm227,N120 - N40,1.7763568394002505e-12,4.075222234449043,TRUE
2024,dtf,N120_minus_N40_exploratory,Fm233,N120 - N40,2.666666666668476,4.075222234449043,TRUE
2024,dtf,N120_minus_N40_exploratory,Fm235,N120 - N40,6.000000000001833,4.075222234449043,TRUE
2024,dtf,N120_minus_N40_exploratory,Fm236,N120 - N40,2.666666666668462,4.075222234449043,TRUE
2024,dtf,N120_minus_N40_exploratory,Fm238,N120 - N40,-2.3333333333315096,4.075222234449043,TRUE
2024,dtf,N120_minus_N40_exploratory,Fm249,N120 - N40,8.333333333335133,4.075222234449043,TRUE
2024,dtf,N120_minus_N40_exploratory,Fm250,N120 - N40,1.8474111129762605e-12,4.075222234449043,TRUE
2024,dtf,N120_minus_N40_exploratory,Fm3,N120 - N40,0.33333333333521864,4.075222234449043,TRUE
2024,dtf,N120_minus_N40_exploratory,Fm321,N120 - N40,1.666666666668533,4.075222234449043,TRUE
2024,dtf,N120_minus_N40_exploratory,Fm322,N120 - N40,9.00000000000189,4.075222234449043,TRUE
2024,dtf,N120_minus_N40_exploratory,Fm337,N120 - N40,1.6666666666685472,4.075222234449043,TRUE
2024,dtf,N120_minus_N40_exploratory,Fm341,N120 - N40,3.3333333333352044,4.075222234449043,TRUE
2024,dtf,N120_minus_N40_exploratory,Fm343,N120 - N40,2.6666666666685757,4.075222234449043,TRUE
2024,dtf,N120_minus_N40_exploratory,Fm344,N120 - N40,-1.9999999999981242,4.075222234449043,TRUE
2024,dtf,N120_minus_N40_exploratory,Fm345,N120 - N40,-0.33333333333143855,4.075222234449043,TRUE
2024,dtf,N120_minus_N40_exploratory,Fm346,N120 - N40,-0.08664248949348519,4.98945388557387,TRUE
2024,dtf,N120_minus_N40_exploratory,Fm347,N120 - N40,1.8900436771218665e-12,4.075222234449043,TRUE
2024,dtf,N120_minus_N40_exploratory,Fm349,N120 - N40,1.333333333335247,4.075222234449043,TRUE
2024,dtf,N120_minus_N40_exploratory,Fm351,N120 - N40,5.000000000001904,4.075222234449043,TRUE
2024,dtf,N120_minus_N40_exploratory,Fm352,N120 - N40,-2.586642843597474,4.406100638001861,TRUE
2024,dtf,N120_minus_N40_exploratory,Fm354,N120 - N40,1.3333333333352329,4.075222234449043,TRUE
2024,dtf,N120_minus_N40_exploratory,Fm355,N120 - N40,5.000000000001904,4.075222234449043,TRUE
2024,dtf,N120_minus_N40_exploratory,Fm356,N120 - N40,4.333333333335219,4.075222234449043,TRUE
2024,dtf,N120_minus_N40_exploratory,Fm358,N120 - N40,-2.3333333333314243,4.075222234449043,TRUE
2024,dtf,N120_minus_N40_exploratory,Fm359,N120 - N40,-3.333333333331396,4.075222234449043,TRUE
2024,dtf,N120_minus_N40_exploratory,Fm36,N120 - N40,1.9468870959826745e-12,4.075222234449043,TRUE
2024,dtf,N120_minus_N40_exploratory,Fm361,N120 - N40,-1.1666667681910496,4.699825901479292,TRUE
2024,dtf,N120_minus_N40_exploratory,Fm363,N120 - N40,9.000000000001933,4.075222234449043,TRUE
2024,dtf,N120_minus_N40_exploratory,Fm364,N120 - N40,-0.9999999999980815,4.075222234449043,TRUE
2024,dtf,N120_minus_N40_exploratory,Fm365,N120 - N40,3.66666666666859,4.075222234449043,TRUE
2024,dtf,N120_minus_N40_exploratory,Fm366,N120 - N40,2.0000000000019185,4.075222234449043,TRUE
2024,dtf,N120_minus_N40_exploratory,Fm368,N120 - N40,4.000000000001933,4.075222234449043,TRUE
2024,dtf,N120_minus_N40_exploratory,Fm369,N120 - N40,-7.9999999999980815,4.0752222344490425,TRUE
2024,dtf,N120_minus_N40_exploratory,Fm370,N120 - N40,3.3333333333352613,4.075222234449043,TRUE
2024,dtf,N120_minus_N40_exploratory,Fm372,N120 - N40,-2.999999999998053,4.0752222344490425,TRUE
2024,dtf,N120_minus_N40_exploratory,Fm375,N120 - N40,2.000000000001947,4.075222234449043,TRUE
2024,dtf,N120_minus_N40_exploratory,Fm376,N120 - N40,-0.33333333333141013,4.0752222344490425,TRUE
2024,dtf,N120_minus_N40_exploratory,Fm377,N120 - N40,3.3333333333352755,4.0752222344490425,TRUE
2024,dtf,N120_minus_N40_exploratory,Fm378,N120 - N40,4.66666666666859,4.075222234449042,TRUE
2024,dtf,N120_minus_N40_exploratory,Fm379,N120 - N40,0.6666666666686041,4.0752222344490425,TRUE
2024,dtf,N120_minus_N40_exploratory,Fm380,N120 - N40,6.66666666666859,4.0752222344490425,TRUE
2024,dtf,N120_minus_N40_exploratory,Fm381,N120 - N40,-3.9999999999980673,4.0752222344490425,TRUE
2024,dtf,N120_minus_N40_exploratory,Fm382,N120 - N40,3.66666666666859,4.0752222344490425,TRUE
2024,dtf,N120_minus_N40_exploratory,Fm384,N120 - N40,-0.9999999999980531,4.075222234449043,TRUE
2024,dtf,N120_minus_N40_exploratory,Fm387,N120 - N40,3.000000000001947,4.0752222344490425,TRUE
2024,dtf,N120_minus_N40_exploratory,Fm388,N120 - N40,0.6666666666686041,4.0752222344490425,TRUE
2024,dtf,N120_minus_N40_exploratory,Fm389,N120 - N40,0.3333333333352755,4.0752222344490425,TRUE
2024,dtf,N120_minus_N40_exploratory,Fm391,N120 - N40,-1.3333333333313817,4.0752222344490425,TRUE
2024,dtf,N120_minus_N40_exploratory,Fm392,N120 - N40,1.0000000000019469,4.0752222344490425,TRUE
2024,dtf,N120_minus_N40_exploratory,Fm394,N120 - N40,1.0000000000019469,4.075222234449042,TRUE
2024,dtf,N120_minus_N40_exploratory,Fm395,N120 - N40,1.9468870959826745e-12,4.0752222344490425,TRUE
2024,dtf,N120_minus_N40_exploratory,Fm396,N120 - N40,-1.6666666666647245,4.075222234449042,TRUE
2024,dtf,N120_minus_N40_exploratory,Fm398,N120 - N40,2.9133570548763004,4.9894538855738695,TRUE
2024,dtf,N120_minus_N40_exploratory,Fm400,N120 - N40,1.9326762412674725e-12,4.0752222344490425,TRUE
2024,dtf,N120_minus_N40_exploratory,Fm401,N120 - N40,0.3333333333352613,4.075222234449042,TRUE
2024,dtf,N120_minus_N40_exploratory,Fm402,N120 - N40,2.0000000000019185,4.075222234449042,TRUE
2024,dtf,N120_minus_N40_exploratory,Fm404,N120 - N40,1.499999747424269,4.699825901479291,TRUE
2024,dtf,N120_minus_N40_exploratory,Fm405,N120 - N40,0.6666666666686041,4.075222234449042,TRUE
2024,dtf,N120_minus_N40_exploratory,Fm406,N120 - N40,-1.6666666666647245,4.075222234449042,TRUE
2024,dtf,N120_minus_N40_exploratory,Fm407,N120 - N40,-2.6666666666647387,4.075222234449042,TRUE
2024,dtf,N120_minus_N40_exploratory,Fm41,N120 - N40,4.66666666666859,4.0752222344490425,TRUE
2024,dtf,N120_minus_N40_exploratory,Fm410,N120 - N40,-0.6666666666647529,4.0752222344490425,TRUE
2024,dtf,N120_minus_N40_exploratory,Fm411,N120 - N40,-6.33333333333141,4.0752222344490425,TRUE
2024,dtf,N120_minus_N40_exploratory,Fm412,N120 - N40,-0.6666666666647529,4.075222234449042,TRUE
2024,dtf,N120_minus_N40_exploratory,Fm413,N120 - N40,0.6666666666685757,4.0752222344490425,TRUE
2024,dtf,N120_minus_N40_exploratory,Fm414,N120 - N40,1.3333333333352329,4.0752222344490425,TRUE
2024,dtf,N120_minus_N40_exploratory,Fm415,N120 - N40,1.6666666666685614,4.0752222344490425,TRUE
2024,dtf,N120_minus_N40_exploratory,Fm416,N120 - N40,2.00000000000189,4.0752222344490425,TRUE
2024,dtf,N120_minus_N40_exploratory,Fm417,N120 - N40,-2.3333333333314386,4.0752222344490425,TRUE
2024,dtf,N120_minus_N40_exploratory,Fm418,N120 - N40,-1.333333333331396,4.0752222344490425,TRUE
2024,dtf,N120_minus_N40_exploratory,Fm419,N120 - N40,2.66666666666859,4.075222234449042,TRUE
2024,dtf,N120_minus_N40_exploratory,Fm420,N120 - N40,-2.6666666666647387,4.075222234449042,TRUE
2024,dtf,N120_minus_N40_exploratory,Fm421,N120 - N40,-1.6666666666647245,4.075222234449042,TRUE
2024,dtf,N120_minus_N40_exploratory,Fm428,N120 - N40,9.333333333335275,4.0752222344490425,TRUE
2024,dtf,N120_minus_N40_exploratory,Fm429,N120 - N40,1.666666666668604,4.075222234449042,TRUE
2024,dtf,N120_minus_N40_exploratory,Fm43,N120 - N40,5.666666666668576,4.075222234449042,TRUE
2024,dtf,N120_minus_N40_exploratory,Fm44,N120 - N40,1.0000000000019185,4.0752222344490425,TRUE
2024,dtf,N120_minus_N40_exploratory,Fm442,N120 - N40,-9.666666666664753,4.075222234449042,TRUE
2024,dtf,N120_minus_N40_exploratory,Fm443,N120 - N40,-3.4199761769307315,4.406100638001861,TRUE
2024,dtf,N120_minus_N40_exploratory,Fm444,N120 - N40,0.33333333333523285,4.075222234449042,TRUE
2024,dtf,N120_minus_N40_exploratory,Fm446,N120 - N40,5.333333333335261,4.075222234449042,TRUE
2024,dtf,N120_minus_N40_exploratory,Fm458,N120 - N40,-9.33333333333141,4.075222234449042,TRUE
2024,dtf,N120_minus_N40_exploratory,Fm464,N120 - N40,13.000000000001961,4.075222234449042,TRUE
2024,dtf,N120_minus_N40_exploratory,Fm474,N120 - N40,11.333333333335275,4.075222234449042,TRUE
2024,dtf,N120_minus_N40_exploratory,Fm475,N120 - N40,-1.999999999998039,4.075222234449042,TRUE
2024,dtf,N120_minus_N40_exploratory,Fm477,N120 - N40,-2.333333333331396,4.075222234449042,TRUE
2024,dtf,N120_minus_N40_exploratory,Fm478,N120 - N40,-1.6666666666647103,4.075222234449042,TRUE
2024,dtf,N120_minus_N40_exploratory,Fm480,N120 - N40,1.6666666666685757,4.0752222344490425,TRUE
2024,dtf,N120_minus_N40_exploratory,Fm482,N120 - N40,8.66666666666859,4.0752222344490425,TRUE
2024,dtf,N120_minus_N40_exploratory,Fm484,N120 - N40,-1.333333333331396,4.0752222344490425,TRUE
2024,dtf,N120_minus_N40_exploratory,Fm489,N120 - N40,7.3333333333352755,4.0752222344490425,TRUE
2024,dtf,N120_minus_N40_exploratory,Fm491,N120 - N40,4.3333333333352755,4.0752222344490425,TRUE
2024,dtf,N120_minus_N40_exploratory,Fm492,N120 - N40,-4.3333333333313675,4.0752222344490425,TRUE
2024,dtf,N120_minus_N40_exploratory,Fm496,N120 - N40,-0.3333333333313959,4.0752222344490425,TRUE
2024,dtf,N120_minus_N40_exploratory,Fm505,N120 - N40,4.66666666666859,4.0752222344490425,TRUE
2024,dtf,N120_minus_N40_exploratory,Fm507,N120 - N40,1.6666666666685899,4.0752222344490425,TRUE
2024,dtf,N120_minus_N40_exploratory,Fm510,N120 - N40,6.3333333333352755,4.0752222344490425,TRUE
2024,dtf,N120_minus_N40_exploratory,Fm518,N120 - N40,0.3333333333352613,4.0752222344490425,TRUE
2024,dtf,N120_minus_N40_exploratory,Fm519,N120 - N40,-0.6666666666647245,4.0752222344490425,TRUE
2024,dtf,N120_minus_N40_exploratory,Fm522,N120 - N40,-8.999999999998053,4.0752222344490425,TRUE
2024,dtf,N120_minus_N40_exploratory,Fm523,N120 - N40,1.6666666666686183,4.0752222344490425,TRUE
2024,dtf,N120_minus_N40_exploratory,Fm524,N120 - N40,-0.9999999999980389,4.0752222344490425,TRUE
2024,dtf,N120_minus_N40_exploratory,Fm537,N120 - N40,2.0000000000019327,4.0752222344490425,TRUE
2024,dtf,N120_minus_N40_exploratory,Fm552,N120 - N40,1.6666666666686183,4.0752222344490425,TRUE
2024,dtf,N120_minus_N40_exploratory,Fm56,N120 - N40,-0.33333333333141013,4.0752222344490425,TRUE
2024,dtf,N120_minus_N40_exploratory,Fm560,N120 - N40,-1.3333333333313817,4.0752222344490425,TRUE
2024,dtf,N120_minus_N40_exploratory,Fm566,N120 - N40,-1.3333333333313817,4.0752222344490425,TRUE
2024,dtf,N120_minus_N40_exploratory,Fm569,N120 - N40,-0.6666666666646961,4.0752222344490425,TRUE
2024,dtf,N120_minus_N40_exploratory,Fm585,N120 - N40,2.9046208360641828,6.429410755733931,TRUE
2024,dtf,N120_minus_N40_exploratory,Fm589,N120 - N40,0.3333333333352755,4.0752222344490425,TRUE
2024,dtf,N120_minus_N40_exploratory,Fm590,N120 - N40,1.0000000000019469,4.0752222344490425,TRUE
2024,dtf,N120_minus_N40_exploratory,Fm592,N120 - N40,-0.9999999999980815,4.0752222344490425,TRUE
2024,dtf,N120_minus_N40_exploratory,Fm600,N120 - N40,1.9042545318370685e-12,4.0752222344490425,TRUE
2024,dtf,N120_minus_N40_exploratory,Fm601,N120 - N40,2.333333333335247,4.0752222344490425,TRUE
2024,dtf,N120_minus_N40_exploratory,Fm610,N120 - N40,2.0000000000019327,4.075222234449042,TRUE
2024,dtf,N120_minus_N40_exploratory,Fm611,N120 - N40,1.9042545318370685e-12,4.0752222344490425,TRUE
2024,dtf,N120_minus_N40_exploratory,Fm612,N120 - N40,-0.6666666666647387,4.0752222344490425,TRUE
2024,dtf,N120_minus_N40_exploratory,Fm614,N120 - N40,0.6666666666686183,4.0752222344490425,TRUE
2024,dtf,N120_minus_N40_exploratory,Fm615,N120 - N40,1.666666666668604,4.0752222344490425,TRUE
2024,dtf,N120_minus_N40_exploratory,Fm616,N120 - N40,-0.9999999999980673,4.0752222344490425,TRUE
2024,dtf,N120_minus_N40_exploratory,Fm620,N120 - N40,-0.6666666666647103,4.0752222344490425,TRUE
2024,dtf,N120_minus_N40_exploratory,Fm621,N120 - N40,6.66666666666859,4.075222234449042,TRUE
2024,dtf,N120_minus_N40_exploratory,Fm65,N120 - N40,-1.9999999999980815,4.075222234449042,TRUE
2024,dtf,N120_minus_N40_exploratory,Fm78,N120 - N40,-6.15131112274166,4.406088252597313,TRUE
2024,dtf,N120_minus_N40_exploratory,Fm79,N120 - N40,0.6666666666685614,4.0752222344490425,TRUE
2024,dtf,N120_minus_N40_exploratory,Fm86,N120 - N40,1.3333333333352755,4.0752222344490425,TRUE
2024,height_cm,N120_minus_N40_exploratory,Fm134,N120 - N40,-2.6666666667528744,5.862541738413801,TRUE
2024,height_cm,N120_minus_N40_exploratory,Fm156,N120 - N40,13.666666666665819,5.862541738415526,TRUE
2024,height_cm,N120_minus_N40_exploratory,Fm161,N120 - N40,-4.000000000001371,5.862541738415526,TRUE
2024,height_cm,N120_minus_N40_exploratory,Fm168,N120 - N40,-8.692360374650377,6.603017592551684,TRUE
2024,height_cm,N120_minus_N40_exploratory,Fm170,N120 - N40,-2.6666666666678793,5.862541738415526,TRUE
2024,height_cm,N120_minus_N40_exploratory,Fm173,N120 - N40,-3.6666666666680356,5.862541738415526,TRUE
2024,height_cm,N120_minus_N40_exploratory,Fm174,N120 - N40,-2.333333333334764,5.862541738415526,TRUE
2024,height_cm,N120_minus_N40_exploratory,Fm176,N120 - N40,-8.000000000001464,5.862541738415526,TRUE
2024,height_cm,N120_minus_N40_exploratory,Fm181,N120 - N40,-10.00000000000145,5.862541738415526,TRUE
2024,height_cm,N120_minus_N40_exploratory,Fm185,N120 - N40,-0.3333333333347781,5.862541738415526,TRUE
2024,height_cm,N120_minus_N40_exploratory,Fm190,N120 - N40,0.6666666666652077,5.862541738415526,TRUE
2024,height_cm,N120_minus_N40_exploratory,Fm193,N120 - N40,6.333333333331822,5.862541738415526,TRUE
2024,height_cm,N120_minus_N40_exploratory,Fm194,N120 - N40,-6.000000000001535,5.862541738415526,TRUE
2024,height_cm,N120_minus_N40_exploratory,Fm195,N120 - N40,3.3333333333318365,5.862541738415526,TRUE
2024,height_cm,N120_minus_N40_exploratory,Fm20,N120 - N40,-4.333333333334878,5.862541738415526,TRUE
2024,height_cm,N120_minus_N40_exploratory,Fm203,N120 - N40,4.666666666665108,5.862541738415526,TRUE
2024,height_cm,N120_minus_N40_exploratory,Fm208,N120 - N40,-10.66666666666822,5.862541738415526,TRUE
2024,height_cm,N120_minus_N40_exploratory,Fm214,N120 - N40,2.3333333333317796,5.862541738415526,TRUE
2024,height_cm,N120_minus_N40_exploratory,Fm215,N120 - N40,4.333333333331794,5.862541738415526,TRUE
2024,height_cm,N120_minus_N40_exploratory,Fm216,N120 - N40,6.027924556317842,8.122408122586128,TRUE
2024,height_cm,N120_minus_N40_exploratory,Fm219,N120 - N40,5.666666666665051,5.862541738415526,TRUE
2024,height_cm,N120_minus_N40_exploratory,Fm221,N120 - N40,2.999999999998394,5.862541738415526,TRUE
2024,height_cm,N120_minus_N40_exploratory,Fm225,N120 - N40,-1.6666666666683057,5.862541738415526,TRUE
2024,height_cm,N120_minus_N40_exploratory,Fm227,N120 - N40,2.6666666666650087,5.862541738415526,TRUE
2024,height_cm,N120_minus_N40_exploratory,Fm233,N120 - N40,-3.0000000000016342,5.862541738415526,TRUE
2024,height_cm,N120_minus_N40_exploratory,Fm235,N120 - N40,-6.666666666668291,5.862541738415526,TRUE
2024,height_cm,N120_minus_N40_exploratory,Fm236,N120 - N40,-7.666666666668277,5.862541738415526,TRUE
2024,height_cm,N120_minus_N40_exploratory,Fm238,N120 - N40,6.999999999998366,5.862541738415526,TRUE
2024,height_cm,N120_minus_N40_exploratory,Fm249,N120 - N40,-2.0000000000016342,5.862541738415526,TRUE
2024,height_cm,N120_minus_N40_exploratory,Fm250,N120 - N40,-2.3333333333349344,5.862541738415526,TRUE
2024,height_cm,N120_minus_N40_exploratory,Fm3,N120 - N40,-3.333333333334963,5.862541738415526,TRUE
2024,height_cm,N120_minus_N40_exploratory,Fm321,N120 - N40,-6.666666666668334,5.862541738415527,TRUE
2024,height_cm,N120_minus_N40_exploratory,Fm322,N120 - N40,4.33333333333168,5.862541738415526,TRUE
2024,height_cm,N120_minus_N40_exploratory,Fm337,N120 - N40,3.333333333331666,5.862541738415526,TRUE
2024,height_cm,N120_minus_N40_exploratory,Fm341,N120 - N40,-8.333333333334977,5.862541738415526,TRUE
2024,height_cm,N120_minus_N40_exploratory,Fm343,N120 - N40,6.666666666665051,5.862541738415526,TRUE
2024,height_cm,N120_minus_N40_exploratory,Fm344,N120 - N40,-1.6666666666683625,5.862541738415526,TRUE
2024,height_cm,N120_minus_N40_exploratory,Fm345,N120 - N40,-1.6484591469634324e-12,5.862541738415526,TRUE
2024,height_cm,N120_minus_N40_exploratory,Fm346,N120 - N40,6.312801225685618,6.501571618003683,TRUE
2024,height_cm,N120_minus_N40_exploratory,Fm347,N120 - N40,0.9999999999983658,5.862541738415526,TRUE
2024,height_cm,N120_minus_N40_exploratory,Fm349,N120 - N40,-3.0000000000016342,5.862541738415526,TRUE
2024,height_cm,N120_minus_N40_exploratory,Fm351,N120 - N40,3.666666666665023,5.862541738415525,TRUE
2024,height_cm,N120_minus_N40_exploratory,Fm352,N120 - N40,2.312801225685618,6.501571618003683,TRUE
2024,height_cm,N120_minus_N40_exploratory,Fm354,N120 - N40,-4.000000000001634,5.862541738415526,TRUE
2024,height_cm,N120_minus_N40_exploratory,Fm355,N120 - N40,2.3333333333316517,5.862541738415525,TRUE
2024,height_cm,N120_minus_N40_exploratory,Fm356,N120 - N40,-5.00000000000162,5.8625417384155245,TRUE
2024,height_cm,N120_minus_N40_exploratory,Fm358,N120 - N40,2.99999999999838,5.8625417384155245,TRUE
2024,height_cm,N120_minus_N40_exploratory,Fm359,N120 - N40,3.666666666665037,5.862541738415525,TRUE
2024,height_cm,N120_minus_N40_exploratory,Fm36,N120 - N40,10.999999999998352,5.862541738415526,TRUE
2024,height_cm,N120_minus_N40_exploratory,Fm361,N120 - N40,5.974306292016365,6.6030175925516845,TRUE
2024,height_cm,N120_minus_N40_exploratory,Fm363,N120 - N40,3.666666666665023,5.862541738415525,TRUE
2024,height_cm,N120_minus_N40_exploratory,Fm364,N120 - N40,0.6666666666650087,5.862541738415526,TRUE
2024,height_cm,N120_minus_N40_exploratory,Fm365,N120 - N40,6.666666666665037,5.862541738415526,TRUE
2024,height_cm,N120_minus_N40_exploratory,Fm366,N120 - N40,-3.0000000000016485,5.862541738415526,TRUE
2024,height_cm,N120_minus_N40_exploratory,Fm368,N120 - N40,-1.00000000000162,5.862541738415526,TRUE
2024,height_cm,N120_minus_N40_exploratory,Fm369,N120 - N40,8.66666666666498,5.862541738415526,TRUE
2024,height_cm,N120_minus_N40_exploratory,Fm370,N120 - N40,-4.333333333334949,5.862541738415526,TRUE
2024,height_cm,N120_minus_N40_exploratory,Fm372,N120 - N40,9.999999999998366,5.862541738415526,TRUE
2024,height_cm,N120_minus_N40_exploratory,Fm375,N120 - N40,-5.000000000001606,5.862541738415526,TRUE
2024,height_cm,N120_minus_N40_exploratory,Fm376,N120 - N40,1.6666666666650656,5.862541738415526,TRUE
2024,height_cm,N120_minus_N40_exploratory,Fm377,N120 - N40,4.666666666665037,5.862541738415526,TRUE
2024,height_cm,N120_minus_N40_exploratory,Fm378,N120 - N40,-2.6666666666682772,5.862541738415526,TRUE
2024,height_cm,N120_minus_N40_exploratory,Fm379,N120 - N40,6.666666666665037,5.862541738415525,TRUE
2024,height_cm,N120_minus_N40_exploratory,Fm380,N120 - N40,9.666666666665037,5.862541738415525,TRUE
2024,height_cm,N120_minus_N40_exploratory,Fm381,N120 - N40,5.666666666665066,5.862541738415525,TRUE
2024,height_cm,N120_minus_N40_exploratory,Fm382,N120 - N40,3.666666666665037,5.862541738415525,TRUE
2024,height_cm,N120_minus_N40_exploratory,Fm384,N120 - N40,4.666666666665037,5.862541738415526,TRUE
2024,height_cm,N120_minus_N40_exploratory,Fm387,N120 - N40,-6.333333333334906,5.862541738415525,TRUE
2024,height_cm,N120_minus_N40_exploratory,Fm388,N120 - N40,-6.333333333334934,5.862541738415526,TRUE
2024,height_cm,N120_minus_N40_exploratory,Fm389,N120 - N40,2.9999999999983658,5.862541738415526,TRUE
2024,height_cm,N120_minus_N40_exploratory,Fm391,N120 - N40,6.666666666665066,5.862541738415525,TRUE
2024,height_cm,N120_minus_N40_exploratory,Fm392,N120 - N40,-0.3333333333349202,5.862541738415526,TRUE
2024,height_cm,N120_minus_N40_exploratory,Fm394,N120 - N40,3.66666666666508,5.862541738415525,TRUE
2024,height_cm,N120_minus_N40_exploratory,Fm395,N120 - N40,3.333333333331737,5.862541738415525,TRUE
2024,height_cm,N120_minus_N40_exploratory,Fm396,N120 - N40,-1.00000000000162,5.862541738415525,TRUE
2024,height_cm,N120_minus_N40_exploratory,Fm398,N120 - N40,2.78710751770366,7.1764113034938255,TRUE
2024,height_cm,N120_minus_N40_exploratory,Fm400,N120 - N40,4.666666666665051,5.862541738415525,TRUE
2024,height_cm,N120_minus_N40_exploratory,Fm401,N120 - N40,9.99999999999838,5.862541738415525,TRUE
2024,height_cm,N120_minus_N40_exploratory,Fm402,N120 - N40,6.666666666665051,5.862541738415525,TRUE
2024,height_cm,N120_minus_N40_exploratory,Fm404,N120 - N40,4.588516468167825,6.603000654385965,TRUE
2024,height_cm,N120_minus_N40_exploratory,Fm405,N120 - N40,1.333333333331737,5.862541738415525,TRUE
2024,height_cm,N120_minus_N40_exploratory,Fm406,N120 - N40,8.999999999998366,5.862541738415525,TRUE
2024,height_cm,N120_minus_N40_exploratory,Fm407,N120 - N40,3.666666666665037,5.862541738415525,TRUE
2024,height_cm,N120_minus_N40_exploratory,Fm41,N120 - N40,-1.6666666666682772,5.862541738415525,TRUE
2024,height_cm,N120_minus_N40_exploratory,Fm410,N120 - N40,-0.3333333333349202,5.862541738415525,TRUE
2024,height_cm,N120_minus_N40_exploratory,Fm411,N120 - N40,7.999999999998366,5.862541738415526,TRUE
2024,height_cm,N120_minus_N40_exploratory,Fm412,N120 - N40,3.9999999999983515,5.862541738415525,TRUE
2024,height_cm,N120_minus_N40_exploratory,Fm413,N120 - N40,-7.000000000001634,5.862541738415526,TRUE
2024,height_cm,N120_minus_N40_exploratory,Fm414,N120 - N40,-7.666666666668291,5.862541738415526,TRUE
2024,height_cm,N120_minus_N40_exploratory,Fm415,N120 - N40,-6.333333333334949,5.862541738415526,TRUE
2024,height_cm,N120_minus_N40_exploratory,Fm416,N120 - N40,12.666666666665009,5.862541738415525,TRUE
2024,height_cm,N120_minus_N40_exploratory,Fm417,N120 - N40,2.3333333333317086,5.862541738415525,TRUE
2024,height_cm,N120_minus_N40_exploratory,Fm418,N120 - N40,-4.66666666666832,5.862541738415525,TRUE
2024,height_cm,N120_minus_N40_exploratory,Fm419,N120 - N40,-5.333333333334991,5.862541738415526,TRUE
2024,height_cm,N120_minus_N40_exploratory,Fm420,N120 - N40,2.33333333333168,5.862541738415526,TRUE
2024,height_cm,N120_minus_N40_exploratory,Fm421,N120 - N40,-8.333333333334963,5.862541738415526,TRUE
2024,height_cm,N120_minus_N40_exploratory,Fm428,N120 - N40,1.333333333331666,5.862541738415526,TRUE
2024,height_cm,N120_minus_N40_exploratory,Fm429,N120 - N40,-1.3333333333349344,5.862541738415525,TRUE
2024,height_cm,N120_minus_N40_exploratory,Fm43,N120 - N40,-4.0000000000016485,5.862541738415525,TRUE
2024,height_cm,N120_minus_N40_exploratory,Fm44,N120 - N40,4.666666666665037,5.862541738415526,TRUE
2024,height_cm,N120_minus_N40_exploratory,Fm442,N120 - N40,-1.6666666666683199,5.862541738415526,TRUE
2024,height_cm,N120_minus_N40_exploratory,Fm443,N120 - N40,-0.6871987743144103,6.501571618003681,TRUE
2024,height_cm,N120_minus_N40_exploratory,Fm444,N120 - N40,-5.666666666668306,5.862541738415525,TRUE
2024,height_cm,N120_minus_N40_exploratory,Fm446,N120 - N40,-0.33333333333494863,5.862541738415525,TRUE
2024,height_cm,N120_minus_N40_exploratory,Fm458,N120 - N40,16.99999999999838,5.862541738415526,TRUE
2024,height_cm,N120_minus_N40_exploratory,Fm464,N120 - N40,2.6666666666650514,5.862541738415525,TRUE
2024,height_cm,N120_minus_N40_exploratory,Fm474,N120 - N40,0.6666666666650656,5.862541738415526,TRUE
2024,height_cm,N120_minus_N40_exploratory,Fm475,N120 - N40,4.921849801501153,6.603000654385965,TRUE
2024,height_cm,N120_minus_N40_exploratory,Fm477,N120 - N40,6.333333333331709,5.862541738415525,TRUE
2024,height_cm,N120_minus_N40_exploratory,Fm478,N120 - N40,2.333333333331737,5.862541738415525,TRUE
2024,height_cm,N120_minus_N40_exploratory,Fm480,N120 - N40,3.3333333333317086,5.862541738415525,TRUE
2024,height_cm,N120_minus_N40_exploratory,Fm482,N120 - N40,10.33333333333168,5.862541738415525,TRUE
2024,height_cm,N120_minus_N40_exploratory,Fm484,N120 - N40,6.333333333331694,5.862541738415526,TRUE
2024,height_cm,N120_minus_N40_exploratory,Fm489,N120 - N40,-18.666666666668306,5.862541738415526,TRUE
2024,height_cm,N120_minus_N40_exploratory,Fm491,N120 - N40,7.333333333331694,5.862541738415526,TRUE
2024,height_cm,N120_minus_N40_exploratory,Fm492,N120 - N40,2.8076396253498075,6.603017592551685,TRUE
2024,height_cm,N120_minus_N40_exploratory,Fm496,N120 - N40,-11.00000000000162,5.862541738415525,TRUE
2024,height_cm,N120_minus_N40_exploratory,Fm505,N120 - N40,-1.6666666666682914,5.862541738415526,TRUE
2024,height_cm,N120_minus_N40_exploratory,Fm507,N120 - N40,-1.6666666666683199,5.862541738415526,TRUE
2024,height_cm,N120_minus_N40_exploratory,Fm510,N120 - N40,3.6666666666650514,5.862541738415526,TRUE
2024,height_cm,N120_minus_N40_exploratory,Fm518,N120 - N40,3.6666666666650087,5.862541738415526,TRUE
2024,height_cm,N120_minus_N40_exploratory,Fm519,N120 - N40,4.99999999999838,5.862541738415526,TRUE
2024,height_cm,N120_minus_N40_exploratory,Fm522,N120 - N40,0.6666666666650372,5.862541738415526,TRUE
2024,height_cm,N120_minus_N40_exploratory,Fm523,N120 - N40,-1.6200374375330284e-12,5.862541738415526,TRUE
2024,height_cm,N120_minus_N40_exploratory,Fm524,N120 - N40,-3.6666666666682914,5.862541738415526,TRUE
2024,height_cm,N120_minus_N40_exploratory,Fm537,N120 - N40,5.99999999999838,5.862541738415526,TRUE
2024,height_cm,N120_minus_N40_exploratory,Fm552,N120 - N40,6.333333333331694,5.862541738415526,TRUE
2024,height_cm,N120_minus_N40_exploratory,Fm56,N120 - N40,4.333333333331709,5.862541738415526,TRUE
2024,height_cm,N120_minus_N40_exploratory,Fm560,N120 - N40,-3.000000000001677,5.862541738415526,TRUE
2024,height_cm,N120_minus_N40_exploratory,Fm566,N120 - N40,3.3333333333316943,5.862541738415526,TRUE
2024,height_cm,N120_minus_N40_exploratory,Fm569,N120 - N40,-5.333333333334963,5.862541738415526,TRUE
2024,height_cm,N120_minus_N40_exploratory,Fm585,N120 - N40,4.4192151351028315,8.899000389088267,TRUE
2024,height_cm,N120_minus_N40_exploratory,Fm589,N120 - N40,0.6666666666650514,5.862541738415526,TRUE
2024,height_cm,N120_minus_N40_exploratory,Fm590,N120 - N40,-5.333333333334963,5.862541738415526,TRUE
2024,height_cm,N120_minus_N40_exploratory,Fm592,N120 - N40,-2.0000000000016485,5.862541738415526,TRUE
2024,height_cm,N120_minus_N40_exploratory,Fm600,N120 - N40,1.9999999999983942,5.862541738415527,TRUE
2024,height_cm,N120_minus_N40_exploratory,Fm601,N120 - N40,-11.000000000001606,5.862541738415526,TRUE
2024,height_cm,N120_minus_N40_exploratory,Fm610,N120 - N40,2.333333333331737,5.862541738415528,TRUE
2024,height_cm,N120_minus_N40_exploratory,Fm611,N120 - N40,1.3333333333317512,5.862541738415527,TRUE
2024,height_cm,N120_minus_N40_exploratory,Fm612,N120 - N40,4.66666666666508,5.862541738415527,TRUE
2024,height_cm,N120_minus_N40_exploratory,Fm614,N120 - N40,0.3333333333317654,5.862541738415528,TRUE
2024,height_cm,N120_minus_N40_exploratory,Fm615,N120 - N40,0.9999999999984084,5.862541738415528,TRUE
2024,height_cm,N120_minus_N40_exploratory,Fm616,N120 - N40,-7.666666666668277,5.862541738415528,TRUE
2024,height_cm,N120_minus_N40_exploratory,Fm620,N120 - N40,4.333333333331723,5.862541738415528,TRUE
2024,height_cm,N120_minus_N40_exploratory,Fm621,N120 - N40,5.999999999998366,5.862541738415528,TRUE
2024,height_cm,N120_minus_N40_exploratory,Fm65,N120 - N40,0.9999999999984084,5.862541738415528,TRUE
2024,height_cm,N120_minus_N40_exploratory,Fm78,N120 - N40,27.15270438850534,6.501570975807418,TRUE
2024,height_cm,N120_minus_N40_exploratory,Fm79,N120 - N40,4.999999999998394,5.862541738415528,TRUE
2024,height_cm,N120_minus_N40_exploratory,Fm86,N120 - N40,0.6666666666650372,5.862541738415528,TRUE
2024,height_cm,N120_minus_N40_exploratory,Fm9,N120 - N40,3.6666666666650656,5.862541738415529,TRUE
2024,plants_m2,N120_minus_N40_exploratory,Fm134,N120 - N40,-0.34969913165622746,13.657092109958132,TRUE
2024,plants_m2,N120_minus_N40_exploratory,Fm156,N120 - N40,4.1871979167685325,10.41158747853051,TRUE
2024,plants_m2,N120_minus_N40_exploratory,Fm161,N120 - N40,6.316967535018293,13.65709210995147,TRUE
2024,plants_m2,N120_minus_N40_exploratory,Fm168,N120 - N40,-0.7875793238417756,12.968016101266176,TRUE
2024,plants_m2,N120_minus_N40_exploratory,Fm170,N120 - N40,8.187197916768522,10.41158747853051,TRUE
2024,plants_m2,N120_minus_N40_exploratory,Fm173,N120 - N40,-0.34969913164843547,13.657092109951472,TRUE
2024,plants_m2,N120_minus_N40_exploratory,Fm174,N120 - N40,0.18719791676852537,10.41158747853051,TRUE
2024,plants_m2,N120_minus_N40_exploratory,Fm176,N120 - N40,-0.3496991316484568,13.657092109951472,TRUE
2024,plants_m2,N120_minus_N40_exploratory,Fm181,N120 - N40,-11.016365798315022,13.657092109951472,TRUE
2024,plants_m2,N120_minus_N40_exploratory,Fm185,N120 - N40,-17.006273077903202,14.193598492896951,TRUE
2024,plants_m2,N120_minus_N40_exploratory,Fm190,N120 - N40,8.983634201684914,13.657092109951472,TRUE
2024,plants_m2,N120_minus_N40_exploratory,Fm193,N120 - N40,23.353864583435225,10.411587478530508,TRUE
2024,plants_m2,N120_minus_N40_exploratory,Fm194,N120 - N40,10.174849565824259,10.408750899363048,TRUE
2024,plants_m2,N120_minus_N40_exploratory,Fm195,N120 - N40,-12.349699131648386,13.657092109951472,TRUE
2024,plants_m2,N120_minus_N40_exploratory,Fm20,N120 - N40,6.666666666666842,9.071056833692996,TRUE
2024,plants_m2,N120_minus_N40_exploratory,Fm203,N120 - N40,-3.8128020832314675,10.41158747853051,TRUE
2024,plants_m2,N120_minus_N40_exploratory,Fm208,N120 - N40,4.000000000000192,9.071056833692998,TRUE
2024,plants_m2,N120_minus_N40_exploratory,Fm214,N120 - N40,-0.47946874989816735,10.411587478530508,TRUE
2024,plants_m2,N120_minus_N40_exploratory,Fm215,N120 - N40,-19.68303246498168,13.65709210995147,TRUE
2024,plants_m2,N120_minus_N40_exploratory,Fm216,N120 - N40,-0.6666666666664263,9.071056833692998,TRUE
2024,plants_m2,N120_minus_N40_exploratory,Fm219,N120 - N40,2.666666666666771,9.071056833692998,TRUE
2024,plants_m2,N120_minus_N40_exploratory,Fm221,N120 - N40,-3.9999999999997975,9.071056833692998,TRUE
2024,plants_m2,N120_minus_N40_exploratory,Fm225,N120 - N40,-0.47946874989814603,10.41158747853051,TRUE
2024,plants_m2,N120_minus_N40_exploratory,Fm227,N120 - N40,-0.6666666666664511,9.071056833692998,TRUE
2024,plants_m2,N120_minus_N40_exploratory,Fm233,N120 - N40,8.666666666666842,9.071056833692998,TRUE
2024,plants_m2,N120_minus_N40_exploratory,Fm235,N120 - N40,-4.47946874989815,10.41158747853051,TRUE
2024,plants_m2,N120_minus_N40_exploratory,Fm236,N120 - N40,1.8538645834351755,10.411587478530508,TRUE
2024,plants_m2,N120_minus_N40_exploratory,Fm238,N120 - N40,2.9836342016848683,13.657092109951467,TRUE
2024,plants_m2,N120_minus_N40_exploratory,Fm249,N120 - N40,-0.3496991316484497,13.657092109951469,TRUE
2024,plants_m2,N120_minus_N40_exploratory,Fm250,N120 - N40,,,FALSE
2024,plants_m2,N120_minus_N40_exploratory,Fm3,N120 - N40,3.1871979167684756,10.41158747853051,TRUE
2024,plants_m2,N120_minus_N40_exploratory,Fm321,N120 - N40,-8.683032464981796,13.657092109951469,TRUE
2024,plants_m2,N120_minus_N40_exploratory,Fm322,N120 - N40,7.650300868351522,13.657092109951469,TRUE
2024,plants_m2,N120_minus_N40_exploratory,Fm337,N120 - N40,7.333333333333527,9.071056833692998,TRUE
2024,plants_m2,N120_minus_N40_exploratory,Fm341,N120 - N40,0.18719791676847564,10.41158747853051,TRUE
2024,plants_m2,N120_minus_N40_exploratory,Fm343,N120 - N40,-3.016365798315121,13.657092109951467,TRUE
2024,plants_m2,N120_minus_N40_exploratory,Fm344,N120 - N40,-5.333333333333124,9.071056833692998,TRUE
2024,plants_m2,N120_minus_N40_exploratory,Fm345,N120 - N40,10.983634201684868,13.657092109951467,TRUE
2024,plants_m2,N120_minus_N40_exploratory,Fm346,N120 - N40,0.31696753501819375,13.657092109951465,TRUE
2024,plants_m2,N120_minus_N40_exploratory,Fm347,N120 - N40,-2.4794687498981673,10.41158747853051,TRUE
2024,plants_m2,N120_minus_N40_exploratory,Fm349,N120 - N40,-1.016365798315153,13.657092109951467,TRUE
2024,plants_m2,N120_minus_N40_exploratory,Fm351,N120 - N40,3.8538645834351755,10.41158747853051,TRUE
2024,plants_m2,N120_minus_N40_exploratory,Fm352,N120 - N40,-2.8027093628196367,11.105999599358949,TRUE
2024,plants_m2,N120_minus_N40_exploratory,Fm354,N120 - N40,9.650300868351493,13.657092109951465,TRUE
2024,plants_m2,N120_minus_N40_exploratory,Fm355,N120 - N40,0.5205312501018398,10.41158747853051,TRUE
2024,plants_m2,N120_minus_N40_exploratory,Fm356,N120 - N40,2.316967535018172,13.657092109951467,TRUE
2024,plants_m2,N120_minus_N40_exploratory,Fm358,N120 - N40,20.18971657605151,11.105999539347849,TRUE
2024,plants_m2,N120_minus_N40_exploratory,Fm359,N120 - N40,-0.4794687498981496,10.41158747853051,TRUE
2024,plants_m2,N120_minus_N40_exploratory,Fm36,N120 - N40,-4.4794687498981816,10.41158747853051,TRUE
2024,plants_m2,N120_minus_N40_exploratory,Fm361,N120 - N40,8.316967535018165,13.657092109951465,TRUE
2024,plants_m2,N120_minus_N40_exploratory,Fm363,N120 - N40,-3.4794687498981602,10.41158747853051,TRUE
2024,plants_m2,N120_minus_N40_exploratory,Fm364,N120 - N40,6.000000000000154,9.071056833692996,TRUE
2024,plants_m2,N120_minus_N40_exploratory,Fm365,N120 - N40,,,FALSE
2024,plants_m2,N120_minus_N40_exploratory,Fm366,N120 - N40,9.020531250101826,10.41158747853051,TRUE
2024,plants_m2,N120_minus_N40_exploratory,Fm368,N120 - N40,5.3333333333334965,9.071056833692996,TRUE
2024,plants_m2,N120_minus_N40_exploratory,Fm369,N120 - N40,-1.8128020832314915,10.41158747853051,TRUE
2024,plants_m2,N120_minus_N40_exploratory,Fm370,N120 - N40,3.1871979167684827,10.41158747853051,TRUE
2024,plants_m2,N120_minus_N40_exploratory,Fm372,N120 - N40,7.841516232490921,10.408750899363048,TRUE
2024,plants_m2,N120_minus_N40_exploratory,Fm375,N120 - N40,-9.3333333333332,9.071056833692996,TRUE
2024,plants_m2,N120_minus_N40_exploratory,Fm376,N120 - N40,6.853864583435147,10.41158747853051,TRUE
2024,plants_m2,N120_minus_N40_exploratory,Fm377,N120 - N40,25.650300868351536,13.657092109951463,TRUE
2024,plants_m2,N120_minus_N40_exploratory,Fm378,N120 - N40,,,FALSE
2024,plants_m2,N120_minus_N40_exploratory,Fm379,N120 - N40,-1.8027093628196091,11.10599959935895,TRUE
2024,plants_m2,N120_minus_N40_exploratory,Fm380,N120 - N40,8.00000000000012,9.071056833692996,TRUE
2024,plants_m2,N120_minus_N40_exploratory,Fm381,N120 - N40,,,FALSE
2024,plants_m2,N120_minus_N40_exploratory,Fm382,N120 - N40,6.85386458343517,10.41158747853051,TRUE
2024,plants_m2,N120_minus_N40_exploratory,Fm384,N120 - N40,7.520531250101843,10.41158747853051,TRUE
2024,plants_m2,N120_minus_N40_exploratory,Fm387,N120 - N40,-13.683032464981821,13.657092109951463,TRUE
2024,plants_m2,N120_minus_N40_exploratory,Fm388,N120 - N40,-3.479468749898178,10.411587478530514,TRUE
2024,plants_m2,N120_minus_N40_exploratory,Fm389,N120 - N40,16.1871979167685,10.411587478530514,TRUE
2024,plants_m2,N120_minus_N40_exploratory,Fm391,N120 - N40,-1.8128020832315013,10.411587478530514,TRUE
2024,plants_m2,N120_minus_N40_exploratory,Fm392,N120 - N40,7.3333333333334565,9.071056833692996,TRUE
2024,plants_m2,N120_minus_N40_exploratory,Fm394,N120 - N40,5.650300868351518,13.657092109951465,TRUE
2024,plants_m2,N120_minus_N40_exploratory,Fm395,N120 - N40,,,FALSE
2024,plants_m2,N120_minus_N40_exploratory,Fm396,N120 - N40,6.520531250101807,10.41158747853051,TRUE
2024,plants_m2,N120_minus_N40_exploratory,Fm398,N120 - N40,-5.016365798315167,13.657092109951463,TRUE
2024,plants_m2,N120_minus_N40_exploratory,Fm400,N120 - N40,3.1871979167685005,10.411587478530514,TRUE
2024,plants_m2,N120_minus_N40_exploratory,Fm401,N120 - N40,2.1972906371803873,11.105999599358952,TRUE
2024,plants_m2,N120_minus_N40_exploratory,Fm402,N120 - N40,14.316967535018179,13.657092109951462,TRUE
2024,plants_m2,N120_minus_N40_exploratory,Fm404,N120 - N40,,,FALSE
2024,plants_m2,N120_minus_N40_exploratory,Fm405,N120 - N40,-19.683032464981814,13.657092109951463,TRUE
2024,plants_m2,N120_minus_N40_exploratory,Fm406,N120 - N40,-14.349699131648503,13.657092109951462,TRUE
2024,plants_m2,N120_minus_N40_exploratory,Fm407,N120 - N40,0.6666666666667851,9.071056833692998,TRUE
2024,plants_m2,N120_minus_N40_exploratory,Fm41,N120 - N40,-7.016365798315164,13.657092109951463,TRUE
2024,plants_m2,N120_minus_N40_exploratory,Fm410,N120 - N40,6.187197916768461,10.41158747853051,TRUE
2024,plants_m2,N120_minus_N40_exploratory,Fm411,N120 - N40,-9.479468749898157,10.41158747853051,TRUE
2024,plants_m2,N120_minus_N40_exploratory,Fm412,N120 - N40,2.6666666666667744,9.071056833692998,TRUE
2024,plants_m2,N120_minus_N40_exploratory,Fm413,N120 - N40,-4.47946874989821,10.41158747853051,TRUE
2024,plants_m2,N120_minus_N40_exploratory,Fm414,N120 - N40,4.000000000000117,9.071056833692998,TRUE
2024,plants_m2,N120_minus_N40_exploratory,Fm415,N120 - N40,1.6503008683515006,13.657092109951465,TRUE
2024,plants_m2,N120_minus_N40_exploratory,Fm416,N120 - N40,8.52053125010179,10.41158747853051,TRUE
2024,plants_m2,N120_minus_N40_exploratory,Fm417,N120 - N40,4.000000000000107,9.071056833692998,TRUE
2024,plants_m2,N120_minus_N40_exploratory,Fm418,N120 - N40,-3.3333333333332362,9.071056833692998,TRUE
2024,plants_m2,N120_minus_N40_exploratory,Fm419,N120 - N40,0.3169675350181791,13.657092109951463,TRUE
2024,plants_m2,N120_minus_N40_exploratory,Fm420,N120 - N40,-3.6830324649818227,13.657092109951463,TRUE
2024,plants_m2,N120_minus_N40_exploratory,Fm421,N120 - N40,,,FALSE
2024,plants_m2,N120_minus_N40_exploratory,Fm428,N120 - N40,-2.3496991316484817,13.657092109951463,TRUE
2024,plants_m2,N120_minus_N40_exploratory,Fm429,N120 - N40,-7.01636579831516,13.657092109951463,TRUE
2024,plants_m2,N120_minus_N40_exploratory,Fm43,N120 - N40,2.1871979167684685,10.41158747853051,TRUE
2024,plants_m2,N120_minus_N40_exploratory,Fm44,N120 - N40,9.650300868351522,13.657092109951463,TRUE
2024,plants_m2,N120_minus_N40_exploratory,Fm442,N120 - N40,-5.812802083231496,10.41158747853051,TRUE
2024,plants_m2,N120_minus_N40_exploratory,Fm443,N120 - N40,,,FALSE
2024,plants_m2,N120_minus_N40_exploratory,Fm444,N120 - N40,4.520531250101783,10.41158747853051,TRUE
2024,plants_m2,N120_minus_N40_exploratory,Fm446,N120 - N40,6.853864583435122,10.41158747853051,TRUE
2024,plants_m2,N120_minus_N40_exploratory,Fm458,N120 - N40,-1.47946874989821,10.41158747853051,TRUE
2024,plants_m2,N120_minus_N40_exploratory,Fm464,N120 - N40,27.520531250101826,10.41158747853051,TRUE
2024,plants_m2,N120_minus_N40_exploratory,Fm474,N120 - N40,16.17484956582428,10.408750899363046,TRUE
2024,plants_m2,N120_minus_N40_exploratory,Fm475,N120 - N40,20.316967535018183,13.65709210995146,TRUE
2024,plants_m2,N120_minus_N40_exploratory,Fm477,N120 - N40,1.8538645834351666,10.41158747853051,TRUE
2024,plants_m2,N120_minus_N40_exploratory,Fm478,N120 - N40,24.98363420168486,13.65709210995146,TRUE
2024,plants_m2,N120_minus_N40_exploratory,Fm480,N120 - N40,,,FALSE
2024,plants_m2,N120_minus_N40_exploratory,Fm482,N120 - N40,-8.666666666666544,9.071056833692998,TRUE
2024,plants_m2,N120_minus_N40_exploratory,Fm484,N120 - N40,1.650300868351529,13.65709210995146,TRUE
2024,plants_m2,N120_minus_N40_exploratory,Fm489,N120 - N40,2.0000000000001315,9.071056833692998,TRUE
2024,plants_m2,N120_minus_N40_exploratory,Fm491,N120 - N40,3.5205312501018415,10.411587478530514,TRUE
2024,plants_m2,N120_minus_N40_exploratory,Fm492,N120 - N40,18.853864583435126,10.411587478530514,TRUE
2024,plants_m2,N120_minus_N40_exploratory,Fm496,N120 - N40,2.98363420168484,13.65709210995146,TRUE
2024,plants_m2,N120_minus_N40_exploratory,Fm505,N120 - N40,2.8538645834351257,10.411587478530514,TRUE
2024,plants_m2,N120_minus_N40_exploratory,Fm507,N120 - N40,8.853864583435175,10.411587478530514,TRUE
2024,plants_m2,N120_minus_N40_exploratory,Fm510,N120 - N40,-2.3496991316484923,13.65709210995146,TRUE
2024,plants_m2,N120_minus_N40_exploratory,Fm518,N120 - N40,3.3333333333334494,9.071056833692998,TRUE
2024,plants_m2,N120_minus_N40_exploratory,Fm519,N120 - N40,17.650300868351522,13.657092109951462,TRUE
2024,plants_m2,N120_minus_N40_exploratory,Fm522,N120 - N40,6.983634201684847,13.657092109951462,TRUE
2024,plants_m2,N120_minus_N40_exploratory,Fm523,N120 - N40,17.650300868351525,13.657092109951462,TRUE
2024,plants_m2,N120_minus_N40_exploratory,Fm524,N120 - N40,9.52053125010184,10.411587478530516,TRUE
2024,plants_m2,N120_minus_N40_exploratory,Fm537,N120 - N40,-12.146135416564803,10.411587478530514,TRUE
2024,plants_m2,N120_minus_N40_exploratory,Fm552,N120 - N40,-1.146135416564828,10.411587478530514,TRUE
2024,plants_m2,N120_minus_N40_exploratory,Fm56,N120 - N40,23.65030086835155,13.657092109951458,TRUE
2024,plants_m2,N120_minus_N40_exploratory,Fm560,N120 - N40,-6.146135416564835,10.411587478530514,TRUE
2024,plants_m2,N120_minus_N40_exploratory,Fm566,N120 - N40,6.000000000000142,9.071056833693,TRUE
2024,plants_m2,N120_minus_N40_exploratory,Fm569,N120 - N40,-11.016365798315107,13.657092109951458,TRUE
2024,plants_m2,N120_minus_N40_exploratory,Fm585,N120 - N40,10.000000000000135,9.071056833693,TRUE
2024,plants_m2,N120_minus_N40_exploratory,Fm589,N120 - N40,-3.8128020832314746,10.411587478530516,TRUE
2024,plants_m2,N120_minus_N40_exploratory,Fm590,N120 - N40,44.31696753501819,13.657092109951458,TRUE
2024,plants_m2,N120_minus_N40_exploratory,Fm592,N120 - N40,2.3169675350181933,13.657092109951456,TRUE
2024,plants_m2,N120_minus_N40_exploratory,Fm600,N120 - N40,1.650300868351529,13.657092109951458,TRUE
2024,plants_m2,N120_minus_N40_exploratory,Fm601,N120 - N40,10.000000000000135,9.071056833693001,TRUE
2024,plants_m2,N120_minus_N40_exploratory,Fm610,N120 - N40,-23.016365798315107,13.657092109951458,TRUE
2024,plants_m2,N120_minus_N40_exploratory,Fm611,N120 - N40,26.316967535018208,13.657092109951458,TRUE
2024,plants_m2,N120_minus_N40_exploratory,Fm612,N120 - N40,50.18719791676847,10.411587478530516,TRUE
2024,plants_m2,N120_minus_N40_exploratory,Fm614,N120 - N40,-8.349699131648471,13.657092109951458,TRUE
2024,plants_m2,N120_minus_N40_exploratory,Fm615,N120 - N40,,,FALSE
2024,plants_m2,N120_minus_N40_exploratory,Fm616,N120 - N40,5.853864583435147,10.411587478530516,TRUE
2024,plants_m2,N120_minus_N40_exploratory,Fm620,N120 - N40,-21.333333333333194,9.071056833693,TRUE
2024,plants_m2,N120_minus_N40_exploratory,Fm621,N120 - N40,,,FALSE
2024,plants_m2,N120_minus_N40_exploratory,Fm65,N120 - N40,-13.812802083231517,10.411587478530516,TRUE
2024,plants_m2,N120_minus_N40_exploratory,Fm78,N120 - N40,-3.4794687498981878,10.411587478530514,TRUE
2024,plants_m2,N120_minus_N40_exploratory,Fm79,N120 - N40,-5.812802083231489,10.411587478530514,TRUE
2024,plants_m2,N120_minus_N40_exploratory,Fm86,N120 - N40,2.3169675350182217,13.657092109951458,TRUE
2024,plants_m2,N120_minus_N40_exploratory,Fm9,N120 - N40,19.65030086835153,13.657092109951458,TRUE
2024,number_of_tillers,N120_minus_N40_exploratory,Fm134,N120 - N40,4.333333333326717,1.1428617601150652,TRUE
2024,number_of_tillers,N120_minus_N40_exploratory,Fm156,N120 - N40,0.3333333333336599,1.1428617601142665,TRUE
2024,number_of_tillers,N120_minus_N40_exploratory,Fm161,N120 - N40,1.0000000000001852,1.1428617601142668,TRUE
2024,number_of_tillers,N120_minus_N40_exploratory,Fm168,N120 - N40,-0.05215009975430873,1.2735755445516044,TRUE
2024,number_of_tillers,N120_minus_N40_exploratory,Fm170,N120 - N40,0.666666666666782,1.1428617601142665,TRUE
2024,number_of_tillers,N120_minus_N40_exploratory,Fm173,N120 - N40,-1.6666666666665702,1.1428617601142665,TRUE
2024,number_of_tillers,N120_minus_N40_exploratory,Fm174,N120 - N40,2.000000000000104,1.1428617601142665,TRUE
2024,number_of_tillers,N120_minus_N40_exploratory,Fm176,N120 - N40,0.6666666666667691,1.1428617601142665,TRUE
2024,number_of_tillers,N120_minus_N40_exploratory,Fm181,N120 - N40,-0.6666666666665702,1.1428617601142665,TRUE
2024,number_of_tillers,N120_minus_N40_exploratory,Fm185,N120 - N40,0.33333333333342174,1.1428617601142665,TRUE
2024,number_of_tillers,N120_minus_N40_exploratory,Fm190,N120 - N40,0.3333333333334152,1.1428617601142665,TRUE
2024,number_of_tillers,N120_minus_N40_exploratory,Fm193,N120 - N40,-0.3333333333332582,1.1428617601142665,TRUE
2024,number_of_tillers,N120_minus_N40_exploratory,Fm194,N120 - N40,-0.6666666666665932,1.1428617601142663,TRUE
2024,number_of_tillers,N120_minus_N40_exploratory,Fm195,N120 - N40,7.344392362633179e-14,1.1428617601142665,TRUE
2024,number_of_tillers,N120_minus_N40_exploratory,Fm20,N120 - N40,6.572520305780927e-14,1.1428617601142663,TRUE
2024,number_of_tillers,N120_minus_N40_exploratory,Fm203,N120 - N40,6.306066779870889e-14,1.1428617601142665,TRUE
2024,number_of_tillers,N120_minus_N40_exploratory,Fm208,N120 - N40,0.33333333333339765,1.1428617601142665,TRUE
2024,number_of_tillers,N120_minus_N40_exploratory,Fm214,N120 - N40,6.128431095930864e-14,1.1428617601142665,TRUE
2024,number_of_tillers,N120_minus_N40_exploratory,Fm215,N120 - N40,-0.3333333333332724,1.1428617601142665,TRUE
2024,number_of_tillers,N120_minus_N40_exploratory,Fm216,N120 - N40,1.5694417024623062,1.7207358444099476,TRUE
2024,number_of_tillers,N120_minus_N40_exploratory,Fm219,N120 - N40,-0.6666666666666092,1.1428617601142665,TRUE
2024,number_of_tillers,N120_minus_N40_exploratory,Fm221,N120 - N40,5.551115123125783e-14,1.1428617601142665,TRUE
2024,number_of_tillers,N120_minus_N40_exploratory,Fm225,N120 - N40,-0.6666666666666106,1.1428617601142663,TRUE
2024,number_of_tillers,N120_minus_N40_exploratory,Fm227,N120 - N40,-1.3333333333332786,1.1428617601142663,TRUE
2024,number_of_tillers,N120_minus_N40_exploratory,Fm233,N120 - N40,0.33333333333338894,1.1428617601142663,TRUE
2024,number_of_tillers,N120_minus_N40_exploratory,Fm235,N120 - N40,-0.666666666666615,1.1428617601142665,TRUE
2024,number_of_tillers,N120_minus_N40_exploratory,Fm236,N120 - N40,5.129230373768223e-14,1.1428617601142665,TRUE
2024,number_of_tillers,N120_minus_N40_exploratory,Fm238,N120 - N40,0.6666666666667176,1.1428617601142663,TRUE
2024,number_of_tillers,N120_minus_N40_exploratory,Fm249,N120 - N40,-0.3333333333332811,1.1428617601142663,TRUE
2024,number_of_tillers,N120_minus_N40_exploratory,Fm250,N120 - N40,4.8683279629813114e-14,1.1428617601142663,TRUE
2024,number_of_tillers,N120_minus_N40_exploratory,Fm3,N120 - N40,0.333333333333381,1.1428617601142663,TRUE
2024,number_of_tillers,N120_minus_N40_exploratory,Fm321,N120 - N40,0.333333333333381,1.1428617601142663,TRUE
2024,number_of_tillers,N120_minus_N40_exploratory,Fm322,N120 - N40,4.7628567756419216e-14,1.1428617601142663,TRUE
2024,number_of_tillers,N120_minus_N40_exploratory,Fm337,N120 - N40,0.6666666666667133,1.1428617601142663,TRUE
2024,number_of_tillers,N120_minus_N40_exploratory,Fm341,N120 - N40,2.6666666666667123,1.1428617601142663,TRUE
2024,number_of_tillers,N120_minus_N40_exploratory,Fm343,N120 - N40,0.6666666666667118,1.1428617601142663,TRUE
2024,number_of_tillers,N120_minus_N40_exploratory,Fm344,N120 - N40,4.374278717023117e-14,1.1428617601142663,TRUE
2024,number_of_tillers,N120_minus_N40_exploratory,Fm345,N120 - N40,4.4853010194856324e-14,1.1428617601142663,TRUE
2024,number_of_tillers,N120_minus_N40_exploratory,Fm346,N120 - N40,0.9916139242348827,1.3988285142427381,TRUE
2024,number_of_tillers,N120_minus_N40_exploratory,Fm347,N120 - N40,4.241051954068098e-14,1.1428617601142663,TRUE
2024,number_of_tillers,N120_minus_N40_exploratory,Fm349,N120 - N40,4.440892098500626e-14,1.1428617601142663,TRUE
2024,number_of_tillers,N120_minus_N40_exploratory,Fm351,N120 - N40,0.333333333333377,1.1428617601142663,TRUE
2024,number_of_tillers,N120_minus_N40_exploratory,Fm352,N120 - N40,2.3393864346465936,1.2809639409180522,TRUE
2024,number_of_tillers,N120_minus_N40_exploratory,Fm354,N120 - N40,0.6666666666667094,1.1428617601142663,TRUE
2024,number_of_tillers,N120_minus_N40_exploratory,Fm355,N120 - N40,0.666666666666709,1.1428617601142663,TRUE
2024,number_of_tillers,N120_minus_N40_exploratory,Fm356,N120 - N40,4.196643033083092e-14,1.1428617601142663,TRUE
2024,number_of_tillers,N120_minus_N40_exploratory,Fm358,N120 - N40,0.6666666666667074,1.1428617601142663,TRUE
2024,number_of_tillers,N120_minus_N40_exploratory,Fm359,N120 - N40,1.0000000000000406,1.1428617601142663,TRUE
2024,number_of_tillers,N120_minus_N40_exploratory,Fm36,N120 - N40,0.33333333333337434,1.1428617601142663,TRUE
2024,number_of_tillers,N120_minus_N40_exploratory,Fm361,N120 - N40,1.6145165669123367,1.2735755445516044,TRUE
2024,number_of_tillers,N120_minus_N40_exploratory,Fm363,N120 - N40,0.3333333333333739,1.1428617601142663,TRUE
2024,number_of_tillers,N120_minus_N40_exploratory,Fm364,N120 - N40,1.00000000000004,1.1428617601142663,TRUE
2024,number_of_tillers,N120_minus_N40_exploratory,Fm365,N120 - N40,-0.3333333333332943,1.1428617601142663,TRUE
2024,number_of_tillers,N120_minus_N40_exploratory,Fm366,N120 - N40,0.6666666666667076,1.1428617601142663,TRUE
2024,number_of_tillers,N120_minus_N40_exploratory,Fm368,N120 - N40,0.333333333333373,1.1428617601142663,TRUE
2024,number_of_tillers,N120_minus_N40_exploratory,Fm369,N120 - N40,-0.3333333333332953,1.1428617601142663,TRUE
2024,number_of_tillers,N120_minus_N40_exploratory,Fm370,N120 - N40,-0.33333333333329307,1.1428617601142663,TRUE
2024,number_of_tillers,N120_minus_N40_exploratory,Fm372,N120 - N40,1.000000000000039,1.1428617601142663,TRUE
2024,number_of_tillers,N120_minus_N40_exploratory,Fm375,N120 - N40,-0.99999999999996,1.1428617601142663,TRUE
2024,number_of_tillers,N120_minus_N40_exploratory,Fm376,N120 - N40,1.0000000000000395,1.1428617601142663,TRUE
2024,number_of_tillers,N120_minus_N40_exploratory,Fm377,N120 - N40,0.6666666666667054,1.1428617601142663,TRUE
2024,number_of_tillers,N120_minus_N40_exploratory,Fm378,N120 - N40,1.333333333333373,1.1428617601142663,TRUE
2024,number_of_tillers,N120_minus_N40_exploratory,Fm379,N120 - N40,-0.99999999999996,1.1428617601142663,TRUE
2024,number_of_tillers,N120_minus_N40_exploratory,Fm380,N120 - N40,1.0000000000000389,1.1428617601142663,TRUE
2024,number_of_tillers,N120_minus_N40_exploratory,Fm381,N120 - N40,0.6666666666667065,1.1428617601142663,TRUE
2024,number_of_tillers,N120_minus_N40_exploratory,Fm382,N120 - N40,-0.6666666666666226,1.1428617601142663,TRUE
2024,number_of_tillers,N120_minus_N40_exploratory,Fm384,N120 - N40,1.3333333333333734,1.1428617601142663,TRUE
2024,number_of_tillers,N120_minus_N40_exploratory,Fm387,N120 - N40,0.3333333333333741,1.1428617601142663,TRUE
2024,number_of_tillers,N120_minus_N40_exploratory,Fm388,N120 - N40,2.000000000000043,1.1428617601142663,TRUE
2024,number_of_tillers,N120_minus_N40_exploratory,Fm389,N120 - N40,1.3333333333333743,1.1428617601142663,TRUE
2024,number_of_tillers,N120_minus_N40_exploratory,Fm391,N120 - N40,1.0000000000000415,1.1428617601142663,TRUE
2024,number_of_tillers,N120_minus_N40_exploratory,Fm392,N120 - N40,1.3333333333333748,1.1428617601142663,TRUE
2024,number_of_tillers,N120_minus_N40_exploratory,Fm394,N120 - N40,-0.3333333333332913,1.1428617601142663,TRUE
2024,number_of_tillers,N120_minus_N40_exploratory,Fm395,N120 - N40,0.33333333333337567,1.1428617601142663,TRUE
2024,number_of_tillers,N120_minus_N40_exploratory,Fm396,N120 - N40,1.6666666666667114,1.1428617601142663,TRUE
2024,number_of_tillers,N120_minus_N40_exploratory,Fm398,N120 - N40,0.9478499002456751,1.2735755445516042,TRUE
2024,number_of_tillers,N120_minus_N40_exploratory,Fm400,N120 - N40,-0.3333333333332904,1.1428617601142663,TRUE
2024,number_of_tillers,N120_minus_N40_exploratory,Fm401,N120 - N40,-0.33333333333329274,1.1428617601142665,TRUE
2024,number_of_tillers,N120_minus_N40_exploratory,Fm402,N120 - N40,4.263256414560601e-14,1.1428617601142663,TRUE
2024,number_of_tillers,N120_minus_N40_exploratory,Fm404,N120 - N40,0.2332559434996999,1.2735737640077294,TRUE
2024,number_of_tillers,N120_minus_N40_exploratory,Fm405,N120 - N40,-0.6666666666666243,1.1428617601142663,TRUE
2024,number_of_tillers,N120_minus_N40_exploratory,Fm406,N120 - N40,-0.6666666666666263,1.1428617601142663,TRUE
2024,number_of_tillers,N120_minus_N40_exploratory,Fm407,N120 - N40,-0.33333333333329335,1.1428617601142663,TRUE
2024,number_of_tillers,N120_minus_N40_exploratory,Fm41,N120 - N40,-0.3333333333332922,1.1428617601142663,TRUE
2024,number_of_tillers,N120_minus_N40_exploratory,Fm410,N120 - N40,4.085620730620576e-14,1.1428617601142663,TRUE
2024,number_of_tillers,N120_minus_N40_exploratory,Fm411,N120 - N40,1.3333333333333748,1.1428617601142665,TRUE
2024,number_of_tillers,N120_minus_N40_exploratory,Fm412,N120 - N40,-1.3333333333332922,1.1428617601142665,TRUE
2024,number_of_tillers,N120_minus_N40_exploratory,Fm413,N120 - N40,1.6666666666667096,1.1428617601142663,TRUE
2024,number_of_tillers,N120_minus_N40_exploratory,Fm414,N120 - N40,-0.3333333333332919,1.1428617601142665,TRUE
2024,number_of_tillers,N120_minus_N40_exploratory,Fm415,N120 - N40,2.000000000000043,1.1428617601142665,TRUE
2024,number_of_tillers,N120_minus_N40_exploratory,Fm416,N120 - N40,-0.6666666666666243,1.1428617601142665,TRUE
2024,number_of_tillers,N120_minus_N40_exploratory,Fm417,N120 - N40,4.263256414560601e-14,1.1428617601142665,TRUE
2024,number_of_tillers,N120_minus_N40_exploratory,Fm418,N120 - N40,0.3333333333333738,1.1428617601142665,TRUE
2024,number_of_tillers,N120_minus_N40_exploratory,Fm419,N120 - N40,0.33333333333337567,1.1428617601142665,TRUE
2024,number_of_tillers,N120_minus_N40_exploratory,Fm420,N120 - N40,0.3333333333333756,1.1428617601142665,TRUE
2024,number_of_tillers,N120_minus_N40_exploratory,Fm421,N120 - N40,0.33333333333337545,1.1428617601142665,TRUE
2024,number_of_tillers,N120_minus_N40_exploratory,Fm428,N120 - N40,1.0000000000000444,1.1428617601142668,TRUE
2024,number_of_tillers,N120_minus_N40_exploratory,Fm429,N120 - N40,4.2021941482062175e-14,1.1428617601142665,TRUE
2024,number_of_tillers,N120_minus_N40_exploratory,Fm43,N120 - N40,0.6666666666667096,1.1428617601142665,TRUE
2024,number_of_tillers,N120_minus_N40_exploratory,Fm44,N120 - N40,-0.3333333333332904,1.1428617601142665,TRUE
2024,number_of_tillers,N120_minus_N40_exploratory,Fm442,N120 - N40,-0.9999999999999597,1.1428617601142665,TRUE
2024,number_of_tillers,N120_minus_N40_exploratory,Fm443,N120 - N40,1.0060531013132556,1.2809639409180524,TRUE
2024,number_of_tillers,N120_minus_N40_exploratory,Fm444,N120 - N40,-0.6666666666666263,1.1428617601142665,TRUE
2024,number_of_tillers,N120_minus_N40_exploratory,Fm446,N120 - N40,-0.3333333333332942,1.1428617601142665,TRUE
2024,number_of_tillers,N120_minus_N40_exploratory,Fm458,N120 - N40,0.6666666666667076,1.1428617601142665,TRUE
2024,number_of_tillers,N120_minus_N40_exploratory,Fm464,N120 - N40,1.0000000000000417,1.1428617601142665,TRUE
2024,number_of_tillers,N120_minus_N40_exploratory,Fm474,N120 - N40,4.1300296516055823e-14,1.1428617601142665,TRUE
2024,number_of_tillers,N120_minus_N40_exploratory,Fm475,N120 - N40,-0.33333333333329507,1.1428617601142665,TRUE
2024,number_of_tillers,N120_minus_N40_exploratory,Fm477,N120 - N40,0.6666666666667078,1.1428617601142665,TRUE
2024,number_of_tillers,N120_minus_N40_exploratory,Fm478,N120 - N40,1.3333333333333746,1.1428617601142665,TRUE
2024,number_of_tillers,N120_minus_N40_exploratory,Fm480,N120 - N40,1.0000000000000404,1.1428617601142665,TRUE
2024,number_of_tillers,N120_minus_N40_exploratory,Fm482,N120 - N40,0.666666666666706,1.1428617601142665,TRUE
2024,number_of_tillers,N120_minus_N40_exploratory,Fm484,N120 - N40,0.33333333333337234,1.1428617601142668,TRUE
2024,number_of_tillers,N120_minus_N40_exploratory,Fm489,N120 - N40,1.3333333333333737,1.1428617601142665,TRUE
2024,number_of_tillers,N120_minus_N40_exploratory,Fm491,N120 - N40,-1.3333333333332953,1.1428617601142665,TRUE
2024,number_of_tillers,N120_minus_N40_exploratory,Fm492,N120 - N40,3.952393967665557e-14,1.1428617601142668,TRUE
2024,number_of_tillers,N120_minus_N40_exploratory,Fm496,N120 - N40,0.6666666666667057,1.1428617601142668,TRUE
2024,number_of_tillers,N120_minus_N40_exploratory,Fm505,N120 - N40,-0.33333333333329573,1.1428617601142665,TRUE
2024,number_of_tillers,N120_minus_N40_exploratory,Fm507,N120 - N40,-3.66666666666662,1.1428617601142665,TRUE
2024,number_of_tillers,N120_minus_N40_exploratory,Fm510,N120 - N40,4.0400684576185905e-14,1.1428617601142665,TRUE
2024,number_of_tillers,N120_minus_N40_exploratory,Fm518,N120 - N40,0.6666666666667087,1.1428617601142665,TRUE
2024,number_of_tillers,N120_minus_N40_exploratory,Fm519,N120 - N40,2.333333333333375,1.1428617601142665,TRUE
2024,number_of_tillers,N120_minus_N40_exploratory,Fm522,N120 - N40,-0.9999999999999591,1.1428617601142665,TRUE
2024,number_of_tillers,N120_minus_N40_exploratory,Fm523,N120 - N40,0.3333333333333732,1.1428617601142665,TRUE
2024,number_of_tillers,N120_minus_N40_exploratory,Fm524,N120 - N40,0.6666666666667096,1.1428617601142665,TRUE
2024,number_of_tillers,N120_minus_N40_exploratory,Fm537,N120 - N40,1.3333333333333748,1.1428617601142665,TRUE
2024,number_of_tillers,N120_minus_N40_exploratory,Fm552,N120 - N40,3.3333333333333766,1.1428617601142668,TRUE
2024,number_of_tillers,N120_minus_N40_exploratory,Fm56,N120 - N40,1.3333333333333774,1.1428617601142665,TRUE
2024,number_of_tillers,N120_minus_N40_exploratory,Fm560,N120 - N40,-0.9999999999999503,1.1428617601142663,TRUE
2024,number_of_tillers,N120_minus_N40_exploratory,Fm566,N120 - N40,-2.3333333333332824,1.1428617601142668,TRUE
2024,number_of_tillers,N120_minus_N40_exploratory,Fm569,N120 - N40,12.00000000000006,1.1428617601142665,TRUE
2024,number_of_tillers,N120_minus_N40_exploratory,Fm585,N120 - N40,0.09967331101040244,1.7042051199877095,TRUE
2024,number_of_tillers,N120_minus_N40_exploratory,Fm589,N120 - N40,0.6666666666667149,1.1428617601142663,TRUE
2024,number_of_tillers,N120_minus_N40_exploratory,Fm590,N120 - N40,3.0000000000000604,1.1428617601142663,TRUE
2024,number_of_tillers,N120_minus_N40_exploratory,Fm592,N120 - N40,9.00000000000006,1.1428617601142663,TRUE
2024,number_of_tillers,N120_minus_N40_exploratory,Fm600,N120 - N40,2.000000000000052,1.1428617601142665,TRUE
2024,number_of_tillers,N120_minus_N40_exploratory,Fm601,N120 - N40,7.000000000000056,1.1428617601142663,TRUE
2024,number_of_tillers,N120_minus_N40_exploratory,Fm610,N120 - N40,-1.6666666666666092,1.1428617601142663,TRUE
2024,number_of_tillers,N120_minus_N40_exploratory,Fm611,N120 - N40,0.6666666666667229,1.1428617601142663,TRUE
2024,number_of_tillers,N120_minus_N40_exploratory,Fm612,N120 - N40,17.000000000000064,1.1428617601142663,TRUE
2024,number_of_tillers,N120_minus_N40_exploratory,Fm614,N120 - N40,0.33333333333338644,1.1428617601142663,TRUE
2024,number_of_tillers,N120_minus_N40_exploratory,Fm615,N120 - N40,5.2735593669694936e-14,1.1428617601142663,TRUE
2024,number_of_tillers,N120_minus_N40_exploratory,Fm616,N120 - N40,-0.6666666666666075,1.1428617601142663,TRUE
2024,number_of_tillers,N120_minus_N40_exploratory,Fm620,N120 - N40,1.6666666666667238,1.1428617601142663,TRUE
2024,number_of_tillers,N120_minus_N40_exploratory,Fm621,N120 - N40,5.5067062021407764e-14,1.1428617601142663,TRUE
2024,number_of_tillers,N120_minus_N40_exploratory,Fm65,N120 - N40,5.5067062021407764e-14,1.1428617601142663,TRUE
2024,number_of_tillers,N120_minus_N40_exploratory,Fm78,N120 - N40,0.4985737871854292,1.2809638680300783,TRUE
2024,number_of_tillers,N120_minus_N40_exploratory,Fm79,N120 - N40,3.666666666666723,1.1428617601142663,TRUE
2024,number_of_tillers,N120_minus_N40_exploratory,Fm86,N120 - N40,-0.3333333333332753,1.1428617601142663,TRUE
2024,number_of_tillers,N120_minus_N40_exploratory,Fm9,N120 - N40,0.6666666666667234,1.1428617601142663,TRUE
2024,days_to_harvest,N120_minus_N40_exploratory,Fm134,N120 - N40,-6.0000000002675336,5.800744321388587,TRUE
2024,days_to_harvest,N120_minus_N40_exploratory,Fm170,N120 - N40,11.33333333333104,5.8007443213889225,TRUE
2024,days_to_harvest,N120_minus_N40_exploratory,Fm173,N120 - N40,3.8685077471371017,6.50120133515042,TRUE
2024,days_to_harvest,N120_minus_N40_exploratory,Fm174,N120 - N40,0.5656424804240601,6.501206401040485,TRUE
2024,days_to_harvest,N120_minus_N40_exploratory,Fm176,N120 - N40,-0.6666666666693004,5.800744321388922,TRUE
2024,days_to_harvest,N120_minus_N40_exploratory,Fm181,N120 - N40,1.6666666666640566,5.800744321388922,TRUE
2024,days_to_harvest,N120_minus_N40_exploratory,Fm185,N120 - N40,1.3333333333309838,5.8007443213889225,TRUE
2024,days_to_harvest,N120_minus_N40_exploratory,Fm190,N120 - N40,-2.666666666669073,5.800744321388922,TRUE
2024,days_to_harvest,N120_minus_N40_exploratory,Fm193,N120 - N40,-0.6666666666689594,5.800744321388922,TRUE
2024,days_to_harvest,N120_minus_N40_exploratory,Fm194,N120 - N40,6.666666666664497,5.800744321388922,TRUE
2024,days_to_harvest,N120_minus_N40_exploratory,Fm195,N120 - N40,2.333333333331211,5.800744321388922,TRUE
2024,days_to_harvest,N120_minus_N40_exploratory,Fm203,N120 - N40,0.6666666666645256,5.800744321388922,TRUE
2024,days_to_harvest,N120_minus_N40_exploratory,Fm208,N120 - N40,-2.6666666666687036,5.8007443213889225,TRUE
2024,days_to_harvest,N120_minus_N40_exploratory,Fm214,N120 - N40,-4.000000000002046,5.800744321388922,TRUE
2024,days_to_harvest,N120_minus_N40_exploratory,Fm215,N120 - N40,2.6666666666647387,5.800744321388922,TRUE
2024,days_to_harvest,N120_minus_N40_exploratory,Fm216,N120 - N40,-1.797951627521826,8.253292350894986,TRUE
2024,days_to_harvest,N120_minus_N40_exploratory,Fm219,N120 - N40,1.2844709948035273,6.442403547447337,TRUE
2024,days_to_harvest,N120_minus_N40_exploratory,Fm221,N120 - N40,-2.3333333333351334,5.800744321388922,TRUE
2024,days_to_harvest,N120_minus_N40_exploratory,Fm225,N120 - N40,2.999999999998238,5.800744321388922,TRUE
2024,days_to_harvest,N120_minus_N40_exploratory,Fm227,N120 - N40,0.9999999999982379,5.800744321388922,TRUE
2024,days_to_harvest,N120_minus_N40_exploratory,Fm233,N120 - N40,-1.8474111129762605e-12,5.800744321388922,TRUE
2024,days_to_harvest,N120_minus_N40_exploratory,Fm235,N120 - N40,-2.3333333333351334,5.800744321388922,TRUE
2024,days_to_harvest,N120_minus_N40_exploratory,Fm236,N120 - N40,4.999999999998096,5.800744321388922,TRUE
2024,days_to_harvest,N120_minus_N40_exploratory,Fm238,N120 - N40,-0.10102418624188658,6.501206401040484,TRUE
2024,days_to_harvest,N120_minus_N40_exploratory,Fm249,N120 - N40,-3.1314922528623583,6.5012013351504185,TRUE
2024,days_to_harvest,N120_minus_N40_exploratory,Fm250,N120 - N40,3.3333333333313533,5.800744321388922,TRUE
2024,days_to_harvest,N120_minus_N40_exploratory,Fm3,N120 - N40,0.33333333333141013,5.800744321388922,TRUE
2024,days_to_harvest,N120_minus_N40_exploratory,Fm321,N120 - N40,3.9999999999980105,5.800744321388922,TRUE
2024,days_to_harvest,N120_minus_N40_exploratory,Fm322,N120 - N40,3.666666666664696,5.800744321388922,TRUE
2024,days_to_harvest,N120_minus_N40_exploratory,Fm337,N120 - N40,-3.000000000001961,5.800744321388922,TRUE
2024,days_to_harvest,N120_minus_N40_exploratory,Fm341,N120 - N40,1.3333333333313817,5.800744321388922,TRUE
2024,days_to_harvest,N120_minus_N40_exploratory,Fm343,N120 - N40,0.9999999999980673,5.800744321388921,TRUE
2024,days_to_harvest,N120_minus_N40_exploratory,Fm344,N120 - N40,0.9999999999979821,5.800744321388922,TRUE
2024,days_to_harvest,N120_minus_N40_exploratory,Fm345,N120 - N40,-5.964825586195644,6.50120133515042,TRUE
2024,days_to_harvest,N120_minus_N40_exploratory,Fm346,N120 - N40,5.157272859527978,8.71613837544239,TRUE
2024,days_to_harvest,N120_minus_N40_exploratory,Fm347,N120 - N40,-2.6666666666686467,5.800744321388921,TRUE
2024,days_to_harvest,N120_minus_N40_exploratory,Fm349,N120 - N40,14.333333333331382,5.800744321388922,TRUE
2024,days_to_harvest,N120_minus_N40_exploratory,Fm351,N120 - N40,16.333333333331296,5.800744321388922,TRUE
2024,days_to_harvest,N120_minus_N40_exploratory,Fm352,N120 - N40,-4.767483560901695,6.50119964651952,TRUE
2024,days_to_harvest,N120_minus_N40_exploratory,Fm354,N120 - N40,-9.33333333333539,5.800744321388922,TRUE
2024,days_to_harvest,N120_minus_N40_exploratory,Fm355,N120 - N40,7.999999999997982,5.800744321388922,TRUE
2024,days_to_harvest,N120_minus_N40_exploratory,Fm356,N120 - N40,5.951137661470227,6.442403547447337,TRUE
2024,days_to_harvest,N120_minus_N40_exploratory,Fm358,N120 - N40,0.6666666666646393,5.800744321388922,TRUE
2024,days_to_harvest,N120_minus_N40_exploratory,Fm359,N120 - N40,-9.666666666668732,5.800744321388921,TRUE
2024,days_to_harvest,N120_minus_N40_exploratory,Fm36,N120 - N40,-1.3333333333353323,5.800744321388921,TRUE
2024,days_to_harvest,N120_minus_N40_exploratory,Fm361,N120 - N40,-2.3333333333353607,5.800744321388922,TRUE
2024,days_to_harvest,N120_minus_N40_exploratory,Fm363,N120 - N40,-2.333333333335389,5.800744321388921,TRUE
2024,days_to_harvest,N120_minus_N40_exploratory,Fm364,N120 - N40,-10.63149225286233,6.50120133515042,TRUE
2024,days_to_harvest,N120_minus_N40_exploratory,Fm365,N120 - N40,2.3333333333312964,5.800744321388922,TRUE
2024,days_to_harvest,N120_minus_N40_exploratory,Fm366,N120 - N40,5.999999999997954,5.800744321388922,TRUE
2024,days_to_harvest,N120_minus_N40_exploratory,Fm368,N120 - N40,13.065642480424458,6.501206401040482,TRUE
2024,days_to_harvest,N120_minus_N40_exploratory,Fm369,N120 - N40,1.9999999999978968,5.800744321388922,TRUE
2024,days_to_harvest,N120_minus_N40_exploratory,Fm370,N120 - N40,-1.3333333333353892,5.800744321388922,TRUE
2024,days_to_harvest,N120_minus_N40_exploratory,Fm372,N120 - N40,-6.333333333335389,5.800744321388922,TRUE
2024,days_to_harvest,N120_minus_N40_exploratory,Fm375,N120 - N40,8.66666666666461,5.800744321388922,TRUE
2024,days_to_harvest,N120_minus_N40_exploratory,Fm376,N120 - N40,-3.000000000002075,5.800744321388922,TRUE
2024,days_to_harvest,N120_minus_N40_exploratory,Fm377,N120 - N40,-0.3333333333354176,5.800744321388922,TRUE
2024,days_to_harvest,N120_minus_N40_exploratory,Fm378,N120 - N40,16.999999999997925,5.8007443213889225,TRUE
2024,days_to_harvest,N120_minus_N40_exploratory,Fm379,N120 - N40,0.8989758137578292,6.501206401040484,TRUE
2024,days_to_harvest,N120_minus_N40_exploratory,Fm380,N120 - N40,-4.333333333335418,5.800744321388923,TRUE
2024,days_to_harvest,N120_minus_N40_exploratory,Fm381,N120 - N40,-6.666666666668732,5.8007443213889225,TRUE
2024,days_to_harvest,N120_minus_N40_exploratory,Fm382,N120 - N40,7.3333333333312964,5.8007443213889225,TRUE
2024,days_to_harvest,N120_minus_N40_exploratory,Fm384,N120 - N40,-0.6666666666687604,5.800744321388922,TRUE
2024,days_to_harvest,N120_minus_N40_exploratory,Fm387,N120 - N40,6.394288353807298,6.4422924264361425,TRUE
2024,days_to_harvest,N120_minus_N40_exploratory,Fm388,N120 - N40,-7.333333333335474,5.800744321388922,TRUE
2024,days_to_harvest,N120_minus_N40_exploratory,Fm389,N120 - N40,2.333333333331211,5.800744321388922,TRUE
2024,days_to_harvest,N120_minus_N40_exploratory,Fm391,N120 - N40,6.666666666664582,5.800744321388922,TRUE
2024,days_to_harvest,N120_minus_N40_exploratory,Fm392,N120 - N40,3.9999999999978684,5.800744321388922,TRUE
2024,days_to_harvest,N120_minus_N40_exploratory,Fm394,N120 - N40,-12.680354591390028,7.079657307115778,TRUE
2024,days_to_harvest,N120_minus_N40_exploratory,Fm395,N120 - N40,-3.0000000000021316,5.800744321388922,TRUE
2024,days_to_harvest,N120_minus_N40_exploratory,Fm396,N120 - N40,-10.333333333335418,5.800744321388922,TRUE
2024,days_to_harvest,N120_minus_N40_exploratory,Fm398,N120 - N40,6.183654100570664,7.0796557564574965,TRUE
2024,days_to_harvest,N120_minus_N40_exploratory,Fm400,N120 - N40,3.666666666664611,5.800744321388922,TRUE
2024,days_to_harvest,N120_minus_N40_exploratory,Fm401,N120 - N40,3.3333333333312964,5.800744321388922,TRUE
2024,days_to_harvest,N120_minus_N40_exploratory,Fm402,N120 - N40,1.3333333333312396,5.800744321388922,TRUE
2024,days_to_harvest,N120_minus_N40_exploratory,Fm404,N120 - N40,-7.678759348616325,6.4422739060812635,TRUE
2024,days_to_harvest,N120_minus_N40_exploratory,Fm405,N120 - N40,8.333333333331325,5.800744321388922,TRUE
2024,days_to_harvest,N120_minus_N40_exploratory,Fm406,N120 - N40,1.9999999999979536,5.8007443213889225,TRUE
2024,days_to_harvest,N120_minus_N40_exploratory,Fm407,N120 - N40,-8.33333333333536,5.8007443213889225,TRUE
2024,days_to_harvest,N120_minus_N40_exploratory,Fm41,N120 - N40,-4.333333333335332,5.800744321388922,TRUE
2024,days_to_harvest,N120_minus_N40_exploratory,Fm410,N120 - N40,4.617804328136941,6.442403547447338,TRUE
2024,days_to_harvest,N120_minus_N40_exploratory,Fm411,N120 - N40,-9.666666666668647,5.800744321388922,TRUE
2024,days_to_harvest,N120_minus_N40_exploratory,Fm412,N120 - N40,1.6666666666646393,5.800744321388922,TRUE
2024,days_to_harvest,N120_minus_N40_exploratory,Fm413,N120 - N40,4.333333333331353,5.800744321388922,TRUE
2024,days_to_harvest,N120_minus_N40_exploratory,Fm414,N120 - N40,-1.6666666666687036,5.800744321388922,TRUE
2024,days_to_harvest,N120_minus_N40_exploratory,Fm415,N120 - N40,1.9999999999980105,5.800744321388922,TRUE
2024,days_to_harvest,N120_minus_N40_exploratory,Fm416,N120 - N40,6.333333333331353,5.800744321388922,TRUE
2024,days_to_harvest,N120_minus_N40_exploratory,Fm417,N120 - N40,-3.333333333335304,5.800744321388922,TRUE
2024,days_to_harvest,N120_minus_N40_exploratory,Fm418,N120 - N40,-1.9610979506978765e-12,5.8007443213889225,TRUE
2024,days_to_harvest,N120_minus_N40_exploratory,Fm419,N120 - N40,5.999999999997982,5.800744321388922,TRUE
2024,days_to_harvest,N120_minus_N40_exploratory,Fm420,N120 - N40,-6.767690852908771,6.501206401040485,TRUE
2024,days_to_harvest,N120_minus_N40_exploratory,Fm421,N120 - N40,-6.000000000001961,5.8007443213889225,TRUE
2024,days_to_harvest,N120_minus_N40_exploratory,Fm428,N120 - N40,8.7323091470912,6.501206401040484,TRUE
2024,days_to_harvest,N120_minus_N40_exploratory,Fm429,N120 - N40,-1.0000000000019895,5.8007443213889225,TRUE
2024,days_to_harvest,N120_minus_N40_exploratory,Fm43,N120 - N40,5.999999999998039,5.8007443213889225,TRUE
2024,days_to_harvest,N120_minus_N40_exploratory,Fm44,N120 - N40,6.666666666664696,5.8007443213889225,TRUE
2024,days_to_harvest,N120_minus_N40_exploratory,Fm442,N120 - N40,-3.000000000001961,5.8007443213889225,TRUE
2024,days_to_harvest,N120_minus_N40_exploratory,Fm443,N120 - N40,-8.100816894234839,6.501199646519521,TRUE
2024,days_to_harvest,N120_minus_N40_exploratory,Fm444,N120 - N40,10.666666666664753,5.8007443213889225,TRUE
2024,days_to_harvest,N120_minus_N40_exploratory,Fm446,N120 - N40,8.333333333331439,5.8007443213889225,TRUE
2024,days_to_harvest,N120_minus_N40_exploratory,Fm458,N120 - N40,-5.333333333335219,5.800744321388922,TRUE
2024,days_to_harvest,N120_minus_N40_exploratory,Fm464,N120 - N40,8.999999999998067,5.800744321388922,TRUE
2024,days_to_harvest,N120_minus_N40_exploratory,Fm474,N120 - N40,11.999999999998039,5.800744321388922,TRUE
2024,days_to_harvest,N120_minus_N40_exploratory,Fm475,N120 - N40,-3.012092681949497,6.4422739060812635,TRUE
2024,days_to_harvest,N120_minus_N40_exploratory,Fm477,N120 - N40,-2.6666666666686183,5.800744321388922,TRUE
2024,days_to_harvest,N120_minus_N40_exploratory,Fm478,N120 - N40,8.333333333331382,5.800744321388922,TRUE
2024,days_to_harvest,N120_minus_N40_exploratory,Fm480,N120 - N40,4.333333333331353,5.800744321388922,TRUE
2024,days_to_harvest,N120_minus_N40_exploratory,Fm482,N120 - N40,1.6666666666646677,5.800744321388922,TRUE
2024,days_to_harvest,N120_minus_N40_exploratory,Fm484,N120 - N40,-1.9895196601282805e-12,5.800744321388922,TRUE
2024,days_to_harvest,N120_minus_N40_exploratory,Fm489,N120 - N40,16.666666666664668,5.800744321388922,TRUE
2024,days_to_harvest,N120_minus_N40_exploratory,Fm491,N120 - N40,0.9999999999980673,5.800744321388922,TRUE
2024,days_to_harvest,N120_minus_N40_exploratory,Fm492,N120 - N40,-10.000000000001961,5.800744321388922,TRUE
2024,days_to_harvest,N120_minus_N40_exploratory,Fm496,N120 - N40,-1.333333333335304,5.800744321388922,TRUE
2024,days_to_harvest,N120_minus_N40_exploratory,Fm505,N120 - N40,4.666666666664696,5.800744321388922,TRUE
2024,days_to_harvest,N120_minus_N40_exploratory,Fm507,N120 - N40,-3.939044979525903,6.442292426436143,TRUE
2024,days_to_harvest,N120_minus_N40_exploratory,Fm510,N120 - N40,5.333333333331382,5.800744321388922,TRUE
2024,days_to_harvest,N120_minus_N40_exploratory,Fm518,N120 - N40,0.9999999999980389,5.800744321388922,TRUE
2024,days_to_harvest,N120_minus_N40_exploratory,Fm519,N120 - N40,-7.333333333335304,5.800744321388922,TRUE
2024,days_to_harvest,N120_minus_N40_exploratory,Fm522,N120 - N40,-3.666666666668675,5.800744321388922,TRUE
2024,days_to_harvest,N120_minus_N40_exploratory,Fm523,N120 - N40,1.6666666666646393,5.800744321388922,TRUE
2024,days_to_harvest,N120_minus_N40_exploratory,Fm524,N120 - N40,0.6666666666646393,5.800744321388922,TRUE
2024,days_to_harvest,N120_minus_N40_exploratory,Fm537,N120 - N40,16.61780432813694,6.442403547447339,TRUE
2024,days_to_harvest,N120_minus_N40_exploratory,Fm552,N120 - N40,10.66666666666464,5.800744321388922,TRUE
2024,days_to_harvest,N120_minus_N40_exploratory,Fm56,N120 - N40,-0.3333333333353323,5.800744321388922,TRUE
2024,days_to_harvest,N120_minus_N40_exploratory,Fm560,N120 - N40,-0.6666666666687604,5.800744321388922,TRUE
2024,days_to_harvest,N120_minus_N40_exploratory,Fm566,N120 - N40,-2.3333333333353323,5.800744321388922,TRUE
2024,days_to_harvest,N120_minus_N40_exploratory,Fm569,N120 - N40,-1.2674835609015531,6.5011996465195185,TRUE
2024,days_to_harvest,N120_minus_N40_exploratory,Fm585,N120 - N40,-5.235608656279112,8.06674344616653,TRUE
2024,days_to_harvest,N120_minus_N40_exploratory,Fm589,N120 - N40,-0.4343575195753431,6.501206401040486,TRUE
2024,days_to_harvest,N120_minus_N40_exploratory,Fm590,N120 - N40,-3.048862338529659,6.44240354744734,TRUE
2024,days_to_harvest,N120_minus_N40_exploratory,Fm592,N120 - N40,-11.33333333333536,5.8007443213889225,TRUE
2024,days_to_harvest,N120_minus_N40_exploratory,Fm600,N120 - N40,1.3333333333313817,5.8007443213889225,TRUE
2024,days_to_harvest,N120_minus_N40_exploratory,Fm601,N120 - N40,-1.6666666666686467,5.800744321388922,TRUE
2024,days_to_harvest,N120_minus_N40_exploratory,Fm610,N120 - N40,3.9999999999979536,5.800744321388922,TRUE
2024,days_to_harvest,N120_minus_N40_exploratory,Fm611,N120 - N40,3.3333333333312964,5.800744321388922,TRUE
2024,days_to_harvest,N120_minus_N40_exploratory,Fm612,N120 - N40,-0.666666666668732,5.800744321388922,TRUE
2024,days_to_harvest,N120_minus_N40_exploratory,Fm614,N120 - N40,-12.000000000002046,5.800744321388922,TRUE
2024,days_to_harvest,N120_minus_N40_exploratory,Fm615,N120 - N40,1.333333333331268,5.800744321388922,TRUE
2024,days_to_harvest,N120_minus_N40_exploratory,Fm616,N120 - N40,1.284470994803371,6.44240354744734,TRUE
2024,days_to_harvest,N120_minus_N40_exploratory,Fm620,N120 - N40,-0.333333333335446,5.800744321388922,TRUE
2024,days_to_harvest,N120_minus_N40_exploratory,Fm621,N120 - N40,5.666666666664611,5.800744321388922,TRUE
2024,days_to_harvest,N120_minus_N40_exploratory,Fm65,N120 - N40,-11.000000000002103,5.800744321388922,TRUE
2024,days_to_harvest,N120_minus_N40_exploratory,Fm78,N120 - N40,-0.43435751957557045,6.501206401040485,TRUE
2024,days_to_harvest,N120_minus_N40_exploratory,Fm79,N120 - N40,-1.2155290051964869,6.44240354744734,TRUE
2024,days_to_harvest,N120_minus_N40_exploratory,Fm86,N120 - N40,1.9999999999978684,5.800744321388922,TRUE
2024,normalized_difference_vegetation_index,N120_minus_N40_exploratory,Fm134,N120 - N40,-0.03333333333380506,0.05325290384090215,TRUE
2024,normalized_difference_vegetation_index,N120_minus_N40_exploratory,Fm156,N120 - N40,-0.00666666666667759,0.05325290384091473,TRUE
2024,normalized_difference_vegetation_index,N120_minus_N40_exploratory,Fm161,N120 - N40,0.07666666666665589,0.05325290384091473,TRUE
2024,normalized_difference_vegetation_index,N120_minus_N40_exploratory,Fm168,N120 - N40,0.0060088704132039705,0.05975361899012463,TRUE
2024,normalized_difference_vegetation_index,N120_minus_N40_exploratory,Fm170,N120 - N40,0.016666666666655283,0.05325290384091473,TRUE
2024,normalized_difference_vegetation_index,N120_minus_N40_exploratory,Fm173,N120 - N40,0.019999999999989027,0.05325290384091473,TRUE
2024,normalized_difference_vegetation_index,N120_minus_N40_exploratory,Fm174,N120 - N40,-0.010000000000011777,0.05325290384091473,TRUE
2024,normalized_difference_vegetation_index,N120_minus_N40_exploratory,Fm176,N120 - N40,-0.0033333333333450677,0.05325290384091473,TRUE
2024,normalized_difference_vegetation_index,N120_minus_N40_exploratory,Fm181,N120 - N40,-0.0933333333333447,0.05325290384091473,TRUE
2024,normalized_difference_vegetation_index,N120_minus_N40_exploratory,Fm185,N120 - N40,-0.08666666666667827,0.05325290384091473,TRUE
2024,normalized_difference_vegetation_index,N120_minus_N40_exploratory,Fm190,N120 - N40,-0.023333333333344308,0.05325290384091473,TRUE
2024,normalized_difference_vegetation_index,N120_minus_N40_exploratory,Fm193,N120 - N40,-0.0033333333333441795,0.05325290384091473,TRUE
2024,normalized_difference_vegetation_index,N120_minus_N40_exploratory,Fm194,N120 - N40,-0.10666666666667779,0.05325290384091473,TRUE
2024,normalized_difference_vegetation_index,N120_minus_N40_exploratory,Fm195,N120 - N40,-0.023333333333344086,0.05325290384091473,TRUE
2024,normalized_difference_vegetation_index,N120_minus_N40_exploratory,Fm20,N120 - N40,-0.033333333333344206,0.05325290384091473,TRUE
2024,normalized_difference_vegetation_index,N120_minus_N40_exploratory,Fm203,N120 - N40,0.009999999999989129,0.05325290384091473,TRUE
2024,normalized_difference_vegetation_index,N120_minus_N40_exploratory,Fm208,N120 - N40,-1.099120794378905e-14,0.05325290384091473,TRUE
2024,normalized_difference_vegetation_index,N120_minus_N40_exploratory,Fm214,N120 - N40,-0.0033333333333444015,0.05325290384091473,TRUE
2024,normalized_difference_vegetation_index,N120_minus_N40_exploratory,Fm215,N120 - N40,-0.03333333333334443,0.05325290384091473,TRUE
2024,normalized_difference_vegetation_index,N120_minus_N40_exploratory,Fm216,N120 - N40,0.04516382031830479,0.07425123981940436,TRUE
2024,normalized_difference_vegetation_index,N120_minus_N40_exploratory,Fm219,N120 - N40,-0.006666666666677812,0.05325290384091473,TRUE
2024,normalized_difference_vegetation_index,N120_minus_N40_exploratory,Fm221,N120 - N40,-0.08666666666667777,0.05325290384091473,TRUE
2024,normalized_difference_vegetation_index,N120_minus_N40_exploratory,Fm225,N120 - N40,0.016666666666655727,0.05325290384091473,TRUE
2024,normalized_difference_vegetation_index,N120_minus_N40_exploratory,Fm227,N120 - N40,-0.0033333333333442905,0.05325290384091473,TRUE
2024,normalized_difference_vegetation_index,N120_minus_N40_exploratory,Fm233,N120 - N40,0.033333333333322446,0.05325290384091473,TRUE
2024,normalized_difference_vegetation_index,N120_minus_N40_exploratory,Fm235,N120 - N40,0.006666666666655607,0.05325290384091473,TRUE
2024,normalized_difference_vegetation_index,N120_minus_N40_exploratory,Fm236,N120 - N40,-0.03000000000001113,0.05325290384091473,TRUE
2024,normalized_difference_vegetation_index,N120_minus_N40_exploratory,Fm238,N120 - N40,0.019999999999988916,0.05325290384091473,TRUE
2024,normalized_difference_vegetation_index,N120_minus_N40_exploratory,Fm249,N120 - N40,0.023333333333322437,0.05325290384091473,TRUE
2024,normalized_difference_vegetation_index,N120_minus_N40_exploratory,Fm250,N120 - N40,0.013333333333322206,0.05325290384091473,TRUE
2024,normalized_difference_vegetation_index,N120_minus_N40_exploratory,Fm3,N120 - N40,-0.04333333333334466,0.05325290384091473,TRUE
2024,normalized_difference_vegetation_index,N120_minus_N40_exploratory,Fm321,N120 - N40,0.016666666666655616,0.053252903840914724,TRUE
2024,normalized_difference_vegetation_index,N120_minus_N40_exploratory,Fm322,N120 - N40,-0.023333333333344308,0.05325290384091473,TRUE
2024,normalized_difference_vegetation_index,N120_minus_N40_exploratory,Fm337,N120 - N40,0.05666666666665521,0.053252903840914724,TRUE
2024,normalized_difference_vegetation_index,N120_minus_N40_exploratory,Fm341,N120 - N40,0.026666666666655403,0.05325290384091473,TRUE
2024,normalized_difference_vegetation_index,N120_minus_N40_exploratory,Fm343,N120 - N40,0.003333333333321864,0.05325290384091473,TRUE
2024,normalized_difference_vegetation_index,N120_minus_N40_exploratory,Fm344,N120 - N40,-0.01666666666667843,0.05325290384091473,TRUE
2024,normalized_difference_vegetation_index,N120_minus_N40_exploratory,Fm345,N120 - N40,0.0499999999999885,0.05325290384091473,TRUE
2024,normalized_difference_vegetation_index,N120_minus_N40_exploratory,Fm346,N120 - N40,-2.5688333335283087e-4,0.06511410629567425,TRUE
2024,normalized_difference_vegetation_index,N120_minus_N40_exploratory,Fm347,N120 - N40,0.009999999999988463,0.05325290384091473,TRUE
2024,normalized_difference_vegetation_index,N120_minus_N40_exploratory,Fm349,N120 - N40,-0.006666666666678145,0.05325290384091473,TRUE
2024,normalized_difference_vegetation_index,N120_minus_N40_exploratory,Fm351,N120 - N40,-0.15333333333334498,0.05325290384091473,TRUE
2024,normalized_difference_vegetation_index,N120_minus_N40_exploratory,Fm352,N120 - N40,0.058478424282710995,0.05920513304971311,TRUE
2024,normalized_difference_vegetation_index,N120_minus_N40_exploratory,Fm354,N120 - N40,0.0666666666666551,0.05325290384091473,TRUE
2024,normalized_difference_vegetation_index,N120_minus_N40_exploratory,Fm355,N120 - N40,-0.0800000000000115,0.05325290384091473,TRUE
2024,normalized_difference_vegetation_index,N120_minus_N40_exploratory,Fm356,N120 - N40,-0.06666666666667831,0.05325290384091473,TRUE
2024,normalized_difference_vegetation_index,N120_minus_N40_exploratory,Fm358,N120 - N40,0.009999999999988185,0.05325290384091473,TRUE
2024,normalized_difference_vegetation_index,N120_minus_N40_exploratory,Fm359,N120 - N40,0.0533333333333218,0.05325290384091473,TRUE
2024,normalized_difference_vegetation_index,N120_minus_N40_exploratory,Fm36,N120 - N40,0.05333333333332163,0.053252903840914724,TRUE
2024,normalized_difference_vegetation_index,N120_minus_N40_exploratory,Fm361,N120 - N40,0.06100887041320313,0.05975361899012463,TRUE
2024,normalized_difference_vegetation_index,N120_minus_N40_exploratory,Fm363,N120 - N40,0.0499999999999885,0.05325290384091473,TRUE
2024,normalized_difference_vegetation_index,N120_minus_N40_exploratory,Fm364,N120 - N40,0.10666666666665492,0.05325290384091473,TRUE
2024,normalized_difference_vegetation_index,N120_minus_N40_exploratory,Fm365,N120 - N40,0.016666666666655172,0.053252903840914724,TRUE
2024,normalized_difference_vegetation_index,N120_minus_N40_exploratory,Fm366,N120 - N40,0.02666666666665518,0.053252903840914724,TRUE
2024,normalized_difference_vegetation_index,N120_minus_N40_exploratory,Fm368,N120 - N40,-0.09000000000001152,0.053252903840914724,TRUE
2024,normalized_difference_vegetation_index,N120_minus_N40_exploratory,Fm369,N120 - N40,0.08666666666665535,0.053252903840914724,TRUE
2024,normalized_difference_vegetation_index,N120_minus_N40_exploratory,Fm370,N120 - N40,0.019999999999988416,0.053252903840914724,TRUE
2024,normalized_difference_vegetation_index,N120_minus_N40_exploratory,Fm372,N120 - N40,0.026666666666655403,0.053252903840914724,TRUE
2024,normalized_difference_vegetation_index,N120_minus_N40_exploratory,Fm375,N120 - N40,-0.030000000000011573,0.053252903840914724,TRUE
2024,normalized_difference_vegetation_index,N120_minus_N40_exploratory,Fm376,N120 - N40,0.019999999999988582,0.053252903840914724,TRUE
2024,normalized_difference_vegetation_index,N120_minus_N40_exploratory,Fm377,N120 - N40,0.006666666666655163,0.053252903840914724,TRUE
2024,normalized_difference_vegetation_index,N120_minus_N40_exploratory,Fm378,N120 - N40,-0.09333333333334481,0.053252903840914724,TRUE
2024,normalized_difference_vegetation_index,N120_minus_N40_exploratory,Fm379,N120 - N40,-0.026666666666678385,0.053252903840914724,TRUE
2024,normalized_difference_vegetation_index,N120_minus_N40_exploratory,Fm380,N120 - N40,0.009999999999988463,0.053252903840914724,TRUE
2024,normalized_difference_vegetation_index,N120_minus_N40_exploratory,Fm381,N120 - N40,-0.013333333333344743,0.053252903840914724,TRUE
2024,normalized_difference_vegetation_index,N120_minus_N40_exploratory,Fm382,N120 - N40,0.0366666666666553,0.053252903840914724,TRUE
2024,normalized_difference_vegetation_index,N120_minus_N40_exploratory,Fm384,N120 - N40,-0.03666666666667806,0.053252903840914724,TRUE
2024,normalized_difference_vegetation_index,N120_minus_N40_exploratory,Fm387,N120 - N40,-0.04000000000001136,0.053252903840914724,TRUE
2024,normalized_difference_vegetation_index,N120_minus_N40_exploratory,Fm388,N120 - N40,0.09666666666665547,0.053252903840914724,TRUE
2024,normalized_difference_vegetation_index,N120_minus_N40_exploratory,Fm389,N120 - N40,0.009999999999988463,0.053252903840914724,TRUE
2024,normalized_difference_vegetation_index,N120_minus_N40_exploratory,Fm391,N120 - N40,0.03333333333332189,0.05325290384091472,TRUE
2024,normalized_difference_vegetation_index,N120_minus_N40_exploratory,Fm392,N120 - N40,-0.10000000000001119,0.05325290384091472,TRUE
2024,normalized_difference_vegetation_index,N120_minus_N40_exploratory,Fm394,N120 - N40,0.05999999999998873,0.05325290384091472,TRUE
2024,normalized_difference_vegetation_index,N120_minus_N40_exploratory,Fm395,N120 - N40,-0.0033333333333446236,0.053252903840914724,TRUE
2024,normalized_difference_vegetation_index,N120_minus_N40_exploratory,Fm396,N120 - N40,0.10333333333332184,0.053252903840914724,TRUE
2024,normalized_difference_vegetation_index,N120_minus_N40_exploratory,Fm398,N120 - N40,-0.0355127053040738,0.06511429178269164,TRUE
2024,normalized_difference_vegetation_index,N120_minus_N40_exploratory,Fm400,N120 - N40,-0.08000000000001184,0.05325290384091472,TRUE
2024,normalized_difference_vegetation_index,N120_minus_N40_exploratory,Fm401,N120 - N40,-0.0566666666666783,0.05325290384091472,TRUE
2024,normalized_difference_vegetation_index,N120_minus_N40_exploratory,Fm402,N120 - N40,0.009999999999988463,0.05325290384091472,TRUE
2024,normalized_difference_vegetation_index,N120_minus_N40_exploratory,Fm404,N120 - N40,0.05439310386950291,0.059753517926381665,TRUE
2024,normalized_difference_vegetation_index,N120_minus_N40_exploratory,Fm405,N120 - N40,-0.0833333333333447,0.05325290384091472,TRUE
2024,normalized_difference_vegetation_index,N120_minus_N40_exploratory,Fm406,N120 - N40,0.01666666666665506,0.05325290384091472,TRUE
2024,normalized_difference_vegetation_index,N120_minus_N40_exploratory,Fm407,N120 - N40,0.09333333333332183,0.05325290384091472,TRUE
2024,normalized_difference_vegetation_index,N120_minus_N40_exploratory,Fm41,N120 - N40,-0.013333333333344854,0.05325290384091472,TRUE
2024,normalized_difference_vegetation_index,N120_minus_N40_exploratory,Fm410,N120 - N40,-0.030000000000011573,0.053252903840914724,TRUE
2024,normalized_difference_vegetation_index,N120_minus_N40_exploratory,Fm411,N120 - N40,0.03666666666665519,0.053252903840914724,TRUE
2024,normalized_difference_vegetation_index,N120_minus_N40_exploratory,Fm412,N120 - N40,-0.016666666666678154,0.053252903840914724,TRUE
2024,normalized_difference_vegetation_index,N120_minus_N40_exploratory,Fm413,N120 - N40,-0.04666666666667807,0.053252903840914724,TRUE
2024,normalized_difference_vegetation_index,N120_minus_N40_exploratory,Fm414,N120 - N40,0.02666666666665518,0.053252903840914724,TRUE
2024,normalized_difference_vegetation_index,N120_minus_N40_exploratory,Fm415,N120 - N40,0.02999999999998859,0.053252903840914724,TRUE
2024,normalized_difference_vegetation_index,N120_minus_N40_exploratory,Fm416,N120 - N40,-0.12333333333334484,0.053252903840914724,TRUE
2024,normalized_difference_vegetation_index,N120_minus_N40_exploratory,Fm417,N120 - N40,0.026666666666655403,0.053252903840914724,TRUE
2024,normalized_difference_vegetation_index,N120_minus_N40_exploratory,Fm418,N120 - N40,-0.023333333333344752,0.053252903840914724,TRUE
2024,normalized_difference_vegetation_index,N120_minus_N40_exploratory,Fm419,N120 - N40,0.006666666666655274,0.05325290384091473,TRUE
2024,normalized_difference_vegetation_index,N120_minus_N40_exploratory,Fm420,N120 - N40,-0.03333333333334476,0.05325290384091473,TRUE
2024,normalized_difference_vegetation_index,N120_minus_N40_exploratory,Fm421,N120 - N40,0.039999999999988434,0.053252903840914724,TRUE
2024,normalized_difference_vegetation_index,N120_minus_N40_exploratory,Fm428,N120 - N40,-0.11333333333334505,0.05325290384091473,TRUE
2024,normalized_difference_vegetation_index,N120_minus_N40_exploratory,Fm429,N120 - N40,-1.1435297153639112e-14,0.053252903840914724,TRUE
2024,normalized_difference_vegetation_index,N120_minus_N40_exploratory,Fm43,N120 - N40,-0.04000000000001147,0.053252903840914724,TRUE
2024,normalized_difference_vegetation_index,N120_minus_N40_exploratory,Fm44,N120 - N40,-0.010000000000011555,0.053252903840914724,TRUE
2024,normalized_difference_vegetation_index,N120_minus_N40_exploratory,Fm442,N120 - N40,0.0399999999999886,0.053252903840914724,TRUE
2024,normalized_difference_vegetation_index,N120_minus_N40_exploratory,Fm443,N120 - N40,0.16514509094937757,0.059205133049713116,TRUE
2024,normalized_difference_vegetation_index,N120_minus_N40_exploratory,Fm444,N120 - N40,-0.03666666666667828,0.05325290384091472,TRUE
2024,normalized_difference_vegetation_index,N120_minus_N40_exploratory,Fm446,N120 - N40,-0.010000000000011444,0.05325290384091472,TRUE
2024,normalized_difference_vegetation_index,N120_minus_N40_exploratory,Fm458,N120 - N40,0.003333333333321864,0.05325290384091472,TRUE
2024,normalized_difference_vegetation_index,N120_minus_N40_exploratory,Fm464,N120 - N40,-0.06000000000001149,0.05325290384091472,TRUE
2024,normalized_difference_vegetation_index,N120_minus_N40_exploratory,Fm474,N120 - N40,-0.026666666666678385,0.053252903840914724,TRUE
2024,normalized_difference_vegetation_index,N120_minus_N40_exploratory,Fm475,N120 - N40,0.017726437202836398,0.059753517926381665,TRUE
2024,normalized_difference_vegetation_index,N120_minus_N40_exploratory,Fm477,N120 - N40,0.026666666666655015,0.05325290384091472,TRUE
2024,normalized_difference_vegetation_index,N120_minus_N40_exploratory,Fm478,N120 - N40,-0.06666666666667842,0.05325290384091472,TRUE
2024,normalized_difference_vegetation_index,N120_minus_N40_exploratory,Fm480,N120 - N40,-0.020000000000011897,0.05325290384091472,TRUE
2024,normalized_difference_vegetation_index,N120_minus_N40_exploratory,Fm482,N120 - N40,0.09666666666665491,0.05325290384091472,TRUE
2024,normalized_difference_vegetation_index,N120_minus_N40_exploratory,Fm484,N120 - N40,-0.030000000000011573,0.05325290384091472,TRUE
2024,normalized_difference_vegetation_index,N120_minus_N40_exploratory,Fm489,N120 - N40,-0.08000000000001162,0.05325290384091472,TRUE
2024,normalized_difference_vegetation_index,N120_minus_N40_exploratory,Fm491,N120 - N40,0.11999999999998817,0.05325290384091472,TRUE
2024,normalized_difference_vegetation_index,N120_minus_N40_exploratory,Fm492,N120 - N40,0.006666666666655163,0.053252903840914724,TRUE
2024,normalized_difference_vegetation_index,N120_minus_N40_exploratory,Fm496,N120 - N40,0.059999999999988396,0.053252903840914724,TRUE
2024,normalized_difference_vegetation_index,N120_minus_N40_exploratory,Fm505,N120 - N40,-0.006666666666678367,0.05325290384091472,TRUE
2024,normalized_difference_vegetation_index,N120_minus_N40_exploratory,Fm507,N120 - N40,0.07666666666665478,0.05325290384091472,TRUE
2024,normalized_difference_vegetation_index,N120_minus_N40_exploratory,Fm510,N120 - N40,0.02666666666665496,0.05325290384091472,TRUE
2024,normalized_difference_vegetation_index,N120_minus_N40_exploratory,Fm518,N120 - N40,0.046666666666654755,0.05325290384091472,TRUE
2024,normalized_difference_vegetation_index,N120_minus_N40_exploratory,Fm519,N120 - N40,0.07999999999998819,0.05325290384091472,TRUE
2024,normalized_difference_vegetation_index,N120_minus_N40_exploratory,Fm522,N120 - N40,0.07999999999998814,0.0532529038409147,TRUE
2024,normalized_difference_vegetation_index,N120_minus_N40_exploratory,Fm523,N120 - N40,-0.013333333333345077,0.0532529038409147,TRUE
2024,normalized_difference_vegetation_index,N120_minus_N40_exploratory,Fm524,N120 - N40,0.03333333333332156,0.0532529038409147,TRUE
2024,normalized_difference_vegetation_index,N120_minus_N40_exploratory,Fm537,N120 - N40,-1.1879386363489175e-14,0.0532529038409147,TRUE
2024,normalized_difference_vegetation_index,N120_minus_N40_exploratory,Fm552,N120 - N40,0.029999999999988036,0.05325290384091472,TRUE
2024,normalized_difference_vegetation_index,N120_minus_N40_exploratory,Fm56,N120 - N40,0.049999999999988054,0.05325290384091472,TRUE
2024,normalized_difference_vegetation_index,N120_minus_N40_exploratory,Fm560,N120 - N40,-0.010000000000011888,0.05325290384091472,TRUE
2024,normalized_difference_vegetation_index,N120_minus_N40_exploratory,Fm566,N120 - N40,0.039999999999988045,0.05325290384091472,TRUE
2024,normalized_difference_vegetation_index,N120_minus_N40_exploratory,Fm569,N120 - N40,0.039999999999988045,0.05325290384091472,TRUE
2024,normalized_difference_vegetation_index,N120_minus_N40_exploratory,Fm585,N120 - N40,-0.069580921616674285,0.08027271229381784,TRUE
2024,normalized_difference_vegetation_index,N120_minus_N40_exploratory,Fm589,N120 - N40,0.01333333333332154,0.05325290384091472,TRUE
2024,normalized_difference_vegetation_index,N120_minus_N40_exploratory,Fm590,N120 - N40,0.043333333333321344,0.053252903840914724,TRUE
2024,normalized_difference_vegetation_index,N120_minus_N40_exploratory,Fm592,N120 - N40,0.05333333333332135,0.05325290384091472,TRUE
2024,normalized_difference_vegetation_index,N120_minus_N40_exploratory,Fm600,N120 - N40,0.029999999999987814,0.05325290384091472,TRUE
2024,normalized_difference_vegetation_index,N120_minus_N40_exploratory,Fm601,N120 - N40,0.003333333333321309,0.05325290384091472,TRUE
2024,normalized_difference_vegetation_index,N120_minus_N40_exploratory,Fm610,N120 - N40,0.009999999999987907,0.05325290384091472,TRUE
2024,normalized_difference_vegetation_index,N120_minus_N40_exploratory,Fm611,N120 - N40,-1.1934897514720433e-14,0.05325290384091472,TRUE
2024,normalized_difference_vegetation_index,N120_minus_N40_exploratory,Fm612,N120 - N40,-0.020000000000011897,0.05325290384091472,TRUE
2024,normalized_difference_vegetation_index,N120_minus_N40_exploratory,Fm614,N120 - N40,0.12333333333332142,0.05325290384091472,TRUE
2024,normalized_difference_vegetation_index,N120_minus_N40_exploratory,Fm615,N120 - N40,0.029999999999988147,0.05325290384091472,TRUE
2024,normalized_difference_vegetation_index,N120_minus_N40_exploratory,Fm616,N120 - N40,-0.023333333333345307,0.05325290384091472,TRUE
2024,normalized_difference_vegetation_index,N120_minus_N40_exploratory,Fm620,N120 - N40,-0.013333333333345299,0.05325290384091472,TRUE
2024,normalized_difference_vegetation_index,N120_minus_N40_exploratory,Fm621,N120 - N40,-0.013333333333345188,0.05325290384091472,TRUE
2024,normalized_difference_vegetation_index,N120_minus_N40_exploratory,Fm65,N120 - N40,0.12999999999998813,0.05325290384091472,TRUE
2024,normalized_difference_vegetation_index,N120_minus_N40_exploratory,Fm78,N120 - N40,-0.04758191015916996,0.05920486026752327,TRUE
2024,normalized_difference_vegetation_index,N120_minus_N40_exploratory,Fm79,N120 - N40,0.003333333333321642,0.05325290384091471,TRUE
2024,normalized_difference_vegetation_index,N120_minus_N40_exploratory,Fm86,N120 - N40,0.03999999999998827,0.05325290384091471,TRUE
2024,normalized_difference_vegetation_index,N120_minus_N40_exploratory,Fm9,N120 - N40,-0.036666666666678394,0.05325290384091472,TRUE
2024,fluorescence,N120_minus_N40_exploratory,Fm134,N120 - N40,0.016666666667938146,0.08305766406297652,TRUE
2024,fluorescence,N120_minus_N40_exploratory,Fm156,N120 - N40,0.043333333333360424,0.08305766406296936,TRUE
2024,fluorescence,N120_minus_N40_exploratory,Fm161,N120 - N40,0.08666666666669676,0.08305766406296937,TRUE
2024,fluorescence,N120_minus_N40_exploratory,Fm168,N120 - N40,-0.16524442910838155,0.09376305644849571,TRUE
2024,fluorescence,N120_minus_N40_exploratory,Fm170,N120 - N40,3.219646771412954e-14,0.08305766406296937,TRUE
2024,fluorescence,N120_minus_N40_exploratory,Fm173,N120 - N40,-0.006666666666634624,0.08305766406296937,TRUE
2024,fluorescence,N120_minus_N40_exploratory,Fm174,N120 - N40,-0.016666666666633745,0.08305766406296937,TRUE
2024,fluorescence,N120_minus_N40_exploratory,Fm176,N120 - N40,0.06333333333336744,0.08305766406296937,TRUE
2024,fluorescence,N120_minus_N40_exploratory,Fm181,N120 - N40,-0.03666666666663454,0.08305766406296937,TRUE
2024,fluorescence,N120_minus_N40_exploratory,Fm185,N120 - N40,-0.07333333333330005,0.08305766406296937,TRUE
2024,fluorescence,N120_minus_N40_exploratory,Fm190,N120 - N40,0.09666666666669876,0.08305766406296937,TRUE
2024,fluorescence,N120_minus_N40_exploratory,Fm193,N120 - N40,0.00666666666669935,0.08305766406296937,TRUE
2024,fluorescence,N120_minus_N40_exploratory,Fm194,N120 - N40,0.02666666666669948,0.08305766406296937,TRUE
2024,fluorescence,N120_minus_N40_exploratory,Fm195,N120 - N40,0.010000000000032983,0.08305766406296937,TRUE
2024,fluorescence,N120_minus_N40_exploratory,Fm20,N120 - N40,0.043333333333366864,0.08305766406296937,TRUE
2024,fluorescence,N120_minus_N40_exploratory,Fm203,N120 - N40,0.15666666666669993,0.08305766406296937,TRUE
2024,fluorescence,N120_minus_N40_exploratory,Fm208,N120 - N40,0.15666666666670026,0.08305766406296937,TRUE
2024,fluorescence,N120_minus_N40_exploratory,Fm214,N120 - N40,-0.04999999999996663,0.08305766406296937,TRUE
2024,fluorescence,N120_minus_N40_exploratory,Fm215,N120 - N40,-0.036666666666632985,0.08305766406296937,TRUE
2024,fluorescence,N120_minus_N40_exploratory,Fm216,N120 - N40,0.0428199630392726,0.11339779199877255,TRUE
2024,fluorescence,N120_minus_N40_exploratory,Fm219,N120 - N40,-0.006666666666632515,0.08305766406296936,TRUE
2024,fluorescence,N120_minus_N40_exploratory,Fm221,N120 - N40,-0.056666666666632004,0.08305766406296936,TRUE
2024,fluorescence,N120_minus_N40_exploratory,Fm225,N120 - N40,-0.0033333333332986603,0.08305766406296937,TRUE
2024,fluorescence,N120_minus_N40_exploratory,Fm227,N120 - N40,-0.0599999999999653,0.08305766406296936,TRUE
2024,fluorescence,N120_minus_N40_exploratory,Fm233,N120 - N40,0.0600000000000348,0.08305766406296936,TRUE
2024,fluorescence,N120_minus_N40_exploratory,Fm235,N120 - N40,0.04333333333336814,0.08305766406296936,TRUE
2024,fluorescence,N120_minus_N40_exploratory,Fm236,N120 - N40,-0.019999999999965712,0.08305766406296936,TRUE
2024,fluorescence,N120_minus_N40_exploratory,Fm238,N120 - N40,0.023333333333367956,0.08305766406296936,TRUE
2024,fluorescence,N120_minus_N40_exploratory,Fm249,N120 - N40,0.04666666666670094,0.08305766406296936,TRUE
2024,fluorescence,N120_minus_N40_exploratory,Fm250,N120 - N40,-0.006666666666632293,0.08305766406296937,TRUE
2024,fluorescence,N120_minus_N40_exploratory,Fm3,N120 - N40,-0.03333333333329902,0.08305766406296937,TRUE
2024,fluorescence,N120_minus_N40_exploratory,Fm321,N120 - N40,-0.08333333333329895,0.08305766406296937,TRUE
2024,fluorescence,N120_minus_N40_exploratory,Fm322,N120 - N40,-0.029999999999965166,0.08305766406296936,TRUE
2024,fluorescence,N120_minus_N40_exploratory,Fm337,N120 - N40,0.16333333333336808,0.08305766406296937,TRUE
2024,fluorescence,N120_minus_N40_exploratory,Fm341,N120 - N40,0.053333333333368094,0.08305766406296936,TRUE
2024,fluorescence,N120_minus_N40_exploratory,Fm343,N120 - N40,0.10333333333336803,0.08305766406296936,TRUE
2024,fluorescence,N120_minus_N40_exploratory,Fm344,N120 - N40,0.03666666666670221,0.08305766406296936,TRUE
2024,fluorescence,N120_minus_N40_exploratory,Fm345,N120 - N40,0.16000000000003434,0.08305766406296936,TRUE
2024,fluorescence,N120_minus_N40_exploratory,Fm346,N120 - N40,0.0507102578566358,0.10139852973138172,TRUE
2024,fluorescence,N120_minus_N40_exploratory,Fm347,N120 - N40,0.03333333333336774,0.08305766406296936,TRUE
2024,fluorescence,N120_minus_N40_exploratory,Fm349,N120 - N40,0.03333333333336774,0.08305766406296934,TRUE
2024,fluorescence,N120_minus_N40_exploratory,Fm351,N120 - N40,-0.12999999999996548,0.08305766406296934,TRUE
2024,fluorescence,N120_minus_N40_exploratory,Fm352,N120 - N40,-0.045235373189439376,0.09159046469098932,TRUE
2024,fluorescence,N120_minus_N40_exploratory,Fm354,N120 - N40,0.016666666666701135,0.08305766406296936,TRUE
2024,fluorescence,N120_minus_N40_exploratory,Fm355,N120 - N40,0.03666666666670115,0.08305766406296936,TRUE
2024,fluorescence,N120_minus_N40_exploratory,Fm356,N120 - N40,-0.14999999999996538,0.08305766406296936,TRUE
2024,fluorescence,N120_minus_N40_exploratory,Fm358,N120 - N40,-0.26999999999996543,0.08305766406296936,TRUE
2024,fluorescence,N120_minus_N40_exploratory,Fm359,N120 - N40,0.14333333333336795,0.08305766406296936,TRUE
2024,fluorescence,N120_minus_N40_exploratory,Fm36,N120 - N40,0.0666666666667014,0.08305766406296936,TRUE
2024,fluorescence,N120_minus_N40_exploratory,Fm361,N120 - N40,0.05642223755828657,0.09376305644849567,TRUE
2024,fluorescence,N120_minus_N40_exploratory,Fm363,N120 - N40,0.0066666666667007934,0.08305766406296936,TRUE
2024,fluorescence,N120_minus_N40_exploratory,Fm364,N120 - N40,0.14333333333336806,0.08305766406296934,TRUE
2024,fluorescence,N120_minus_N40_exploratory,Fm365,N120 - N40,-0.11333333333329898,0.08305766406296934,TRUE
2024,fluorescence,N120_minus_N40_exploratory,Fm366,N120 - N40,0.06333333333336766,0.08305766406296936,TRUE
2024,fluorescence,N120_minus_N40_exploratory,Fm368,N120 - N40,0.030000000000034555,0.08305766406296934,TRUE
2024,fluorescence,N120_minus_N40_exploratory,Fm369,N120 - N40,-0.1599999999999654,0.08305766406296934,TRUE
2024,fluorescence,N120_minus_N40_exploratory,Fm370,N120 - N40,0.04333333333336825,0.08305766406296934,TRUE
2024,fluorescence,N120_minus_N40_exploratory,Fm372,N120 - N40,0.07333333333336745,0.08305766406296934,TRUE
2024,fluorescence,N120_minus_N40_exploratory,Fm375,N120 - N40,-0.013333333333298891,0.08305766406296934,TRUE
2024,fluorescence,N120_minus_N40_exploratory,Fm376,N120 - N40,0.01666666666670147,0.08305766406296934,TRUE
2024,fluorescence,N120_minus_N40_exploratory,Fm377,N120 - N40,-0.06333333333329894,0.08305766406296934,TRUE
2024,fluorescence,N120_minus_N40_exploratory,Fm378,N120 - N40,-0.11999999999996552,0.08305766406296934,TRUE
2024,fluorescence,N120_minus_N40_exploratory,Fm379,N120 - N40,0.06666666666670085,0.08305766406296934,TRUE
2024,fluorescence,N120_minus_N40_exploratory,Fm380,N120 - N40,0.05666666666670106,0.08305766406296934,TRUE
2024,fluorescence,N120_minus_N40_exploratory,Fm381,N120 - N40,0.10000000000003428,0.08305766406296934,TRUE
2024,fluorescence,N120_minus_N40_exploratory,Fm382,N120 - N40,0.05333333333336743,0.08305766406296933,TRUE
2024,fluorescence,N120_minus_N40_exploratory,Fm384,N120 - N40,-0.03999999999996534,0.08305766406296933,TRUE
2024,fluorescence,N120_minus_N40_exploratory,Fm387,N120 - N40,0.003333333333367272,0.08305766406296933,TRUE
2024,fluorescence,N120_minus_N40_exploratory,Fm388,N120 - N40,0.05000000000003424,0.08305766406296934,TRUE
2024,fluorescence,N120_minus_N40_exploratory,Fm389,N120 - N40,0.010000000000034315,0.08305766406296933,TRUE
2024,fluorescence,N120_minus_N40_exploratory,Fm391,N120 - N40,0.053333333333367205,0.08305766406296933,TRUE
2024,fluorescence,N120_minus_N40_exploratory,Fm392,N120 - N40,-0.04333333333329947,0.08305766406296934,TRUE
2024,fluorescence,N120_minus_N40_exploratory,Fm394,N120 - N40,-0.08190203985610656,0.09159046469098932,TRUE
2024,fluorescence,N120_minus_N40_exploratory,Fm395,N120 - N40,0.06266666666670084,0.08305766406296933,TRUE
2024,fluorescence,N120_minus_N40_exploratory,Fm396,N120 - N40,0.03666666666670082,0.08305766406296933,TRUE
2024,fluorescence,N120_minus_N40_exploratory,Fm398,N120 - N40,0.017853531035479042,0.10139895668732533,TRUE
2024,fluorescence,N120_minus_N40_exploratory,Fm400,N120 - N40,-0.019999999999965823,0.08305766406296934,TRUE
2024,fluorescence,N120_minus_N40_exploratory,Fm401,N120 - N40,-0.08666666666663225,0.08305766406296934,TRUE
2024,fluorescence,N120_minus_N40_exploratory,Fm402,N120 - N40,-0.09666666666663248,0.08305766406296933,TRUE
2024,fluorescence,N120_minus_N40_exploratory,Fm404,N120 - N40,0.05929879806237082,0.09376282558545093,TRUE
2024,fluorescence,N120_minus_N40_exploratory,Fm405,N120 - N40,0.020000000000034213,0.08305766406296933,TRUE
2024,fluorescence,N120_minus_N40_exploratory,Fm406,N120 - N40,0.06333333333336755,0.08305766406296933,TRUE
2024,fluorescence,N120_minus_N40_exploratory,Fm407,N120 - N40,-0.0033333333332989934,0.08305766406296933,TRUE
2024,fluorescence,N120_minus_N40_exploratory,Fm41,N120 - N40,0.08000000000003404,0.08305766406296933,TRUE
2024,fluorescence,N120_minus_N40_exploratory,Fm410,N120 - N40,-0.0233333333332989,0.08305766406296933,TRUE
2024,fluorescence,N120_minus_N40_exploratory,Fm411,N120 - N40,0.10000000000003428,0.08305766406296934,TRUE
2024,fluorescence,N120_minus_N40_exploratory,Fm412,N120 - N40,-0.059999999999965636,0.08305766406296934,TRUE
2024,fluorescence,N120_minus_N40_exploratory,Fm413,N120 - N40,-0.08333333333329884,0.08305766406296934,TRUE
2024,fluorescence,N120_minus_N40_exploratory,Fm414,N120 - N40,-0.006666666666632071,0.08305766406296934,TRUE
2024,fluorescence,N120_minus_N40_exploratory,Fm415,N120 - N40,-0.11999999999996547,0.08305766406296934,TRUE
2024,fluorescence,N120_minus_N40_exploratory,Fm416,N120 - N40,3.4638958368304884e-14,0.08305766406296933,TRUE
2024,fluorescence,N120_minus_N40_exploratory,Fm417,N120 - N40,0.1200000000000348,0.08305766406296933,TRUE
2024,fluorescence,N120_minus_N40_exploratory,Fm418,N120 - N40,0.023333333333367512,0.08305766406296933,TRUE
2024,fluorescence,N120_minus_N40_exploratory,Fm419,N120 - N40,0.003333333333367383,0.08305766406296933,TRUE
2024,fluorescence,N120_minus_N40_exploratory,Fm420,N120 - N40,-0.016666666666632413,0.08305766406296933,TRUE
2024,fluorescence,N120_minus_N40_exploratory,Fm421,N120 - N40,0.023333333333368178,0.08305766406296933,TRUE
2024,fluorescence,N120_minus_N40_exploratory,Fm428,N120 - N40,-0.11999999999996569,0.08305766406296933,TRUE
2024,fluorescence,N120_minus_N40_exploratory,Fm429,N120 - N40,-0.0166666666666323,0.08305766406296933,TRUE
2024,fluorescence,N120_minus_N40_exploratory,Fm43,N120 - N40,-0.049999999999965294,0.08305766406296933,TRUE
2024,fluorescence,N120_minus_N40_exploratory,Fm44,N120 - N40,0.030000000000034777,0.08305766406296933,TRUE
2024,fluorescence,N120_minus_N40_exploratory,Fm442,N120 - N40,0.033333333333368076,0.08305766406296933,TRUE
2024,fluorescence,N120_minus_N40_exploratory,Fm443,N120 - N40,-0.09690203985610635,0.09159046469098932,TRUE
2024,fluorescence,N120_minus_N40_exploratory,Fm444,N120 - N40,-0.1599999999999654,0.08305766406296933,TRUE
2024,fluorescence,N120_minus_N40_exploratory,Fm446,N120 - N40,0.030000000000034444,0.08305766406296933,TRUE
2024,fluorescence,N120_minus_N40_exploratory,Fm458,N120 - N40,0.08666666666670098,0.08305766406296933,TRUE
2024,fluorescence,N120_minus_N40_exploratory,Fm464,N120 - N40,-0.29333333333329864,0.08305766406296933,TRUE
2024,fluorescence,N120_minus_N40_exploratory,Fm474,N120 - N40,0.016666666666701302,0.08305766406296933,TRUE
2024,fluorescence,N120_minus_N40_exploratory,Fm475,N120 - N40,-0.03570120193762938,0.09376282558545093,TRUE
2024,fluorescence,N120_minus_N40_exploratory,Fm477,N120 - N40,0.02333333333336829,0.08305766406296933,TRUE
2024,fluorescence,N120_minus_N40_exploratory,Fm478,N120 - N40,-0.06333333333329905,0.08305766406296933,TRUE
2024,fluorescence,N120_minus_N40_exploratory,Fm480,N120 - N40,-0.05333333333329893,0.08305766406296933,TRUE
2024,fluorescence,N120_minus_N40_exploratory,Fm482,N120 - N40,0.07333333333336745,0.08305766406296933,TRUE
2024,fluorescence,N120_minus_N40_exploratory,Fm484,N120 - N40,0.06666666666670062,0.08305766406296933,TRUE
2024,fluorescence,N120_minus_N40_exploratory,Fm489,N120 - N40,-0.15999999999996573,0.08305766406296934,TRUE
2024,fluorescence,N120_minus_N40_exploratory,Fm491,N120 - N40,0.07666666666670119,0.08305766406296934,TRUE
2024,fluorescence,N120_minus_N40_exploratory,Fm492,N120 - N40,0.013333333333367392,0.08305766406296934,TRUE
2024,fluorescence,N120_minus_N40_exploratory,Fm496,N120 - N40,0.09000000000003416,0.08305766406296933,TRUE
2024,fluorescence,N120_minus_N40_exploratory,Fm505,N120 - N40,-0.03666666666663254,0.08305766406296933,TRUE
2024,fluorescence,N120_minus_N40_exploratory,Fm507,N120 - N40,0.11000000000003463,0.08305766406296933,TRUE
2024,fluorescence,N120_minus_N40_exploratory,Fm510,N120 - N40,0.10000000000003417,0.08305766406296933,TRUE
2024,fluorescence,N120_minus_N40_exploratory,Fm518,N120 - N40,0.03333333333336741,0.08305766406296934,TRUE
2024,fluorescence,N120_minus_N40_exploratory,Fm519,N120 - N40,0.12666666666670068,0.08305766406296934,TRUE
2024,fluorescence,N120_minus_N40_exploratory,Fm522,N120 - N40,0.16666666666670094,0.08305766406296934,TRUE
2024,fluorescence,N120_minus_N40_exploratory,Fm523,N120 - N40,-0.03999999999996595,0.08305766406296933,TRUE
2024,fluorescence,N120_minus_N40_exploratory,Fm524,N120 - N40,-0.03666666666663276,0.08305766406296934,TRUE
2024,fluorescence,N120_minus_N40_exploratory,Fm537,N120 - N40,-0.14666666666663253,0.08305766406296934,TRUE
2024,fluorescence,N120_minus_N40_exploratory,Fm552,N120 - N40,0.05333333333336743,0.08305766406296934,TRUE
2024,fluorescence,N120_minus_N40_exploratory,Fm56,N120 - N40,-0.026666666666632755,0.08305766406296933,TRUE
2024,fluorescence,N120_minus_N40_exploratory,Fm560,N120 - N40,-0.0033333333332995485,0.08305766406296934,TRUE
2024,fluorescence,N120_minus_N40_exploratory,Fm566,N120 - N40,0.026666666666700478,0.08305766406296934,TRUE
2024,fluorescence,N120_minus_N40_exploratory,Fm569,N120 - N40,0.010000000000033982,0.08305766406296934,TRUE
2024,fluorescence,N120_minus_N40_exploratory,Fm585,N120 - N40,-0.04953245374071358,0.12633462414205332,TRUE
2024,fluorescence,N120_minus_N40_exploratory,Fm589,N120 - N40,-0.006666666666632626,0.08305766406296934,TRUE
2024,fluorescence,N120_minus_N40_exploratory,Fm590,N120 - N40,-0.07999999999996588,0.08305766406296936,TRUE
2024,fluorescence,N120_minus_N40_exploratory,Fm592,N120 - N40,0.020000000000034213,0.08305766406296934,TRUE
2024,fluorescence,N120_minus_N40_exploratory,Fm600,N120 - N40,-0.009999999999965814,0.08305766406296934,TRUE
2024,fluorescence,N120_minus_N40_exploratory,Fm601,N120 - N40,-0.023333333333299122,0.08305766406296934,TRUE
2024,fluorescence,N120_minus_N40_exploratory,Fm610,N120 - N40,-0.006666666666632404,0.08305766406296934,TRUE
2024,fluorescence,N120_minus_N40_exploratory,Fm611,N120 - N40,-0.04999999999996596,0.08305766406296934,TRUE
2024,fluorescence,N120_minus_N40_exploratory,Fm612,N120 - N40,0.003333333333367383,0.08305766406296934,TRUE
2024,fluorescence,N120_minus_N40_exploratory,Fm614,N120 - N40,0.18333333333336743,0.08305766406296934,TRUE
2024,fluorescence,N120_minus_N40_exploratory,Fm615,N120 - N40,0.053333333333367317,0.08305766406296934,TRUE
2024,fluorescence,N120_minus_N40_exploratory,Fm616,N120 - N40,-0.0033333333332993265,0.08305766406296934,TRUE
2024,fluorescence,N120_minus_N40_exploratory,Fm620,N120 - N40,-0.019999999999966045,0.08305766406296934,TRUE
2024,fluorescence,N120_minus_N40_exploratory,Fm621,N120 - N40,-0.17666666666663255,0.08305766406296934,TRUE
2024,fluorescence,N120_minus_N40_exploratory,Fm65,N120 - N40,0.18333333333336754,0.08305766406296934,TRUE
2024,fluorescence,N120_minus_N40_exploratory,Fm78,N120 - N40,0.04859001848041422,0.09158982736771056,TRUE
2024,fluorescence,N120_minus_N40_exploratory,Fm79,N120 - N40,0.0066666666667007934,0.08305766406296934,TRUE
2024,fluorescence,N120_minus_N40_exploratory,Fm86,N120 - N40,0.030000000000034333,0.08305766406296934,TRUE
2024,fluorescence,N120_minus_N40_exploratory,Fm9,N120 - N40,-0.06999999999996565,0.08305766406296934,TRUE
2024,protein_pct,N120_minus_N40_exploratory,Fm181,N120 - N40,-0.5799998366459409,1.611627550074028,TRUE
2024,protein_pct,N120_minus_N40_exploratory,Fm190,N120 - N40,0.42833349667146337,1.6116275500738115,TRUE
2024,protein_pct,N120_minus_N40_exploratory,Fm193,N120 - N40,-0.06999999999992923,1.4810887616743313,TRUE
2024,protein_pct,N120_minus_N40_exploratory,Fm194,N120 - N40,-1.1333331699952005,1.6116275500738115,TRUE
2024,protein_pct,N120_minus_N40_exploratory,Fm195,N120 - N40,1.9700001633381277,1.6116275500738115,TRUE
2024,protein_pct,N120_minus_N40_exploratory,Fm203,N120 - N40,0.1950001633381273,1.6116275500738115,TRUE
2024,protein_pct,N120_minus_N40_exploratory,Fm214,N120 - N40,-0.11666666666659076,1.4810887616743313,TRUE
2024,protein_pct,N120_minus_N40_exploratory,Fm215,N120 - N40,-1.506666503328539,1.6116275500738115,TRUE
2024,protein_pct,N120_minus_N40_exploratory,Fm219,N120 - N40,0.5333335544118007,1.9515382857513737,TRUE
2024,protein_pct,N120_minus_N40_exploratory,Fm221,N120 - N40,0.36666666666673464,1.4810887616743311,TRUE
2024,protein_pct,N120_minus_N40_exploratory,Fm225,N120 - N40,0.1616668300047941,1.6116275500738113,TRUE
2024,protein_pct,N120_minus_N40_exploratory,Fm233,N120 - N40,2.186666887745144,1.9515382857513734,TRUE
2024,protein_pct,N120_minus_N40_exploratory,Fm236,N120 - N40,-0.5219182618492564,1.6987999157370677,TRUE
2024,protein_pct,N120_minus_N40_exploratory,Fm321,N120 - N40,1.1433333333334037,1.4810887616743311,TRUE
2024,protein_pct,N120_minus_N40_exploratory,Fm337,N120 - N40,-1.7666666666665947,1.4810887616743311,TRUE
2024,protein_pct,N120_minus_N40_exploratory,Fm341,N120 - N40,0.23333349667146308,1.6116275500738115,TRUE
2024,protein_pct,N120_minus_N40_exploratory,Fm347,N120 - N40,0.42500016333812773,1.6116275500738115,TRUE
2024,protein_pct,N120_minus_N40_exploratory,Fm349,N120 - N40,0.5533335544118021,1.9515382857513732,TRUE
2024,protein_pct,N120_minus_N40_exploratory,Fm351,N120 - N40,2.903333554411798,1.9515382857513734,TRUE
2024,protein_pct,N120_minus_N40_exploratory,Fm354,N120 - N40,1.9900002210784642,1.9515382857513734,TRUE
2024,protein_pct,N120_minus_N40_exploratory,Fm355,N120 - N40,2.0316668300047915,1.6116275500738115,TRUE
2024,protein_pct,N120_minus_N40_exploratory,Fm356,N120 - N40,2.784748625895798,2.1215086411569652,TRUE
2024,protein_pct,N120_minus_N40_exploratory,Fm359,N120 - N40,0.4997485681554643,1.8137366385192695,TRUE
2024,protein_pct,N120_minus_N40_exploratory,Fm361,N120 - N40,-2.409999836661868,1.6116275500738113,TRUE
2024,protein_pct,N120_minus_N40_exploratory,Fm363,N120 - N40,1.9800002210786953,1.9515382857513732,TRUE
2024,protein_pct,N120_minus_N40_exploratory,Fm364,N120 - N40,,,FALSE
2024,protein_pct,N120_minus_N40_exploratory,Fm365,N120 - N40,1.103333496671457,1.6116275500738113,TRUE
2024,protein_pct,N120_minus_N40_exploratory,Fm366,N120 - N40,1.936666666666735,1.4810887616743311,TRUE
2024,protein_pct,N120_minus_N40_exploratory,Fm368,N120 - N40,1.4797485681554559,1.8137366385192695,TRUE
2024,protein_pct,N120_minus_N40_exploratory,Fm369,N120 - N40,4.026666887745362,1.9515382857513732,TRUE
2024,protein_pct,N120_minus_N40_exploratory,Fm372,N120 - N40,-1.4066665033285322,1.6116275500738113,TRUE
2024,protein_pct,N120_minus_N40_exploratory,Fm375,N120 - N40,0.581666830004794,1.611627550073811,TRUE
2024,protein_pct,N120_minus_N40_exploratory,Fm376,N120 - N40,1.126666830004794,1.6116275500738113,TRUE
2024,protein_pct,N120_minus_N40_exploratory,Fm377,N120 - N40,-0.35525137410397534,2.1215086411569652,TRUE
2024,protein_pct,N120_minus_N40_exploratory,Fm378,N120 - N40,1.6600002210786968,1.9515382857513732,TRUE
2024,protein_pct,N120_minus_N40_exploratory,Fm379,N120 - N40,1.3883334966714624,1.611627550073811,TRUE
2024,protein_pct,N120_minus_N40_exploratory,Fm380,N120 - N40,2.2650001633381205,1.611627550073811,TRUE
2024,protein_pct,N120_minus_N40_exploratory,Fm381,N120 - N40,-0.0466664455879755,1.9515382857513732,TRUE
2024,protein_pct,N120_minus_N40_exploratory,Fm382,N120 - N40,1.9050001633381228,1.611627550073811,TRUE
2024,protein_pct,N120_minus_N40_exploratory,Fm384,N120 - N40,-2.4899997789213053,1.9515382857513732,TRUE
2024,protein_pct,N120_minus_N40_exploratory,Fm388,N120 - N40,1.5683334966714604,1.6116275500738113,TRUE
2024,protein_pct,N120_minus_N40_exploratory,Fm389,N120 - N40,2.9733335544120205,1.9515382857513737,TRUE
2024,protein_pct,N120_minus_N40_exploratory,Fm391,N120 - N40,-0.19999999999992468,1.481088761674331,TRUE
2024,protein_pct,N120_minus_N40_exploratory,Fm392,N120 - N40,0.9866666666667339,1.4810887616743311,TRUE
2024,protein_pct,N120_minus_N40_exploratory,Fm394,N120 - N40,-2.7299998366618734,1.611627550073811,TRUE
2024,protein_pct,N120_minus_N40_exploratory,Fm395,N120 - N40,1.3233335544120255,1.9515382857513737,TRUE
2024,protein_pct,N120_minus_N40_exploratory,Fm398,N120 - N40,2.2297485681554488,1.8137366385192695,TRUE
2024,protein_pct,N120_minus_N40_exploratory,Fm400,N120 - N40,1.3566668300047873,1.611627550073811,TRUE
2024,protein_pct,N120_minus_N40_exploratory,Fm401,N120 - N40,0.8000000000000682,1.481088761674331,TRUE
2024,protein_pct,N120_minus_N40_exploratory,Fm402,N120 - N40,0.1300001633381207,1.611627550073811,TRUE
2024,protein_pct,N120_minus_N40_exploratory,Fm404,N120 - N40,1.0199243668269098,2.1214865093832715,TRUE
2024,protein_pct,N120_minus_N40_exploratory,Fm405,N120 - N40,-1.28525143184455,1.8137366385192695,TRUE
2024,protein_pct,N120_minus_N40_exploratory,Fm406,N120 - N40,0.7600001633381215,1.611627550073811,TRUE
2024,protein_pct,N120_minus_N40_exploratory,Fm407,N120 - N40,-0.9916665033285472,1.611627550073811,TRUE
2024,protein_pct,N120_minus_N40_exploratory,Fm41,N120 - N40,4.839748625896014,2.1215086411569657,TRUE
2024,protein_pct,N120_minus_N40_exploratory,Fm410,N120 - N40,0.863333496671455,1.611627550073811,TRUE
2024,protein_pct,N120_minus_N40_exploratory,Fm411,N120 - N40,-1.5249998366618822,1.611627550073811,TRUE
2024,protein_pct,N120_minus_N40_exploratory,Fm412,N120 - N40,1.490000163338122,1.611627550073811,TRUE
2024,protein_pct,N120_minus_N40_exploratory,Fm413,N120 - N40,2.3416668300047867,1.611627550073811,TRUE
2024,protein_pct,N120_minus_N40_exploratory,Fm414,N120 - N40,1.1900001633381159,1.611627550073811,TRUE
2024,protein_pct,N120_minus_N40_exploratory,Fm415,N120 - N40,-1.9566665033285506,1.611627550073811,TRUE
2024,protein_pct,N120_minus_N40_exploratory,Fm418,N120 - N40,0.9901518718416789,2.3164966382717123,TRUE
2024,protein_pct,N120_minus_N40_exploratory,Fm419,N120 - N40,2.1066666666667295,1.4810887616743311,TRUE
2024,protein_pct,N120_minus_N40_exploratory,Fm420,N120 - N40,-0.4833331122546376,1.9515382857513737,TRUE
2024,protein_pct,N120_minus_N40_exploratory,Fm421,N120 - N40,2.1097486258960174,2.121508641156966,TRUE
2024,protein_pct,N120_minus_N40_exploratory,Fm428,N120 - N40,0.31666683000478457,1.611627550073811,TRUE
2024,protein_pct,N120_minus_N40_exploratory,Fm429,N120 - N40,-1.3766666666666012,1.4810887616743313,TRUE
2024,protein_pct,N120_minus_N40_exploratory,Fm44,N120 - N40,-1.8133331122546466,1.951538285751374,TRUE
2024,protein_pct,N120_minus_N40_exploratory,Fm442,N120 - N40,-0.05166650332854772,1.6116275500738109,TRUE
2024,protein_pct,N120_minus_N40_exploratory,Fm444,N120 - N40,2.6000002210786946,1.951538285751374,TRUE
2024,protein_pct,N120_minus_N40_exploratory,Fm446,N120 - N40,3.303333554412019,1.951538285751374,TRUE
2024,protein_pct,N120_minus_N40_exploratory,Fm464,N120 - N40,0.10015192958224617,2.56462765245184,TRUE
2024,protein_pct,N120_minus_N40_exploratory,Fm474,N120 - N40,1.4766666666667412,1.4810887616743313,TRUE
2024,protein_pct,N120_minus_N40_exploratory,Fm475,N120 - N40,0.2933334966714618,1.6116275500738109,TRUE
2024,protein_pct,N120_minus_N40_exploratory,Fm480,N120 - N40,-0.2752514318445378,1.8137366385192693,TRUE
2024,protein_pct,N120_minus_N40_exploratory,Fm482,N120 - N40,1.374748568155459,1.8137366385192693,TRUE
2024,protein_pct,N120_minus_N40_exploratory,Fm489,N120 - N40,0.509748404817401,1.6987999157370677,TRUE
2024,protein_pct,N120_minus_N40_exploratory,Fm491,N120 - N40,1.8114150714840687,1.6987999157370677,TRUE
2024,protein_pct,N120_minus_N40_exploratory,Fm492,N120 - N40,0.19474862589602182,2.121508641156966,TRUE
2024,protein_pct,N120_minus_N40_exploratory,Fm496,N120 - N40,1.2600001633381304,1.6116275500738109,TRUE
2024,protein_pct,N120_minus_N40_exploratory,Fm505,N120 - N40,-1.5148481281583326,2.316496638271711,TRUE
2024,protein_pct,N120_minus_N40_exploratory,Fm518,N120 - N40,-3.3133333333332615,1.4810887616743311,TRUE
2024,protein_pct,N120_minus_N40_exploratory,Fm519,N120 - N40,0.22000022107870976,1.9515382857513741,TRUE
2024,protein_pct,N120_minus_N40_exploratory,Fm522,N120 - N40,,,FALSE
2024,protein_pct,N120_minus_N40_exploratory,Fm523,N120 - N40,-0.0899999999999288,1.4810887616743311,TRUE
2024,protein_pct,N120_minus_N40_exploratory,Fm524,N120 - N40,-0.05333333333326529,1.4810887616743311,TRUE
2024,protein_pct,N120_minus_N40_exploratory,Fm537,N120 - N40,1.576666666666739,1.4810887616743311,TRUE
2024,protein_pct,N120_minus_N40_exploratory,Fm552,N120 - N40,0.41333355441202,1.9515382857513741,TRUE
2024,protein_pct,N120_minus_N40_exploratory,Fm560,N120 - N40,1.880000163338126,1.6116275500738109,TRUE
2024,protein_pct,N120_minus_N40_exploratory,Fm566,N120 - N40,0.5683334966714657,1.611627550073811,TRUE
2024,protein_pct,N120_minus_N40_exploratory,Fm569,N120 - N40,1.806666887745351,1.9515382857513743,TRUE
2024,protein_pct,N120_minus_N40_exploratory,Fm585,N120 - N40,1.6701518718416786,2.316496638271711,TRUE
2024,protein_pct,N120_minus_N40_exploratory,Fm589,N120 - N40,7.250000163338128,1.6116275500738109,TRUE
2024,protein_pct,N120_minus_N40_exploratory,Fm590,N120 - N40,1.4600002210786869,1.9515382857513741,TRUE
2024,protein_pct,N120_minus_N40_exploratory,Fm592,N120 - N40,0.5033334966714627,1.6116275500738109,TRUE
2024,protein_pct,N120_minus_N40_exploratory,Fm610,N120 - N40,1.8833334966714688,1.611627550073811,TRUE
2024,protein_pct,N120_minus_N40_exploratory,Fm611,N120 - N40,1.0400001633381297,1.611627550073811,TRUE
2024,protein_pct,N120_minus_N40_exploratory,Fm612,N120 - N40,0.6300002210786815,1.9515382857513743,TRUE
2024,protein_pct,N120_minus_N40_exploratory,Fm615,N120 - N40,1.1100002210787103,1.9515382857513741,TRUE
2024,protein_pct,N120_minus_N40_exploratory,Fm616,N120 - N40,0.7933334966714547,1.611627550073811,TRUE
2024,protein_pct,N120_minus_N40_exploratory,Fm620,N120 - N40,0.44666666666673294,1.4810887616743313,TRUE
2024,protein_pct,N120_minus_N40_exploratory,Fm621,N120 - N40,1.6666666666667282,1.4810887616743313,TRUE
2024,protein_pct,N120_minus_N40_exploratory,Fm216,N120 - N40,,,FALSE
2024,protein_pct,N120_minus_N40_exploratory,Fm227,N120 - N40,,,FALSE
2024,protein_pct,N120_minus_N40_exploratory,Fm238,N120 - N40,,,FALSE
2024,protein_pct,N120_minus_N40_exploratory,Fm322,N120 - N40,,,FALSE
2024,protein_pct,N120_minus_N40_exploratory,Fm345,N120 - N40,,,FALSE
2024,protein_pct,N120_minus_N40_exploratory,Fm346,N120 - N40,,,FALSE
2024,protein_pct,N120_minus_N40_exploratory,Fm352,N120 - N40,,,FALSE
2024,protein_pct,N120_minus_N40_exploratory,Fm358,N120 - N40,,,FALSE
2024,protein_pct,N120_minus_N40_exploratory,Fm36,N120 - N40,,,FALSE
2024,protein_pct,N120_minus_N40_exploratory,Fm370,N120 - N40,,,FALSE
2024,protein_pct,N120_minus_N40_exploratory,Fm396,N120 - N40,,,FALSE
2024,protein_pct,N120_minus_N40_exploratory,Fm416,N120 - N40,,,FALSE
2024,protein_pct,N120_minus_N40_exploratory,Fm417,N120 - N40,,,FALSE
2024,protein_pct,N120_minus_N40_exploratory,Fm443,N120 - N40,,,FALSE
2024,protein_pct,N120_minus_N40_exploratory,Fm477,N120 - N40,,,FALSE
2024,protein_pct,N120_minus_N40_exploratory,Fm478,N120 - N40,,,FALSE
2024,protein_pct,N120_minus_N40_exploratory,Fm484,N120 - N40,,,FALSE
2024,protein_pct,N120_minus_N40_exploratory,Fm507,N120 - N40,,,FALSE
2024,protein_pct,N120_minus_N40_exploratory,Fm600,N120 - N40,,,FALSE
2024,protein_pct,N120_minus_N40_exploratory,Fm614,N120 - N40,,,FALSE
2024,protein_pct,N120_minus_N40_exploratory,Fm65,N120 - N40,,,FALSE
