year,trait,scope,estimable,genotype,blue,standard_error,status
2023,dtf,year,TRUE,Fm104,180.00000000032648,3.051544953572987,Estimable
2023,dtf,year,TRUE,Fm112,153.66666666666887,3.0515449535707204,Estimable
2023,dtf,year,TRUE,Fm113,149.33333333333542,3.0515449535707204,Estimable
2023,dtf,year,TRUE,Fm119,162.00000000000202,3.0515449535707204,Estimable
2023,dtf,year,TRUE,Fm12,149.66666666666868,3.0515449535707204,Estimable
2023,dtf,year,TRUE,Fm131,187.00000000000202,3.0515449535707204,Estimable
2023,dtf,year,TRUE,Fm132,131.00000000000202,3.0515449535707204,Estimable
2023,dtf,year,TRUE,Fm134,103.33333333333526,3.0515449535707204,Estimable
2023,dtf,year,TRUE,Fm135,168.66666666666856,3.0515449535707204,Estimable
2023,dtf,year,TRUE,Fm136,155.00000000000196,3.0515449535707204,Estimable
2023,dtf,year,TRUE,Fm138,154.33333333333528,3.0515449535707204,Estimable
2023,dtf,year,TRUE,Fm139,148.00000000000193,3.05154495357072,Estimable
2023,dtf,year,TRUE,Fm141,149.00000000000193,3.05154495357072,Estimable
2023,dtf,year,TRUE,Fm145,136.66666666666856,3.0515449535707195,Estimable
2023,dtf,year,TRUE,Fm146,137.33333333333522,3.0515449535707195,Estimable
2023,dtf,year,TRUE,Fm150,160.3333333333352,3.0515449535707195,Estimable
2023,dtf,year,TRUE,Fm170,144.0000000000019,3.0515449535707195,Estimable
2023,dtf,year,TRUE,Fm172,152.66666666666856,3.0515449535707195,Estimable
2023,dtf,year,TRUE,Fm173,138.00000000000182,3.0515449535707195,Estimable
2023,dtf,year,TRUE,Fm174,137.6666666666685,3.0515449535707195,Estimable
2023,dtf,year,TRUE,Fm175,143.6666666666685,3.0515449535707195,Estimable
2023,dtf,year,TRUE,Fm176,135.6666666666685,3.0515449535707195,Estimable
2023,dtf,year,TRUE,Fm177,149.6666666666685,3.0515449535707195,Estimable
2023,dtf,year,TRUE,Fm180,139.33333333333516,3.0515449535707195,Estimable
2023,dtf,year,TRUE,Fm181,79.33333333333509,3.0515449535707195,Estimable
2023,dtf,year,TRUE,Fm184,159.0000000000018,3.0515449535707195,Estimable
2023,dtf,year,TRUE,Fm185,134.33333333333513,3.0515449535707195,Estimable
2023,dtf,year,TRUE,Fm190,102.3333333333351,3.0515449535707195,Estimable
2023,dtf,year,TRUE,Fm191,106.3333333333351,3.0515449535707195,Estimable
2023,dtf,year,TRUE,Fm193,99.33333333333506,3.051544953570719,Estimable
2023,dtf,year,TRUE,Fm194,116.6666666666684,3.051544953570719,Estimable
2023,dtf,year,TRUE,Fm195,103.66666666666839,3.0515449535707195,Estimable
2023,dtf,year,TRUE,Fm203,85.00000000000169,3.051544953570719,Estimable
2023,dtf,year,TRUE,Fm205,129.00000000000173,3.0515449535707195,Estimable
2023,dtf,year,TRUE,Fm206,139.6666666666684,3.051544953570719,Estimable
2023,dtf,year,TRUE,Fm207,138.33333333333502,3.051544953570719,Estimable
2023,dtf,year,TRUE,Fm208,142.66666666666836,3.0515449535707195,Estimable
2023,dtf,year,TRUE,Fm214,89.66666666666832,3.0515449535707195,Estimable
2023,dtf,year,TRUE,Fm215,79.00000000000162,3.0515449535707195,Estimable
2023,dtf,year,TRUE,Fm216,107.00000000000166,3.0515449535707195,Estimable
2023,dtf,year,TRUE,Fm219,87.00000000000166,3.0515449535707195,Estimable
2023,dtf,year,TRUE,Fm220,129.66666666666833,3.051544953570719,Estimable
2023,dtf,year,TRUE,Fm221,96.33333333333498,3.0515449535707195,Estimable
2023,dtf,year,TRUE,Fm225,80.0000000000016,3.0515449535707195,Estimable
2023,dtf,year,TRUE,Fm227,105.6666666666683,3.0515449535707195,Estimable
2023,dtf,year,TRUE,Fm228,98.33333333333496,3.0515449535707195,Estimable
2023,dtf,year,TRUE,Fm232,113.66666666666829,3.0515449535707195,Estimable
2023,dtf,year,TRUE,Fm233,116.33333333333492,3.0515449535707195,Estimable
2023,dtf,year,TRUE,Fm234,140.00000000000162,3.0515449535707195,Estimable
2023,dtf,year,TRUE,Fm235,130.00000000000165,3.0515449535707195,Estimable
2023,dtf,year,TRUE,Fm236,94.33333333333493,3.0515449535707195,Estimable
2023,dtf,year,TRUE,Fm238,117.0000000000016,3.0515449535707195,Estimable
2023,dtf,year,TRUE,Fm245,139.6666666666683,3.0515449535707195,Estimable
2023,dtf,year,TRUE,Fm246,138.33333333333493,3.0515449535707195,Estimable
2023,dtf,year,TRUE,Fm249,127.0000000000016,3.0515449535707195,Estimable
2023,dtf,year,TRUE,Fm250,134.66666666666825,3.0515449535707195,Estimable
2023,dtf,year,TRUE,Fm251,146.33333333333493,3.0515449535707195,Estimable
2023,dtf,year,TRUE,Fm255,83.00000000000152,3.0515449535707195,Estimable
2023,dtf,year,TRUE,Fm28,144.33333333333493,3.0515449535707195,Estimable
2023,dtf,year,TRUE,Fm3,140.00000000000162,3.0515449535707195,Estimable
2023,dtf,year,TRUE,Fm30,140.66666666666828,3.0515449535707195,Estimable
2023,dtf,year,TRUE,Fm31,145.33333333333493,3.0515449535707195,Estimable
2023,dtf,year,TRUE,Fm321,89.66666666666826,3.0515449535707195,Estimable
2023,dtf,year,TRUE,Fm322,139.00000000000162,3.0515449535707195,Estimable
2023,dtf,year,TRUE,Fm324,105.66666666666828,3.0515449535707195,Estimable
2023,dtf,year,TRUE,Fm325,115.00000000000159,3.0515449535707195,Estimable
2023,dtf,year,TRUE,Fm328,111.33333333333495,3.0515449535707195,Estimable
2023,dtf,year,TRUE,Fm332,123.0000000000016,3.0515449535707195,Estimable
2023,dtf,year,TRUE,Fm334,139.6666666666683,3.0515449535707195,Estimable
2023,dtf,year,TRUE,Fm336,100.66666666666826,3.0515449535707195,Estimable
2023,dtf,year,TRUE,Fm337,108.66666666666828,3.0515449535707195,Estimable
2023,dtf,year,TRUE,Fm341,114.0000000000016,3.0515449535707195,Estimable
2023,dtf,year,TRUE,Fm343,125.66666666666828,3.0515449535707195,Estimable
2023,dtf,year,TRUE,Fm344,120.0000000000016,3.0515449535707195,Estimable
2023,dtf,year,TRUE,Fm345,114.0000000000016,3.051544953570719,Estimable
2023,dtf,year,TRUE,Fm346,121.33333333333495,3.0515449535707195,Estimable
2023,dtf,year,TRUE,Fm347,106.33333333333493,3.0515449535707195,Estimable
2023,dtf,year,TRUE,Fm349,119.66666666666826,3.0515449535707195,Estimable
2023,dtf,year,TRUE,Fm351,117.0000000000016,3.0515449535707195,Estimable
2023,dtf,year,TRUE,Fm352,108.33333333333493,3.0515449535707195,Estimable
2023,dtf,year,TRUE,Fm354,108.66666666666828,3.0515449535707195,Estimable
2023,dtf,year,TRUE,Fm355,110.00000000000162,3.0515449535707195,Estimable
2023,dtf,year,TRUE,Fm356,115.66666666666826,3.0515449535707195,Estimable
2023,dtf,year,TRUE,Fm357,107.33333333333495,3.0515449535707195,Estimable
2023,dtf,year,TRUE,Fm358,130.66666666666828,3.0515449535707195,Estimable
2023,dtf,year,TRUE,Fm359,120.66666666666828,3.0515449535707195,Estimable
2023,dtf,year,TRUE,Fm36,134.6666666666683,3.0515449535707195,Estimable
2023,dtf,year,TRUE,Fm361,109.66666666666829,3.05154495357072,Estimable
2023,dtf,year,TRUE,Fm362,110.66666666666829,3.0515449535707195,Estimable
2023,dtf,year,TRUE,Fm363,111.0000000000016,3.0515449535707195,Estimable
2023,dtf,year,TRUE,Fm364,118.66666666666828,3.0515449535707195,Estimable
2023,dtf,year,TRUE,Fm365,106.66666666666828,3.0515449535707195,Estimable
2023,dtf,year,TRUE,Fm366,102.0000000000016,3.05154495357072,Estimable
2023,dtf,year,TRUE,Fm368,111.00000000000159,3.05154495357072,Estimable
2023,dtf,year,TRUE,Fm369,99.00000000000158,3.05154495357072,Estimable
2023,dtf,year,TRUE,Fm370,114.66666666666825,3.05154495357072,Estimable
2023,dtf,year,TRUE,Fm372,111.00000000000159,3.05154495357072,Estimable
2023,dtf,year,TRUE,Fm375,111.33333333333492,3.05154495357072,Estimable
2023,dtf,year,TRUE,Fm376,101.3333333333349,3.05154495357072,Estimable
2023,dtf,year,TRUE,Fm377,110.33333333333493,3.05154495357072,Estimable
2023,dtf,year,TRUE,Fm378,104.00000000000159,3.05154495357072,Estimable
2023,dtf,year,TRUE,Fm379,112.33333333333493,3.0515449535707204,Estimable
2023,dtf,year,TRUE,Fm380,107.33333333333493,3.0515449535707204,Estimable
2023,dtf,year,TRUE,Fm381,105.3333333333349,3.0515449535707204,Estimable
2023,dtf,year,TRUE,Fm382,106.00000000000158,3.0515449535707204,Estimable
2023,dtf,year,TRUE,Fm383,111.33333333333493,3.0515449535707204,Estimable
2023,dtf,year,TRUE,Fm384,115.66666666666826,3.0515449535707204,Estimable
2023,dtf,year,TRUE,Fm387,134.66666666666828,3.05154495357072,Estimable
2023,dtf,year,TRUE,Fm388,106.66666666666826,3.05154495357072,Estimable
2023,dtf,year,TRUE,Fm389,113.0000000000016,3.05154495357072,Estimable
2023,dtf,year,TRUE,Fm390,98.66666666666825,3.0515449535707195,Estimable
2023,dtf,year,TRUE,Fm391,106.66666666666825,3.05154495357072,Estimable
2023,dtf,year,TRUE,Fm392,91.00000000000156,3.05154495357072,Estimable
2023,dtf,year,TRUE,Fm394,99.00000000000156,3.05154495357072,Estimable
2023,dtf,year,TRUE,Fm395,111.66666666666825,3.0515449535707195,Estimable
2023,dtf,year,TRUE,Fm396,112.00000000000159,3.0515449535707195,Estimable
2023,dtf,year,TRUE,Fm398,107.00000000000156,3.0515449535707195,Estimable
2023,dtf,year,TRUE,Fm400,109.00000000000158,3.0515449535707195,Estimable
2023,dtf,year,TRUE,Fm401,106.33333333333489,3.0515449535707195,Estimable
2023,dtf,year,TRUE,Fm402,106.33333333333489,3.0515449535707195,Estimable
2023,dtf,year,TRUE,Fm403,102.3333333333349,3.0515449535707195,Estimable
2023,dtf,year,TRUE,Fm404,111.3333333333349,3.0515449535707195,Estimable
2023,dtf,year,TRUE,Fm405,116.00000000000156,3.051544953570719,Estimable
2023,dtf,year,TRUE,Fm406,100.66666666666822,3.0515449535707195,Estimable
2023,dtf,year,TRUE,Fm407,104.33333333333489,3.0515449535707195,Estimable
2023,dtf,year,TRUE,Fm409,110.00000000000156,3.0515449535707195,Estimable
2023,dtf,year,TRUE,Fm41,142.33333333333493,3.0515449535707195,Estimable
2023,dtf,year,TRUE,Fm410,107.66666666666825,3.0515449535707195,Estimable
2023,dtf,year,TRUE,Fm411,108.66666666666825,3.0515449535707195,Estimable
2023,dtf,year,TRUE,Fm412,106.33333333333492,3.0515449535707195,Estimable
2023,dtf,year,TRUE,Fm413,110.66666666666823,3.051544953570719,Estimable
2023,dtf,year,TRUE,Fm414,96.6666666666682,3.0515449535707195,Estimable
2023,dtf,year,TRUE,Fm415,98.33333333333488,3.0515449535707195,Estimable
2023,dtf,year,TRUE,Fm416,113.00000000000158,3.0515449535707195,Estimable
2023,dtf,year,TRUE,Fm417,133.0000000000016,3.051544953570719,Estimable
2023,dtf,year,TRUE,Fm418,116.00000000000155,3.0515449535707195,Estimable
2023,dtf,year,TRUE,Fm419,95.00000000000155,3.0515449535707195,Estimable
2023,dtf,year,TRUE,Fm420,107.66666666666822,3.051544953570719,Estimable
2023,dtf,year,TRUE,Fm421,111.00000000000159,3.051544953570719,Estimable
2023,dtf,year,TRUE,Fm428,93.66666666666823,3.051544953570719,Estimable
2023,dtf,year,TRUE,Fm429,92.33333333333488,3.0515449535707186,Estimable
2023,dtf,year,TRUE,Fm43,143.3333333333349,3.0515449535707186,Estimable
2023,dtf,year,TRUE,Fm44,122.3333333333349,3.0515449535707186,Estimable
2023,dtf,year,TRUE,Fm442,105.00000000000158,3.0515449535707186,Estimable
2023,dtf,year,TRUE,Fm443,101.33333333333492,3.0515449535707186,Estimable
2023,dtf,year,TRUE,Fm444,113.00000000000156,3.0515449535707186,Estimable
2023,dtf,year,TRUE,Fm446,114.00000000000159,3.0515449535707186,Estimable
2023,dtf,year,TRUE,Fm45,136.0000000000016,3.0515449535707186,Estimable
2023,dtf,year,TRUE,Fm458,141.33333333333493,3.051544953570719,Estimable
2023,dtf,year,TRUE,Fm46,128.66666666666828,3.051544953570719,Estimable
2023,dtf,year,TRUE,Fm461,91.66666666666823,3.051544953570719,Estimable
2023,dtf,year,TRUE,Fm463,149.0000000000016,3.0515449535707186,Estimable
2023,dtf,year,TRUE,Fm464,129.66666666666825,3.0515449535707186,Estimable
2023,dtf,year,TRUE,Fm468,138.00000000000156,3.0515449535707186,Estimable
2023,dtf,year,TRUE,Fm474,152.33333333333493,3.051544953570719,Estimable
2023,dtf,year,TRUE,Fm475,107.3333333333349,3.051544953570719,Estimable
2023,dtf,year,TRUE,Fm476,106.66666666666822,3.051544953570719,Estimable
2023,dtf,year,TRUE,Fm477,109.33333333333489,3.0515449535707186,Estimable
2023,dtf,year,TRUE,Fm478,111.00000000000155,3.051544953570719,Estimable
2023,dtf,year,TRUE,Fm480,112.00000000000153,3.051544953570719,Estimable
2023,dtf,year,TRUE,Fm482,108.33333333333488,3.0515449535707186,Estimable
2023,dtf,year,TRUE,Fm484,99.33333333333486,3.0515449535707186,Estimable
2023,dtf,year,TRUE,Fm489,94.33333333333488,3.0515449535707186,Estimable
2023,dtf,year,TRUE,Fm491,109.66666666666822,3.0515449535707186,Estimable
2023,dtf,year,TRUE,Fm492,118.00000000000155,3.051544953570718,Estimable
2023,dtf,year,TRUE,Fm496,93.66666666666822,3.0515449535707186,Estimable
2023,dtf,year,TRUE,Fm505,136.66666666666822,3.051544953570718,Estimable
2023,dtf,year,TRUE,Fm507,107.33333333333489,3.051544953570718,Estimable
2023,dtf,year,TRUE,Fm510,138.33333333333488,3.0515449535707178,Estimable
2023,dtf,year,TRUE,Fm518,105.00000000000155,3.051544953570718,Estimable
2023,dtf,year,TRUE,Fm519,104.00000000000155,3.051544953570718,Estimable
2023,dtf,year,TRUE,Fm522,118.00000000000153,3.0515449535707186,Estimable
2023,dtf,year,TRUE,Fm523,91.33333333333486,3.0515449535707186,Estimable
2023,dtf,year,TRUE,Fm524,101.00000000000155,3.051544953570718,Estimable
2023,dtf,year,TRUE,Fm537,104.33333333333489,3.0515449535707186,Estimable
2023,dtf,year,TRUE,Fm54,159.6666666666682,3.051544953570718,Estimable
2023,dtf,year,TRUE,Fm55,139.66666666666822,3.0515449535707186,Estimable
2023,dtf,year,TRUE,Fm552,107.66666666666822,3.051544953570718,Estimable
2023,dtf,year,TRUE,Fm559,143.33333333333488,3.051544953570718,Estimable
2023,dtf,year,TRUE,Fm56,140.3333333333349,3.0515449535707178,Estimable
2023,dtf,year,TRUE,Fm560,84.00000000000156,3.0515449535707178,Estimable
2023,dtf,year,TRUE,Fm566,106.66666666666823,3.0515449535707178,Estimable
2023,dtf,year,TRUE,Fm569,84.66666666666822,3.0515449535707178,Estimable
2023,dtf,year,TRUE,Fm57,183.0000000000016,3.0515449535707178,Estimable
2023,dtf,year,TRUE,Fm573,142.00000000000156,3.0515449535707178,Estimable
2023,dtf,year,TRUE,Fm585,105.33333333333488,3.0515449535707178,Estimable
2023,dtf,year,TRUE,Fm589,107.33333333333489,3.0515449535707173,Estimable
2023,dtf,year,TRUE,Fm590,88.66666666666822,3.0515449535707178,Estimable
2023,dtf,year,TRUE,Fm592,91.6666666666682,3.0515449535707173,Estimable
2023,dtf,year,TRUE,Fm595,161.33333333333485,3.0515449535707178,Estimable
2023,dtf,year,TRUE,Fm597,143.33333333333485,3.0515449535707173,Estimable
2023,dtf,year,TRUE,Fm599,143.66666666666816,3.0515449535707173,Estimable
2023,dtf,year,TRUE,Fm600,123.33333333333485,3.0515449535707173,Estimable
2023,dtf,year,TRUE,Fm601,138.00000000000153,3.0515449535707173,Estimable
2023,dtf,year,TRUE,Fm603,93.00000000000153,3.0515449535707173,Estimable
2023,dtf,year,TRUE,Fm609,84.33333333333486,3.0515449535707178,Estimable
2023,dtf,year,TRUE,Fm610,114.33333333333483,3.0515449535707178,Estimable
2023,dtf,year,TRUE,Fm611,109.0000000000015,3.0515449535707178,Estimable
2023,dtf,year,TRUE,Fm612,107.66666666666818,3.0515449535707178,Estimable
2023,dtf,year,TRUE,Fm614,130.66666666666816,3.0515449535707173,Estimable
2023,dtf,year,TRUE,Fm615,108.33333333333485,3.0515449535707178,Estimable
2023,dtf,year,TRUE,Fm616,106.66666666666819,3.0515449535707173,Estimable
2023,dtf,year,TRUE,Fm620,91.66666666666816,3.0515449535707178,Estimable
2023,dtf,year,TRUE,Fm621,103.66666666666818,3.0515449535707178,Estimable
2023,dtf,year,TRUE,Fm63,159.33333333333482,3.0515449535707173,Estimable
2023,dtf,year,TRUE,Fm65,125.66666666666816,3.0515449535707178,Estimable
2023,dtf,year,TRUE,Fm74,158.66666666666816,3.0515449535707173,Estimable
2023,dtf,year,TRUE,Fm78,134.0000000000015,3.0515449535707173,Estimable
2023,dtf,year,TRUE,Fm79,145.66666666666816,3.0515449535707173,Estimable
2023,dtf,year,TRUE,Fm81,139.0000000000015,3.051544953570717,Estimable
2023,dtf,year,TRUE,Fm83,145.33333333333485,3.0515449535707178,Estimable
2023,dtf,year,TRUE,Fm84,155.00000000000153,3.0515449535707178,Estimable
2023,dtf,year,TRUE,Fm86,145.33333333333485,3.0515449535707173,Estimable
2023,dtf,year,TRUE,Fm87,157.0000000000015,3.0515449535707178,Estimable
2023,dtf,year,TRUE,Fm88,140.6666666666682,3.0515449535707173,Estimable
2023,dtf,year,TRUE,Fm91,156.6666666666682,3.0515449535707173,Estimable
2023,dtf,year,TRUE,Fm96,156.00000000000153,3.0515449535707173,Estimable
2023,dtf,year,TRUE,Fm97,139.66666666666816,3.0515449535707173,Estimable
2023,height_cm,year,TRUE,Fm104,88.66666666652979,4.223775299103102,Estimable
2023,height_cm,year,TRUE,Fm112,113.66666666666256,4.223775299106141,Estimable
2023,height_cm,year,TRUE,Fm113,115.66666666666195,4.223775299106141,Estimable
2023,height_cm,year,TRUE,Fm119,118.33333333332838,4.2237752991061415,Estimable
2023,height_cm,year,TRUE,Fm12,124.6666666666616,4.223775299106141,Estimable
2023,height_cm,year,TRUE,Fm13,127.33333333332808,4.223775299106141,Estimable
2023,height_cm,year,TRUE,Fm131,107.33333333332799,4.223775299106141,Estimable
2023,height_cm,year,TRUE,Fm132,130.9999999999947,4.223775299106141,Estimable
2023,height_cm,year,TRUE,Fm134,118.66666666666127,4.223775299106141,Estimable
2023,height_cm,year,TRUE,Fm135,99.66666666666124,4.223775299106141,Estimable
2023,height_cm,year,TRUE,Fm136,112.33333333332797,4.223775299106141,Estimable
2023,height_cm,year,TRUE,Fm138,121.66666666666134,4.2237752991061415,Estimable
2023,height_cm,year,TRUE,Fm139,122.99999999999466,4.2237752991061415,Estimable
2023,height_cm,year,TRUE,Fm141,116.66666666666129,4.2237752991061415,Estimable
2023,height_cm,year,TRUE,Fm142,99.99999999999459,4.2237752991061415,Estimable
2023,height_cm,year,TRUE,Fm145,116.99999999999466,4.2237752991061415,Estimable
2023,height_cm,year,TRUE,Fm146,117.333333333328,4.2237752991061415,Estimable
2023,height_cm,year,TRUE,Fm150,97.6666666666613,4.2237752991061415,Estimable
2023,height_cm,year,TRUE,Fm157,100.99999999999466,4.2237752991061415,Estimable
2023,height_cm,year,TRUE,Fm161,86.9999999999947,4.2237752991061415,Estimable
2023,height_cm,year,TRUE,Fm170,121.66666666666147,4.2237752991061415,Estimable
2023,height_cm,year,TRUE,Fm172,110.66666666666144,4.2237752991061415,Estimable
2023,height_cm,year,TRUE,Fm173,117.99999999999477,4.223775299106141,Estimable
2023,height_cm,year,TRUE,Fm174,99.33333333332807,4.2237752991061415,Estimable
2023,height_cm,year,TRUE,Fm175,114.99999999999478,4.223775299106141,Estimable
2023,height_cm,year,TRUE,Fm176,96.66666666666143,4.223775299106141,Estimable
2023,height_cm,year,TRUE,Fm177,124.99999999999481,4.223775299106141,Estimable
2023,height_cm,year,TRUE,Fm180,96.33333333332811,4.223775299106141,Estimable
2023,height_cm,year,TRUE,Fm181,111.33333333332816,4.223775299106141,Estimable
2023,height_cm,year,TRUE,Fm184,116.6666666666615,4.223775299106141,Estimable
2023,height_cm,year,TRUE,Fm185,127.66666666666147,4.223775299106141,Estimable
2023,height_cm,year,TRUE,Fm190,110.33333333332811,4.223775299106141,Estimable
2023,height_cm,year,TRUE,Fm191,103.33333333332811,4.223775299106141,Estimable
2023,height_cm,year,TRUE,Fm193,112.3333333333281,4.223775299106141,Estimable
2023,height_cm,year,TRUE,Fm194,120.66666666666146,4.223775299106141,Estimable
2023,height_cm,year,TRUE,Fm195,133.66666666666146,4.223775299106141,Estimable
2023,height_cm,year,TRUE,Fm203,113.66666666666141,4.2237752991061415,Estimable
2023,height_cm,year,TRUE,Fm205,119.33333333332807,4.223775299106141,Estimable
2023,height_cm,year,TRUE,Fm206,104.99999999999474,4.223775299106141,Estimable
2023,height_cm,year,TRUE,Fm207,120.99999999999476,4.223775299106141,Estimable
2023,height_cm,year,TRUE,Fm208,110.33333333332807,4.22377529910614,Estimable
2023,height_cm,year,TRUE,Fm214,122.99999999999476,4.223775299106141,Estimable
2023,height_cm,year,TRUE,Fm215,137.33333333332806,4.223775299106141,Estimable
2023,height_cm,year,TRUE,Fm216,101.9999999999947,4.223775299106141,Estimable
2023,height_cm,year,TRUE,Fm219,123.66666666666138,4.223775299106141,Estimable
2023,height_cm,year,TRUE,Fm220,106.33333333332806,4.223775299106141,Estimable
2023,height_cm,year,TRUE,Fm221,130.9999999999947,4.223775299106141,Estimable
2023,height_cm,year,TRUE,Fm225,112.33333333332803,4.223775299106141,Estimable
2023,height_cm,year,TRUE,Fm227,133.99999999999469,4.223775299106141,Estimable
2023,height_cm,year,TRUE,Fm228,106.333333333328,4.223775299106141,Estimable
2023,height_cm,year,TRUE,Fm232,116.66666666666136,4.223775299106141,Estimable
2023,height_cm,year,TRUE,Fm233,109.66666666666134,4.223775299106141,Estimable
2023,height_cm,year,TRUE,Fm234,106.99999999999469,4.223775299106141,Estimable
2023,height_cm,year,TRUE,Fm235,134.66666666666137,4.223775299106141,Estimable
2023,height_cm,year,TRUE,Fm236,119.66666666666136,4.223775299106141,Estimable
2023,height_cm,year,TRUE,Fm238,139.99999999999469,4.223775299106141,Estimable
2023,height_cm,year,TRUE,Fm245,115.66666666666131,4.223775299106141,Estimable
2023,height_cm,year,TRUE,Fm246,109.6666666666613,4.223775299106141,Estimable
2023,height_cm,year,TRUE,Fm249,120.99999999999466,4.2237752991061415,Estimable
2023,height_cm,year,TRUE,Fm250,134.66666666666134,4.2237752991061415,Estimable
2023,height_cm,year,TRUE,Fm251,108.6666666666613,4.2237752991061415,Estimable
2023,height_cm,year,TRUE,Fm255,121.33333333332797,4.223775299106141,Estimable
2023,height_cm,year,TRUE,Fm28,117.33333333332794,4.22377529910614,Estimable
2023,height_cm,year,TRUE,Fm3,118.99999999999463,4.22377529910614,Estimable
2023,height_cm,year,TRUE,Fm30,113.33333333332793,4.22377529910614,Estimable
2023,height_cm,year,TRUE,Fm31,111.66666666666129,4.22377529910614,Estimable
2023,height_cm,year,TRUE,Fm321,120.6666666666613,4.22377529910614,Estimable
2023,height_cm,year,TRUE,Fm322,103.33333333332796,4.22377529910614,Estimable
2023,height_cm,year,TRUE,Fm324,141.33333333332794,4.22377529910614,Estimable
2023,height_cm,year,TRUE,Fm325,130.33333333332794,4.22377529910614,Estimable
2023,height_cm,year,TRUE,Fm328,130.9999999999946,4.22377529910614,Estimable
2023,height_cm,year,TRUE,Fm332,110.33333333332791,4.22377529910614,Estimable
2023,height_cm,year,TRUE,Fm334,119.99999999999457,4.223775299106141,Estimable
2023,height_cm,year,TRUE,Fm336,126.66666666666126,4.223775299106141,Estimable
2023,height_cm,year,TRUE,Fm337,112.3333333333279,4.223775299106141,Estimable
2023,height_cm,year,TRUE,Fm341,117.66666666666126,4.223775299106141,Estimable
2023,height_cm,year,TRUE,Fm343,139.9999999999946,4.223775299106141,Estimable
2023,height_cm,year,TRUE,Fm344,110.3333333333279,4.22377529910614,Estimable
2023,height_cm,year,TRUE,Fm345,126.3333333333279,4.223775299106141,Estimable
2023,height_cm,year,TRUE,Fm346,93.99999999999454,4.22377529910614,Estimable
2023,height_cm,year,TRUE,Fm347,135.3333333333279,4.22377529910614,Estimable
2023,height_cm,year,TRUE,Fm349,120.66666666666123,4.22377529910614,Estimable
2023,height_cm,year,TRUE,Fm351,132.33333333332791,4.22377529910614,Estimable
2023,height_cm,year,TRUE,Fm352,144.66666666666123,4.22377529910614,Estimable
2023,height_cm,year,TRUE,Fm354,126.99999999999453,4.22377529910614,Estimable
2023,height_cm,year,TRUE,Fm355,123.99999999999451,4.22377529910614,Estimable
2023,height_cm,year,TRUE,Fm356,121.66666666666117,4.22377529910614,Estimable
2023,height_cm,year,TRUE,Fm357,125.66666666666117,4.22377529910614,Estimable
2023,height_cm,year,TRUE,Fm358,127.66666666666116,4.22377529910614,Estimable
2023,height_cm,year,TRUE,Fm359,135.33333333332783,4.22377529910614,Estimable
2023,height_cm,year,TRUE,Fm36,136.99999999999446,4.22377529910614,Estimable
2023,height_cm,year,TRUE,Fm361,134.66666666666114,4.22377529910614,Estimable
2023,height_cm,year,TRUE,Fm362,133.9999999999945,4.22377529910614,Estimable
2023,height_cm,year,TRUE,Fm363,129.3333333333278,4.22377529910614,Estimable
2023,height_cm,year,TRUE,Fm364,113.6666666666611,4.22377529910614,Estimable
2023,height_cm,year,TRUE,Fm365,133.3333333333278,4.22377529910614,Estimable
2023,height_cm,year,TRUE,Fm366,125.66666666666111,4.22377529910614,Estimable
2023,height_cm,year,TRUE,Fm368,137.99999999999443,4.22377529910614,Estimable
2023,height_cm,year,TRUE,Fm369,112.99999999999442,4.22377529910614,Estimable
2023,height_cm,year,TRUE,Fm370,130.33333333332777,4.22377529910614,Estimable
2023,height_cm,year,TRUE,Fm372,134.99999999999443,4.22377529910614,Estimable
2023,height_cm,year,TRUE,Fm375,129.9999999999944,4.22377529910614,Estimable
2023,height_cm,year,TRUE,Fm376,132.33333333332777,4.22377529910614,Estimable
2023,height_cm,year,TRUE,Fm377,138.33333333332774,4.22377529910614,Estimable
2023,height_cm,year,TRUE,Fm378,145.33333333332774,4.22377529910614,Estimable
2023,height_cm,year,TRUE,Fm379,128.3333333333277,4.22377529910614,Estimable
2023,height_cm,year,TRUE,Fm380,128.99999999999437,4.22377529910614,Estimable
2023,height_cm,year,TRUE,Fm381,143.33333333332772,4.22377529910614,Estimable
2023,height_cm,year,TRUE,Fm382,131.99999999999434,4.22377529910614,Estimable
2023,height_cm,year,TRUE,Fm383,144.66666666666103,4.22377529910614,Estimable
2023,height_cm,year,TRUE,Fm384,104.66666666666099,4.22377529910614,Estimable
2023,height_cm,year,TRUE,Fm387,121.66666666666099,4.22377529910614,Estimable
2023,height_cm,year,TRUE,Fm388,139.3333333333277,4.22377529910614,Estimable
2023,height_cm,year,TRUE,Fm389,104.99999999999434,4.22377529910614,Estimable
2023,height_cm,year,TRUE,Fm39,103.33333333332767,4.223775299106139,Estimable
2023,height_cm,year,TRUE,Fm390,114.66666666666103,4.223775299106139,Estimable
2023,height_cm,year,TRUE,Fm391,139.99999999999434,4.223775299106139,Estimable
2023,height_cm,year,TRUE,Fm392,115.666666666661,4.223775299106139,Estimable
2023,height_cm,year,TRUE,Fm394,127.33333333332769,4.223775299106139,Estimable
2023,height_cm,year,TRUE,Fm395,130.99999999999434,4.22377529910614,Estimable
2023,height_cm,year,TRUE,Fm396,125.99999999999434,4.22377529910614,Estimable
2023,height_cm,year,TRUE,Fm398,137.33333333332766,4.223775299106139,Estimable
2023,height_cm,year,TRUE,Fm400,133.33333333332766,4.223775299106139,Estimable
2023,height_cm,year,TRUE,Fm401,112.33333333332766,4.223775299106139,Estimable
2023,height_cm,year,TRUE,Fm402,138.33333333332766,4.223775299106139,Estimable
2023,height_cm,year,TRUE,Fm403,119.99999999999432,4.223775299106139,Estimable
2023,height_cm,year,TRUE,Fm404,135.99999999999432,4.223775299106139,Estimable
2023,height_cm,year,TRUE,Fm405,142.99999999999432,4.223775299106139,Estimable
2023,height_cm,year,TRUE,Fm406,115.66666666666097,4.223775299106139,Estimable
2023,height_cm,year,TRUE,Fm407,117.9999999999943,4.223775299106139,Estimable
2023,height_cm,year,TRUE,Fm409,128.33333333332766,4.223775299106139,Estimable
2023,height_cm,year,TRUE,Fm41,114.9999999999943,4.223775299106139,Estimable
2023,height_cm,year,TRUE,Fm410,136.33333333332766,4.223775299106139,Estimable
2023,height_cm,year,TRUE,Fm411,123.99999999999432,4.22377529910614,Estimable
2023,height_cm,year,TRUE,Fm412,122.33333333332764,4.22377529910614,Estimable
2023,height_cm,year,TRUE,Fm413,113.666666666661,4.22377529910614,Estimable
2023,height_cm,year,TRUE,Fm414,126.99999999999434,4.223775299106139,Estimable
2023,height_cm,year,TRUE,Fm415,136.99999999999432,4.223775299106139,Estimable
2023,height_cm,year,TRUE,Fm416,134.33333333332766,4.223775299106139,Estimable
2023,height_cm,year,TRUE,Fm417,122.33333333332766,4.223775299106139,Estimable
2023,height_cm,year,TRUE,Fm418,110.99999999999433,4.223775299106139,Estimable
2023,height_cm,year,TRUE,Fm419,118.99999999999433,4.223775299106139,Estimable
2023,height_cm,year,TRUE,Fm420,135.33333333332766,4.223775299106139,Estimable
2023,height_cm,year,TRUE,Fm421,144.33333333332766,4.223775299106139,Estimable
2023,height_cm,year,TRUE,Fm428,114.66666666666099,4.223775299106139,Estimable
2023,height_cm,year,TRUE,Fm429,133.33333333332763,4.223775299106139,Estimable
2023,height_cm,year,TRUE,Fm43,99.99999999999432,4.223775299106139,Estimable
2023,height_cm,year,TRUE,Fm44,116.99999999999432,4.223775299106139,Estimable
2023,height_cm,year,TRUE,Fm442,122.33333333332767,4.223775299106139,Estimable
2023,height_cm,year,TRUE,Fm443,117.33333333332766,4.223775299106139,Estimable
2023,height_cm,year,TRUE,Fm444,106.66666666666099,4.223775299106139,Estimable
2023,height_cm,year,TRUE,Fm446,137.33333333332766,4.223775299106138,Estimable
2023,height_cm,year,TRUE,Fm45,113.33333333332767,4.223775299106138,Estimable
2023,height_cm,year,TRUE,Fm458,129.33333333332763,4.223775299106139,Estimable
2023,height_cm,year,TRUE,Fm46,120.66666666666099,4.223775299106139,Estimable
2023,height_cm,year,TRUE,Fm461,119.99999999999432,4.223775299106139,Estimable
2023,height_cm,year,TRUE,Fm463,118.99999999999432,4.223775299106139,Estimable
2023,height_cm,year,TRUE,Fm464,113.666666666661,4.223775299106139,Estimable
2023,height_cm,year,TRUE,Fm468,120.666666666661,4.223775299106139,Estimable
2023,height_cm,year,TRUE,Fm474,129.66666666666097,4.223775299106139,Estimable
2023,height_cm,year,TRUE,Fm475,110.666666666661,4.223775299106139,Estimable
2023,height_cm,year,TRUE,Fm476,108.33333333332767,4.223775299106139,Estimable
2023,height_cm,year,TRUE,Fm477,132.33333333332766,4.223775299106139,Estimable
2023,height_cm,year,TRUE,Fm478,144.3333333333277,4.223775299106138,Estimable
2023,height_cm,year,TRUE,Fm480,124.33333333332766,4.223775299106138,Estimable
2023,height_cm,year,TRUE,Fm482,146.33333333332766,4.223775299106138,Estimable
2023,height_cm,year,TRUE,Fm484,108.99999999999432,4.223775299106138,Estimable
2023,height_cm,year,TRUE,Fm489,138.666666666661,4.223775299106138,Estimable
2023,height_cm,year,TRUE,Fm491,113.99999999999436,4.223775299106138,Estimable
2023,height_cm,year,TRUE,Fm492,144.99999999999434,4.223775299106138,Estimable
2023,height_cm,year,TRUE,Fm496,131.99999999999432,4.223775299106138,Estimable
2023,height_cm,year,TRUE,Fm505,106.66666666666099,4.223775299106139,Estimable
2023,height_cm,year,TRUE,Fm507,96.33333333332769,4.223775299106138,Estimable
2023,height_cm,year,TRUE,Fm510,120.666666666661,4.223775299106139,Estimable
2023,height_cm,year,TRUE,Fm518,125.666666666661,4.223775299106138,Estimable
2023,height_cm,year,TRUE,Fm519,113.33333333332767,4.223775299106139,Estimable
2023,height_cm,year,TRUE,Fm522,137.33333333332763,4.223775299106138,Estimable
2023,height_cm,year,TRUE,Fm523,137.9999999999943,4.223775299106139,Estimable
2023,height_cm,year,TRUE,Fm524,127.9999999999943,4.223775299106139,Estimable
2023,height_cm,year,TRUE,Fm537,132.66666666666097,4.223775299106138,Estimable
2023,height_cm,year,TRUE,Fm54,108.33333333332764,4.223775299106138,Estimable
2023,height_cm,year,TRUE,Fm55,137.33333333332763,4.223775299106138,Estimable
2023,height_cm,year,TRUE,Fm552,109.66666666666097,4.223775299106138,Estimable
2023,height_cm,year,TRUE,Fm559,127.33333333332766,4.223775299106138,Estimable
2023,height_cm,year,TRUE,Fm56,133.66666666666094,4.223775299106138,Estimable
2023,height_cm,year,TRUE,Fm560,87.33333333332766,4.223775299106137,Estimable
2023,height_cm,year,TRUE,Fm566,110.33333333332763,4.223775299106137,Estimable
2023,height_cm,year,TRUE,Fm569,119.9999999999943,4.223775299106137,Estimable
2023,height_cm,year,TRUE,Fm57,93.99999999999434,4.223775299106137,Estimable
2023,height_cm,year,TRUE,Fm573,106.666666666661,4.223775299106137,Estimable
2023,height_cm,year,TRUE,Fm585,127.33333333332767,4.223775299106137,Estimable
2023,height_cm,year,TRUE,Fm589,116.66666666666102,4.223775299106137,Estimable
2023,height_cm,year,TRUE,Fm590,89.33333333332769,4.223775299106137,Estimable
2023,height_cm,year,TRUE,Fm592,85.33333333332769,4.223775299106137,Estimable
2023,height_cm,year,TRUE,Fm595,124.3333333333277,4.223775299106137,Estimable
2023,height_cm,year,TRUE,Fm597,131.3333333333277,4.223775299106137,Estimable
2023,height_cm,year,TRUE,Fm599,120.99999999999436,4.223775299106138,Estimable
2023,height_cm,year,TRUE,Fm60,112.99999999999436,4.223775299106138,Estimable
2023,height_cm,year,TRUE,Fm600,117.99999999999439,4.223775299106138,Estimable
2023,height_cm,year,TRUE,Fm601,127.66666666666106,4.223775299106138,Estimable
2023,height_cm,year,TRUE,Fm603,116.99999999999436,4.223775299106138,Estimable
2023,height_cm,year,TRUE,Fm609,94.66666666666104,4.223775299106138,Estimable
2023,height_cm,year,TRUE,Fm610,113.33333333332772,4.223775299106138,Estimable
2023,height_cm,year,TRUE,Fm611,107.66666666666104,4.223775299106138,Estimable
2023,height_cm,year,TRUE,Fm612,98.99999999999439,4.223775299106138,Estimable
2023,height_cm,year,TRUE,Fm614,132.99999999999437,4.223775299106138,Estimable
2023,height_cm,year,TRUE,Fm615,139.9999999999944,4.223775299106138,Estimable
2023,height_cm,year,TRUE,Fm616,108.99999999999439,4.223775299106138,Estimable
2023,height_cm,year,TRUE,Fm620,103.99999999999439,4.223775299106138,Estimable
2023,height_cm,year,TRUE,Fm621,133.66666666666106,4.223775299106138,Estimable
2023,height_cm,year,TRUE,Fm63,99.99999999999442,4.223775299106138,Estimable
2023,height_cm,year,TRUE,Fm65,141.9999999999944,4.223775299106138,Estimable
2023,height_cm,year,TRUE,Fm74,115.66666666666107,4.223775299106138,Estimable
2023,height_cm,year,TRUE,Fm78,108.99999999999442,4.223775299106139,Estimable
2023,height_cm,year,TRUE,Fm79,113.66666666666106,4.223775299106138,Estimable
2023,height_cm,year,TRUE,Fm81,125.66666666666106,4.223775299106138,Estimable
2023,height_cm,year,TRUE,Fm83,107.9999999999944,4.223775299106139,Estimable
2023,height_cm,year,TRUE,Fm84,114.33333333332774,4.223775299106138,Estimable
2023,height_cm,year,TRUE,Fm86,124.33333333332773,4.223775299106139,Estimable
2023,height_cm,year,TRUE,Fm87,115.9999999999944,4.223775299106138,Estimable
2023,height_cm,year,TRUE,Fm88,104.99999999999439,4.223775299106138,Estimable
2023,height_cm,year,TRUE,Fm91,117.66666666666107,4.223775299106139,Estimable
2023,height_cm,year,TRUE,Fm96,87.66666666666104,4.223775299106139,Estimable
2023,height_cm,year,TRUE,Fm97,122.99999999999439,4.223775299106139,Estimable
2023,plants_m2,year,TRUE,Fm104,44.0000000000968,9.699860905468897,Estimable
2023,plants_m2,year,TRUE,Fm112,80.00000000000676,9.699860905461355,Estimable
2023,plants_m2,year,TRUE,Fm113,80.00000000000676,9.699860905461353,Estimable
2023,plants_m2,year,TRUE,Fm119,120.00000000000955,9.699860905461353,Estimable
2023,plants_m2,year,TRUE,Fm12,76.00000000001104,9.699860905461355,Estimable
2023,plants_m2,year,TRUE,Fm13,84.00000000001096,9.699860905461353,Estimable
2023,plants_m2,year,TRUE,Fm131,70.00000000001103,9.699860905461355,Estimable
2023,plants_m2,year,TRUE,Fm132,60.00000000001083,9.699860905461355,Estimable
2023,plants_m2,year,TRUE,Fm134,36.00000000001054,9.699860905461355,Estimable
2023,plants_m2,year,TRUE,Fm135,68.00000000001003,9.699860905461353,Estimable
2023,plants_m2,year,TRUE,Fm136,96.00000000000999,9.699860905461355,Estimable
2023,plants_m2,year,TRUE,Fm138,60.000000000010246,9.699860905461355,Estimable
2023,plants_m2,year,TRUE,Fm139,44.0000000000101,9.699860905461355,Estimable
2023,plants_m2,year,TRUE,Fm141,80.00000000000988,9.699860905461355,Estimable
2023,plants_m2,year,TRUE,Fm142,78.00000000000995,9.699860905461355,Estimable
2023,plants_m2,year,TRUE,Fm145,48.00000000000999,9.699860905461355,Estimable
2023,plants_m2,year,TRUE,Fm146,48.00000000000981,9.699860905461355,Estimable
2023,plants_m2,year,TRUE,Fm150,80.00000000000966,9.699860905461353,Estimable
2023,plants_m2,year,TRUE,Fm157,76.00000000000972,9.699860905461353,Estimable
2023,plants_m2,year,TRUE,Fm161,108.00000000000973,9.699860905461353,Estimable
2023,plants_m2,year,TRUE,Fm170,60.000000000009976,9.699860905461353,Estimable
2023,plants_m2,year,TRUE,Fm172,76.00000000000992,9.699860905461353,Estimable
2023,plants_m2,year,TRUE,Fm173,56.000000000009955,9.699860905461351,Estimable
2023,plants_m2,year,TRUE,Fm174,44.00000000000987,9.699860905461353,Estimable
2023,plants_m2,year,TRUE,Fm175,88.00000000000973,9.699860905461353,Estimable
2023,plants_m2,year,TRUE,Fm176,56.000000000009834,9.699860905461353,Estimable
2023,plants_m2,year,TRUE,Fm177,36.000000000009756,9.699860905461353,Estimable
2023,plants_m2,year,TRUE,Fm180,60.00000000000963,9.699860905461353,Estimable
2023,plants_m2,year,TRUE,Fm181,52.000000000009614,9.699860905461353,Estimable
2023,plants_m2,year,TRUE,Fm184,64.00000000000954,9.699860905461353,Estimable
2023,plants_m2,year,TRUE,Fm185,88.0000000000095,9.699860905461353,Estimable
2023,plants_m2,year,TRUE,Fm190,36.000000000009585,9.699860905461353,Estimable
2023,plants_m2,year,TRUE,Fm191,16.000000000009454,9.699860905461353,Estimable
2023,plants_m2,year,TRUE,Fm193,68.00000000000931,9.699860905461351,Estimable
2023,plants_m2,year,TRUE,Fm194,72.00000000000931,9.699860905461353,Estimable
2023,plants_m2,year,TRUE,Fm195,64.00000000000931,9.699860905461351,Estimable
2023,plants_m2,year,TRUE,Fm203,76.00000000000931,9.699860905461353,Estimable
2023,plants_m2,year,TRUE,Fm205,56.00000000000934,9.699860905461353,Estimable
2023,plants_m2,year,TRUE,Fm206,32.00000000000928,9.699860905461353,Estimable
2023,plants_m2,year,TRUE,Fm207,54.0000000000092,9.699860905461353,Estimable
2023,plants_m2,year,TRUE,Fm208,32.000000000009145,9.699860905461353,Estimable
2023,plants_m2,year,TRUE,Fm214,40.00000000000906,9.699860905461353,Estimable
2023,plants_m2,year,TRUE,Fm215,88.000000000009,9.699860905461353,Estimable
2023,plants_m2,year,TRUE,Fm216,20.000000000009074,9.699860905461351,Estimable
2023,plants_m2,year,TRUE,Fm219,56.00000000000895,9.699860905461351,Estimable
2023,plants_m2,year,TRUE,Fm220,68.00000000000892,9.699860905461351,Estimable
2023,plants_m2,year,TRUE,Fm221,54.000000000008946,9.699860905461351,Estimable
2023,plants_m2,year,TRUE,Fm225,68.00000000000892,9.699860905461351,Estimable
2023,plants_m2,year,TRUE,Fm227,48.000000000008946,9.699860905461351,Estimable
2023,plants_m2,year,TRUE,Fm228,72.0000000000089,9.699860905461353,Estimable
2023,plants_m2,year,TRUE,Fm232,68.00000000000892,9.699860905461353,Estimable
2023,plants_m2,year,TRUE,Fm233,52.000000000008946,9.699860905461353,Estimable
2023,plants_m2,year,TRUE,Fm234,64.0000000000089,9.699860905461355,Estimable
2023,plants_m2,year,TRUE,Fm235,54.00000000000892,9.699860905461353,Estimable
2023,plants_m2,year,TRUE,Fm236,36.000000000008896,9.699860905461351,Estimable
2023,plants_m2,year,TRUE,Fm238,64.00000000000884,9.699860905461353,Estimable
2023,plants_m2,year,TRUE,Fm245,48.000000000008846,9.699860905461353,Estimable
2023,plants_m2,year,TRUE,Fm246,72.00000000000882,9.699860905461353,Estimable
2023,plants_m2,year,TRUE,Fm249,64.00000000000884,9.699860905461353,Estimable
2023,plants_m2,year,TRUE,Fm250,36.00000000000884,9.699860905461353,Estimable
2023,plants_m2,year,TRUE,Fm251,84.0000000000088,9.699860905461353,Estimable
2023,plants_m2,year,TRUE,Fm255,72.00000000000882,9.699860905461353,Estimable
2023,plants_m2,year,TRUE,Fm28,36.000000000008846,9.699860905461353,Estimable
2023,plants_m2,year,TRUE,Fm3,60.0000000000088,9.699860905461353,Estimable
2023,plants_m2,year,TRUE,Fm30,84.00000000000881,9.699860905461353,Estimable
2023,plants_m2,year,TRUE,Fm31,80.00000000000884,9.699860905461353,Estimable
2023,plants_m2,year,TRUE,Fm321,76.00000000000887,9.699860905461353,Estimable
2023,plants_m2,year,TRUE,Fm322,64.00000000000888,9.699860905461355,Estimable
2023,plants_m2,year,TRUE,Fm324,36.00000000000889,9.699860905461353,Estimable
2023,plants_m2,year,TRUE,Fm325,72.00000000000885,9.699860905461353,Estimable
2023,plants_m2,year,TRUE,Fm328,52.000000000008875,9.699860905461353,Estimable
2023,plants_m2,year,TRUE,Fm332,44.000000000008846,9.699860905461353,Estimable
2023,plants_m2,year,TRUE,Fm334,52.000000000008825,9.699860905461353,Estimable
2023,plants_m2,year,TRUE,Fm336,50.0000000000088,9.699860905461355,Estimable
2023,plants_m2,year,TRUE,Fm337,36.000000000008775,9.699860905461353,Estimable
2023,plants_m2,year,TRUE,Fm341,36.000000000008725,9.699860905461355,Estimable
2023,plants_m2,year,TRUE,Fm343,55.33333333334204,9.699860905461355,Estimable
2023,plants_m2,year,TRUE,Fm344,40.0000000000087,9.699860905461355,Estimable
2023,plants_m2,year,TRUE,Fm345,64.00000000000865,9.699860905461353,Estimable
2023,plants_m2,year,TRUE,Fm346,12.000000000008663,9.699860905461353,Estimable
2023,plants_m2,year,TRUE,Fm347,88.00000000000861,9.699860905461355,Estimable
2023,plants_m2,year,TRUE,Fm349,56.00000000000863,9.699860905461355,Estimable
2023,plants_m2,year,TRUE,Fm351,84.00000000000864,9.699860905461355,Estimable
2023,plants_m2,year,TRUE,Fm352,24.00000000000865,9.699860905461353,Estimable
2023,plants_m2,year,TRUE,Fm354,62.00000000000861,9.699860905461353,Estimable
2023,plants_m2,year,TRUE,Fm355,52.00000000000862,9.699860905461355,Estimable
2023,plants_m2,year,TRUE,Fm356,72.00000000000861,9.699860905461355,Estimable
2023,plants_m2,year,TRUE,Fm357,84.00000000000864,9.699860905461355,Estimable
2023,plants_m2,year,TRUE,Fm358,88.00000000000867,9.699860905461355,Estimable
2023,plants_m2,year,TRUE,Fm359,96.00000000000871,9.699860905461355,Estimable
2023,plants_m2,year,TRUE,Fm36,76.00000000000874,9.699860905461355,Estimable
2023,plants_m2,year,TRUE,Fm361,96.00000000000878,9.699860905461355,Estimable
2023,plants_m2,year,TRUE,Fm362,76.00000000000881,9.699860905461357,Estimable
2023,plants_m2,year,TRUE,Fm363,44.000000000008804,9.699860905461357,Estimable
2023,plants_m2,year,TRUE,Fm364,68.0000000000088,9.699860905461357,Estimable
2023,plants_m2,year,TRUE,Fm365,76.00000000000881,9.699860905461357,Estimable
2023,plants_m2,year,TRUE,Fm366,68.00000000000881,9.699860905461357,Estimable
2023,plants_m2,year,TRUE,Fm368,72.00000000000882,9.699860905461357,Estimable
2023,plants_m2,year,TRUE,Fm369,72.00000000000885,9.699860905461357,Estimable
2023,plants_m2,year,TRUE,Fm370,72.00000000000885,9.699860905461358,Estimable
2023,plants_m2,year,TRUE,Fm372,44.000000000008846,9.699860905461357,Estimable
2023,plants_m2,year,TRUE,Fm375,52.00000000000884,9.699860905461358,Estimable
2023,plants_m2,year,TRUE,Fm376,80.00000000000884,9.699860905461357,Estimable
2023,plants_m2,year,TRUE,Fm377,56.000000000008846,9.699860905461358,Estimable
2023,plants_m2,year,TRUE,Fm378,60.00000000000883,9.699860905461357,Estimable
2023,plants_m2,year,TRUE,Fm379,68.00000000000884,9.699860905461358,Estimable
2023,plants_m2,year,TRUE,Fm380,44.00000000000883,9.699860905461358,Estimable
2023,plants_m2,year,TRUE,Fm381,60.00000000000882,9.699860905461357,Estimable
2023,plants_m2,year,TRUE,Fm382,52.00000000000882,9.699860905461357,Estimable
2023,plants_m2,year,TRUE,Fm383,76.00000000000881,9.699860905461357,Estimable
2023,plants_m2,year,TRUE,Fm384,60.00000000000882,9.699860905461357,Estimable
2023,plants_m2,year,TRUE,Fm387,68.00000000000882,9.699860905461357,Estimable
2023,plants_m2,year,TRUE,Fm388,56.00000000000882,9.699860905461358,Estimable
2023,plants_m2,year,TRUE,Fm389,74.00000000000882,9.699860905461357,Estimable
2023,plants_m2,year,TRUE,Fm39,36.00000000000881,9.699860905461357,Estimable
2023,plants_m2,year,TRUE,Fm390,48.0000000000088,9.699860905461357,Estimable
2023,plants_m2,year,TRUE,Fm391,48.00000000000878,9.699860905461357,Estimable
2023,plants_m2,year,TRUE,Fm392,52.00000000000878,9.699860905461355,Estimable
2023,plants_m2,year,TRUE,Fm394,80.00000000000877,9.699860905461355,Estimable
2023,plants_m2,year,TRUE,Fm395,52.00000000000879,9.699860905461355,Estimable
2023,plants_m2,year,TRUE,Fm396,40.00000000000877,9.699860905461355,Estimable
2023,plants_m2,year,TRUE,Fm398,44.00000000000875,9.699860905461355,Estimable
2023,plants_m2,year,TRUE,Fm400,76.00000000000874,9.699860905461353,Estimable
2023,plants_m2,year,TRUE,Fm401,72.00000000000877,9.699860905461355,Estimable
2023,plants_m2,year,TRUE,Fm402,56.00000000000876,9.699860905461355,Estimable
2023,plants_m2,year,TRUE,Fm403,100.00000000000875,9.699860905461355,Estimable
2023,plants_m2,year,TRUE,Fm404,44.00000000000878,9.699860905461355,Estimable
2023,plants_m2,year,TRUE,Fm405,54.000000000008775,9.699860905461353,Estimable
2023,plants_m2,year,TRUE,Fm406,36.00000000000876,9.699860905461353,Estimable
2023,plants_m2,year,TRUE,Fm407,66.00000000000875,9.699860905461353,Estimable
2023,plants_m2,year,TRUE,Fm409,44.00000000000875,9.699860905461355,Estimable
2023,plants_m2,year,TRUE,Fm41,64.00000000000873,9.699860905461353,Estimable
2023,plants_m2,year,TRUE,Fm410,72.00000000000874,9.699860905461355,Estimable
2023,plants_m2,year,TRUE,Fm411,60.00000000000875,9.699860905461355,Estimable
2023,plants_m2,year,TRUE,Fm412,44.00000000000874,9.699860905461355,Estimable
2023,plants_m2,year,TRUE,Fm413,56.00000000000873,9.699860905461355,Estimable
2023,plants_m2,year,TRUE,Fm414,80.00000000000874,9.699860905461355,Estimable
2023,plants_m2,year,TRUE,Fm415,76.00000000000875,9.699860905461355,Estimable
2023,plants_m2,year,TRUE,Fm416,92.00000000000877,9.699860905461353,Estimable
2023,plants_m2,year,TRUE,Fm417,64.00000000000878,9.699860905461353,Estimable
2023,plants_m2,year,TRUE,Fm418,92.00000000000881,9.699860905461353,Estimable
2023,plants_m2,year,TRUE,Fm419,64.00000000000882,9.699860905461353,Estimable
2023,plants_m2,year,TRUE,Fm420,80.00000000000882,9.699860905461353,Estimable
2023,plants_m2,year,TRUE,Fm421,56.00000000000883,9.699860905461353,Estimable
2023,plants_m2,year,TRUE,Fm428,36.000000000008825,9.699860905461351,Estimable
2023,plants_m2,year,TRUE,Fm429,76.00000000000881,9.699860905461351,Estimable
2023,plants_m2,year,TRUE,Fm43,68.00000000000881,9.699860905461351,Estimable
2023,plants_m2,year,TRUE,Fm44,68.00000000000881,9.699860905461351,Estimable
2023,plants_m2,year,TRUE,Fm442,76.00000000000882,9.699860905461351,Estimable
2023,plants_m2,year,TRUE,Fm443,64.00000000000882,9.699860905461351,Estimable
2023,plants_m2,year,TRUE,Fm444,104.00000000000884,9.699860905461351,Estimable
2023,plants_m2,year,TRUE,Fm446,88.00000000000887,9.699860905461351,Estimable
2023,plants_m2,year,TRUE,Fm45,60.00000000000889,9.699860905461351,Estimable
2023,plants_m2,year,TRUE,Fm458,88.00000000000888,9.699860905461351,Estimable
2023,plants_m2,year,TRUE,Fm46,88.00000000000891,9.699860905461351,Estimable
2023,plants_m2,year,TRUE,Fm461,68.00000000000891,9.699860905461351,Estimable
2023,plants_m2,year,TRUE,Fm463,88.00000000000892,9.699860905461351,Estimable
2023,plants_m2,year,TRUE,Fm464,56.00000000000895,9.699860905461351,Estimable
2023,plants_m2,year,TRUE,Fm468,36.00000000000895,9.699860905461351,Estimable
2023,plants_m2,year,TRUE,Fm474,48.00000000000893,9.699860905461351,Estimable
2023,plants_m2,year,TRUE,Fm475,80.00000000000891,9.699860905461351,Estimable
2023,plants_m2,year,TRUE,Fm476,68.00000000000892,9.699860905461351,Estimable
2023,plants_m2,year,TRUE,Fm477,32.00000000000893,9.699860905461351,Estimable
2023,plants_m2,year,TRUE,Fm478,100.66666666667558,9.69986090546135,Estimable
2023,plants_m2,year,TRUE,Fm480,68.00000000000894,9.69986090546135,Estimable
2023,plants_m2,year,TRUE,Fm482,80.00000000000892,9.69986090546135,Estimable
2023,plants_m2,year,TRUE,Fm484,42.00000000000896,9.69986090546135,Estimable
2023,plants_m2,year,TRUE,Fm489,64.00000000000892,9.69986090546135,Estimable
2023,plants_m2,year,TRUE,Fm491,48.000000000008946,9.69986090546135,Estimable
2023,plants_m2,year,TRUE,Fm492,80.00000000000891,9.69986090546135,Estimable
2023,plants_m2,year,TRUE,Fm496,52.000000000008946,9.699860905461351,Estimable
2023,plants_m2,year,TRUE,Fm505,64.00000000000892,9.699860905461351,Estimable
2023,plants_m2,year,TRUE,Fm507,32.00000000000894,9.69986090546135,Estimable
2023,plants_m2,year,TRUE,Fm510,52.00000000000892,9.69986090546135,Estimable
2023,plants_m2,year,TRUE,Fm518,52.00000000000891,9.69986090546135,Estimable
2023,plants_m2,year,TRUE,Fm519,72.00000000000888,9.69986090546135,Estimable
2023,plants_m2,year,TRUE,Fm522,80.0000000000089,9.69986090546135,Estimable
2023,plants_m2,year,TRUE,Fm523,96.0000000000089,9.69986090546135,Estimable
2023,plants_m2,year,TRUE,Fm524,68.00000000000892,9.69986090546135,Estimable
2023,plants_m2,year,TRUE,Fm537,80.00000000000894,9.69986090546135,Estimable
2023,plants_m2,year,TRUE,Fm54,64.00000000000894,9.69986090546135,Estimable
2023,plants_m2,year,TRUE,Fm55,92.00000000000892,9.69986090546135,Estimable
2023,plants_m2,year,TRUE,Fm552,76.00000000000895,9.69986090546135,Estimable
2023,plants_m2,year,TRUE,Fm559,68.00000000000898,9.69986090546135,Estimable
2023,plants_m2,year,TRUE,Fm56,68.00000000000897,9.69986090546135,Estimable
2023,plants_m2,year,TRUE,Fm560,80.00000000000898,9.69986090546135,Estimable
2023,plants_m2,year,TRUE,Fm566,72.00000000000898,9.69986090546135,Estimable
2023,plants_m2,year,TRUE,Fm569,68.000000000009,9.699860905461348,Estimable
2023,plants_m2,year,TRUE,Fm57,82.000000000009,9.699860905461348,Estimable
2023,plants_m2,year,TRUE,Fm573,100.00000000000897,9.699860905461348,Estimable
2023,plants_m2,year,TRUE,Fm585,20.000000000009067,9.699860905461348,Estimable
2023,plants_m2,year,TRUE,Fm589,96.00000000000898,9.699860905461348,Estimable
2023,plants_m2,year,TRUE,Fm590,96.00000000000901,9.699860905461348,Estimable
2023,plants_m2,year,TRUE,Fm592,88.00000000000904,9.699860905461348,Estimable
2023,plants_m2,year,TRUE,Fm595,80.00000000000905,9.699860905461348,Estimable
2023,plants_m2,year,TRUE,Fm597,82.00000000000907,9.69986090546135,Estimable
2023,plants_m2,year,TRUE,Fm599,84.00000000000908,9.69986090546135,Estimable
2023,plants_m2,year,TRUE,Fm60,76.00000000000908,9.69986090546135,Estimable
2023,plants_m2,year,TRUE,Fm600,72.00000000000911,9.69986090546135,Estimable
2023,plants_m2,year,TRUE,Fm601,100.0000000000091,9.69986090546135,Estimable
2023,plants_m2,year,TRUE,Fm603,48.00000000000915,9.69986090546135,Estimable
2023,plants_m2,year,TRUE,Fm609,52.000000000009145,9.69986090546135,Estimable
2023,plants_m2,year,TRUE,Fm610,84.00000000000914,9.69986090546135,Estimable
2023,plants_m2,year,TRUE,Fm611,112.00000000000914,9.69986090546135,Estimable
2023,plants_m2,year,TRUE,Fm612,68.00000000000918,9.69986090546135,Estimable
2023,plants_m2,year,TRUE,Fm614,88.00000000000918,9.69986090546135,Estimable
2023,plants_m2,year,TRUE,Fm615,80.0000000000092,9.69986090546135,Estimable
2023,plants_m2,year,TRUE,Fm616,92.00000000000918,9.69986090546135,Estimable
2023,plants_m2,year,TRUE,Fm620,88.00000000000921,9.69986090546135,Estimable
2023,plants_m2,year,TRUE,Fm621,76.00000000000922,9.69986090546135,Estimable
2023,plants_m2,year,TRUE,Fm63,68.00000000000924,9.69986090546135,Estimable
2023,plants_m2,year,TRUE,Fm65,92.00000000000922,9.699860905461351,Estimable
2023,plants_m2,year,TRUE,Fm74,56.00000000000926,9.69986090546135,Estimable
2023,plants_m2,year,TRUE,Fm78,32.00000000000925,9.699860905461351,Estimable
2023,plants_m2,year,TRUE,Fm79,40.00000000000923,9.69986090546135,Estimable
2023,plants_m2,year,TRUE,Fm81,76.00000000000921,9.69986090546135,Estimable
2023,plants_m2,year,TRUE,Fm83,52.00000000000922,9.69986090546135,Estimable
2023,plants_m2,year,TRUE,Fm84,72.00000000000921,9.69986090546135,Estimable
2023,plants_m2,year,TRUE,Fm86,72.0000000000092,9.699860905461351,Estimable
2023,plants_m2,year,TRUE,Fm87,48.00000000000921,9.69986090546135,Estimable
2023,plants_m2,year,TRUE,Fm88,54.0000000000092,9.69986090546135,Estimable
2023,plants_m2,year,TRUE,Fm91,64.0000000000092,9.699860905461351,Estimable
2023,plants_m2,year,TRUE,Fm96,108.0000000000092,9.699860905461351,Estimable
2023,plants_m2,year,TRUE,Fm97,68.00000000000921,9.699860905461351,Estimable
2023,thousand_seed_weight_g,year,TRUE,Fm170,1.386310816511992,0.19530715631904721,Estimable
2023,thousand_seed_weight_g,year,TRUE,Fm173,1.8988351431391899,0.19530715631903803,Estimable
2023,thousand_seed_weight_g,year,TRUE,Fm174,1.927922531942215,0.195307156319038,Estimable
2023,thousand_seed_weight_g,year,TRUE,Fm176,1.9634274253507427,0.195307156319038,Estimable
2023,thousand_seed_weight_g,year,TRUE,Fm181,1.982475644146423,0.19530715631903803,Estimable
2023,thousand_seed_weight_g,year,TRUE,Fm185,1.1699225649046945,0.19530715631903803,Estimable
2023,thousand_seed_weight_g,year,TRUE,Fm190,2.9103782831185927,0.195307156319038,Estimable
2023,thousand_seed_weight_g,year,TRUE,Fm193,1.9452471093365007,0.19530715631903803,Estimable
2023,thousand_seed_weight_g,year,TRUE,Fm194,2.8629614892180513,0.19530715631903803,Estimable
2023,thousand_seed_weight_g,year,TRUE,Fm195,2.315622042278596,0.195307156319038,Estimable
2023,thousand_seed_weight_g,year,TRUE,Fm203,1.9809544534423833,0.19530715631903797,Estimable
2023,thousand_seed_weight_g,year,TRUE,Fm208,1.2879763695742796,0.19530715631903797,Estimable
2023,thousand_seed_weight_g,year,TRUE,Fm214,2.1872839572625495,0.19530715631903797,Estimable
2023,thousand_seed_weight_g,year,TRUE,Fm215,2.379324553511288,0.19530715631903797,Estimable
2023,thousand_seed_weight_g,year,TRUE,Fm216,3.6273016103379723,0.195307156319038,Estimable
2023,thousand_seed_weight_g,year,TRUE,Fm219,2.1907475794821356,0.19530715631903803,Estimable
2023,thousand_seed_weight_g,year,TRUE,Fm221,1.698471954264878,0.19530715631903803,Estimable
2023,thousand_seed_weight_g,year,TRUE,Fm225,2.0382310498255296,0.19530715631903803,Estimable
2023,thousand_seed_weight_g,year,TRUE,Fm227,2.310183902555528,0.19530715631903803,Estimable
2023,thousand_seed_weight_g,year,TRUE,Fm228,2.6807631391683864,0.19530715631903803,Estimable
2023,thousand_seed_weight_g,year,TRUE,Fm232,2.569156936776693,0.19530715631903803,Estimable
2023,thousand_seed_weight_g,year,TRUE,Fm233,1.9258209610099988,0.195307156319038,Estimable
2023,thousand_seed_weight_g,year,TRUE,Fm235,2.485334946556692,0.195307156319038,Estimable
2023,thousand_seed_weight_g,year,TRUE,Fm236,1.8180308449498641,0.195307156319038,Estimable
2023,thousand_seed_weight_g,year,TRUE,Fm238,1.9793782857587199,0.195307156319038,Estimable
2023,thousand_seed_weight_g,year,TRUE,Fm245,1.7641546800172472,0.19530715631903803,Estimable
2023,thousand_seed_weight_g,year,TRUE,Fm249,1.7049638506315008,0.19530715631903803,Estimable
2023,thousand_seed_weight_g,year,TRUE,Fm250,1.6836016439318824,0.195307156319038,Estimable
2023,thousand_seed_weight_g,year,TRUE,Fm255,2.9308708365753566,0.19530715631903803,Estimable
2023,thousand_seed_weight_g,year,TRUE,Fm3,2.137419559051875,0.19530715631903797,Estimable
2023,thousand_seed_weight_g,year,TRUE,Fm321,1.5592898550724632,0.195307156319038,Estimable
2023,thousand_seed_weight_g,year,TRUE,Fm322,2.346287769553654,0.195307156319038,Estimable
2023,thousand_seed_weight_g,year,TRUE,Fm324,2.625523174369285,0.19530715631903797,Estimable
2023,thousand_seed_weight_g,year,TRUE,Fm325,2.1824271146831573,0.19530715631903797,Estimable
2023,thousand_seed_weight_g,year,TRUE,Fm328,2.556152172435648,0.19530715631903797,Estimable
2023,thousand_seed_weight_g,year,TRUE,Fm336,2.3562058405923145,0.195307156319038,Estimable
2023,thousand_seed_weight_g,year,TRUE,Fm337,2.751897199748848,0.19530715631903797,Estimable
2023,thousand_seed_weight_g,year,TRUE,Fm341,2.542686449760865,0.19530715631903797,Estimable
2023,thousand_seed_weight_g,year,TRUE,Fm343,2.309955656840031,0.19530715631903794,Estimable
2023,thousand_seed_weight_g,year,TRUE,Fm344,2.3066453455516753,0.19530715631903794,Estimable
2023,thousand_seed_weight_g,year,TRUE,Fm345,2.8791059583627474,0.19530715631903794,Estimable
2023,thousand_seed_weight_g,year,TRUE,Fm346,2.95770022899092,0.19530715631903794,Estimable
2023,thousand_seed_weight_g,year,TRUE,Fm347,2.5022775847990943,0.19530715631903794,Estimable
2023,thousand_seed_weight_g,year,TRUE,Fm349,2.488444972555538,0.19530715631903794,Estimable
2023,thousand_seed_weight_g,year,TRUE,Fm351,2.5137746746274234,0.19530715631903794,Estimable
2023,thousand_seed_weight_g,year,TRUE,Fm352,3.0093492143961798,0.19530715631903794,Estimable
2023,thousand_seed_weight_g,year,TRUE,Fm354,2.599953156866929,0.23911458205665653,Estimable
2023,thousand_seed_weight_g,year,TRUE,Fm355,2.5130941033058467,0.19530715631903792,Estimable
2023,thousand_seed_weight_g,year,TRUE,Fm356,2.517296614777527,0.19530715631903792,Estimable
2023,thousand_seed_weight_g,year,TRUE,Fm357,2.2075013861810753,0.19530715631903792,Estimable
2023,thousand_seed_weight_g,year,TRUE,Fm358,2.3571321566542967,0.19530715631903792,Estimable
2023,thousand_seed_weight_g,year,TRUE,Fm359,2.2322804533238543,0.19530715631903792,Estimable
2023,thousand_seed_weight_g,year,TRUE,Fm36,2.187475825817468,0.1953071563190379,Estimable
2023,thousand_seed_weight_g,year,TRUE,Fm361,2.7843094225952867,0.19530715631903792,Estimable
2023,thousand_seed_weight_g,year,TRUE,Fm362,2.039319895098537,0.1953071563190379,Estimable
2023,thousand_seed_weight_g,year,TRUE,Fm363,2.6986507776165864,0.1953071563190379,Estimable
2023,thousand_seed_weight_g,year,TRUE,Fm364,2.5538278606284077,0.1953071563190379,Estimable
2023,thousand_seed_weight_g,year,TRUE,Fm365,2.408278566599053,0.1953071563190379,Estimable
2023,thousand_seed_weight_g,year,TRUE,Fm366,1.872087298066969,0.1953071563190379,Estimable
2023,thousand_seed_weight_g,year,TRUE,Fm368,2.9283857789864283,0.19530715631903792,Estimable
2023,thousand_seed_weight_g,year,TRUE,Fm369,2.3161380814860646,0.1953071563190379,Estimable
2023,thousand_seed_weight_g,year,TRUE,Fm370,2.212402493662941,0.1953071563190379,Estimable
2023,thousand_seed_weight_g,year,TRUE,Fm372,2.9408430434321087,0.19530715631903792,Estimable
2023,thousand_seed_weight_g,year,TRUE,Fm375,2.4848445002669415,0.1953071563190379,Estimable
2023,thousand_seed_weight_g,year,TRUE,Fm376,2.365961379771184,0.1953071563190379,Estimable
2023,thousand_seed_weight_g,year,TRUE,Fm377,2.465686462603651,0.1953071563190379,Estimable
2023,thousand_seed_weight_g,year,TRUE,Fm378,2.283115085899657,0.1953071563190379,Estimable
2023,thousand_seed_weight_g,year,TRUE,Fm379,2.3971235444294363,0.1953071563190379,Estimable
2023,thousand_seed_weight_g,year,TRUE,Fm380,2.6950093524078094,0.1953071563190379,Estimable
2023,thousand_seed_weight_g,year,TRUE,Fm381,2.2762907137907136,0.1953071563190379,Estimable
2023,thousand_seed_weight_g,year,TRUE,Fm382,2.7250945583071,0.1953071563190379,Estimable
2023,thousand_seed_weight_g,year,TRUE,Fm383,2.803679288688659,0.1953071563190379,Estimable
2023,thousand_seed_weight_g,year,TRUE,Fm384,2.3501088198866564,0.1953071563190379,Estimable
2023,thousand_seed_weight_g,year,TRUE,Fm387,2.0757037403609706,0.19530715631903786,Estimable
2023,thousand_seed_weight_g,year,TRUE,Fm388,2.714053562340701,0.1953071563190379,Estimable
2023,thousand_seed_weight_g,year,TRUE,Fm389,2.4872623255923063,0.1953071563190379,Estimable
2023,thousand_seed_weight_g,year,TRUE,Fm391,2.1421538467509125,0.1953071563190379,Estimable
2023,thousand_seed_weight_g,year,TRUE,Fm392,1.8473348437759929,0.1953071563190379,Estimable
2023,thousand_seed_weight_g,year,TRUE,Fm394,2.2849924924674045,0.1953071563190379,Estimable
2023,thousand_seed_weight_g,year,TRUE,Fm395,3.0055354693460155,0.19530715631903786,Estimable
2023,thousand_seed_weight_g,year,TRUE,Fm396,2.399942873148979,0.19530715631903786,Estimable
2023,thousand_seed_weight_g,year,TRUE,Fm398,2.7571315602662887,0.19530715631903786,Estimable
2023,thousand_seed_weight_g,year,TRUE,Fm400,2.6015140477210204,0.1953071563190379,Estimable
2023,thousand_seed_weight_g,year,TRUE,Fm401,2.599519597321271,0.19530715631903792,Estimable
2023,thousand_seed_weight_g,year,TRUE,Fm402,2.4359183470631707,0.1953071563190379,Estimable
2023,thousand_seed_weight_g,year,TRUE,Fm403,2.3654364254675215,0.1953071563190379,Estimable
2023,thousand_seed_weight_g,year,TRUE,Fm404,2.354358206011232,0.1953071563190379,Estimable
2023,thousand_seed_weight_g,year,TRUE,Fm405,2.6945445025116253,0.1953071563190379,Estimable
2023,thousand_seed_weight_g,year,TRUE,Fm406,2.571536202629408,0.19530715631903786,Estimable
2023,thousand_seed_weight_g,year,TRUE,Fm407,2.5326957498348097,0.1953071563190379,Estimable
2023,thousand_seed_weight_g,year,TRUE,Fm409,2.607627789396596,0.1953071563190379,Estimable
2023,thousand_seed_weight_g,year,TRUE,Fm41,2.2899479256175796,0.1953071563190379,Estimable
2023,thousand_seed_weight_g,year,TRUE,Fm410,2.67641195495932,0.19530715631903786,Estimable
2023,thousand_seed_weight_g,year,TRUE,Fm411,2.674047736433521,0.1953071563190379,Estimable
2023,thousand_seed_weight_g,year,TRUE,Fm412,2.493929326980036,0.19530715631903783,Estimable
2023,thousand_seed_weight_g,year,TRUE,Fm413,2.799824509906711,0.19530715631903783,Estimable
2023,thousand_seed_weight_g,year,TRUE,Fm414,2.1512265348466784,0.19530715631903786,Estimable
2023,thousand_seed_weight_g,year,TRUE,Fm415,1.8063183136578085,0.19530715631903783,Estimable
2023,thousand_seed_weight_g,year,TRUE,Fm416,2.432798393573514,0.19530715631903783,Estimable
2023,thousand_seed_weight_g,year,TRUE,Fm417,2.383070752597044,0.19530715631903783,Estimable
2023,thousand_seed_weight_g,year,TRUE,Fm418,2.6267653726531934,0.19530715631903786,Estimable
2023,thousand_seed_weight_g,year,TRUE,Fm419,1.9209571204863218,0.19530715631903786,Estimable
2023,thousand_seed_weight_g,year,TRUE,Fm420,2.4405255035737494,0.19530715631903786,Estimable
2023,thousand_seed_weight_g,year,TRUE,Fm421,3.004956023032182,0.19530715631903786,Estimable
2023,thousand_seed_weight_g,year,TRUE,Fm428,2.519014653313528,0.1953071563190379,Estimable
2023,thousand_seed_weight_g,year,TRUE,Fm429,2.31184541598628,0.19530715631903786,Estimable
2023,thousand_seed_weight_g,year,TRUE,Fm43,1.8471211099876423,0.1953071563190379,Estimable
2023,thousand_seed_weight_g,year,TRUE,Fm44,2.030767062289265,0.1953071563190379,Estimable
2023,thousand_seed_weight_g,year,TRUE,Fm442,2.4050799271704273,0.1953071563190379,Estimable
2023,thousand_seed_weight_g,year,TRUE,Fm443,2.0606434268756058,0.1953071563190379,Estimable
2023,thousand_seed_weight_g,year,TRUE,Fm444,2.276436993200228,0.1953071563190379,Estimable
2023,thousand_seed_weight_g,year,TRUE,Fm446,2.430802355210156,0.1953071563190379,Estimable
2023,thousand_seed_weight_g,year,TRUE,Fm461,2.038716228383368,0.1953071563190379,Estimable
2023,thousand_seed_weight_g,year,TRUE,Fm474,1.8685184421377634,0.1953071563190379,Estimable
2023,thousand_seed_weight_g,year,TRUE,Fm475,3.190296402588512,0.1953071563190379,Estimable
2023,thousand_seed_weight_g,year,TRUE,Fm476,3.1875602149546323,0.1953071563190379,Estimable
2023,thousand_seed_weight_g,year,TRUE,Fm477,2.8487303486497697,0.1953071563190379,Estimable
2023,thousand_seed_weight_g,year,TRUE,Fm478,1.9523804036667336,0.1953071563190379,Estimable
2023,thousand_seed_weight_g,year,TRUE,Fm480,2.1975604288499038,0.1953071563190379,Estimable
2023,thousand_seed_weight_g,year,TRUE,Fm482,1.8450123712673696,0.1953071563190379,Estimable
2023,thousand_seed_weight_g,year,TRUE,Fm484,2.8997163157903056,0.1953071563190379,Estimable
2023,thousand_seed_weight_g,year,TRUE,Fm489,2.500699233319521,0.1953071563190379,Estimable
2023,thousand_seed_weight_g,year,TRUE,Fm491,2.9269416782501025,0.1953071563190379,Estimable
2023,thousand_seed_weight_g,year,TRUE,Fm510,1.389027927012997,0.19530715631903792,Estimable
2023,thousand_seed_weight_g,year,TRUE,Fm518,2.153094487959542,0.1953071563190379,Estimable
2023,thousand_seed_weight_g,year,TRUE,Fm519,2.217707336239247,0.1953071563190379,Estimable
2023,thousand_seed_weight_g,year,TRUE,Fm522,1.4445615451600942,0.19530715631903792,Estimable
2023,thousand_seed_weight_g,year,TRUE,Fm523,2.680877258901415,0.1953071563190379,Estimable
2023,thousand_seed_weight_g,year,TRUE,Fm524,2.847895905925886,0.1953071563190379,Estimable
2023,thousand_seed_weight_g,year,TRUE,Fm537,1.7099894834585136,0.1953071563190379,Estimable
2023,thousand_seed_weight_g,year,TRUE,Fm56,1.969271994347798,0.1953071563190379,Estimable
2023,thousand_seed_weight_g,year,TRUE,Fm566,2.4997602190411925,0.1953071563190379,Estimable
2023,thousand_seed_weight_g,year,TRUE,Fm569,2.8399231891658734,0.19530715631903792,Estimable
2023,thousand_seed_weight_g,year,TRUE,Fm585,2.259441007644237,0.1953071563190379,Estimable
2023,thousand_seed_weight_g,year,TRUE,Fm589,2.2677186949632655,0.19530715631903792,Estimable
2023,thousand_seed_weight_g,year,TRUE,Fm590,2.256409897740905,0.1953071563190379,Estimable
2023,thousand_seed_weight_g,year,TRUE,Fm592,2.7920763724228275,0.1953071563190379,Estimable
2023,thousand_seed_weight_g,year,TRUE,Fm600,2.8354500233751865,0.1953071563190379,Estimable
2023,thousand_seed_weight_g,year,TRUE,Fm601,2.3462373640923806,0.19530715631903792,Estimable
2023,thousand_seed_weight_g,year,TRUE,Fm603,2.300003857608554,0.1953071563190379,Estimable
2023,thousand_seed_weight_g,year,TRUE,Fm610,2.3615168758921334,0.1953071563190379,Estimable
2023,thousand_seed_weight_g,year,TRUE,Fm611,2.4661774334236894,0.1953071563190379,Estimable
2023,thousand_seed_weight_g,year,TRUE,Fm612,2.4267944057439617,0.1953071563190379,Estimable
2023,thousand_seed_weight_g,year,TRUE,Fm614,1.9502718615428052,0.1953071563190379,Estimable
2023,thousand_seed_weight_g,year,TRUE,Fm615,1.8308917671496323,0.23911458205665662,Estimable
2023,thousand_seed_weight_g,year,TRUE,Fm616,2.7762095081618026,0.1953071563190379,Estimable
2023,thousand_seed_weight_g,year,TRUE,Fm620,1.6869214425538779,0.1953071563190379,Estimable
2023,thousand_seed_weight_g,year,TRUE,Fm621,2.8894079808679756,0.1953071563190379,Estimable
2023,thousand_seed_weight_g,year,TRUE,Fm78,2.2720248483267946,0.1953071563190379,Estimable
2023,thousand_seed_weight_g,year,TRUE,Fm86,1.1541573740999282,0.1953071563190379,Estimable
2023,protein_pct,year,TRUE,Fm146,18.17639541624082,0.7777584110799609,Estimable
2023,protein_pct,year,TRUE,Fm174,16.53775278727197,0.7777584110803775,Estimable
2023,protein_pct,year,TRUE,Fm181,15.230532964070473,0.7777584110803775,Estimable
2023,protein_pct,year,TRUE,Fm190,14.797174135843763,0.7777584110803775,Estimable
2023,protein_pct,year,TRUE,Fm193,14.990382512410335,0.7777584110803775,Estimable
2023,protein_pct,year,TRUE,Fm194,15.817959785461284,0.7777584110803775,Estimable
2023,protein_pct,year,TRUE,Fm195,18.263930638631038,0.7777584110803775,Estimable
2023,protein_pct,year,TRUE,Fm208,15.803777694702,0.7777584110803775,Estimable
2023,protein_pct,year,TRUE,Fm214,11.890495936075698,0.7777584110803775,Estimable
2023,protein_pct,year,TRUE,Fm215,14.04442755381252,0.7777584110803775,Estimable
2023,protein_pct,year,TRUE,Fm216,13.239104906717797,0.7777584110803776,Estimable
2023,protein_pct,year,TRUE,Fm219,14.112579345702988,0.7777584110803776,Estimable
2023,protein_pct,year,TRUE,Fm221,13.82633209228502,0.7777584110803776,Estimable
2023,protein_pct,year,TRUE,Fm225,17.17212804158515,0.7777584110803776,Estimable
2023,protein_pct,year,TRUE,Fm233,13.883421579996606,0.7777584110803775,Estimable
2023,protein_pct,year,TRUE,Fm235,15.285380363464219,0.7777584110803775,Estimable
2023,protein_pct,year,TRUE,Fm236,17.107952117919787,0.7777584110803775,Estimable
2023,protein_pct,year,TRUE,Fm238,18.81120681762681,0.7777584110803775,Estimable
2023,protein_pct,year,TRUE,Fm250,16.511450767516955,0.7777584110803775,Estimable
2023,protein_pct,year,TRUE,Fm255,16.223560969034693,0.7777584110803775,Estimable
2023,protein_pct,year,TRUE,Fm321,19.4883594512938,0.7777584110803775,Estimable
2023,protein_pct,year,TRUE,Fm322,15.351224581400414,0.7777584110803775,Estimable
2023,protein_pct,year,TRUE,Fm324,14.253714561462262,0.7777584110803774,Estimable
2023,protein_pct,year,TRUE,Fm325,13.10680421193427,0.7777584110803774,Estimable
2023,protein_pct,year,TRUE,Fm328,14.468915939330914,0.7777584110803774,Estimable
2023,protein_pct,year,TRUE,Fm332,15.0891059239704,0.7777584110803774,Estimable
2023,protein_pct,year,TRUE,Fm337,13.189461708068709,0.7777584110803775,Estimable
2023,protein_pct,year,TRUE,Fm341,15.088761011759306,0.7777584110803774,Estimable
2023,protein_pct,year,TRUE,Fm343,13.76716581980374,0.7777584110803775,Estimable
2023,protein_pct,year,TRUE,Fm344,16.48810164133694,0.7777584110803774,Estimable
2023,protein_pct,year,TRUE,Fm347,10.512955983479682,0.7777584110803774,Estimable
2023,protein_pct,year,TRUE,Fm349,12.497230211893584,0.7777584110803774,Estimable
2023,protein_pct,year,TRUE,Fm351,15.205609321594103,0.7777584110803774,Estimable
2023,protein_pct,year,TRUE,Fm352,15.103057861327994,0.7777584110803775,Estimable
2023,protein_pct,year,TRUE,Fm354,11.393779118855658,0.7777584110803774,Estimable
2023,protein_pct,year,TRUE,Fm355,13.567890803019075,0.7777584110803775,Estimable
2023,protein_pct,year,TRUE,Fm356,14.6723709106444,0.7777584110803775,Estimable
2023,protein_pct,year,TRUE,Fm357,15.711560567219921,0.7777584110803775,Estimable
2023,protein_pct,year,TRUE,Fm358,15.977554639180367,0.7777584110803775,Estimable
2023,protein_pct,year,TRUE,Fm359,15.793440500895054,0.7777584110803776,Estimable
2023,protein_pct,year,TRUE,Fm36,17.96776580810534,0.7777584110803776,Estimable
2023,protein_pct,year,TRUE,Fm361,15.782553990681834,0.7777584110803776,Estimable
2023,protein_pct,year,TRUE,Fm362,14.620900154113636,0.7777584110803776,Estimable
2023,protein_pct,year,TRUE,Fm363,13.024508158365753,0.7777584110803776,Estimable
2023,protein_pct,year,TRUE,Fm364,14.197114626566437,0.7777584110803776,Estimable
2023,protein_pct,year,TRUE,Fm366,11.96755282084134,0.7777584110803776,Estimable
2023,protein_pct,year,TRUE,Fm368,13.436233202616243,0.7777584110803776,Estimable
2023,protein_pct,year,TRUE,Fm369,14.646834055582548,0.7777584110803776,Estimable
2023,protein_pct,year,TRUE,Fm370,14.641781806945666,0.7777584110803776,Estimable
2023,protein_pct,year,TRUE,Fm375,15.344568570454781,0.7777584110803776,Estimable
2023,protein_pct,year,TRUE,Fm376,16.226140022277697,0.7777584110803776,Estimable
2023,protein_pct,year,TRUE,Fm377,14.780982335408392,0.7777584110803777,Estimable
2023,protein_pct,year,TRUE,Fm379,15.67726103464749,0.7777584110803777,Estimable
2023,protein_pct,year,TRUE,Fm380,14.661535898844265,0.7777584110803777,Estimable
2023,protein_pct,year,TRUE,Fm381,14.356973330179718,0.7777584110803776,Estimable
2023,protein_pct,year,TRUE,Fm383,16.17431004842109,0.7777584110803777,Estimable
2023,protein_pct,year,TRUE,Fm384,15.032439867655302,0.7777584110803776,Estimable
2023,protein_pct,year,TRUE,Fm387,12.837387720743681,0.7777584110803776,Estimable
2023,protein_pct,year,TRUE,Fm388,15.426865577697619,0.7777584110803777,Estimable
2023,protein_pct,year,TRUE,Fm389,14.034364700317246,0.7777584110803777,Estimable
2023,protein_pct,year,TRUE,Fm391,13.405567804972193,0.7777584110803778,Estimable
2023,protein_pct,year,TRUE,Fm392,15.010161081949736,0.7777584110803778,Estimable
2023,protein_pct,year,TRUE,Fm394,13.83396148681627,0.7777584110803778,Estimable
2023,protein_pct,year,TRUE,Fm395,15.271597862243516,0.7777584110803777,Estimable
2023,protein_pct,year,TRUE,Fm396,17.18562889099108,0.7777584110803777,Estimable
2023,protein_pct,year,TRUE,Fm400,15.31904983520494,0.7777584110803777,Estimable
2023,protein_pct,year,TRUE,Fm401,14.925764401753604,0.7777584110803777,Estimable
2023,protein_pct,year,TRUE,Fm403,16.134878794352073,0.7777584110803777,Estimable
2023,protein_pct,year,TRUE,Fm404,14.333326339721541,0.7777584110803777,Estimable
2023,protein_pct,year,TRUE,Fm405,16.284625371297064,0.7777584110803777,Estimable
2023,protein_pct,year,TRUE,Fm406,13.483076095580918,0.7777584110803777,Estimable
2023,protein_pct,year,TRUE,Fm407,13.203465143839379,0.7777584110803777,Estimable
2023,protein_pct,year,TRUE,Fm409,15.779368400573592,0.7777584110803777,Estimable
2023,protein_pct,year,TRUE,Fm41,16.700402259826518,0.7777584110803777,Estimable
2023,protein_pct,year,TRUE,Fm410,16.564095815022647,0.7777584110803777,Estimable
2023,protein_pct,year,TRUE,Fm411,13.788757642110049,0.7777584110803777,Estimable
2023,protein_pct,year,TRUE,Fm413,15.325249354044457,0.7777584110803777,Estimable
2023,protein_pct,year,TRUE,Fm415,18.028011957804218,0.7777584110803777,Estimable
2023,protein_pct,year,TRUE,Fm416,15.760430335998391,0.7777584110803777,Estimable
2023,protein_pct,year,TRUE,Fm417,19.05569585164374,0.7777584110803777,Estimable
2023,protein_pct,year,TRUE,Fm418,15.738319079081075,0.7777584110803778,Estimable
2023,protein_pct,year,TRUE,Fm419,13.805072148640809,0.7777584110803778,Estimable
2023,protein_pct,year,TRUE,Fm420,12.466530799865582,0.7777584110803777,Estimable
2023,protein_pct,year,TRUE,Fm421,14.285505930582543,0.7777584110803778,Estimable
2023,protein_pct,year,TRUE,Fm429,16.107912063598494,0.7777584110803777,Estimable
2023,protein_pct,year,TRUE,Fm44,19.11905161539699,0.7777584110803779,Estimable
2023,protein_pct,year,TRUE,Fm442,15.001578648884948,0.7777584110803779,Estimable
2023,protein_pct,year,TRUE,Fm443,13.385948816935079,0.7777584110803779,Estimable
2023,protein_pct,year,TRUE,Fm446,13.512921015421407,0.7777584110803779,Estimable
2023,protein_pct,year,TRUE,Fm461,14.564233144124204,0.7777584110803778,Estimable
2023,protein_pct,year,TRUE,Fm474,16.43027464548733,0.7777584110803778,Estimable
2023,protein_pct,year,TRUE,Fm475,13.649221738179385,0.7777584110803779,Estimable
2023,protein_pct,year,TRUE,Fm476,13.793580055236673,0.7777584110803778,Estimable
2023,protein_pct,year,TRUE,Fm477,12.174354871113954,0.7777584110803778,Estimable
2023,protein_pct,year,TRUE,Fm480,12.92977174123114,0.7777584110803779,Estimable
2023,protein_pct,year,TRUE,Fm482,13.265347162882346,0.7777584110803779,Estimable
2023,protein_pct,year,TRUE,Fm484,13.86881097157782,0.7777584110803779,Estimable
2023,protein_pct,year,TRUE,Fm489,13.085368156432963,0.7777584110803778,Estimable
2023,protein_pct,year,TRUE,Fm492,13.6337467829385,0.7777584110803778,Estimable
2023,protein_pct,year,TRUE,Fm518,11.523692131042338,0.7777584110803778,Estimable
2023,protein_pct,year,TRUE,Fm519,13.304966290791691,0.7777584110803777,Estimable
2023,protein_pct,year,TRUE,Fm523,15.259088834126654,0.7777584110803777,Estimable
2023,protein_pct,year,TRUE,Fm524,15.380965232848988,0.7777584110803777,Estimable
2023,protein_pct,year,TRUE,Fm537,16.341658274332545,0.7777584110803777,Estimable
2023,protein_pct,year,TRUE,Fm560,16.211385091145694,0.7777584110803777,Estimable
2023,protein_pct,year,TRUE,Fm566,17.45218849182115,0.7777584110803777,Estimable
2023,protein_pct,year,TRUE,Fm569,15.605604489644232,0.7777584110803777,Estimable
2023,protein_pct,year,TRUE,Fm585,15.316801706949732,0.7777584110803777,Estimable
2023,protein_pct,year,TRUE,Fm589,14.010453542073432,0.7777584110803777,Estimable
2023,protein_pct,year,TRUE,Fm590,16.34437179565416,0.7777584110803777,Estimable
2023,protein_pct,year,TRUE,Fm592,18.877307256062682,0.7777584110803777,Estimable
2023,protein_pct,year,TRUE,Fm600,15.682194391886254,0.7777584110803777,Estimable
2023,protein_pct,year,TRUE,Fm601,16.48850727081285,0.7777584110803777,Estimable
2023,protein_pct,year,TRUE,Fm603,16.207182566324732,0.7777584110803777,Estimable
2023,protein_pct,year,TRUE,Fm610,19.80735270182278,0.7777584110803777,Estimable
2023,protein_pct,year,TRUE,Fm611,19.068961461384948,0.7777584110803777,Estimable
2023,protein_pct,year,TRUE,Fm612,17.736089070637885,0.7777584110803777,Estimable
2023,protein_pct,year,TRUE,Fm614,16.398255030313983,0.7777584110803777,Estimable
2023,protein_pct,year,TRUE,Fm615,19.161219914754092,0.7777584110803777,Estimable
2023,protein_pct,year,TRUE,Fm616,17.70639165242499,0.7777584110803777,Estimable
2023,protein_pct,year,TRUE,Fm621,14.564057032267112,0.7777584110803777,Estimable
2023,protein_pct,year,TRUE,Fm65,19.79157002766913,0.7777584110803777,Estimable
2023,protein_pct,year,TRUE,Fm78,20.0022614796955,0.7777584110803776,Estimable
2023,fat_pct,year,TRUE,Fm181,4.53851500576483,0.18245269967507022,Estimable
2023,fat_pct,year,TRUE,Fm190,4.8209013932803675,0.18245269967502856,Estimable
2023,fat_pct,year,TRUE,Fm193,3.85975065701323,0.18245269967502856,Estimable
2023,fat_pct,year,TRUE,Fm194,3.0971033900192073,0.18245269967502856,Estimable
2023,fat_pct,year,TRUE,Fm195,4.4622564876803485,0.18245269967502858,Estimable
2023,fat_pct,year,TRUE,Fm214,3.161138957554071,0.18245269967502856,Estimable
2023,fat_pct,year,TRUE,Fm215,4.1193188764910085,0.18245269967502856,Estimable
2023,fat_pct,year,TRUE,Fm216,4.433837086725437,0.18245269967502856,Estimable
2023,fat_pct,year,TRUE,Fm219,4.137578057566085,0.18245269967502856,Estimable
2023,fat_pct,year,TRUE,Fm221,2.857463553710318,0.18245269967502856,Estimable
2023,fat_pct,year,TRUE,Fm233,3.549096177711451,0.18245269967502858,Estimable
2023,fat_pct,year,TRUE,Fm236,2.632942705262981,0.18245269967502856,Estimable
2023,fat_pct,year,TRUE,Fm238,3.3593929434528738,0.18245269967502856,Estimable
2023,fat_pct,year,TRUE,Fm250,3.912800196008704,0.18245269967502856,Estimable
2023,fat_pct,year,TRUE,Fm255,4.363422795507927,0.18245269967502856,Estimable
2023,fat_pct,year,TRUE,Fm322,2.968221691597836,0.18245269967502856,Estimable
2023,fat_pct,year,TRUE,Fm324,3.8935590979297507,0.18245269967502856,Estimable
2023,fat_pct,year,TRUE,Fm325,4.0939815089494305,0.18245269967502856,Estimable
2023,fat_pct,year,TRUE,Fm328,4.497645003604759,0.18245269967502858,Estimable
2023,fat_pct,year,TRUE,Fm332,4.030439542089454,0.18245269967502858,Estimable
2023,fat_pct,year,TRUE,Fm337,4.3006980108637345,0.18245269967502856,Estimable
2023,fat_pct,year,TRUE,Fm341,3.9632035565046118,0.18245269967502858,Estimable
2023,fat_pct,year,TRUE,Fm344,4.119466424081226,0.18245269967502858,Estimable
2023,fat_pct,year,TRUE,Fm345,3.958870342190616,0.18245269967502858,Estimable
2023,fat_pct,year,TRUE,Fm347,3.24775040330729,0.18245269967502858,Estimable
2023,fat_pct,year,TRUE,Fm349,2.7397617193984822,0.18245269967502858,Estimable
2023,fat_pct,year,TRUE,Fm351,4.165173573070212,0.18245269967502858,Estimable
2023,fat_pct,year,TRUE,Fm352,3.8957941501684807,0.18245269967502858,Estimable
2023,fat_pct,year,TRUE,Fm354,3.606834643483766,0.18245269967502858,Estimable
2023,fat_pct,year,TRUE,Fm355,3.485704115364365,0.1824526996750286,Estimable
2023,fat_pct,year,TRUE,Fm356,3.3365580178846233,0.18245269967502858,Estimable
2023,fat_pct,year,TRUE,Fm357,4.158331782627778,0.1824526996750286,Estimable
2023,fat_pct,year,TRUE,Fm358,3.515220585821763,0.1824526996750286,Estimable
2023,fat_pct,year,TRUE,Fm359,3.532566312422015,0.1824526996750286,Estimable
2023,fat_pct,year,TRUE,Fm361,3.707129826516018,0.1824526996750286,Estimable
2023,fat_pct,year,TRUE,Fm362,3.426161264541894,0.1824526996750286,Estimable
2023,fat_pct,year,TRUE,Fm363,3.5873456927323972,0.1824526996750286,Estimable
2023,fat_pct,year,TRUE,Fm364,3.366191188419696,0.1824526996750286,Estimable
2023,fat_pct,year,TRUE,Fm365,3.8117192656188195,0.1824526996750286,Estimable
2023,fat_pct,year,TRUE,Fm366,3.3036129924684254,0.1824526996750286,Estimable
2023,fat_pct,year,TRUE,Fm368,3.8217954646077903,0.1824526996750286,Estimable
2023,fat_pct,year,TRUE,Fm369,3.6118022346565466,0.1824526996750286,Estimable
2023,fat_pct,year,TRUE,Fm370,3.318327022667403,0.1824526996750286,Estimable
2023,fat_pct,year,TRUE,Fm375,4.5467482173161455,0.1824526996750286,Estimable
2023,fat_pct,year,TRUE,Fm376,4.40990886370721,0.1824526996750286,Estimable
2023,fat_pct,year,TRUE,Fm377,4.944294447831625,0.1824526996750286,Estimable
2023,fat_pct,year,TRUE,Fm379,4.011587132747111,0.1824526996750286,Estimable
2023,fat_pct,year,TRUE,Fm380,3.3735511385777723,0.1824526996750286,Estimable
2023,fat_pct,year,TRUE,Fm381,4.058332965742774,0.1824526996750286,Estimable
2023,fat_pct,year,TRUE,Fm383,4.130465847894299,0.1824526996750286,Estimable
2023,fat_pct,year,TRUE,Fm384,3.8607610769447596,0.1824526996750286,Estimable
2023,fat_pct,year,TRUE,Fm388,4.761392852566668,0.1824526996750286,Estimable
2023,fat_pct,year,TRUE,Fm389,3.58440410762218,0.1824526996750286,Estimable
2023,fat_pct,year,TRUE,Fm391,3.9578962178435293,0.1824526996750286,Estimable
2023,fat_pct,year,TRUE,Fm392,3.7798534354853044,0.1824526996750286,Estimable
2023,fat_pct,year,TRUE,Fm394,3.9662914929661306,0.1824526996750286,Estimable
2023,fat_pct,year,TRUE,Fm395,3.6422771708684696,0.1824526996750286,Estimable
2023,fat_pct,year,TRUE,Fm396,3.8779011563755432,0.1824526996750286,Estimable
2023,fat_pct,year,TRUE,Fm398,4.029489886309231,0.1824526996750286,Estimable
2023,fat_pct,year,TRUE,Fm400,3.819132050595991,0.18245269967502858,Estimable
2023,fat_pct,year,TRUE,Fm401,3.705993200806502,0.1824526996750286,Estimable
2023,fat_pct,year,TRUE,Fm403,4.213166197132253,0.1824526996750286,Estimable
2023,fat_pct,year,TRUE,Fm404,4.273423038518001,0.18245269967502864,Estimable
2023,fat_pct,year,TRUE,Fm405,4.3834799875994594,0.18245269967502864,Estimable
2023,fat_pct,year,TRUE,Fm406,4.05366288072321,0.18245269967502864,Estimable
2023,fat_pct,year,TRUE,Fm407,3.975012512428622,0.18245269967502864,Estimable
2023,fat_pct,year,TRUE,Fm409,4.022881072772582,0.18245269967502864,Estimable
2023,fat_pct,year,TRUE,Fm410,3.725372971354837,0.18245269967502864,Estimable
2023,fat_pct,year,TRUE,Fm411,3.765912787967065,0.18245269967502864,Estimable
2023,fat_pct,year,TRUE,Fm413,4.082173058283769,0.18245269967502867,Estimable
2023,fat_pct,year,TRUE,Fm415,4.415937015273258,0.18245269967502864,Estimable
2023,fat_pct,year,TRUE,Fm416,3.636244975914821,0.18245269967502864,Estimable
2023,fat_pct,year,TRUE,Fm417,4.039350113329766,0.18245269967502864,Estimable
2023,fat_pct,year,TRUE,Fm418,3.5401142963720162,0.1824526996750286,Estimable
2023,fat_pct,year,TRUE,Fm419,3.200322211914948,0.18245269967502864,Estimable
2023,fat_pct,year,TRUE,Fm420,3.155091749423409,0.18245269967502864,Estimable
2023,fat_pct,year,TRUE,Fm421,3.200620892437006,0.1824526996750286,Estimable
2023,fat_pct,year,TRUE,Fm429,3.3511397236644096,0.18245269967502867,Estimable
2023,fat_pct,year,TRUE,Fm442,3.630698708230196,0.18245269967502867,Estimable
2023,fat_pct,year,TRUE,Fm443,3.8422639409276464,0.18245269967502864,Estimable
2023,fat_pct,year,TRUE,Fm446,3.0857732468376726,0.18245269967502867,Estimable
2023,fat_pct,year,TRUE,Fm474,3.952180440550732,0.18245269967502867,Estimable
2023,fat_pct,year,TRUE,Fm475,4.686762157602536,0.18245269967502867,Estimable
2023,fat_pct,year,TRUE,Fm476,4.017665783499505,0.18245269967502864,Estimable
2023,fat_pct,year,TRUE,Fm477,3.2905300407902525,0.1824526996750286,Estimable
2023,fat_pct,year,TRUE,Fm480,4.136377154481055,0.18245269967502867,Estimable
2023,fat_pct,year,TRUE,Fm482,4.097714222249155,0.18245269967502867,Estimable
2023,fat_pct,year,TRUE,Fm484,4.587338445714542,0.18245269967502867,Estimable
2023,fat_pct,year,TRUE,Fm489,2.425977334672713,0.18245269967502867,Estimable
2023,fat_pct,year,TRUE,Fm491,3.8167802045689103,0.18245269967502864,Estimable
2023,fat_pct,year,TRUE,Fm492,3.868709775885482,0.18245269967502864,Estimable
2023,fat_pct,year,TRUE,Fm518,3.023637109317325,0.18245269967502867,Estimable
2023,fat_pct,year,TRUE,Fm519,3.127721331719793,0.18245269967502864,Estimable
2023,fat_pct,year,TRUE,Fm523,3.083624660245448,0.18245269967502864,Estimable
2023,fat_pct,year,TRUE,Fm524,3.859759984169459,0.18245269967502867,Estimable
2023,fat_pct,year,TRUE,Fm537,4.083628795890944,0.18245269967502864,Estimable
2023,fat_pct,year,TRUE,Fm560,4.227331945333679,0.18245269967502864,Estimable
2023,fat_pct,year,TRUE,Fm566,4.97950709255046,0.18245269967502864,Estimable
2023,fat_pct,year,TRUE,Fm569,4.080184514401703,0.1824526996750286,Estimable
2023,fat_pct,year,TRUE,Fm585,5.401730578824801,0.18245269967502864,Estimable
2023,fat_pct,year,TRUE,Fm589,4.003612703941505,0.1824526996750286,Estimable
2023,fat_pct,year,TRUE,Fm590,4.34801171612144,0.1824526996750286,Estimable
2023,fat_pct,year,TRUE,Fm592,4.9730195656777045,0.1824526996750286,Estimable
2023,fat_pct,year,TRUE,Fm600,3.8833542825705876,0.1824526996750286,Estimable
2023,fat_pct,year,TRUE,Fm603,4.585404461622471,0.18245269967502864,Estimable
2023,fat_pct,year,TRUE,Fm610,4.535146520976712,0.1824526996750286,Estimable
2023,fat_pct,year,TRUE,Fm611,4.38934167691335,0.1824526996750286,Estimable
2023,fat_pct,year,TRUE,Fm612,4.640223888843342,0.1824526996750286,Estimable
2023,fat_pct,year,TRUE,Fm614,3.6350805841404945,0.1824526996750286,Estimable
2023,fat_pct,year,TRUE,Fm615,4.2184080370227175,0.18245269967502864,Estimable
2023,fat_pct,year,TRUE,Fm616,4.2512442154569605,0.1824526996750286,Estimable
2023,fat_pct,year,TRUE,Fm621,3.8684816867100476,0.18245269967502864,Estimable
2023,fat_pct,year,TRUE,Fm78,3.8191224242427486,0.18245269967502864,Estimable
2023,panicle_length_cm,year,TRUE,Fm112,11.999999999993959,1.0036084017687534,Estimable
2023,panicle_length_cm,year,TRUE,Fm113,10.83333333333328,1.0036084017690645,Estimable
2023,panicle_length_cm,year,TRUE,Fm132,10.666666666666618,1.0036084017690645,Estimable
2023,panicle_length_cm,year,TRUE,Fm134,8.499999999999948,1.0036084017690645,Estimable
2023,panicle_length_cm,year,TRUE,Fm135,9.333333333333286,1.0036084017690645,Estimable
2023,panicle_length_cm,year,TRUE,Fm136,10.333333333333288,1.0036084017690645,Estimable
2023,panicle_length_cm,year,TRUE,Fm138,10.333333333333288,1.0036084017690645,Estimable
2023,panicle_length_cm,year,TRUE,Fm139,12.499999999999957,1.0036084017690645,Estimable
2023,panicle_length_cm,year,TRUE,Fm141,9.83333333333329,1.0036084017690645,Estimable
2023,panicle_length_cm,year,TRUE,Fm146,10.999999999999957,1.0036084017690645,Estimable
2023,panicle_length_cm,year,TRUE,Fm150,11.333333333333291,1.0036084017690645,Estimable
2023,panicle_length_cm,year,TRUE,Fm170,12.33333333333329,1.0036084017690647,Estimable
2023,panicle_length_cm,year,TRUE,Fm173,11.499999999999956,1.0036084017690647,Estimable
2023,panicle_length_cm,year,TRUE,Fm174,10.999999999999956,1.0036084017690647,Estimable
2023,panicle_length_cm,year,TRUE,Fm175,9.499999999999956,1.0036084017690647,Estimable
2023,panicle_length_cm,year,TRUE,Fm176,11.999999999999957,1.0036084017690647,Estimable
2023,panicle_length_cm,year,TRUE,Fm177,12.333333333333291,1.0036084017690647,Estimable
2023,panicle_length_cm,year,TRUE,Fm180,10.166666666666622,1.0036084017690647,Estimable
2023,panicle_length_cm,year,TRUE,Fm181,15.333333333333291,1.0036084017690647,Estimable
2023,panicle_length_cm,year,TRUE,Fm184,14.333333333333291,1.0036084017690647,Estimable
2023,panicle_length_cm,year,TRUE,Fm185,10.999999999999956,1.0036084017690647,Estimable
2023,panicle_length_cm,year,TRUE,Fm190,20.999999999999954,1.0036084017690647,Estimable
2023,panicle_length_cm,year,TRUE,Fm193,14.166666666666623,1.0036084017690647,Estimable
2023,panicle_length_cm,year,TRUE,Fm194,9.666666666666618,1.0036084017690647,Estimable
2023,panicle_length_cm,year,TRUE,Fm195,17.999999999999954,1.0036084017690647,Estimable
2023,panicle_length_cm,year,TRUE,Fm203,15.33333333333329,1.0036084017690647,Estimable
2023,panicle_length_cm,year,TRUE,Fm207,16.333333333333286,1.0036084017690647,Estimable
2023,panicle_length_cm,year,TRUE,Fm208,19.833333333333286,1.0036084017690647,Estimable
2023,panicle_length_cm,year,TRUE,Fm214,12.166666666666618,1.0036084017690647,Estimable
2023,panicle_length_cm,year,TRUE,Fm215,19.166666666666615,1.0036084017690647,Estimable
2023,panicle_length_cm,year,TRUE,Fm216,17.666666666666615,1.0036084017690647,Estimable
2023,panicle_length_cm,year,TRUE,Fm219,14.833333333333284,1.0036084017690647,Estimable
2023,panicle_length_cm,year,TRUE,Fm220,11.33333333333328,1.0036084017690647,Estimable
2023,panicle_length_cm,year,TRUE,Fm221,11.666666666666616,1.0036084017690647,Estimable
2023,panicle_length_cm,year,TRUE,Fm225,15.666666666666616,1.0036084017690647,Estimable
2023,panicle_length_cm,year,TRUE,Fm227,14.333333333333284,1.0036084017690647,Estimable
2023,panicle_length_cm,year,TRUE,Fm228,8.333333333333279,1.0036084017690647,Estimable
2023,panicle_length_cm,year,TRUE,Fm232,10.666666666666615,1.0036084017690647,Estimable
2023,panicle_length_cm,year,TRUE,Fm233,13.666666666666618,1.0036084017690647,Estimable
2023,panicle_length_cm,year,TRUE,Fm234,11.499999999999947,1.0036084017690647,Estimable
2023,panicle_length_cm,year,TRUE,Fm235,13.333333333333282,1.0036084017690647,Estimable
2023,panicle_length_cm,year,TRUE,Fm236,13.666666666666616,1.003608401769065,Estimable
2023,panicle_length_cm,year,TRUE,Fm238,11.83333333333328,1.003608401769065,Estimable
2023,panicle_length_cm,year,TRUE,Fm245,16.833333333333282,1.0036084017690647,Estimable
2023,panicle_length_cm,year,TRUE,Fm246,18.99999999999995,1.0036084017690647,Estimable
2023,panicle_length_cm,year,TRUE,Fm249,18.333333333333282,1.0036084017690647,Estimable
2023,panicle_length_cm,year,TRUE,Fm250,17.99999999999995,1.0036084017690647,Estimable
2023,panicle_length_cm,year,TRUE,Fm251,11.499999999999945,1.0036084017690647,Estimable
2023,panicle_length_cm,year,TRUE,Fm255,11.33333333333328,1.003608401769065,Estimable
2023,panicle_length_cm,year,TRUE,Fm28,10.666666666666613,1.003608401769065,Estimable
2023,panicle_length_cm,year,TRUE,Fm3,9.499999999999947,1.0036084017690647,Estimable
2023,panicle_length_cm,year,TRUE,Fm30,12.499999999999948,1.0036084017690647,Estimable
2023,panicle_length_cm,year,TRUE,Fm31,10.499999999999945,1.0036084017690647,Estimable
2023,panicle_length_cm,year,TRUE,Fm321,10.999999999999947,1.0036084017690647,Estimable
2023,panicle_length_cm,year,TRUE,Fm322,14.666666666666618,1.0036084017690647,Estimable
2023,panicle_length_cm,year,TRUE,Fm324,12.166666666666615,1.0036084017690647,Estimable
2023,panicle_length_cm,year,TRUE,Fm325,15.49999999999995,1.0036084017690647,Estimable
2023,panicle_length_cm,year,TRUE,Fm328,12.999999999999948,1.0036084017690647,Estimable
2023,panicle_length_cm,year,TRUE,Fm332,11.666666666666613,1.0036084017690647,Estimable
2023,panicle_length_cm,year,TRUE,Fm334,12.833333333333282,1.0036084017690647,Estimable
2023,panicle_length_cm,year,TRUE,Fm336,11.83333333333328,1.0036084017690647,Estimable
2023,panicle_length_cm,year,TRUE,Fm337,14.166666666666618,1.0036084017690647,Estimable
2023,panicle_length_cm,year,TRUE,Fm341,12.33333333333328,1.003608401769065,Estimable
2023,panicle_length_cm,year,TRUE,Fm343,10.833333333333279,1.0036084017690647,Estimable
2023,panicle_length_cm,year,TRUE,Fm344,13.49999999999995,1.0036084017690647,Estimable
2023,panicle_length_cm,year,TRUE,Fm345,19.166666666666615,1.0036084017690647,Estimable
2023,panicle_length_cm,year,TRUE,Fm347,14.499999999999948,1.0036084017690647,Estimable
2023,panicle_length_cm,year,TRUE,Fm349,15.49999999999995,1.0036084017690647,Estimable
2023,panicle_length_cm,year,TRUE,Fm351,13.83333333333328,1.0036084017690647,Estimable
2023,panicle_length_cm,year,TRUE,Fm352,11.83333333333328,1.0036084017690647,Estimable
2023,panicle_length_cm,year,TRUE,Fm354,18.666666666666618,1.0036084017690647,Estimable
2023,panicle_length_cm,year,TRUE,Fm355,13.166666666666616,1.0036084017690647,Estimable
2023,panicle_length_cm,year,TRUE,Fm356,15.333333333333282,1.0036084017690647,Estimable
2023,panicle_length_cm,year,TRUE,Fm357,10.833333333333279,1.0036084017690647,Estimable
2023,panicle_length_cm,year,TRUE,Fm358,11.33333333333328,1.0036084017690647,Estimable
2023,panicle_length_cm,year,TRUE,Fm359,14.333333333333282,1.0036084017690647,Estimable
2023,panicle_length_cm,year,TRUE,Fm36,10.666666666666611,1.003608401769065,Estimable
2023,panicle_length_cm,year,TRUE,Fm361,12.666666666666615,1.0036084017690647,Estimable
2023,panicle_length_cm,year,TRUE,Fm362,12.166666666666615,1.003608401769065,Estimable
2023,panicle_length_cm,year,TRUE,Fm363,17.499999999999954,1.003608401769065,Estimable
2023,panicle_length_cm,year,TRUE,Fm364,15.66666666666662,1.003608401769065,Estimable
2023,panicle_length_cm,year,TRUE,Fm365,14.333333333333284,1.003608401769065,Estimable
2023,panicle_length_cm,year,TRUE,Fm366,17.666666666666618,1.003608401769065,Estimable
2023,panicle_length_cm,year,TRUE,Fm368,11.83333333333328,1.003608401769065,Estimable
2023,panicle_length_cm,year,TRUE,Fm369,14.499999999999954,1.003608401769065,Estimable
2023,panicle_length_cm,year,TRUE,Fm370,13.833333333333284,1.003608401769065,Estimable
2023,panicle_length_cm,year,TRUE,Fm372,12.166666666666616,1.0036084017690652,Estimable
2023,panicle_length_cm,year,TRUE,Fm375,8.499999999999943,1.0036084017690652,Estimable
2023,panicle_length_cm,year,TRUE,Fm376,12.666666666666618,1.0036084017690652,Estimable
2023,panicle_length_cm,year,TRUE,Fm377,11.999999999999948,1.003608401769065,Estimable
2023,panicle_length_cm,year,TRUE,Fm378,11.99999999999995,1.003608401769065,Estimable
2023,panicle_length_cm,year,TRUE,Fm379,8.499999999999943,1.0036084017690652,Estimable
2023,panicle_length_cm,year,TRUE,Fm380,10.499999999999947,1.003608401769065,Estimable
2023,panicle_length_cm,year,TRUE,Fm381,10.999999999999948,1.003608401769065,Estimable
2023,panicle_length_cm,year,TRUE,Fm382,12.99999999999995,1.003608401769065,Estimable
2023,panicle_length_cm,year,TRUE,Fm383,11.833333333333282,1.003608401769065,Estimable
2023,panicle_length_cm,year,TRUE,Fm384,12.333333333333286,1.003608401769065,Estimable
2023,panicle_length_cm,year,TRUE,Fm387,12.999999999999952,1.0036084017690647,Estimable
2023,panicle_length_cm,year,TRUE,Fm388,15.333333333333286,1.0036084017690647,Estimable
2023,panicle_length_cm,year,TRUE,Fm389,12.499999999999954,1.0036084017690647,Estimable
2023,panicle_length_cm,year,TRUE,Fm390,11.333333333333286,1.0036084017690647,Estimable
2023,panicle_length_cm,year,TRUE,Fm391,11.833333333333288,1.0036084017690647,Estimable
2023,panicle_length_cm,year,TRUE,Fm392,10.499999999999952,1.0036084017690647,Estimable
2023,panicle_length_cm,year,TRUE,Fm394,13.166666666666622,1.0036084017690647,Estimable
2023,panicle_length_cm,year,TRUE,Fm395,14.999999999999956,1.003608401769065,Estimable
2023,panicle_length_cm,year,TRUE,Fm396,14.666666666666622,1.0036084017690647,Estimable
2023,panicle_length_cm,year,TRUE,Fm398,10.333333333333284,1.0036084017690647,Estimable
2023,panicle_length_cm,year,TRUE,Fm400,16.499999999999957,1.0036084017690647,Estimable
2023,panicle_length_cm,year,TRUE,Fm401,14.333333333333288,1.0036084017690647,Estimable
2023,panicle_length_cm,year,TRUE,Fm403,16.33333333333329,1.0036084017690647,Estimable
2023,panicle_length_cm,year,TRUE,Fm404,11.333333333333286,1.0036084017690647,Estimable
2023,panicle_length_cm,year,TRUE,Fm405,12.999999999999952,1.0036084017690647,Estimable
2023,panicle_length_cm,year,TRUE,Fm406,12.333333333333286,1.0036084017690647,Estimable
2023,panicle_length_cm,year,TRUE,Fm407,16.16666666666662,1.0036084017690647,Estimable
2023,panicle_length_cm,year,TRUE,Fm409,17.666666666666618,1.0036084017690647,Estimable
2023,panicle_length_cm,year,TRUE,Fm41,12.999999999999952,1.0036084017690647,Estimable
2023,panicle_length_cm,year,TRUE,Fm411,18.666666666666618,1.0036084017690647,Estimable
2023,panicle_length_cm,year,TRUE,Fm412,12.499999999999952,1.0036084017690647,Estimable
2023,panicle_length_cm,year,TRUE,Fm413,13.833333333333286,1.0036084017690647,Estimable
2023,panicle_length_cm,year,TRUE,Fm414,13.16666666666662,1.0036084017690645,Estimable
2023,panicle_length_cm,year,TRUE,Fm415,9.833333333333284,1.0036084017690645,Estimable
2023,panicle_length_cm,year,TRUE,Fm416,13.333333333333286,1.0036084017690645,Estimable
2023,panicle_length_cm,year,TRUE,Fm417,9.166666666666618,1.0036084017690645,Estimable
2023,panicle_length_cm,year,TRUE,Fm418,12.333333333333284,1.0036084017690645,Estimable
2023,panicle_length_cm,year,TRUE,Fm419,10.833333333333282,1.0036084017690645,Estimable
2023,panicle_length_cm,year,TRUE,Fm43,10.66666666666662,1.0036084017690645,Estimable
2023,panicle_length_cm,year,TRUE,Fm44,10.833333333333286,1.0036084017690645,Estimable
2023,panicle_length_cm,year,TRUE,Fm45,10.833333333333288,1.0036084017690645,Estimable
2023,panicle_length_cm,year,TRUE,Fm46,11.33333333333329,1.0036084017690645,Estimable
2023,panicle_length_cm,year,TRUE,Fm54,8.499999999999952,1.0036084017690647,Estimable
2023,panicle_length_cm,year,TRUE,Fm55,11.999999999999956,1.0036084017690645,Estimable
2023,panicle_length_cm,year,TRUE,Fm56,10.499999999999954,1.0036084017690645,Estimable
2023,panicle_length_cm,year,TRUE,Fm63,10.333333333333288,1.0036084017690645,Estimable
2023,panicle_length_cm,year,TRUE,Fm65,11.33333333333329,1.0036084017690645,Estimable
2023,panicle_length_cm,year,TRUE,Fm74,9.999999999999954,1.0036084017690647,Estimable
2023,panicle_length_cm,year,TRUE,Fm78,10.166666666666622,1.0036084017690645,Estimable
2023,panicle_length_cm,year,TRUE,Fm79,9.16666666666662,1.0036084017690645,Estimable
2023,panicle_length_cm,year,TRUE,Fm81,10.999999999999954,1.0036084017690645,Estimable
2023,panicle_length_cm,year,TRUE,Fm83,11.499999999999954,1.0036084017690645,Estimable
2023,panicle_length_cm,year,TRUE,Fm84,8.66666666666662,1.0036084017690645,Estimable
2023,panicle_length_cm,year,TRUE,Fm86,8.333333333333288,1.0036084017690645,Estimable
2023,panicle_length_cm,year,TRUE,Fm87,9.166666666666622,1.0036084017690645,Estimable
2023,panicle_length_cm,year,TRUE,Fm88,10.499999999999956,1.0036084017690645,Estimable
2023,panicle_length_cm,year,TRUE,Fm91,9.833333333333288,1.0036084017690645,Estimable
2023,panicle_length_cm,year,TRUE,Fm96,9.83333333333329,1.0036084017690645,Estimable
2023,panicle_length_cm,year,TRUE,Fm97,11.333333333333291,1.0036084017690645,Estimable
2023,pedicel_length_cm,year,TRUE,Fm112,1.3666666666650387,1.120610822345586,Estimable
2023,pedicel_length_cm,year,TRUE,Fm113,3.833333333333295,1.1206108223463656,Estimable
2023,pedicel_length_cm,year,TRUE,Fm132,4.599999999999933,1.1206108223463653,Estimable
2023,pedicel_length_cm,year,TRUE,Fm134,6.6666666666665835,1.1206108223463653,Estimable
2023,pedicel_length_cm,year,TRUE,Fm135,0.4999999999998985,1.1206108223463653,Estimable
2023,pedicel_length_cm,year,TRUE,Fm136,0.6333333333332488,1.1206108223463653,Estimable
2023,pedicel_length_cm,year,TRUE,Fm138,1.6666666666665937,1.1206108223463653,Estimable
2023,pedicel_length_cm,year,TRUE,Fm139,2.833333333333263,1.1206108223463653,Estimable
2023,pedicel_length_cm,year,TRUE,Fm141,0.2999999999999302,1.1206108223463653,Estimable
2023,pedicel_length_cm,year,TRUE,Fm146,0.9999999999999369,1.1206108223463653,Estimable
2023,pedicel_length_cm,year,TRUE,Fm150,1.8999999999999406,1.1206108223463653,Estimable
2023,pedicel_length_cm,year,TRUE,Fm170,3.3333333333332744,1.1206108223463653,Estimable
2023,pedicel_length_cm,year,TRUE,Fm173,0.5333333333332725,1.1206108223463653,Estimable
2023,pedicel_length_cm,year,TRUE,Fm174,1.499999999999943,1.1206108223463653,Estimable
2023,pedicel_length_cm,year,TRUE,Fm175,0.6999999999999434,1.1206108223463653,Estimable
2023,pedicel_length_cm,year,TRUE,Fm176,6.499999999999945,1.1206108223463653,Estimable
2023,pedicel_length_cm,year,TRUE,Fm177,0.9333333333332732,1.1206108223463653,Estimable
2023,pedicel_length_cm,year,TRUE,Fm180,7.166666666666607,1.1206108223463656,Estimable
2023,pedicel_length_cm,year,TRUE,Fm181,13.166666666666604,1.1206108223463656,Estimable
2023,pedicel_length_cm,year,TRUE,Fm184,3.3333333333332553,1.1206108223463656,Estimable
2023,pedicel_length_cm,year,TRUE,Fm185,6.166666666666589,1.1206108223463656,Estimable
2023,pedicel_length_cm,year,TRUE,Fm190,5.666666666666585,1.1206108223463656,Estimable
2023,pedicel_length_cm,year,TRUE,Fm193,7.499999999999915,1.1206108223463656,Estimable
2023,pedicel_length_cm,year,TRUE,Fm194,1.9999999999999112,1.1206108223463658,Estimable
2023,pedicel_length_cm,year,TRUE,Fm195,20.99999999999992,1.1206108223463658,Estimable
2023,pedicel_length_cm,year,TRUE,Fm203,5.499999999999897,1.1206108223463658,Estimable
2023,pedicel_length_cm,year,TRUE,Fm207,1.4999999999998945,1.1206108223463658,Estimable
2023,pedicel_length_cm,year,TRUE,Fm208,2.4999999999998974,1.1206108223463658,Estimable
2023,pedicel_length_cm,year,TRUE,Fm214,4.9999999999999,1.1206108223463656,Estimable
2023,pedicel_length_cm,year,TRUE,Fm215,8.333333333333233,1.1206108223463656,Estimable
2023,pedicel_length_cm,year,TRUE,Fm216,4.499999999999895,1.1206108223463656,Estimable
2023,pedicel_length_cm,year,TRUE,Fm219,9.833333333333222,1.1206108223463656,Estimable
2023,pedicel_length_cm,year,TRUE,Fm220,4.833333333333225,1.1206108223463658,Estimable
2023,pedicel_length_cm,year,TRUE,Fm221,7.333333333333224,1.1206108223463656,Estimable
2023,pedicel_length_cm,year,TRUE,Fm225,10.833333333333218,1.1206108223463656,Estimable
2023,pedicel_length_cm,year,TRUE,Fm227,8.999999999999883,1.1206108223463656,Estimable
2023,pedicel_length_cm,year,TRUE,Fm228,6.333333333333215,1.1206108223463656,Estimable
2023,pedicel_length_cm,year,TRUE,Fm232,5.166666666666547,1.1206108223463658,Estimable
2023,pedicel_length_cm,year,TRUE,Fm233,3.3333333333332127,1.1206108223463658,Estimable
2023,pedicel_length_cm,year,TRUE,Fm234,1.233333333333214,1.1206108223463658,Estimable
2023,pedicel_length_cm,year,TRUE,Fm235,2.5666666666665487,1.1206108223463656,Estimable
2023,pedicel_length_cm,year,TRUE,Fm236,9.666666666666547,1.1206108223463656,Estimable
2023,pedicel_length_cm,year,TRUE,Fm238,0.43333333333321444,1.1206108223463656,Estimable
2023,pedicel_length_cm,year,TRUE,Fm245,3.4999999999998828,1.1206108223463658,Estimable
2023,pedicel_length_cm,year,TRUE,Fm246,2.3333333333332167,1.1206108223463656,Estimable
2023,pedicel_length_cm,year,TRUE,Fm249,8.999999999999885,1.1206108223463658,Estimable
2023,pedicel_length_cm,year,TRUE,Fm250,4.833333333333216,1.1206108223463658,Estimable
2023,pedicel_length_cm,year,TRUE,Fm251,1.3333333333332154,1.1206108223463658,Estimable
2023,pedicel_length_cm,year,TRUE,Fm255,8.833333333333218,1.1206108223463658,Estimable
2023,pedicel_length_cm,year,TRUE,Fm28,3.333333333333215,1.1206108223463658,Estimable
2023,pedicel_length_cm,year,TRUE,Fm3,2.1666666666665484,1.1206108223463658,Estimable
2023,pedicel_length_cm,year,TRUE,Fm30,4.9999999999998845,1.1206108223463658,Estimable
2023,pedicel_length_cm,year,TRUE,Fm31,0.9999999999998841,1.1206108223463658,Estimable
2023,pedicel_length_cm,year,TRUE,Fm321,8.166666666666552,1.1206108223463658,Estimable
2023,pedicel_length_cm,year,TRUE,Fm322,0.9999999999998841,1.1206108223463658,Estimable
2023,pedicel_length_cm,year,TRUE,Fm324,9.166666666666552,1.1206108223463658,Estimable
2023,pedicel_length_cm,year,TRUE,Fm325,4.333333333333217,1.1206108223463658,Estimable
2023,pedicel_length_cm,year,TRUE,Fm328,3.6666666666665497,1.1206108223463658,Estimable
2023,pedicel_length_cm,year,TRUE,Fm332,2.8333333333332154,1.120610822346366,Estimable
2023,pedicel_length_cm,year,TRUE,Fm334,0.8333333333332166,1.120610822346366,Estimable
2023,pedicel_length_cm,year,TRUE,Fm336,6.999999999999888,1.120610822346366,Estimable
2023,pedicel_length_cm,year,TRUE,Fm337,4.499999999999885,1.120610822346366,Estimable
2023,pedicel_length_cm,year,TRUE,Fm341,2.6666666666665515,1.120610822346366,Estimable
2023,pedicel_length_cm,year,TRUE,Fm343,3.499999999999886,1.120610822346366,Estimable
2023,pedicel_length_cm,year,TRUE,Fm344,4.333333333333219,1.1206108223463658,Estimable
2023,pedicel_length_cm,year,TRUE,Fm345,5.499999999999886,1.1206108223463658,Estimable
2023,pedicel_length_cm,year,TRUE,Fm347,7.499999999999888,1.1206108223463658,Estimable
2023,pedicel_length_cm,year,TRUE,Fm349,1.4999999999998859,1.1206108223463658,Estimable
2023,pedicel_length_cm,year,TRUE,Fm351,1.9999999999998872,1.1206108223463658,Estimable
2023,pedicel_length_cm,year,TRUE,Fm352,3.666666666666555,1.1206108223463658,Estimable
2023,pedicel_length_cm,year,TRUE,Fm354,3.1666666666665533,1.1206108223463658,Estimable
2023,pedicel_length_cm,year,TRUE,Fm355,3.999999999999888,1.1206108223463658,Estimable
2023,pedicel_length_cm,year,TRUE,Fm356,2.9999999999998876,1.120610822346366,Estimable
2023,pedicel_length_cm,year,TRUE,Fm357,7.333333333333224,1.120610822346366,Estimable
2023,pedicel_length_cm,year,TRUE,Fm358,4.833333333333221,1.120610822346366,Estimable
2023,pedicel_length_cm,year,TRUE,Fm359,4.999999999999888,1.120610822346366,Estimable
2023,pedicel_length_cm,year,TRUE,Fm36,2.166666666666553,1.120610822346366,Estimable
2023,pedicel_length_cm,year,TRUE,Fm361,2.499999999999887,1.120610822346366,Estimable
2023,pedicel_length_cm,year,TRUE,Fm362,6.333333333333224,1.120610822346366,Estimable
2023,pedicel_length_cm,year,TRUE,Fm363,5.49999999999989,1.120610822346366,Estimable
2023,pedicel_length_cm,year,TRUE,Fm364,3.4999999999998876,1.120610822346366,Estimable
2023,pedicel_length_cm,year,TRUE,Fm365,8.333333333333226,1.120610822346366,Estimable
2023,pedicel_length_cm,year,TRUE,Fm366,5.166666666666554,1.120610822346366,Estimable
2023,pedicel_length_cm,year,TRUE,Fm368,3.4999999999998868,1.120610822346366,Estimable
2023,pedicel_length_cm,year,TRUE,Fm369,3.999999999999888,1.120610822346366,Estimable
2023,pedicel_length_cm,year,TRUE,Fm370,3.666666666666555,1.120610822346366,Estimable
2023,pedicel_length_cm,year,TRUE,Fm372,2.499999999999887,1.120610822346366,Estimable
2023,pedicel_length_cm,year,TRUE,Fm375,5.999999999999891,1.120610822346366,Estimable
2023,pedicel_length_cm,year,TRUE,Fm376,3.833333333333221,1.120610822346366,Estimable
2023,pedicel_length_cm,year,TRUE,Fm377,3.666666666666555,1.120610822346366,Estimable
2023,pedicel_length_cm,year,TRUE,Fm378,7.833333333333225,1.120610822346366,Estimable
2023,pedicel_length_cm,year,TRUE,Fm379,4.166666666666555,1.120610822346366,Estimable
2023,pedicel_length_cm,year,TRUE,Fm380,4.499999999999888,1.120610822346366,Estimable
2023,pedicel_length_cm,year,TRUE,Fm381,6.999999999999889,1.120610822346366,Estimable
2023,pedicel_length_cm,year,TRUE,Fm382,4.833333333333221,1.120610822346366,Estimable
2023,pedicel_length_cm,year,TRUE,Fm383,3.1666666666665533,1.120610822346366,Estimable
2023,pedicel_length_cm,year,TRUE,Fm384,2.499999999999887,1.120610822346366,Estimable
2023,pedicel_length_cm,year,TRUE,Fm387,1.9999999999998874,1.120610822346366,Estimable
2023,pedicel_length_cm,year,TRUE,Fm388,3.4999999999998876,1.120610822346366,Estimable
2023,pedicel_length_cm,year,TRUE,Fm389,1.9999999999998872,1.1206108223463658,Estimable
2023,pedicel_length_cm,year,TRUE,Fm390,5.49999999999989,1.1206108223463658,Estimable
2023,pedicel_length_cm,year,TRUE,Fm391,8.333333333333224,1.120610822346366,Estimable
2023,pedicel_length_cm,year,TRUE,Fm392,6.666666666666557,1.1206108223463658,Estimable
2023,pedicel_length_cm,year,TRUE,Fm394,6.999999999999891,1.120610822346366,Estimable
2023,pedicel_length_cm,year,TRUE,Fm395,2.8333333333332202,1.120610822346366,Estimable
2023,pedicel_length_cm,year,TRUE,Fm396,3.166666666666554,1.120610822346366,Estimable
2023,pedicel_length_cm,year,TRUE,Fm398,7.833333333333223,1.120610822346366,Estimable
2023,pedicel_length_cm,year,TRUE,Fm400,1.999999999999887,1.1206108223463658,Estimable
2023,pedicel_length_cm,year,TRUE,Fm401,3.4999999999998876,1.1206108223463658,Estimable
2023,pedicel_length_cm,year,TRUE,Fm403,3.666666666666555,1.1206108223463658,Estimable
2023,pedicel_length_cm,year,TRUE,Fm404,2.3333333333332216,1.1206108223463658,Estimable
2023,pedicel_length_cm,year,TRUE,Fm405,5.666666666666555,1.120610822346366,Estimable
2023,pedicel_length_cm,year,TRUE,Fm406,6.999999999999889,1.120610822346366,Estimable
2023,pedicel_length_cm,year,TRUE,Fm407,8.83333333333322,1.1206108223463658,Estimable
2023,pedicel_length_cm,year,TRUE,Fm409,3.833333333333219,1.1206108223463658,Estimable
2023,pedicel_length_cm,year,TRUE,Fm41,2.566666666666553,1.1206108223463658,Estimable
2023,pedicel_length_cm,year,TRUE,Fm411,8.166666666666554,1.1206108223463656,Estimable
2023,pedicel_length_cm,year,TRUE,Fm412,3.499999999999885,1.1206108223463658,Estimable
2023,pedicel_length_cm,year,TRUE,Fm413,2.9999999999998863,1.1206108223463658,Estimable
2023,pedicel_length_cm,year,TRUE,Fm414,5.833333333333221,1.1206108223463658,Estimable
2023,pedicel_length_cm,year,TRUE,Fm415,3.6666666666665537,1.1206108223463658,Estimable
2023,pedicel_length_cm,year,TRUE,Fm416,4.83333333333322,1.1206108223463658,Estimable
2023,pedicel_length_cm,year,TRUE,Fm417,1.9999999999998868,1.1206108223463658,Estimable
2023,pedicel_length_cm,year,TRUE,Fm418,2.233333333333221,1.1206108223463658,Estimable
2023,pedicel_length_cm,year,TRUE,Fm419,4.333333333333222,1.1206108223463658,Estimable
2023,pedicel_length_cm,year,TRUE,Fm43,3.333333333333221,1.1206108223463658,Estimable
2023,pedicel_length_cm,year,TRUE,Fm44,3.666666666666555,1.120610822346366,Estimable
2023,pedicel_length_cm,year,TRUE,Fm45,1.333333333333221,1.1206108223463658,Estimable
2023,pedicel_length_cm,year,TRUE,Fm46,4.333333333333222,1.1206108223463658,Estimable
2023,pedicel_length_cm,year,TRUE,Fm54,1.4999999999998883,1.120610822346366,Estimable
2023,pedicel_length_cm,year,TRUE,Fm55,2.6666666666665555,1.1206108223463658,Estimable
2023,pedicel_length_cm,year,TRUE,Fm56,4.166666666666556,1.1206108223463658,Estimable
2023,pedicel_length_cm,year,TRUE,Fm63,1.333333333333223,1.1206108223463658,Estimable
2023,pedicel_length_cm,year,TRUE,Fm65,1.3999999999998907,1.1206108223463658,Estimable
2023,pedicel_length_cm,year,TRUE,Fm74,0.9999999999998911,1.1206108223463658,Estimable
2023,pedicel_length_cm,year,TRUE,Fm78,6.666666666666559,1.120610822346366,Estimable
2023,pedicel_length_cm,year,TRUE,Fm79,2.166666666666558,1.1206108223463658,Estimable
2023,pedicel_length_cm,year,TRUE,Fm81,1.4999999999998916,1.1206108223463658,Estimable
2023,pedicel_length_cm,year,TRUE,Fm83,2.666666666666559,1.1206108223463658,Estimable
2023,pedicel_length_cm,year,TRUE,Fm84,1.3333333333332262,1.1206108223463658,Estimable
2023,pedicel_length_cm,year,TRUE,Fm86,1.4999999999998928,1.1206108223463658,Estimable
2023,pedicel_length_cm,year,TRUE,Fm87,1.2333333333332275,1.1206108223463658,Estimable
2023,pedicel_length_cm,year,TRUE,Fm88,3.9999999999998948,1.1206108223463658,Estimable
2023,pedicel_length_cm,year,TRUE,Fm91,0.5999999999998948,1.1206108223463658,Estimable
2023,pedicel_length_cm,year,TRUE,Fm96,3.1666666666665617,1.1206108223463658,Estimable
2023,pedicel_length_cm,year,TRUE,Fm97,2.3333333333332296,1.1206108223463656,Estimable
