t2t_gene_id,symbol,description,lift_t2t_chr,t2t_gene_start,t2t_gene_end,association_count,unique_lead_snps,datasets,traits,models,minimum_p,maf05_associations,lead_snps_inside_gene,minimum_distance_to_lead_bp,evidence_score
Seita.8G237500,SFR2,"XP_004979991.1 beta-glucosidase-like SFR2, chloroplastic [Setaria italica]",Chr8,42187865,42192875,3,3,2024_N120;2024_N40,dtf;number_of_tillers,FarmCPU;MLM,5.67829021135139e-15,1,1,0,9
Seita.9G141000,--,XP_004986316.2 uncharacterized protein LOC101757844 [Setaria italica],Chr9,8986030,8987411,3,2,2024_N120;2024_N40,height_cm,FarmCPU,8.97393982836684e-22,3,1,0,8
Seita.9G141300,--,RCV41508.1 hypothetical protein SETIT_9G141300v2 [Setaria italica],Chr9,8992751,8995446,3,2,2024_N120;2024_N40,height_cm,FarmCPU,8.97393982836684e-22,3,2,0,8
Seita.7G358600,--,TKW03914.1 hypothetical protein SEVIR_7G074600v2 [Setaria viridis],Chr7,18236152,18237745,4,3,2023,dtf,BLINK;FarmCPU,2.65867197566936e-23,3,2,0,7
Seita.8G341100,--,KAF8715069.1 hypothetical protein HU200_027616 [Digitaria exilis],Chr8,42157703,42158934,3,3,2024_N120;2024_N40,dtf;number_of_tillers,FarmCPU;MLM,5.67829021135139e-15,1,0,25421,7
Seita.8G341200,--,PVH34625.1 hypothetical protein PAHAL_8G261400 [Panicum hallii],Chr8,42159481,42160050,3,3,2024_N120;2024_N40,dtf;number_of_tillers,FarmCPU;MLM,5.67829021135139e-15,1,0,24305,7
Seita.8G341300,--,-,Chr8,42162101,42162784,3,3,2024_N120;2024_N40,dtf;number_of_tillers,FarmCPU;MLM,5.67829021135139e-15,1,0,21571,7
Seita.8G341400,--,KAG2564163.1 hypothetical protein PVAP13_8KG388705 [Panicum virgatum],Chr8,42171522,42172141,3,3,2024_N120;2024_N40,dtf;number_of_tillers,FarmCPU;MLM,5.67829021135139e-15,1,0,12214,7
Seita.8G341500,--,TKW02528.1 hypothetical protein SEVIR_8G247800v2 [Setaria viridis],Chr8,42175018,42178124,3,3,2024_N120;2024_N40,dtf;number_of_tillers,FarmCPU;MLM,5.67829021135139e-15,1,0,6231,7
Seita.8G237300,--,RCV39603.1 hypothetical protein SETIT_8G237300v2 [Setaria italica],Chr8,42180099,42181843,3,3,2024_N120;2024_N40,dtf;number_of_tillers,FarmCPU;MLM,5.67829021135139e-15,1,0,2512,7
Seita.8G237400,--,XP_022684955.1 uncharacterized protein LOC101768894 [Setaria italica],Chr8,42186121,42186627,3,3,2024_N120;2024_N40,dtf;number_of_tillers,FarmCPU;MLM,5.67829021135139e-15,1,0,1766,7
Seita.8G237600,PME53,XP_004980888.2 pectinesterase QRT1 [Setaria italica],Chr8,42193865,42195868,3,3,2024_N120;2024_N40,dtf;number_of_tillers,FarmCPU;MLM,5.67829021135139e-15,1,0,2739,7
Seita.8G237700,JAMYB,XP_004979993.1 transcription factor JAMYB [Setaria italica],Chr8,42198691,42201899,3,3,2024_N120;2024_N40,dtf;number_of_tillers,FarmCPU;MLM,5.67829021135139e-15,1,0,7565,7
Seita.8G258400,--,TKV99479.1 hypothetical protein SEVIR_8G047400v2 [Setaria viridis],Chr8,4472827,4473198,5,2,2024_N120;2024_N40,dtf,BLINK;FarmCPU,1.02319891921624e-20,5,0,12710,7
Seita.8G046800,MSL1,XP_004978781.1 leucine-rich repeat receptor protein kinase MSL1 [Setaria italica],Chr8,4478071,4482090,5,2,2024_N120;2024_N40,dtf,BLINK;FarmCPU,1.02319891921624e-20,5,0,17954,7
Seita.8G046900,--,RCV37235.1 hypothetical protein SETIT_8G046900v2 [Setaria italica],Chr8,4509465,4510457,5,2,2024_N120;2024_N40,dtf,BLINK;FarmCPU,1.02319891921624e-20,5,0,49348,7
Seita.8G047000,--,RCV37236.1 hypothetical protein SETIT_8G047000v2 [Setaria italica],Chr8,4510680,4511738,5,2,2024_N120;2024_N40,dtf,BLINK;FarmCPU,1.02319891921624e-20,5,0,50563,7
Seita.8G047100,--,RCV37237.1 hypothetical protein SETIT_8G047100v2 [Setaria italica],Chr8,4512526,4513032,5,2,2024_N120;2024_N40,dtf,BLINK;FarmCPU,1.02319891921624e-20,5,0,52409,7
Seita.8G046200,ANNAT8,RCV37225.1 hypothetical protein SETIT_8G046200v2 [Setaria italica],Chr8,4321765,4324386,4,1,2024_N120;2024_N40,dtf,BLINK;FarmCPU,1.02319891921624e-20,4,0,135731,7
Seita.8G046300,ERF110,XP_004980201.3 uncharacterized protein LOC101771844 [Setaria italica],Chr8,4326194,4329558,4,1,2024_N120;2024_N40,dtf,BLINK;FarmCPU,1.02319891921624e-20,4,0,130559,7
Seita.8G046400,--,RCV37227.1 hypothetical protein SETIT_8G046400v2 [Setaria italica],Chr8,4358491,4359535,4,1,2024_N120;2024_N40,dtf,BLINK;FarmCPU,1.02319891921624e-20,4,0,100582,7
Seita.8G046500,--,RCV37228.1 hypothetical protein SETIT_8G046500v2 [Setaria italica],Chr8,4361260,4361837,4,1,2024_N120;2024_N40,dtf,BLINK;FarmCPU,1.02319891921624e-20,4,0,98280,7
Seita.8G046600,--,XP_004978778.1 uncharacterized protein LOC101753351 [Setaria italica],Chr8,4371143,4375881,4,1,2024_N120;2024_N40,dtf,BLINK;FarmCPU,1.02319891921624e-20,4,0,84236,7
Seita.8G046700,--,RCV37233.1 hypothetical protein SETIT_8G046700v2 [Setaria italica],Chr8,4404059,4404738,4,1,2024_N120;2024_N40,dtf,BLINK;FarmCPU,1.02319891921624e-20,4,0,55379,7
Seita.8G258300,--,TKW14645.1 hypothetical protein SEVIR_5G179700v2 [Setaria viridis],Chr8,4443031,4443958,4,1,2024_N120;2024_N40,dtf,BLINK;FarmCPU,1.02319891921624e-20,4,0,16159,7
Seita.3G370200,ACA10,"XP_004963028.1 calcium-transporting ATPase 10, plasma membrane-type [Setaria italica]",Chr3,49511100,49517013,10,10,2023,panicle_length_cm,BLINK,3.90473028399145e-15,10,1,0,6
Seita.3G515000,--,-,Chr3,49520031,49520429,10,10,2023,panicle_length_cm,BLINK,3.90473028399145e-15,10,1,0,6
Seita.3G370300,CYCD5-2,XP_004963029.1 cyclin-D5-2 [Setaria italica],Chr3,49523990,49527011,10,10,2023,panicle_length_cm,BLINK,3.90473028399145e-15,10,1,0,6
Seita.3G370500,RSL2,XP_034588484.1 transcription factor bHLH139-like [Setaria viridis],Chr3,49535629,49538459,10,10,2023,panicle_length_cm,BLINK,3.90473028399145e-15,10,2,0,6
Seita.3G515100,GIP,XP_025814486.1 uncharacterized protein LOC112891757 [Panicum hallii],Chr3,49542504,49543379,10,10,2023,panicle_length_cm,BLINK,3.90473028399145e-15,10,1,0,6
Seita.3G370600,APT1,XP_004963031.1 adenine phosphoribosyltransferase 1 [Setaria italica],Chr3,49547758,49550388,10,10,2023,panicle_length_cm,BLINK,3.90473028399145e-15,10,1,0,6
Seita.8G237900,ERF094,XP_004979997.1 ethylene-responsive transcription factor ERF094 [Setaria italica],Chr8,42243098,42244234,3,3,2024_N120;2024_N40,dtf,FarmCPU,5.67829021135139e-15,3,0,2697,6
Seita.1G159800,SAD2,XP_004952490.1 importin beta-like SAD2 [Setaria italica],Chr1,24913489,24929899,7,2,2024_N120;2024_N40,days_to_harvest;dtf,BLINK;FarmCPU,2.83546784505742e-29,0,0,44642,6
Seita.9G140200,GATL1,XP_012698016.1 probable galacturonosyltransferase-like 1 [Setaria italica],Chr9,8928384,8929785,3,2,2024_N120;2024_N40,height_cm,FarmCPU,8.97393982836684e-22,3,0,57612,6
Seita.9G140300,rnf-5,XP_004982184.1 E3 ubiquitin-protein ligase RNF185 [Setaria italica],Chr9,8936155,8938704,3,2,2024_N120;2024_N40,height_cm,FarmCPU,8.97393982836684e-22,3,0,48693,6
Seita.9G140400,--,RCV41496.1 hypothetical protein SETIT_9G140400v2 [Setaria italica],Chr9,8938951,8949449,3,2,2024_N120;2024_N40,height_cm,FarmCPU,8.97393982836684e-22,3,0,37948,6
Seita.9G588800,--,TKV92066.1 hypothetical protein SEVIR_9G138875v2 [Setaria viridis],Chr9,8948441,8950339,3,2,2024_N120;2024_N40,height_cm,FarmCPU,8.97393982836684e-22,3,0,37058,6
Seita.9G140500,--,RCV41497.1 hypothetical protein SETIT_9G140500v2 [Setaria italica],Chr9,8954514,8959073,3,2,2024_N120;2024_N40,height_cm,FarmCPU,8.97393982836684e-22,3,0,28324,6
Seita.9G140600,At1g03400,RCV41498.1 hypothetical protein SETIT_9G140600v2 [Setaria italica],Chr9,8959386,8961852,3,2,2024_N120;2024_N40,height_cm,FarmCPU,8.97393982836684e-22,3,0,25545,6
Seita.9G140700,--,RCV41500.1 hypothetical protein SETIT_9G140700v2 [Setaria italica],Chr9,8971622,8971999,3,2,2024_N120;2024_N40,height_cm,FarmCPU,8.97393982836684e-22,3,0,15398,6
Seita.9G588900,--,RLN22088.1 hypothetical protein C2845_PM07G40210 [Panicum miliaceum],Chr9,8978777,8979274,3,2,2024_N120;2024_N40,height_cm,FarmCPU,8.97393982836684e-22,3,0,8123,6
Seita.9G140800,--,RCV41501.1 hypothetical protein SETIT_9G140800v2 [Setaria italica],Chr9,8980829,8981632,3,2,2024_N120;2024_N40,height_cm,FarmCPU,8.97393982836684e-22,3,0,5765,6
Seita.9G140900,--,RCV41503.1 hypothetical protein SETIT_9G140900v2 [Setaria italica],Chr9,8983551,8984380,3,2,2024_N120;2024_N40,height_cm,FarmCPU,8.97393982836684e-22,3,0,3017,6
Seita.9G141100,--,XP_004982185.1 uncharacterized protein LOC101762011 [Setaria italica],Chr9,8987561,8988736,3,2,2024_N120;2024_N40,height_cm,FarmCPU,8.97393982836684e-22,3,0,164,6
Seita.9G141200,--,XP_004982186.1 thymocyte nuclear protein 1 [Setaria italica],Chr9,8991067,8992526,3,2,2024_N120;2024_N40,height_cm,FarmCPU,8.97393982836684e-22,3,0,2077,6
Seita.9G141400,--,RCV41509.1 hypothetical protein SETIT_9G141400v2 [Setaria italica],Chr9,8997027,8997939,3,2,2024_N120;2024_N40,height_cm,FarmCPU,8.97393982836684e-22,3,0,2424,6
Seita.9G589000,--,-,Chr9,8999602,9001642,3,2,2024_N120;2024_N40,height_cm,FarmCPU,8.97393982836684e-22,3,0,4999,6
Seita.9G141500,--,XP_004986317.1 ocs element-binding factor 1 [Setaria italica],Chr9,9007331,9007852,3,2,2024_N120;2024_N40,height_cm,FarmCPU,8.97393982836684e-22,3,0,12728,6
Seita.9G141600,--,XP_004982187.1 uncharacterized protein LOC101763093 [Setaria italica],Chr9,9014183,9016003,3,2,2024_N120;2024_N40,height_cm,FarmCPU,8.97393982836684e-22,3,0,19580,6
Seita.9G141700,--,XP_004982188.1 uncharacterized protein LOC101763498 [Setaria italica],Chr9,9024727,9025801,3,2,2024_N120;2024_N40,height_cm,FarmCPU,8.97393982836684e-22,3,0,30124,6
Seita.9G589100,--,"KAB8102781.1 hypothetical protein EE612_034762, partial [Oryza sativa]",Chr9,9031398,9033046,3,2,2024_N120;2024_N40,height_cm,FarmCPU,8.97393982836684e-22,3,0,36795,6
Seita.9G141800,PG2C,XP_004986318.1 exopolygalacturonase [Setaria italica],Chr9,9031437,9032699,3,2,2024_N120;2024_N40,height_cm,FarmCPU,8.97393982836684e-22,3,0,36834,6
Seita.9G141900,GRF9,XP_004982189.1 growth-regulating factor 9 [Setaria italica],Chr9,9038701,9043887,3,2,2024_N120;2024_N40,height_cm,FarmCPU,8.97393982836684e-22,3,0,44098,6
Seita.9G142000,CBSDUF3,XP_004982190.1 DUF21 domain-containing protein At2g14520 [Setaria italica],Chr9,9051602,9057567,3,2,2024_N120;2024_N40,height_cm,FarmCPU,8.97393982836684e-22,3,0,56999,6
Seita.9G142100,RXW8,XP_004982191.1 CSC1-like protein RXW8 [Setaria italica],Chr9,9062145,9071895,3,2,2024_N120;2024_N40,height_cm,FarmCPU,8.97393982836684e-22,3,0,67542,6
Seita.9G142200,--,RCV41517.1 hypothetical protein SETIT_9G142200v2 [Setaria italica],Chr9,9069938,9070138,3,2,2024_N120;2024_N40,height_cm,FarmCPU,8.97393982836684e-22,3,0,75335,6
Seita.6G319500,CLPP2,TKW11091.1 hypothetical protein SEVIR_6G210800v2 [Setaria viridis],Chr6,34168585,34170688,1,1,2024_N40,number_of_tillers,FarmCPU,5.34971481471964e-19,1,1,0,6
Seita.6G099700,--,RCV30495.1 hypothetical protein SETIT_6G099700v2 [Setaria italica],Chr6,11414645,11416788,1,1,2024_N120,dtf,FarmCPU,2.61351786009307e-15,1,1,0,6
Seita.8G160100,dnaJ1,XP_004980631.1 uncharacterized protein LOC101765238 [Setaria italica],Chr8,32983431,32989691,1,1,2024_N120,days_to_harvest,FarmCPU,1.15854557082629e-12,1,1,0,6
Seita.6G310300,--,-,Chr6,31210136,31211013,1,1,2024_N40,days_to_harvest,FarmCPU,1.17728197308711e-09,1,1,0,6
Seita.5G415000,PLP3,XP_022682131.1 patatin-like protein 1 isoform X1 [Setaria italica],Chr5,46432401,46436805,1,1,2024_N40,number_of_tillers,FarmCPU,2.45875894950235e-09,1,1,0,6
Seita.8G238500,OSA15,XP_012704039.1 uncharacterized protein LOC101773881 [Setaria italica],Chr8,42278303,42284010,1,1,2024_N40,dtf,FarmCPU,3.17440788572453e-09,1,1,0,6
Seita.4G176700,--,-,Chr4,2132372,2137854,1,1,2024_N40,number_of_tillers,BLINK,9.5048299176697e-09,1,1,0,6
Seita.4G032500,SULTR3;4,XP_004964529.1 probable sulfate transporter 3.4 [Setaria italica],Chr4,2134234,2139681,1,1,2024_N40,number_of_tillers,BLINK,9.5048299176697e-09,1,1,0,6
Seita.4G079700,--,RCV20719.1 hypothetical protein SETIT_4G079700v2 [Setaria italica],Chr4,6207622,6210072,1,1,2023,thousand_seed_weight_g,BLINK,1.34365699085726e-08,1,1,0,6
Seita.1G346000,--,XP_034569779.1 uncharacterized protein LOC117834275 [Setaria viridis],Chr1,3896529,3900717,1,1,2024_N120,days_to_harvest,FarmCPU,1.46299187422321e-08,1,1,0,6
Seita.9G466300,--,RCV45587.1 hypothetical protein SETIT_9G466300v2 [Setaria italica],Chr9,52870446,52875154,1,1,2024_N40,number_of_tillers,FarmCPU,1.69010219090244e-08,1,1,0,6
Seita.2G036400,--,XP_004955486.1 uncharacterized protein LOC101769809 [Setaria italica],Chr2,3451278,3460156,1,1,2023,dtf,FarmCPU,2.28263920605663e-08,1,1,0,6
Seita.3G486300,--,XP_034578675.1 uncharacterized protein LOC117842366 isoform X1 [Setaria viridis],Chr3,36064004,36071383,1,1,2024_N120,height_cm,FarmCPU,2.32335572846408e-08,1,1,0,6
Seita.7G067700,Y-2,XP_004975372.1 uncharacterized protein At3g27210 [Setaria italica],Chr7,18173220,18176258,4,3,2023,dtf,BLINK;FarmCPU,2.65867197566936e-23,3,0,21074,5
Seita.7G067800,At1g67480,XP_004975373.1 F-box/kelch-repeat protein At1g67480 [Setaria italica],Chr7,18185054,18188586,4,3,2023,dtf,BLINK;FarmCPU,2.65867197566936e-23,3,0,8746,5
Seita.7G067900,--,RCV33245.1 hypothetical protein SETIT_7G067900v2 [Setaria italica],Chr7,18214866,18215487,4,3,2023,dtf,BLINK;FarmCPU,2.65867197566936e-23,3,0,17534,5
Seita.7G358500,--,-,Chr7,18218589,18220276,4,3,2023,dtf,BLINK;FarmCPU,2.65867197566936e-23,3,0,15792,5
Seita.7G068000,--,RCV33246.1 hypothetical protein SETIT_7G068000v2 [Setaria italica],Chr7,18222600,18225795,4,3,2023,dtf,BLINK;FarmCPU,2.65867197566936e-23,3,0,10273,5
Seita.7G068100,--,RCV33247.1 hypothetical protein SETIT_7G068100v2 [Setaria italica],Chr7,18233057,18235703,4,3,2023,dtf,BLINK;FarmCPU,2.65867197566936e-23,3,0,365,5
Seita.7G068200,--,RCV33248.1 hypothetical protein SETIT_7G068200v2 [Setaria italica],Chr7,18239445,18240140,4,3,2023,dtf,BLINK;FarmCPU,2.65867197566936e-23,3,0,3104,5
Seita.7G068300,--,RCV33249.1 hypothetical protein SETIT_7G068300v2 [Setaria italica],Chr7,18251796,18252893,4,3,2023,dtf,BLINK;FarmCPU,2.65867197566936e-23,3,0,15455,5
Seita.7G358700,--,-,Chr7,18266394,18267424,4,3,2023,dtf,BLINK;FarmCPU,2.65867197566936e-23,3,0,30053,5
Seita.7G068400,--,RCV33250.1 hypothetical protein SETIT_7G068400v2 [Setaria italica],Chr7,18298670,18299125,4,3,2023,dtf,BLINK;FarmCPU,2.65867197566936e-23,3,0,62329,5
Seita.7G068500,--,RCV33251.1 hypothetical protein SETIT_7G068500v2 [Setaria italica],Chr7,18300870,18301957,4,3,2023,dtf,BLINK;FarmCPU,2.65867197566936e-23,3,0,64529,5
Seita.7G358800,--,TKW21480.1 hypothetical protein SEVIR_4G121601v2 [Setaria viridis],Chr7,18313282,18313892,4,3,2023,dtf,BLINK;FarmCPU,2.65867197566936e-23,3,0,76941,5
Seita.7G068600,--,RCV33252.1 hypothetical protein SETIT_7G068600v2 [Setaria italica],Chr7,18319427,18319872,4,3,2023,dtf,BLINK;FarmCPU,2.65867197566936e-23,3,0,83086,5
Seita.7G358900,--,-,Chr7,18319930,18321257,4,3,2023,dtf,BLINK;FarmCPU,2.65867197566936e-23,3,0,83589,5
Seita.7G068700,--,RCV33253.1 hypothetical protein SETIT_7G068700v2 [Setaria italica],Chr7,18328580,18329270,4,3,2023,dtf,BLINK;FarmCPU,2.65867197566936e-23,3,0,92239,5
Seita.7G068800,--,RCV33254.1 hypothetical protein SETIT_7G068800v2 [Setaria italica],Chr7,18330664,18331649,4,3,2023,dtf,BLINK;FarmCPU,2.65867197566936e-23,3,0,94323,5
Seita.7G359000,--,-,Chr7,18336251,18336847,4,3,2023,dtf,BLINK;FarmCPU,2.65867197566936e-23,3,0,99910,5
Seita.7G359100,--,"AAX95266.1 transposon protein, putative, CACTA, En/Spm sub-class [Oryza sativa Japonica Group]",Chr7,18349755,18358485,4,3,2023,dtf,BLINK;FarmCPU,2.65867197566936e-23,3,0,113414,5
Seita.4G146400,--,RCV21528.1 hypothetical protein SETIT_4G146400v2 [Setaria italica],Chr4,17940340,17941589,4,2,2024_N120,number_of_tillers,BLINK;FarmCPU;MLM,1.63417130364314e-49,0,0,13309,5
Seita.7G067000,mettl13,XP_004975367.1 methyltransferase-like protein 13 [Setaria italica],Chr7,18101880,18111597,3,2,2023,dtf,BLINK;FarmCPU,2.65867197566936e-23,3,0,124471,5
Seita.7G067100,--,XP_004975368.1 RPM1-interacting protein 4 [Setaria italica],Chr7,18121211,18124439,3,2,2023,dtf,BLINK;FarmCPU,2.65867197566936e-23,3,0,111629,5
Seita.7G067200,VDE1,"XP_004975369.1 violaxanthin de-epoxidase, chloroplastic [Setaria italica]",Chr7,18124608,18127545,3,2,2023,dtf,BLINK;FarmCPU,2.65867197566936e-23,3,0,108523,5
Seita.7G067300,--,XP_004975370.1 uncharacterized protein LOC101754398 [Setaria italica],Chr7,18127577,18135229,3,2,2023,dtf,BLINK;FarmCPU,2.65867197566936e-23,3,0,100839,5
Seita.7G067400,Os04g0379900,"XP_004975371.1 stearoyl-[acyl-carrier-protein] 9-desaturase 5, chloroplastic [Setaria italica]",Chr7,18135109,18138938,3,2,2023,dtf,BLINK;FarmCPU,2.65867197566936e-23,3,0,97130,5
Seita.7G067500,--,RCV33241.1 hypothetical protein SETIT_7G067500v2 [Setaria italica],Chr7,18140628,18145647,3,2,2023,dtf,BLINK;FarmCPU,2.65867197566936e-23,3,0,90421,5
Seita.7G358300,--,-,Chr7,18143348,18148984,3,2,2023,dtf,BLINK;FarmCPU,2.65867197566936e-23,3,0,87084,5
Seita.7G358400,--,XP_034569858.1 uncharacterized protein LOC117834372 [Setaria viridis],Chr7,18155252,18156136,3,2,2023,dtf,BLINK;FarmCPU,2.65867197566936e-23,3,0,79932,5
Seita.7G067600,TE3,RCV33242.1 hypothetical protein SETIT_7G067600v2 [Setaria italica],Chr7,18163724,18165499,3,2,2023,dtf,BLINK;FarmCPU,2.65867197566936e-23,3,0,70569,5
Seita.5G483600,--,XP_022682372.1 uncharacterized protein LOC111257319 [Setaria italica],Chr5,10509066,10512976,2,2,2024_N40,number_of_tillers,MLM,3.15512968869186e-08,0,1,0,5
Seita.2G204300,MYB94,RCV11658.1 hypothetical protein SETIT_2G204300v2 [Setaria italica],Chr2,34001289,34003069,3,1,2024_N40,days_to_harvest;dtf,BLINK;FarmCPU,7.2158074710364e-20,3,0,12039,5
Seita.2G480300,--,OQU80412.1 hypothetical protein SORBI_3007G123850 [Sorghum bicolor],Chr2,23803207,23806504,1,1,2024_N40,dtf,BLINK,2.83862244717862e-17,0,1,0,5
Seita.4G328500,--,XP_044432527.1 putative disease resistance protein RGA3 [Triticum aestivum],Chr4,15902952,15905356,2,1,2024_N40,protein_pct,BLINK;FarmCPU,5.38251435561799e-16,2,0,13865,5
Seita.8G215800,--,RCV39342.1 hypothetical protein SETIT_8G215800v2 [Setaria italica],Chr8,40070278,40070878,1,1,2023,pedicel_length_cm,FarmCPU,1.88832244808864e-14,0,1,0,5
Seita.8G070400,--,XP_004978936.1 serine/threonine-protein kinase WNK4 [Setaria italica],Chr8,7809321,7812530,2,1,2024_N120,dtf,BLINK;FarmCPU,8.11317106104102e-14,2,0,203170,5
Seita.8G070500,--,RCV37528.1 hypothetical protein SETIT_8G070500v2 [Setaria italica],Chr8,7829276,7835686,2,1,2024_N120,dtf,BLINK;FarmCPU,8.11317106104102e-14,2,0,180014,5
Seita.8G269000,--,-,Chr8,7840328,7841311,2,1,2024_N120,dtf,BLINK;FarmCPU,8.11317106104102e-14,2,0,174389,5
Seita.8G269100,--,RCV37529.1 hypothetical protein SETIT_8G070600v2 [Setaria italica],Chr8,7845588,7861612,2,1,2024_N120,dtf,BLINK;FarmCPU,8.11317106104102e-14,2,0,154088,5
Seita.8G269200,--,XP_034569518.1 uncharacterized protein LOC117834017 [Setaria viridis],Chr8,7875187,7878095,2,1,2024_N120,dtf,BLINK;FarmCPU,8.11317106104102e-14,2,0,137605,5
Seita.8G070600,--,RCV37529.1 hypothetical protein SETIT_8G070600v2 [Setaria italica],Chr8,7884699,7888227,2,1,2024_N120,dtf,BLINK;FarmCPU,8.11317106104102e-14,2,0,127473,5
Seita.8G269300,--,XP_034569518.1 uncharacterized protein LOC117834017 [Setaria viridis],Chr8,7895161,7898419,2,1,2024_N120,dtf,BLINK;FarmCPU,8.11317106104102e-14,2,0,117281,5
Seita.8G269400,--,RCV37529.1 hypothetical protein SETIT_8G070600v2 [Setaria italica],Chr8,7907902,7909987,2,1,2024_N120,dtf,BLINK;FarmCPU,8.11317106104102e-14,2,0,105713,5
Seita.8G269500,--,XP_034569518.1 uncharacterized protein LOC117834017 [Setaria viridis],Chr8,7916875,7919732,2,1,2024_N120,dtf,BLINK;FarmCPU,8.11317106104102e-14,2,0,95968,5
Seita.8G269600,--,XP_034569394.1 F-box/LRR-repeat protein 13-like [Setaria viridis],Chr8,7933247,7934320,2,1,2024_N120,dtf,BLINK;FarmCPU,8.11317106104102e-14,2,0,81380,5
Seita.8G269700,--,XP_034594585.1 uncharacterized protein LOC117856298 [Setaria viridis],Chr8,7950872,7952182,2,1,2024_N120,dtf,BLINK;FarmCPU,8.11317106104102e-14,2,0,63518,5
Seita.8G070700,ZIFL1,XP_004978937.1 protein ZINC INDUCED FACILITATOR-LIKE 1 isoform X1 [Setaria italica],Chr8,7956559,7963887,2,1,2024_N120,dtf,BLINK;FarmCPU,8.11317106104102e-14,2,0,51813,5
Seita.8G070800,RGA1,RCV37531.1 hypothetical protein SETIT_8G070800v2 [Setaria italica],Chr8,7978476,7982519,2,1,2024_N120,dtf,BLINK;FarmCPU,8.11317106104102e-14,2,0,33181,5
Seita.8G070900,At5g02930,RCV37532.1 hypothetical protein SETIT_8G070900v2 [Setaria italica],Chr8,8008432,8009899,2,1,2024_N120,dtf,BLINK;FarmCPU,8.11317106104102e-14,2,0,5801,5
Seita.8G071000,At2g42720,RCV37533.1 hypothetical protein SETIT_8G071000v2 [Setaria italica],Chr8,8016442,8019758,2,1,2024_N120,dtf,BLINK;FarmCPU,8.11317106104102e-14,2,0,742,5
Seita.8G071100,--,RCV37534.1 hypothetical protein SETIT_8G071100v2 [Setaria italica],Chr8,8020488,8021143,2,1,2024_N120,dtf,BLINK;FarmCPU,8.11317106104102e-14,2,0,4788,5
Seita.8G071200,PUB1,RCV37535.1 hypothetical protein SETIT_8G071200v2 [Setaria italica],Chr8,8022925,8024570,2,1,2024_N120,dtf,BLINK;FarmCPU,8.11317106104102e-14,2,0,7225,5
Seita.8G071300,--,RCV37536.1 hypothetical protein SETIT_8G071300v2 [Setaria italica],Chr8,8027505,8031326,2,1,2024_N120,dtf,BLINK;FarmCPU,8.11317106104102e-14,2,0,11805,5
Seita.8G071400,CRK10,RCV37537.1 hypothetical protein SETIT_8G071400v2 [Setaria italica],Chr8,8037266,8039211,2,1,2024_N120,dtf,BLINK;FarmCPU,8.11317106104102e-14,2,0,21566,5
Seita.8G071500,HSL1,XP_022685200.1 receptor-like protein kinase HSL1 [Setaria italica],Chr8,8053623,8056964,2,1,2024_N120,dtf,BLINK;FarmCPU,8.11317106104102e-14,2,0,37923,5
Seita.8G071600,At3g59190,RCV37539.1 hypothetical protein SETIT_8G071600v2 [Setaria italica],Chr8,8058939,8061993,2,1,2024_N120,dtf,BLINK;FarmCPU,8.11317106104102e-14,2,0,43239,5
Seita.8G071700,At5g02930,RCV37540.1 hypothetical protein SETIT_8G071700v2 [Setaria italica],Chr8,8071883,8073084,2,1,2024_N120,dtf,BLINK;FarmCPU,8.11317106104102e-14,2,0,56183,5
Seita.8G269800,--,NP_001148741.1 Transcription factor bHLH130 [Zea mays],Chr8,8083577,8084084,2,1,2024_N120,dtf,BLINK;FarmCPU,8.11317106104102e-14,2,0,67877,5
Seita.8G071900,--,XP_004978938.1 10 kDa prolamin [Setaria italica],Chr8,8086200,8086875,2,1,2024_N120,dtf,BLINK;FarmCPU,8.11317106104102e-14,2,0,70500,5
Seita.8G072000,--,RCV37543.1 hypothetical protein SETIT_8G072000v2 [Setaria italica],Chr8,8089098,8094709,2,1,2024_N120,dtf,BLINK;FarmCPU,8.11317106104102e-14,2,0,73398,5
Seita.8G072100,Os03g0210200,RCV37544.1 hypothetical protein SETIT_8G072100v2 [Setaria italica],Chr8,8115309,8115818,2,1,2024_N120,dtf,BLINK;FarmCPU,8.11317106104102e-14,2,0,99609,5
Seita.8G072200,Os03g0210200,XP_022685167.1 cysteine proteinase inhibitor 8-like [Setaria italica],Chr8,8126626,8128245,2,1,2024_N120,dtf,BLINK;FarmCPU,8.11317106104102e-14,2,0,110926,5
Seita.8G191900,RGA5,XP_004979709.1 putative disease resistance RPP13-like protein 3 [Setaria italica],Chr8,36923951,36929216,2,1,2024_N120,height_cm,BLINK;FarmCPU,8.78768972686888e-13,2,0,7099,5
Seita.8G192000,TPS21,QJA42362.1 terpene synthase TPS32 [Setaria italica],Chr8,36940536,36943753,2,1,2024_N120,height_cm,BLINK;FarmCPU,8.78768972686888e-13,2,0,4221,5
Seita.3G073000,MADS58,XP_004960599.1 MADS-box transcription factor 58 [Setaria italica],Chr3,4604472,4613071,1,1,2024_N40,protein_pct,FarmCPU,6.09115367643149e-11,0,1,0,5
Seita.1G355000,rpsO,XP_004954258.1 uncharacterized protein LOC101765064 [Setaria italica],Chr1,43268877,43271948,1,1,2024_N40,number_of_tillers,BLINK,4.05996485083356e-09,0,1,0,5
Seita.5G204500,BHLH87,XP_004969001.1 transcription factor bHLH87 [Setaria italica],Chr5,28956997,28959416,1,1,2024_N40,number_of_tillers,MLM,3.15512968869186e-08,0,1,0,5
Seita.3G164100,CGLD27,XP_004961366.1 uncharacterized protein LOC101765778 [Setaria italica],Chr3,11987067,11989337,1,1,2024_N120,number_of_tillers,BLINK,3.44282954680653e-08,0,1,0,5
Seita.7G020600,RDR3,XP_004975067.1 probable RNA-dependent RNA polymerase 3 isoform X3 [Setaria italica],Chr7,3787519,3819512,1,1,2023,pedicel_length_cm,MLM,4.79401412104381e-08,0,1,0,5
Seita.3G369700,RBP45,XP_034584260.1 polyadenylate-binding protein RBP45B-like [Setaria viridis],Chr3,49464245,49465963,10,10,2023,panicle_length_cm,BLINK,3.90473028399145e-15,10,0,50768,4
Seita.3G514900,--,TKW29310.1 hypothetical protein SEVIR_3G387250v2 [Setaria viridis],Chr3,49470216,49472833,10,10,2023,panicle_length_cm,BLINK,3.90473028399145e-15,10,0,43898,4
Seita.3G369800,At4g33300,XP_012700242.1 putative disease resistance protein At5g47280 [Setaria italica],Chr3,49478446,49483346,10,10,2023,panicle_length_cm,BLINK,3.90473028399145e-15,10,0,33385,4
Seita.3G369900,SAPK9,XP_004963024.1 serine/threonine-protein kinase SAPK9 [Setaria italica],Chr3,49482590,49485775,10,10,2023,panicle_length_cm,BLINK,3.90473028399145e-15,10,0,30956,4
Seita.3G370000,EFM,XP_004963026.1 transcription factor HHO3 [Setaria italica],Chr3,49499136,49501927,10,10,2023,panicle_length_cm,BLINK,3.90473028399145e-15,10,0,14804,4
Seita.3G370100,Msto1,XP_004963027.1 protein misato homolog 1 [Setaria italica],Chr3,49502424,49507209,10,10,2023,panicle_length_cm,BLINK,3.90473028399145e-15,10,0,9522,4
Seita.3G370400,CTU2,XP_004963030.2 cytoplasmic tRNA 2-thiolation protein 2 [Setaria italica],Chr3,49531912,49535327,10,10,2023,panicle_length_cm,BLINK,3.90473028399145e-15,10,0,1262,4
Seita.3G515200,--,XP_021306833.1 uncharacterized protein LOC110431723 [Sorghum bicolor],Chr3,49545095,49546500,10,10,2023,panicle_length_cm,BLINK,3.90473028399145e-15,10,0,1796,4
Seita.3G370700,KIN12F,RCV19270.1 hypothetical protein SETIT_3G370700v2 [Setaria italica],Chr3,49551948,49565472,10,10,2023,panicle_length_cm,BLINK,3.90473028399145e-15,10,0,1670,4
Seita.3G369100,--,RCV19248.1 hypothetical protein SETIT_3G369100v2 [Setaria italica],Chr3,49309201,49310750,9,9,2023,panicle_length_cm,BLINK,3.90473028399145e-15,9,0,205981,4
Seita.3G369200,AZF2,XP_004963019.1 zinc finger protein 1 [Setaria italica],Chr3,49312029,49313858,9,9,2023,panicle_length_cm,BLINK,3.90473028399145e-15,9,0,202873,4
Seita.3G369300,NAT3,XP_004963020.1 nucleobase-ascorbate transporter 3 [Setaria italica],Chr3,49320295,49326402,9,9,2023,panicle_length_cm,BLINK,3.90473028399145e-15,9,0,190329,4
Seita.3G369400,--,RCV19251.1 hypothetical protein SETIT_3G369400v2 [Setaria italica],Chr3,49326579,49327687,9,9,2023,panicle_length_cm,BLINK,3.90473028399145e-15,9,0,189044,4
Seita.3G514600,--,-,Chr3,49340229,49341162,9,9,2023,panicle_length_cm,BLINK,3.90473028399145e-15,9,0,175569,4
Seita.3G514700,--,-,Chr3,49361064,49361450,9,9,2023,panicle_length_cm,BLINK,3.90473028399145e-15,9,0,155281,4
Seita.3G369500,--,RCV19252.1 LOW QUALITY PROTEIN: hypothetical protein SETIT_3G369500v2 [Setaria italica],Chr3,49390552,49391813,9,9,2023,panicle_length_cm,BLINK,3.90473028399145e-15,9,0,124918,4
Seita.3G369600,--,RCV19253.1 hypothetical protein SETIT_3G369600v2 [Setaria italica],Chr3,49403509,49404643,9,9,2023,panicle_length_cm,BLINK,3.90473028399145e-15,9,0,112088,4
Seita.3G514800,--,XP_022680498.1 uncharacterized protein LOC111256590 [Setaria italica],Chr3,49428368,49430402,9,9,2023,panicle_length_cm,BLINK,3.90473028399145e-15,9,0,86329,4
Seita.3G369000,NPY2,XP_004963018.1 BTB/POZ domain-containing protein NPY4 [Setaria italica],Chr3,49299190,49303864,8,8,2023,panicle_length_cm,BLINK,3.90473028399145e-15,8,0,214254,4
Seita.3G370800,PME38,RCV19271.1 hypothetical protein SETIT_3G370800v2 [Setaria italica],Chr3,49571775,49573312,8,8,2023,panicle_length_cm,BLINK,3.90473028399145e-15,8,0,21497,4
Seita.3G370900,--,RCV19272.1 hypothetical protein SETIT_3G370900v2 [Setaria italica],Chr3,49573703,49574890,8,8,2023,panicle_length_cm,BLINK,3.90473028399145e-15,8,0,23425,4
Seita.3G368900,ALG11,"XP_004963016.1 GDP-Man:Man(3)GlcNAc(2)-PP-Dol alpha-1,2-mannosyltransferase [Setaria italica]",Chr3,49293195,49297232,7,7,2023,panicle_length_cm,BLINK,3.90473028399145e-15,7,0,220886,4
Seita.3G368700,HYP1,XP_034587647.1 CSC1-like protein HYP1 isoform X1 [Setaria viridis],Chr3,49281434,49287376,6,6,2023,panicle_length_cm,BLINK,3.90473028399145e-15,6,0,230742,4
Seita.3G368800,ERN1,XP_034583920.1 uncharacterized protein LOC117846907 [Setaria viridis],Chr3,49291452,49292973,6,6,2023,panicle_length_cm,BLINK,3.90473028399145e-15,6,0,225145,4
Seita.3G368500,CYP81E9,RCV19240.1 hypothetical protein SETIT_3G368500v2 [Setaria italica],Chr3,49273255,49274704,3,3,2023,panicle_length_cm,BLINK,9.96406801989656e-11,3,0,243414,4
Seita.3G514500,--,-,Chr3,49273308,49274416,3,3,2023,panicle_length_cm,BLINK,9.96406801989656e-11,3,0,243702,4
Seita.3G368600,CYP81Q32,XP_004963013.1 isoflavone 3'-hydroxylase [Setaria italica],Chr3,49275060,49277426,3,3,2023,panicle_length_cm,BLINK,9.96406801989656e-11,3,0,240692,4
Seita.4G143300,--,XP_012700606.1 uncharacterized protein LOC101758782 [Setaria italica],Chr4,17311538,17315084,3,2,2024_N40,number_of_tillers,FarmCPU;MLM,7.0051429959395e-53,0,0,4196,4
Seita.8G187900,WRKY45-2,XP_004980734.1 probable WRKY transcription factor 63 [Setaria italica],Chr8,36533791,36535639,3,2,2024_N120,number_of_tillers,BLINK;MLM,9.05515169402991e-21,0,0,4532,4
Seita.8G188000,AC100,RCV39008.1 hypothetical protein SETIT_8G188000v2 [Setaria italica],Chr8,36538305,36539480,3,2,2024_N120,number_of_tillers,BLINK;MLM,9.05515169402991e-21,0,0,9046,4
Seita.8G322800,--,-,Chr8,36542740,36546284,3,2,2024_N120,number_of_tillers,BLINK;MLM,9.05515169402991e-21,0,0,13481,4
Seita.8G188100,At3g47110,RCV39009.1 hypothetical protein SETIT_8G188100v2 [Setaria italica],Chr8,36546625,36550047,3,2,2024_N120,number_of_tillers,BLINK;MLM,9.05515169402991e-21,0,0,17366,4
Seita.8G322900,--,TKW01711.1 hypothetical protein SEVIR_8G196766v2 [Setaria viridis],Chr8,36556646,36556927,3,2,2024_N120,number_of_tillers,BLINK;MLM,9.05515169402991e-21,0,0,27387,4
Seita.8G188200,--,RCV39010.1 hypothetical protein SETIT_8G188200v2 [Setaria italica],Chr8,36565327,36567857,3,2,2024_N120,number_of_tillers,BLINK;MLM,9.05515169402991e-21,0,0,36068,4
Seita.8G341700,--,-,Chr8,42241225,42242148,2,2,2024_N40,dtf,FarmCPU,5.67829021135139e-15,2,0,4783,4
Seita.8G341800,UGT85A24,XP_004979996.1 7-deoxyloganetin glucosyltransferase [Setaria italica],Chr8,42248827,42250874,2,2,2024_N40,dtf,FarmCPU,5.67829021135139e-15,2,0,1896,4
Seita.8G238100,--,RCV39612.1 hypothetical protein SETIT_8G238100v2 [Setaria italica],Chr8,42252241,42253671,2,2,2024_N40,dtf,FarmCPU,5.67829021135139e-15,2,0,5310,4
Seita.8G333300,--,-,Chr8,39965104,39966340,2,2,2023,pedicel_length_cm,FarmCPU,1.88832244808864e-14,1,0,13817,4
Seita.8G214900,--,RCV39331.1 hypothetical protein SETIT_8G214900v2 [Setaria italica],Chr8,39974068,39974433,2,2,2023,pedicel_length_cm,FarmCPU,1.88832244808864e-14,1,0,5724,4
Seita.8G215000,ndhJ,RCV39332.1 hypothetical protein SETIT_8G215000v2 [Setaria italica],Chr8,39974942,39975725,2,2,2023,pedicel_length_cm,FarmCPU,1.88832244808864e-14,1,0,4432,4
Seita.8G215100,PTS1,XP_004979856.1 dirigent protein 1 [Setaria italica],Chr8,39976215,39977104,2,2,2023,pedicel_length_cm,FarmCPU,1.88832244808864e-14,1,0,3053,4
Seita.8G215200,NDX,XP_004979857.1 nodulin homeobox isoform X1 [Setaria italica],Chr8,39982965,39990609,2,2,2023,pedicel_length_cm,FarmCPU,1.88832244808864e-14,1,0,2808,4
Seita.8G215300,SCC3,RCV39335.1 hypothetical protein SETIT_8G215300v2 [Setaria italica],Chr8,39991475,39999519,2,2,2023,pedicel_length_cm,FarmCPU,1.88832244808864e-14,1,0,11318,4
Seita.8G215400,NHX2,XP_004979862.1 sodium/hydrogen exchanger 2 [Setaria italica],Chr8,40000671,40005184,2,2,2023,pedicel_length_cm,FarmCPU,1.88832244808864e-14,1,0,20514,4
Seita.8G215500,KIN14O,XP_004979863.1 kinesin-like protein KIN-14O [Setaria italica],Chr8,40007995,40013663,2,2,2023,pedicel_length_cm,FarmCPU,1.88832244808864e-14,1,0,27838,4
Seita.8G264800,--,-,Chr8,6588181,6588655,2,2,2023,dtf,FarmCPU,1.66315558985363e-13,2,0,161656,4
Seita.8G264900,--,XP_004978895.2 uncharacterized protein LOC101765631 [Setaria italica],Chr8,6589900,6592602,2,2,2023,dtf,FarmCPU,1.66315558985363e-13,2,0,157709,4
Seita.8G062300,GATA5,RCV37433.1 hypothetical protein SETIT_8G062300v2 [Setaria italica],Chr8,6597421,6599307,2,2,2023,dtf,FarmCPU,1.66315558985363e-13,2,0,151004,4
Seita.8G062400,Wdr44,TKV99754.1 hypothetical protein SEVIR_8G064400v2 [Setaria viridis],Chr8,6600037,6603724,2,2,2023,dtf,FarmCPU,1.66315558985363e-13,2,0,146587,4
Seita.8G062500,MAO1B,XP_004978896.1 1-aminocyclopropane-1-carboxylate oxidase [Setaria italica],Chr8,6605689,6607651,2,2,2023,dtf,FarmCPU,1.66315558985363e-13,2,0,142660,4
Seita.8G265000,--,KAG2560776.1 hypothetical protein PVAP13_8KG085400 [Panicum virgatum],Chr8,6620412,6621752,2,2,2023,dtf,FarmCPU,1.66315558985363e-13,2,0,128559,4
Seita.8G265100,--,-,Chr8,6624005,6625838,2,2,2023,dtf,FarmCPU,1.66315558985363e-13,2,0,124473,4
Seita.8G062600,--,RCV37436.1 hypothetical protein SETIT_8G062600v2 [Setaria italica],Chr8,6626901,6630010,2,2,2023,dtf,FarmCPU,1.66315558985363e-13,2,0,120301,4
Seita.8G062700,--,RCV37437.1 hypothetical protein SETIT_8G062700v2 [Setaria italica],Chr8,6630728,6631952,2,2,2023,dtf,FarmCPU,1.66315558985363e-13,2,0,118359,4
Seita.8G062800,SFC1,RCV37438.1 hypothetical protein SETIT_8G062800v2 [Setaria italica],Chr8,6639989,6640954,2,2,2023,dtf,FarmCPU,1.66315558985363e-13,2,0,109357,4
Seita.8G265200,--,-,Chr8,6648570,6651640,2,2,2023,dtf,FarmCPU,1.66315558985363e-13,2,0,98671,4
Seita.8G062900,--,RCV37439.1 hypothetical protein SETIT_8G062900v2 [Setaria italica],Chr8,6668567,6677021,2,2,2023,dtf,FarmCPU,1.66315558985363e-13,2,0,73290,4
Seita.8G265300,--,-,Chr8,6683103,6684842,2,2,2023,dtf,FarmCPU,1.66315558985363e-13,2,0,65469,4
Seita.8G063000,Os11g0191400,"XP_004978898.1 probable NAD kinase 2, chloroplastic [Setaria italica]",Chr8,6689039,6694865,2,2,2023,dtf,FarmCPU,1.66315558985363e-13,2,0,55446,4
Seita.8G063100,WAK2,XP_022685085.1 wall-associated receptor kinase 2 [Setaria italica],Chr8,6705728,6717980,2,2,2023,dtf,FarmCPU,1.66315558985363e-13,2,0,32331,4
Seita.8G063200,WAK4,XP_014661104.2 wall-associated receptor kinase 2 [Setaria italica],Chr8,6727755,6729910,2,2,2023,dtf,FarmCPU,1.66315558985363e-13,2,0,20401,4
Seita.8G265400,--,XP_014661104.2 wall-associated receptor kinase 2 [Setaria italica],Chr8,6731587,6734581,2,2,2023,dtf,FarmCPU,1.66315558985363e-13,2,0,15730,4
Seita.8G063300,WAK2,RCV37443.1 hypothetical protein SETIT_8G063300v2 [Setaria italica],Chr8,6760628,6764883,2,2,2023,dtf,FarmCPU,1.66315558985363e-13,2,0,7887,4
Seita.8G063500,NRPB10,RCV37445.1 hypothetical protein SETIT_8G063500v2 [Setaria italica],Chr8,6775423,6779250,2,2,2023,dtf,FarmCPU,1.66315558985363e-13,2,0,22682,4
Seita.8G063600,STU,XP_004978901.1 probable receptor-like serine/threonine-protein kinase At5g57670 [Setaria italica],Chr8,6780011,6784459,2,2,2023,dtf,FarmCPU,1.66315558985363e-13,2,0,27270,4
Seita.9G624500,--,XP_034598475.1 uncharacterized protein LOC117859340 [Setaria viridis],Chr9,22280616,22283194,2,2,2024_N40,dtf,FarmCPU,9.73514186968262e-13,2,0,3085,4
Seita.3G284500,CIPK22,XP_004962436.1 CBL-interacting protein kinase 22 [Setaria italica],Chr3,27293229,27294759,2,2,2023,pedicel_length_cm,FarmCPU,3.09072587452664e-11,2,0,29882,4
Seita.3G475000,--,-,Chr3,27317012,27317370,2,2,2023,pedicel_length_cm,FarmCPU,3.09072587452664e-11,2,0,7271,4
Seita.3G475100,--,XP_021307372.1 uncharacterized protein LOC8066251 [Sorghum bicolor],Chr3,27320949,27322114,2,2,2023,pedicel_length_cm,FarmCPU,3.09072587452664e-11,2,0,2527,4
Seita.3G284600,--,RCV18246.1 hypothetical protein SETIT_3G284600v2 [Setaria italica],Chr3,27321921,27323519,2,2,2023,pedicel_length_cm,FarmCPU,3.09072587452664e-11,2,0,1122,4
Seita.6G111700,--,XP_004973205.1 uncharacterized protein LOC101768714 [Setaria italica],Chr6,19129975,19135488,2,2,2023,dtf,FarmCPU,6.74497524262364e-11,2,0,1636,4
Seita.7G011100,--,RCV32539.1 LOW QUALITY PROTEIN: hypothetical protein SETIT_7G011100v2 [Setaria italica],Chr7,1819228,1819686,1,1,2024_N40,days_to_harvest,FarmCPU,1.06755750542175e-31,1,0,223122,4
Seita.7G011300,--,RCV32542.1 hypothetical protein SETIT_7G011300v2 [Setaria italica],Chr7,1858560,1859148,1,1,2024_N40,days_to_harvest,FarmCPU,1.06755750542175e-31,1,0,183660,4
Seita.7G011400,--,RCV32543.1 hypothetical protein SETIT_7G011400v2 [Setaria italica],Chr7,1864261,1872483,1,1,2024_N40,days_to_harvest,FarmCPU,1.06755750542175e-31,1,0,170325,4
Seita.7G114100,--,TKW10006.1 hypothetical protein SEVIR_6G139700v2 [Setaria viridis],Chr7,1872597,1874986,1,1,2024_N40,days_to_harvest,FarmCPU,1.06755750542175e-31,1,0,167822,4
Seita.7G011500,--,XP_004975002.1 uncharacterized RNA-binding protein C17H9.04c [Setaria italica],Chr7,1883804,1889878,1,1,2024_N40,days_to_harvest,FarmCPU,1.06755750542175e-31,1,0,152930,4
Seita.7G011600,PIK6-NP,RCV32547.1 hypothetical protein SETIT_7G011600v2 [Setaria italica],Chr7,1903796,1906699,1,1,2024_N40,days_to_harvest,FarmCPU,1.06755750542175e-31,1,0,136109,4
Seita.7G011700,RGA4,RCV32548.1 hypothetical protein SETIT_7G011700v2 [Setaria italica],Chr7,1928751,1939687,1,1,2024_N40,days_to_harvest,FarmCPU,1.06755750542175e-31,1,0,103121,4
Seita.7G011800,APS2,XP_004975003.1 ATP sulfurylase 2 [Setaria italica],Chr7,1951934,1956577,1,1,2024_N40,days_to_harvest,FarmCPU,1.06755750542175e-31,1,0,86231,4
Seita.7G011900,E2FB,XP_034606084.1 transcription factor E2FC-like [Setaria viridis],Chr7,1967100,1974300,1,1,2024_N40,days_to_harvest,FarmCPU,1.06755750542175e-31,1,0,68508,4
Seita.7G115700,--,-,Chr7,1969191,1970983,1,1,2024_N40,days_to_harvest,FarmCPU,1.06755750542175e-31,1,0,71825,4
Seita.7G012100,--,RCV32553.1 hypothetical protein SETIT_7G012100v2 [Setaria italica],Chr7,2020680,2023111,1,1,2024_N40,days_to_harvest,FarmCPU,1.06755750542175e-31,1,0,19697,4
Seita.7G012200,--,RCV32554.1 hypothetical protein SETIT_7G012200v2 [Setaria italica],Chr7,2049326,2056634,1,1,2024_N40,days_to_harvest,FarmCPU,1.06755750542175e-31,1,0,6518,4
Seita.3G165000,RABG3B,XP_004961378.1 ras-related protein Rab7 [Setaria italica],Chr3,12082030,12084499,2,1,2024_N120,number_of_tillers,BLINK;MLM,8.35266514350729e-20,0,0,2137,4
Seita.6G203700,SAP11,XP_004973853.1 zinc finger A20 and AN1 domain-containing stress-associated protein 11 [Setaria italica],Chr6,34162561,34168639,1,1,2024_N40,number_of_tillers,FarmCPU,5.34971481471964e-19,1,0,1078,4
Seita.6G165100,--,"XP_022683553.1 LOW QUALITY PROTEIN: keratin, type I cytoskeletal 9-like [Setaria italica]",Chr6,30552224,30552910,1,1,2024_N120,protein_pct,FarmCPU,5.57699435056582e-18,1,0,648,4
Seita.1G141700,XAT2,XP_004952340.1 uncharacterized protein LOC101783666 isoform X2 [Setaria italica],Chr1,15171143,15174713,1,1,2024_N120,protein_pct,BLINK,6.84701833682614e-16,1,0,101872,4
Seita.8G237200,--,RCV39602.1 hypothetical protein SETIT_8G237200v2 [Setaria italica],Chr8,42152373,42154637,1,1,2024_N40,dtf,FarmCPU,5.67829021135139e-15,1,0,92294,4
Seita.8G237800,EIX1,XP_022684821.1 receptor-like protein 12 [Setaria italica],Chr8,42216861,42220226,1,1,2024_N40,dtf,FarmCPU,5.67829021135139e-15,1,0,26705,4
Seita.8G341600,--,TKW09097.1 hypothetical protein SEVIR_6G070200v2 [Setaria viridis],Chr8,42225589,42239670,1,1,2024_N40,dtf,FarmCPU,5.67829021135139e-15,1,0,7261,4
Seita.2G298100,CEBIP,XP_004957557.1 chitin elicitor-binding protein [Setaria italica],Chr2,42634774,42637689,1,1,2024_N40,number_of_tillers,FarmCPU,2.21523370672165e-14,1,0,15104,4
Seita.2G298200,DTX45,"XP_012698947.2 protein DETOXIFICATION 45, chloroplastic [Setaria italica]",Chr2,42657984,42663184,1,1,2024_N40,number_of_tillers,FarmCPU,2.21523370672165e-14,1,0,5191,4
Seita.2G298300,FMO1,XP_004957558.1 probable flavin-containing monooxygenase 1 [Setaria italica],Chr2,42662770,42665643,1,1,2024_N40,number_of_tillers,FarmCPU,2.21523370672165e-14,1,0,9977,4
Seita.2G298400,FMO1,RCV12816.1 hypothetical protein SETIT_2G298400v2 [Setaria italica],Chr2,42666703,42669145,1,1,2024_N40,number_of_tillers,FarmCPU,2.21523370672165e-14,1,0,13910,4
Seita.2G298500,--,XP_004957561.1 uncharacterized protein LOC101776689 [Setaria italica],Chr2,42670013,42678809,1,1,2024_N40,number_of_tillers,FarmCPU,2.21523370672165e-14,1,0,17220,4
Seita.2G527900,AtMg00860,KAG8100819.1 hypothetical protein GUJ93_ZPchr0013g35600 [Zizania palustris],Chr2,42672486,42673593,1,1,2024_N40,number_of_tillers,FarmCPU,2.21523370672165e-14,1,0,19693,4
Seita.2G298600,--,RCV12818.1 hypothetical protein SETIT_2G298600v2 [Setaria italica],Chr2,42678372,42678699,1,1,2024_N40,number_of_tillers,FarmCPU,2.21523370672165e-14,1,0,25579,4
Seita.2G298700,NLP1,XP_004957562.1 protein NLP1 isoform X1 [Setaria italica],Chr2,42681848,42687872,1,1,2024_N40,number_of_tillers,FarmCPU,2.21523370672165e-14,1,0,29055,4
Seita.2G298800,SNRNP31,XP_004957566.1 U11/U12 small nuclear ribonucleoprotein 31 kDa protein [Setaria italica],Chr2,42686536,42691767,1,1,2024_N40,number_of_tillers,FarmCPU,2.21523370672165e-14,1,0,33743,4
Seita.2G298900,--,TKW34478.1 hypothetical protein SEVIR_2G309700v2 [Setaria viridis],Chr2,42691983,42694805,1,1,2024_N40,number_of_tillers,FarmCPU,2.21523370672165e-14,1,0,39190,4
Seita.2G528000,--,-,Chr2,42704342,42705695,1,1,2024_N40,number_of_tillers,FarmCPU,2.21523370672165e-14,1,0,51549,4
Seita.2G528100,--,-,Chr2,42705813,42706578,1,1,2024_N40,number_of_tillers,FarmCPU,2.21523370672165e-14,1,0,53020,4
Seita.2G299000,BRD1,XP_004957567.1 bromodomain-containing protein 4B [Setaria italica],Chr2,42706720,42713448,1,1,2024_N40,number_of_tillers,FarmCPU,2.21523370672165e-14,1,0,53927,4
Seita.8G062200,POLD1,XP_004978893.1 DNA polymerase delta catalytic subunit [Setaria italica],Chr8,6566124,6576674,1,1,2023,dtf,FarmCPU,1.66315558985363e-13,1,0,176067,4
Seita.8G284000,--,XP_039835129.1 uncharacterized protein LOC120696028 [Panicum virgatum],Chr8,15811297,15812196,2,1,2024_N120,protein_pct,BLINK;FarmCPU,5.64939952791707e-13,0,0,32891,4
Seita.2G016000,--,RCV09294.1 hypothetical protein SETIT_2G016000v2 [Setaria italica],Chr2,1652077,1655252,1,1,2024_N40,days_to_harvest,FarmCPU,8.42468256112904e-13,1,0,34610,4
Seita.2G016100,--,RCV09298.1 hypothetical protein SETIT_2G016100v2 [Setaria italica],Chr2,1655543,1658561,1,1,2024_N40,days_to_harvest,FarmCPU,8.42468256112904e-13,1,0,31301,4
Seita.2G160500,--,-,Chr2,1658218,1658653,1,1,2024_N40,days_to_harvest,FarmCPU,8.42468256112904e-13,1,0,31209,4
Seita.2G016200,--,XP_004955381.1 uncharacterized protein LOC101760347 isoform X1 [Setaria italica],Chr2,1659357,1662479,1,1,2024_N40,days_to_harvest,FarmCPU,8.42468256112904e-13,1,0,27383,4
Seita.2G016300,--,RCV09302.1 hypothetical protein SETIT_2G016300v2 [Setaria italica],Chr2,1664612,1666057,1,1,2024_N40,days_to_harvest,FarmCPU,8.42468256112904e-13,1,0,23805,4
Seita.2G160900,--,TKW27235.1 hypothetical protein SEVIR_3G244600v2 [Setaria viridis],Chr2,1670606,1671722,1,1,2024_N40,days_to_harvest,FarmCPU,8.42468256112904e-13,1,0,18140,4
Seita.2G165700,--,XP_034588246.1 traB domain-containing protein-like isoform X2 [Setaria viridis],Chr2,1672637,1676084,1,1,2024_N40,days_to_harvest,FarmCPU,8.42468256112904e-13,1,0,13778,4
Seita.2G016400,--,XP_012698975.1 probable LRR receptor-like serine/threonine-protein kinase At3g47570 [Setaria italica],Chr2,1674755,1676957,1,1,2024_N40,days_to_harvest,FarmCPU,8.42468256112904e-13,1,0,12905,4
Seita.2G016500,--,XP_022679863.1 uncharacterized protein LOC111256307 [Setaria italica],Chr2,1678580,1682131,1,1,2024_N40,days_to_harvest,FarmCPU,8.42468256112904e-13,1,0,7731,4
Seita.2G016600,ATL32,XP_004958896.1 E3 ubiquitin-protein ligase EL5-like [Setaria italica],Chr2,1687119,1687634,1,1,2024_N40,days_to_harvest,FarmCPU,8.42468256112904e-13,1,0,2228,4
Seita.2G166400,RE1,CAB3466363.1 unnamed protein product [Digitaria exilis],Chr2,1694237,1698577,1,1,2024_N40,days_to_harvest,FarmCPU,8.42468256112904e-13,1,0,4375,4
Seita.2G016800,PBL25,RCV09307.1 hypothetical protein SETIT_2G016800v2 [Setaria italica],Chr2,1709337,1713179,1,1,2024_N40,days_to_harvest,FarmCPU,8.42468256112904e-13,1,0,19475,4
Seita.9G624300,NET1C,XP_034573609.1 protein NETWORKED 1D-like [Setaria viridis],Chr9,22253797,22262908,1,1,2024_N40,dtf,FarmCPU,9.73514186968262e-13,1,0,6453,4
Seita.9G624400,--,CAB3499622.1 unnamed protein product [Digitaria exilis],Chr9,22263098,22263438,1,1,2024_N40,dtf,FarmCPU,9.73514186968262e-13,1,0,5923,4
Seita.9G266100,IQD19,XP_022678677.1 protein IQ-DOMAIN 14 [Setaria italica],Chr9,22264015,22266464,1,1,2024_N40,dtf,FarmCPU,9.73514186968262e-13,1,0,2897,4
Seita.8G311800,--,KAG2562805.1 hypothetical protein PVAP13_8KG285900 [Panicum virgatum],Chr8,32846402,32849762,1,1,2024_N120,days_to_harvest,FarmCPU,1.15854557082629e-12,1,0,134417,4
Seita.8G159400,--,RCV38644.1 hypothetical protein SETIT_8G159400v2 [Setaria italica],Chr8,32858055,32859279,1,1,2024_N120,days_to_harvest,FarmCPU,1.15854557082629e-12,1,0,124900,4
Seita.8G159500,--,XP_022685263.1 DNA-binding protein HEXBP [Setaria italica],Chr8,32866721,32868070,1,1,2024_N120,days_to_harvest,FarmCPU,1.15854557082629e-12,1,0,116109,4
Seita.8G311900,--,KAG2562805.1 hypothetical protein PVAP13_8KG285900 [Panicum virgatum],Chr8,32871538,32872593,1,1,2024_N120,days_to_harvest,FarmCPU,1.15854557082629e-12,1,0,111586,4
Seita.8G159600,--,RCV38646.1 hypothetical protein SETIT_8G159600v2 [Setaria italica],Chr8,32876286,32876693,1,1,2024_N120,days_to_harvest,FarmCPU,1.15854557082629e-12,1,0,107486,4
Seita.8G312000,--,TKW31230.1 hypothetical protein SEVIR_2G091600v2 [Setaria viridis],Chr8,32880915,32881485,1,1,2024_N120,days_to_harvest,FarmCPU,1.15854557082629e-12,1,0,102694,4
Seita.8G312100,--,XP_045086828.1 uncharacterized protein LOC109751841 isoform X1 [Aegilops tauschii subsp. strangulata] [Aegilops tauschii],Chr8,32886484,32887475,1,1,2024_N120,days_to_harvest,FarmCPU,1.15854557082629e-12,1,0,96704,4
Seita.8G159700,--,RCV38647.1 hypothetical protein SETIT_8G159700v2 [Setaria italica],Chr8,32889267,32889814,1,1,2024_N120,days_to_harvest,FarmCPU,1.15854557082629e-12,1,0,94365,4
Seita.8G312200,--,TKW20694.1 hypothetical protein SEVIR_4G106100v2 [Setaria viridis],Chr8,32892150,32893414,1,1,2024_N120,days_to_harvest,FarmCPU,1.15854557082629e-12,1,0,90765,4
Seita.8G312300,--,-,Chr8,32903685,32904913,1,1,2024_N120,days_to_harvest,FarmCPU,1.15854557082629e-12,1,0,79266,4
Seita.8G159800,dnaJ1,XP_004979549.1 uncharacterized protein LOC101754686 [Setaria italica],Chr8,32912763,32924780,1,1,2024_N120,days_to_harvest,FarmCPU,1.15854557082629e-12,1,0,59399,4
Seita.8G159900,--,RCV38650.1 hypothetical protein SETIT_8G159900v2 [Setaria italica],Chr8,32929075,32930239,1,1,2024_N120,days_to_harvest,FarmCPU,1.15854557082629e-12,1,0,53940,4
Seita.8G312400,--,-,Chr8,32938447,32939391,1,1,2024_N120,days_to_harvest,FarmCPU,1.15854557082629e-12,1,0,44788,4
Seita.8G160000,ALY3,XP_012703938.1 protein ALWAYS EARLY 2 isoform X1 [Setaria italica],Chr8,32940893,32953492,1,1,2024_N120,days_to_harvest,FarmCPU,1.15854557082629e-12,1,0,30687,4
Seita.8G312500,BRF1,XP_012703677.1 LOW QUALITY PROTEIN: transcription factor IIIB 90 kDa subunit-like [Setaria italica],Chr8,32970789,32972896,1,1,2024_N120,days_to_harvest,FarmCPU,1.15854557082629e-12,1,0,11283,4
Seita.2G124200,--,XP_004956120.1 atherin [Setaria italica],Chr2,15554001,15557903,1,1,2024_N40,days_to_harvest,FarmCPU,2.07540240200511e-12,1,0,127231,4
Seita.2G124300,--,XP_004956121.1 uncharacterized protein LOC101759527 [Setaria italica],Chr2,15557945,15559453,1,1,2024_N40,days_to_harvest,FarmCPU,2.07540240200511e-12,1,0,125681,4
Seita.2G470100,--,XP_034593681.1 uncharacterized protein LOC117855436 isoform X2 [Setaria viridis],Chr2,15566153,15567842,1,1,2024_N40,days_to_harvest,FarmCPU,2.07540240200511e-12,1,0,117292,4
Seita.2G124400,HNRNPDL,XP_004956123.1 heterogeneous nuclear ribonucleoprotein Q isoform X2 [Setaria italica],Chr2,15586886,15591915,1,1,2024_N40,days_to_harvest,FarmCPU,2.07540240200511e-12,1,0,93219,4
Seita.2G124500,--,RCV10615.1 hypothetical protein SETIT_2G124500v2 [Setaria italica],Chr2,15595028,15596553,1,1,2024_N40,days_to_harvest,FarmCPU,2.07540240200511e-12,1,0,88581,4
Seita.2G470200,--,RLM64290.1 uncharacterized protein C2845_PM16G00320 [Panicum miliaceum],Chr2,15604762,15605896,1,1,2024_N40,days_to_harvest,FarmCPU,2.07540240200511e-12,1,0,79238,4
Seita.2G124600,--,XP_004956124.1 uncharacterized protein LOC101760618 [Setaria italica],Chr2,15613748,15618996,1,1,2024_N40,days_to_harvest,FarmCPU,2.07540240200511e-12,1,0,66138,4
Seita.2G124700,trd-1,XP_004956125.1 tetratricopeptide repeat protein 27 homolog [Setaria italica],Chr2,15631587,15652684,1,1,2024_N40,days_to_harvest,FarmCPU,2.07540240200511e-12,1,0,32450,4
Seita.2G124800,--,RCV10621.1 hypothetical protein SETIT_2G124800v2 [Setaria italica],Chr2,15688504,15689383,1,1,2024_N40,days_to_harvest,FarmCPU,2.07540240200511e-12,1,0,3370,4
Seita.2G124900,Prep,RCV10622.1 hypothetical protein SETIT_2G124900v2 [Setaria italica],Chr2,15690416,15698680,1,1,2024_N40,days_to_harvest,FarmCPU,2.07540240200511e-12,1,0,5282,4
Seita.2G125000,LUC7L3,XP_004956127.1 luc7-like protein 3 [Setaria italica],Chr2,15701221,15705863,1,1,2024_N40,days_to_harvest,FarmCPU,2.07540240200511e-12,1,0,16087,4
Seita.2G125100,SFH11,XP_004956130.1 phosphatidylinositol/phosphatidylcholine transfer protein SFH11 isoform X1 [Setaria italica],Chr2,15707549,15713384,1,1,2024_N40,days_to_harvest,FarmCPU,2.07540240200511e-12,1,0,22415,4
Seita.2G125200,XYN2,XP_004956132.1 uncharacterized protein LOC101763983 isoform X1 [Setaria italica],Chr2,15714887,15721957,1,1,2024_N40,days_to_harvest,FarmCPU,2.07540240200511e-12,1,0,29753,4
Seita.2G125300,--,XP_004956134.1 uncharacterized protein LOC101764660 isoform X2 [Setaria italica],Chr2,15722034,15728133,1,1,2024_N40,days_to_harvest,FarmCPU,2.07540240200511e-12,1,0,36900,4
Seita.4G102300,--,XP_014660473.1 L10-interacting MYB domain-containing protein isoform X2 [Setaria italica],Chr4,9066825,9070350,1,1,2024_N120,protein_pct,FarmCPU,2.13872815235489e-12,1,0,2834,4
Seita.1G327400,At1g73400,"XP_004953986.1 pentatricopeptide repeat-containing protein At1g73400, mitochondrial [Setaria italica]",Chr1,41339979,41345123,1,1,2023,height_cm,BLINK,2.96505397234618e-12,1,0,5378,4
Seita.1G327500,At5g49980,XP_022683383.1 F-box protein FBX14 [Setaria italica],Chr1,41346036,41350129,1,1,2023,height_cm,BLINK,2.96505397234618e-12,1,0,11435,4
Seita.1G467400,--,-,Chr1,41351966,41352355,1,1,2023,height_cm,BLINK,2.96505397234618e-12,1,0,17365,4
Seita.7G005200,--,XP_004974969.1 proline-rich protein HaeIII subfamily 1 [Setaria italica],Chr7,913737,917692,1,1,2024_N40,dtf,FarmCPU,5.66232947783281e-12,1,0,79734,4
Seita.7G005300,GT43H,XP_004974970.1 probable glucuronosyltransferase Os04g0103100 [Setaria italica],Chr7,926416,930174,1,1,2024_N40,dtf,FarmCPU,5.66232947783281e-12,1,0,67252,4
Seita.7G005400,eif3m,TKW02883.1 hypothetical protein SEVIR_7G033500v2 [Setaria viridis],Chr7,930462,933420,1,1,2024_N40,dtf,FarmCPU,5.66232947783281e-12,1,0,64006,4
Seita.7G005500,RBL19,XP_004974972.1 rhomboid-like protein 19 [Setaria italica],Chr7,934089,937437,1,1,2024_N40,dtf,FarmCPU,5.66232947783281e-12,1,0,59989,4
Seita.7G005600,HPR3,XP_004974973.1 glyoxylate/hydroxypyruvate reductase HPR3 [Setaria italica],Chr7,948818,952695,1,1,2024_N40,dtf,FarmCPU,5.66232947783281e-12,1,0,44731,4
Seita.7G054400,--,TKW07011.1 hypothetical protein SEVIR_7G279350v2 [Setaria viridis],Chr7,963445,963678,1,1,2024_N40,dtf,FarmCPU,5.66232947783281e-12,1,0,33748,4
Seita.7G056000,--,XP_012702811.1 uncharacterized protein LOC105914714 [Setaria italica],Chr7,963882,970874,1,1,2024_N40,dtf,FarmCPU,5.66232947783281e-12,1,0,26552,4
Seita.7G057800,--,TKW07011.1 hypothetical protein SEVIR_7G279350v2 [Setaria viridis],Chr7,971625,971858,1,1,2024_N40,dtf,FarmCPU,5.66232947783281e-12,1,0,25568,4
Seita.7G005700,BPM1,XP_022683994.1 BTB/POZ and MATH domain-containing protein 1 [Setaria italica],Chr7,994050,994673,1,1,2024_N40,dtf,FarmCPU,5.66232947783281e-12,1,0,2753,4
Seita.7G005800,At1g63360,XP_022683719.1 uncharacterized protein LOC101761973 [Setaria italica],Chr7,1008366,1012510,1,1,2024_N40,dtf,FarmCPU,5.66232947783281e-12,1,0,10940,4
Seita.7G005900,--,RCV32478.1 hypothetical protein SETIT_7G005900v2 [Setaria italica],Chr7,1012533,1022458,1,1,2024_N40,dtf,FarmCPU,5.66232947783281e-12,1,0,15107,4
Seita.7G070200,--,XP_022683995.1 uncharacterized protein LOC101773719 [Setaria italica],Chr7,1024398,1026151,1,1,2024_N40,dtf,FarmCPU,5.66232947783281e-12,1,0,26972,4
Seita.7G006000,NHX2,RCV32479.1 hypothetical protein SETIT_7G006000v2 [Setaria italica],Chr7,1026942,1028481,1,1,2024_N40,dtf,FarmCPU,5.66232947783281e-12,1,0,29516,4
Seita.7G006100,At2g28450,XP_004974975.1 zinc finger CCCH domain-containing protein 24 [Setaria italica],Chr7,1028605,1035272,1,1,2024_N40,dtf,FarmCPU,5.66232947783281e-12,1,0,31179,4
Seita.7G006200,--,XP_004974976.1 uncharacterized protein LOC101774528 [Setaria italica],Chr7,1040454,1043918,1,1,2024_N40,dtf,FarmCPU,5.66232947783281e-12,1,0,43028,4
Seita.7G006300,--,XP_004974978.1 uncharacterized protein LOC101775200 [Setaria italica],Chr7,1049186,1049929,1,1,2024_N40,dtf,FarmCPU,5.66232947783281e-12,1,0,51760,4
Seita.7G006400,--,XP_004974979.1 uncharacterized protein C594.04c [Setaria italica],Chr7,1054032,1055559,1,1,2024_N40,dtf,FarmCPU,5.66232947783281e-12,1,0,56606,4
Seita.7G070500,--,-,Chr7,1057683,1061493,1,1,2024_N40,dtf,FarmCPU,5.66232947783281e-12,1,0,60257,4
Seita.7G006500,--,XP_004974980.1 uncharacterized protein LOC101776007 [Setaria italica],Chr7,1062721,1067300,1,1,2024_N40,dtf,FarmCPU,5.66232947783281e-12,1,0,65295,4
Seita.7G012600,--,XP_012702667.1 uncharacterized protein LOC101752639 [Setaria italica],Chr7,2083653,2087431,1,1,2024_N40,days_to_harvest,FarmCPU,5.71306278393246e-12,1,0,40133,4
Seita.7G115800,--,-,Chr7,2091800,2095001,1,1,2024_N40,days_to_harvest,FarmCPU,5.71306278393246e-12,1,0,32563,4
Seita.7G012700,--,RCV32559.1 hypothetical protein SETIT_7G012700v2 [Setaria italica],Chr7,2105298,2106058,1,1,2024_N40,days_to_harvest,FarmCPU,5.71306278393246e-12,1,0,21506,4
Seita.7G012800,--,RCV32560.1 hypothetical protein SETIT_7G012800v2 [Setaria italica],Chr7,2142610,2143552,1,1,2024_N40,days_to_harvest,FarmCPU,5.71306278393246e-12,1,0,15046,4
Seita.7G012900,--,RCV32561.1 hypothetical protein SETIT_7G012900v2 [Setaria italica],Chr7,2149014,2149775,1,1,2024_N40,days_to_harvest,FarmCPU,5.71306278393246e-12,1,0,21450,4
Seita.7G013000,--,XP_004975008.1 WEB family protein At1g75720 isoform X1 [Setaria italica],Chr7,2149883,2154836,1,1,2024_N40,days_to_harvest,FarmCPU,5.71306278393246e-12,1,0,22319,4
Seita.7G013100,CTDSPL2,XP_004975010.1 CTD small phosphatase-like protein 2 [Setaria italica],Chr7,2173489,2180641,1,1,2024_N40,days_to_harvest,FarmCPU,5.71306278393246e-12,1,0,45925,4
Seita.9G654800,--,XP_034593959.1 serine/threonine-protein kinase PBL27-like [Setaria viridis],Chr9,40664406,40664969,1,1,2024_N40,protein_pct,FarmCPU,6.95498827353989e-12,1,0,9621,4
Seita.8G106800,--,RCV37997.1 hypothetical protein SETIT_8G106800v2 [Setaria italica],Chr8,15582576,15583702,1,1,2024_N120,protein_pct,BLINK,8.19991296371243e-12,1,0,50539,4
Seita.8G106900,PUX11,XP_034568949.1 plant UBX domain-containing protein 11 isoform X1 [Setaria viridis],Chr8,15595888,15607891,1,1,2024_N120,protein_pct,BLINK,8.19991296371243e-12,1,0,63851,4
Seita.8G283600,--,XP_034603311.1 uncharacterized protein LOC117863624 [Setaria viridis],Chr8,15709968,15710531,1,1,2024_N120,protein_pct,BLINK,8.19991296371243e-12,1,0,177931,4
Seita.8G283700,--,-,Chr8,15777398,15781126,1,1,2024_N120,protein_pct,BLINK,8.19991296371243e-12,1,0,245361,4
Seita.8G085600,RPL18A,XP_004979031.1 60S ribosomal protein L18a [Setaria italica],Chr8,11011235,11012909,1,1,2023,pedicel_length_cm,BLINK,9.14433418319857e-12,1,0,4570,4
Seita.8G085700,--,RCV37724.1 hypothetical protein SETIT_8G085700v2 [Setaria italica],Chr8,11015387,11015845,1,1,2023,pedicel_length_cm,BLINK,9.14433418319857e-12,1,0,1634,4
Seita.8G085800,NFYC2,RCV37725.1 hypothetical protein SETIT_8G085800v2 [Setaria italica],Chr8,11020680,11021434,1,1,2023,pedicel_length_cm,BLINK,9.14433418319857e-12,1,0,3201,4
Seita.8G275300,--,-,Chr8,11023175,11024664,1,1,2023,pedicel_length_cm,BLINK,9.14433418319857e-12,1,0,5696,4
Seita.8G085900,--,RCV37726.1 hypothetical protein SETIT_8G085900v2 [Setaria italica],Chr8,11029830,11032397,1,1,2023,pedicel_length_cm,BLINK,9.14433418319857e-12,1,0,12351,4
Seita.4G351600,PER52,XP_034588928.1 peroxidase P7-like [Setaria viridis],Chr4,29263925,29265458,1,1,2024_N120,protein_pct,BLINK,9.35525606060554e-12,1,0,17866,4
Seita.1G162500,FKBP65,RCV06442.1 hypothetical protein SETIT_1G162500v2 [Setaria italica],Chr1,25596266,25600659,1,1,2024_N40,dtf,FarmCPU,1.33708700338345e-11,1,0,7887,4
Seita.1G017100,ATL58,XP_004954585.1 RING-H2 finger protein ATL75 [Setaria italica],Chr1,1471466,1472372,1,1,2024_N40,number_of_tillers,FarmCPU,1.38988354721443e-11,1,0,2167,4
Seita.4G207900,--,RCV22276.1 hypothetical protein SETIT_4G207900v2 [Setaria italica],Chr4,33348562,33349385,1,1,2024_N120,height_cm,FarmCPU,3.06129879734198e-11,1,0,2978,4
Seita.3G283600,NPF2.3,RCV18233.1 hypothetical protein SETIT_3G283600v2 [Setaria italica],Chr3,27183874,27184526,1,1,2023,pedicel_length_cm,FarmCPU,3.09072587452664e-11,1,0,236810,4
Seita.3G283700,--,XP_004962427.1 uncharacterized protein LOC101781856 [Setaria italica],Chr3,27201420,27203841,1,1,2023,pedicel_length_cm,FarmCPU,3.09072587452664e-11,1,0,217495,4
Seita.3G283800,--,XP_004962428.1 uncharacterized protein LOC101782258 [Setaria italica],Chr3,27213537,27215433,1,1,2023,pedicel_length_cm,FarmCPU,3.09072587452664e-11,1,0,205903,4
Seita.3G283900,CPN60A1,"XP_004962429.1 ruBisCO large subunit-binding protein subunit alpha, chloroplastic [Setaria italica]",Chr3,27225618,27230655,1,1,2023,pedicel_length_cm,FarmCPU,3.09072587452664e-11,1,0,190681,4
Seita.3G474800,--,TKW01387.1 hypothetical protein SEVIR_8G176800v2 [Setaria viridis],Chr3,27246838,27250440,1,1,2023,pedicel_length_cm,FarmCPU,3.09072587452664e-11,1,0,170896,4
Seita.3G474900,--,TKW27955.1 hypothetical protein SEVIR_3G292200v2 [Setaria viridis],Chr3,27247985,27248717,1,1,2023,pedicel_length_cm,FarmCPU,3.09072587452664e-11,1,0,172619,4
Seita.3G284000,NPF5.1,RCV18238.1 hypothetical protein SETIT_3G284000v2 [Setaria italica],Chr3,27251072,27256268,1,1,2023,pedicel_length_cm,FarmCPU,3.09072587452664e-11,1,0,165068,4
Seita.3G284100,--,XP_004962431.1 cell wall protein RBR3 isoform X2 [Setaria italica],Chr3,27261041,27262340,1,1,2023,pedicel_length_cm,FarmCPU,3.09072587452664e-11,1,0,158996,4
Seita.3G284200,--,RCV18240.1 hypothetical protein SETIT_3G284200v2 [Setaria italica],Chr3,27266635,27266809,1,1,2023,pedicel_length_cm,FarmCPU,3.09072587452664e-11,1,0,154527,4
Seita.3G284300,--,RCV18241.1 hypothetical protein SETIT_3G284300v2 [Setaria italica],Chr3,27278050,27280622,1,1,2023,pedicel_length_cm,FarmCPU,3.09072587452664e-11,1,0,140714,4
Seita.3G284400,--,XP_004962432.1 prosaposin isoform X1 [Setaria italica],Chr3,27285295,27291098,1,1,2023,pedicel_length_cm,FarmCPU,3.09072587452664e-11,1,0,130238,4
Seita.3G284700,AZG1,XP_004962437.1 adenine/guanine permease AZG1 [Setaria italica],Chr3,27371590,27373746,1,1,2023,pedicel_length_cm,FarmCPU,3.09072587452664e-11,1,0,47590,4
Seita.3G284800,ME6,RCV18248.1 hypothetical protein SETIT_3G284800v2 [Setaria italica],Chr3,27409500,27411627,1,1,2023,pedicel_length_cm,FarmCPU,3.09072587452664e-11,1,0,9709,4
Seita.3G284900,--,RCV18249.1 hypothetical protein SETIT_3G284900v2 [Setaria italica],Chr3,27412281,27412827,1,1,2023,pedicel_length_cm,FarmCPU,3.09072587452664e-11,1,0,8509,4
Seita.3G285000,CIPK18,XP_004962438.1 CBL-interacting protein kinase 18 [Setaria italica],Chr3,27434046,27438951,1,1,2023,pedicel_length_cm,FarmCPU,3.09072587452664e-11,1,0,12710,4
Seita.3G475200,--,RLM54275.1 hypothetical protein C2845_PM10G21810 [Panicum miliaceum],Chr3,27461690,27462587,1,1,2023,pedicel_length_cm,FarmCPU,3.09072587452664e-11,1,0,40354,4
Seita.3G285100,--,RCV18252.1 hypothetical protein SETIT_3G285100v2 [Setaria italica],Chr3,27467974,27468524,1,1,2023,pedicel_length_cm,FarmCPU,3.09072587452664e-11,1,0,46638,4
Seita.3G285200,--,RCV18253.1 hypothetical protein SETIT_3G285200v2 [Setaria italica],Chr3,27475712,27476430,1,1,2023,pedicel_length_cm,FarmCPU,3.09072587452664e-11,1,0,54376,4
Seita.3G285300,--,XP_022681246.1 uncharacterized protein LOC111256819 [Setaria italica],Chr3,27476899,27482883,1,1,2023,pedicel_length_cm,FarmCPU,3.09072587452664e-11,1,0,55563,4
Seita.3G475300,--,"KAG0517101.1 hypothetical protein BDA96_09G059500, partial [Sorghum bicolor]",Chr3,27484790,27488152,1,1,2023,pedicel_length_cm,FarmCPU,3.09072587452664e-11,1,0,63454,4
Seita.3G285400,--,RCV18255.1 hypothetical protein SETIT_3G285400v2 [Setaria italica],Chr3,27489393,27490759,1,1,2023,pedicel_length_cm,FarmCPU,3.09072587452664e-11,1,0,68057,4
Seita.3G285500,--,RCV18256.1 hypothetical protein SETIT_3G285500v2 [Setaria italica],Chr3,27492807,27493517,1,1,2023,pedicel_length_cm,FarmCPU,3.09072587452664e-11,1,0,71471,4
Seita.9G287100,--,XP_004983381.1 uncharacterized protein LOC101765535 [Setaria italica],Chr9,34639131,34640361,1,1,2024_N120,dtf,FarmCPU,3.92039816639039e-11,1,0,186802,4
Seita.9G639400,--,-,Chr9,34646963,34648723,1,1,2024_N120,dtf,FarmCPU,3.92039816639039e-11,1,0,178440,4
Seita.9G287200,At5g22620,RCV43348.1 hypothetical protein SETIT_9G287200v2 [Setaria italica],Chr9,34650514,34650821,1,1,2024_N120,dtf,FarmCPU,3.92039816639039e-11,1,0,176342,4
Seita.9G287300,PRP4,XP_004983383.1 proline-rich protein 4 [Setaria italica],Chr9,34660262,34662147,1,1,2024_N120,dtf,FarmCPU,3.92039816639039e-11,1,0,165016,4
Seita.9G287400,PRP4,XP_004983384.1 proline-rich protein 4 [Setaria italica],Chr9,34692883,34694087,1,1,2024_N120,dtf,FarmCPU,3.92039816639039e-11,1,0,133076,4
Seita.9G287500,--,XP_034576458.1 proline-rich protein 4-like [Setaria viridis],Chr9,34708912,34710723,1,1,2024_N120,dtf,FarmCPU,3.92039816639039e-11,1,0,116440,4
Seita.9G287600,PRP4,XP_004983386.1 proline-rich protein 4 [Setaria italica],Chr9,34716082,34717429,1,1,2024_N120,dtf,FarmCPU,3.92039816639039e-11,1,0,109734,4
Seita.9G287700,--,XP_004983387.1 uncharacterized protein LOC101768255 [Setaria italica],Chr9,34748658,34751378,1,1,2024_N120,dtf,FarmCPU,3.92039816639039e-11,1,0,75785,4
Seita.9G287800,--,XP_004983388.1 uncharacterized protein LOC101768660 [Setaria italica],Chr9,34754122,34755417,1,1,2024_N120,dtf,FarmCPU,3.92039816639039e-11,1,0,71746,4
Seita.9G639500,--,-,Chr9,34755880,34756176,1,1,2024_N120,dtf,FarmCPU,3.92039816639039e-11,1,0,70987,4
Seita.9G639600,--,-,Chr9,34756260,34756744,1,1,2024_N120,dtf,FarmCPU,3.92039816639039e-11,1,0,70419,4
Seita.9G287900,--,RCV43355.1 hypothetical protein SETIT_9G287900v2 [Setaria italica],Chr9,34778112,34780729,1,1,2024_N120,dtf,FarmCPU,3.92039816639039e-11,1,0,46434,4
Seita.9G639700,--,RCV37854.1 hypothetical protein SETIT_8G095600v2 [Setaria italica],Chr9,34782724,34783464,1,1,2024_N120,dtf,FarmCPU,3.92039816639039e-11,1,0,43699,4
Seita.9G639800,--,TKW14536.1 hypothetical protein SEVIR_5G175200v2 [Setaria viridis],Chr9,34789082,34792046,1,1,2024_N120,dtf,FarmCPU,3.92039816639039e-11,1,0,35117,4
Seita.9G639900,--,XP_034586819.1 putative disease resistance protein At3g14460 [Setaria viridis],Chr9,34792789,34793463,1,1,2024_N120,dtf,FarmCPU,3.92039816639039e-11,1,0,33700,4
Seita.9G288000,--,XP_004983389.1 uncharacterized protein LOC101769066 [Setaria italica],Chr9,34801811,34802777,1,1,2024_N120,dtf,FarmCPU,3.92039816639039e-11,1,0,24386,4
Seita.9G288100,--,RCV43357.1 hypothetical protein SETIT_9G288100v2 [Setaria italica],Chr9,34804899,34805504,1,1,2024_N120,dtf,FarmCPU,3.92039816639039e-11,1,0,21659,4
Seita.9G288200,Os10g0147400,XP_004983392.1 auxin transporter-like protein 3 [Setaria italica],Chr9,34808693,34813931,1,1,2024_N120,dtf,FarmCPU,3.92039816639039e-11,1,0,13232,4
Seita.9G288300,--,RCV43359.1 hypothetical protein SETIT_9G288300v2 [Setaria italica],Chr9,34827702,34828587,1,1,2024_N120,dtf,FarmCPU,3.92039816639039e-11,1,0,539,4
Seita.9G640000,--,TKV94445.1 hypothetical protein SEVIR_9G295100v2 [Setaria viridis],Chr9,34846691,34847196,1,1,2024_N120,dtf,FarmCPU,3.92039816639039e-11,1,0,19528,4
Seita.9G640100,--,XP_034583011.1 uncharacterized protein LOC117846021 [Setaria viridis],Chr9,34853974,34855248,1,1,2024_N120,dtf,FarmCPU,3.92039816639039e-11,1,0,26811,4
Seita.9G288400,TLP1,XP_004983393.1 thaumatin-like protein 1b [Setaria italica],Chr9,34864812,34866919,1,1,2024_N120,dtf,FarmCPU,3.92039816639039e-11,1,0,37649,4
Seita.9G640200,MKK7,RCV26135.1 hypothetical protein SETIT_5G221100v2 [Setaria italica],Chr9,34919579,34921235,1,1,2024_N120,dtf,FarmCPU,3.92039816639039e-11,1,0,92416,4
Seita.9G288500,TLP1,XP_004983394.1 thaumatin-like protein 1b [Setaria italica],Chr9,34972241,34974597,1,1,2024_N120,dtf,FarmCPU,3.92039816639039e-11,1,0,145078,4
Seita.9G640300,--,TKV92550.1 LOW QUALITY PROTEIN: hypothetical protein SEVIR_9G168700v2 [Setaria viridis],Chr9,34978892,34980179,1,1,2024_N120,dtf,FarmCPU,3.92039816639039e-11,1,0,151729,4
Seita.9G640400,--,-,Chr9,34986803,34987246,1,1,2024_N120,dtf,FarmCPU,3.92039816639039e-11,1,0,159640,4
Seita.9G640500,MAIL3,XP_034577544.1 uncharacterized protein LOC117841082 [Setaria viridis],Chr9,34987828,34989672,1,1,2024_N120,dtf,FarmCPU,3.92039816639039e-11,1,0,160665,4
Seita.9G640600,--,-,Chr9,34990585,34991210,1,1,2024_N120,dtf,FarmCPU,3.92039816639039e-11,1,0,163422,4
Seita.9G640700,--,-,Chr9,34998539,34999150,1,1,2024_N120,dtf,FarmCPU,3.92039816639039e-11,1,0,171376,4
Seita.9G288600,--,RCV43362.1 hypothetical protein SETIT_9G288600v2 [Setaria italica],Chr9,35001761,35003452,1,1,2024_N120,dtf,FarmCPU,3.92039816639039e-11,1,0,174598,4
Seita.9G288700,CYP76M5,XP_004983396.1 cytochrome P450 76M5 [Setaria italica],Chr9,35038658,35040316,1,1,2024_N120,dtf,FarmCPU,3.92039816639039e-11,1,0,211495,4
Seita.9G640800,--,TKW20694.1 hypothetical protein SEVIR_4G106100v2 [Setaria viridis],Chr9,35041428,35043698,1,1,2024_N120,dtf,FarmCPU,3.92039816639039e-11,1,0,214265,4
Seita.1G260600,CYP709B2,XP_004953361.1 cytochrome P450 709B2 [Setaria italica],Chr1,36030930,36033213,1,1,2023,thousand_seed_weight_g,BLINK,4.62548432451453e-11,1,0,1740,4
Seita.5G179800,--,XP_012701996.1 uncharacterized protein LOC101760163 isoform X2 [Setaria italica],Chr5,24593049,24599170,1,1,2023,dtf,FarmCPU,9.38262612233007e-11,1,0,72786,4
Seita.5G507200,--,-,Chr5,24600127,24603760,1,1,2023,dtf,FarmCPU,9.38262612233007e-11,1,0,68196,4
Seita.5G179900,NDT2,"XP_004968826.1 nicotinamide adenine dinucleotide transporter 2, mitochondrial [Setaria italica]",Chr5,24625843,24634659,1,1,2023,dtf,FarmCPU,9.38262612233007e-11,1,0,37297,4
Seita.4G335000,--,TKW21397.1 hypothetical protein SEVIR_4G161501v2 [Setaria viridis],Chr4,19613903,19614770,1,1,2023,dtf,FarmCPU,9.52332922075218e-11,1,0,3760,4
Seita.4G103000,XGOAT1,XP_004965077.1 protein ALTERED XYLOGLUCAN 4 [Setaria italica],Chr4,9280975,9282660,1,1,2024_N40,height_cm,BLINK,9.7413594508959e-11,1,0,4962,4
Seita.9G132200,SOK3,RCV41390.1 hypothetical protein SETIT_9G132200v2 [Setaria italica],Chr9,8286722,8291714,1,1,2023,panicle_length_cm,BLINK,1.39303308110261e-10,1,0,121357,4
Seita.9G132300,--,XP_004986301.1 uncharacterized protein LOC101784727 [Setaria italica],Chr9,8292426,8293193,1,1,2023,panicle_length_cm,BLINK,1.39303308110261e-10,1,0,119878,4
Seita.9G132400,UGT91D1,XP_004982120.2 UDP-glycosyltransferase 91D1 [Setaria italica],Chr9,8295536,8297337,1,1,2023,panicle_length_cm,BLINK,1.39303308110261e-10,1,0,115734,4
Seita.9G587000,--,TVU45607.1 hypothetical protein EJB05_05098 [Eragrostis curvula],Chr9,8300884,8304598,1,1,2023,panicle_length_cm,BLINK,1.39303308110261e-10,1,0,108473,4
Seita.9G132500,--,XP_004982121.1 CLAVATA3/ESR (CLE)-related protein 25 [Setaria italica],Chr9,8300915,8303293,1,1,2023,panicle_length_cm,BLINK,1.39303308110261e-10,1,0,109778,4
Seita.9G132600,GLCAT14A,XP_004982122.1 beta-glucuronosyltransferase GlcAT14B [Setaria italica],Chr9,8309585,8314123,1,1,2023,panicle_length_cm,BLINK,1.39303308110261e-10,1,0,98948,4
Seita.9G587100,--,TKV91947.1 hypothetical protein SEVIR_9G131300v2 [Setaria viridis],Chr9,8309610,8310422,1,1,2023,panicle_length_cm,BLINK,1.39303308110261e-10,1,0,102649,4
Seita.9G587200,--,-,Chr9,8316000,8316368,1,1,2023,panicle_length_cm,BLINK,1.39303308110261e-10,1,0,96703,4
Seita.9G132700,HIPL1,RCV41396.1 hypothetical protein SETIT_9G132700v2 [Setaria italica],Chr9,8316999,8321573,1,1,2023,panicle_length_cm,BLINK,1.39303308110261e-10,1,0,91498,4
Seita.9G132800,--,RCV41397.1 hypothetical protein SETIT_9G132800v2 [Setaria italica],Chr9,8324043,8324982,1,1,2023,panicle_length_cm,BLINK,1.39303308110261e-10,1,0,88089,4
Seita.9G132900,--,RCV41398.1 hypothetical protein SETIT_9G132900v2 [Setaria italica],Chr9,8327214,8328293,1,1,2023,panicle_length_cm,BLINK,1.39303308110261e-10,1,0,84778,4
Seita.9G133000,At4g38062,XP_004982123.1 uncharacterized protein At4g38062 [Setaria italica],Chr9,8328603,8332564,1,1,2023,panicle_length_cm,BLINK,1.39303308110261e-10,1,0,80507,4
Seita.9G133200,DHNAT1,"XP_004982125.1 1,4-dihydroxy-2-naphthoyl-CoA thioesterase 1 isoform X2 [Setaria italica]",Chr9,8337940,8344638,1,1,2023,panicle_length_cm,BLINK,1.39303308110261e-10,1,0,68433,4
Seita.9G133100,--,RCV41402.1 hypothetical protein SETIT_9G133100v2 [Setaria italica],Chr9,8339351,8340688,1,1,2023,panicle_length_cm,BLINK,1.39303308110261e-10,1,0,72383,4
Seita.9G587300,--,XP_034586383.1 L-type lectin-domain containing receptor kinase VIII.2-like [Setaria viridis],Chr9,8360912,8361559,1,1,2023,panicle_length_cm,BLINK,1.39303308110261e-10,1,0,51512,4
Seita.9G133300,--,RCV41405.1 hypothetical protein SETIT_9G133300v2 [Setaria italica],Chr9,8374544,8375498,1,1,2023,panicle_length_cm,BLINK,1.39303308110261e-10,1,0,37573,4
Seita.9G133400,--,XP_004982126.1 uncharacterized protein LOC101773638 [Setaria italica],Chr9,8378376,8379360,1,1,2023,panicle_length_cm,BLINK,1.39303308110261e-10,1,0,33711,4
Seita.9G587400,--,CAD6338301.1 unnamed protein product [Miscanthus lutarioriparius],Chr9,8384643,8386018,1,1,2023,panicle_length_cm,BLINK,1.39303308110261e-10,1,0,27053,4
Seita.9G133500,--,RCV41407.1 LOW QUALITY PROTEIN: hypothetical protein SETIT_9G133500v2 [Setaria italica],Chr9,8386262,8386682,1,1,2023,panicle_length_cm,BLINK,1.39303308110261e-10,1,0,26389,4
Seita.9G133600,OsI_012692,XP_004982127.1 costars family protein [Setaria italica],Chr9,8387313,8389916,1,1,2023,panicle_length_cm,BLINK,1.39303308110261e-10,1,0,23155,4
Seita.9G133700,--,XP_012698619.1 tetratricopeptide repeat protein 38 [Setaria italica],Chr9,8394298,8399545,1,1,2023,panicle_length_cm,BLINK,1.39303308110261e-10,1,0,13526,4
Seita.9G133800,GAUT1,XP_004982129.3 polygalacturonate 4-alpha-galacturonosyltransferase-like [Setaria italica],Chr9,8400348,8405686,1,1,2023,panicle_length_cm,BLINK,1.39303308110261e-10,1,0,7385,4
Seita.9G587500,--,XP_034572536.1 serine/threonine-protein phosphatase 7 long form homolog isoform X1 [Setaria viridis],Chr9,8408615,8410591,1,1,2023,panicle_length_cm,BLINK,1.39303308110261e-10,1,0,2480,4
Seita.9G133900,RGA3,RCV41412.1 hypothetical protein SETIT_9G133900v2 [Setaria italica],Chr9,8415739,8419533,1,1,2023,panicle_length_cm,BLINK,1.39303308110261e-10,1,0,2668,4
Seita.9G134000,HUA1,XP_004982130.3 uncharacterized protein LOC101775251 [Setaria italica],Chr9,8422602,8430846,1,1,2023,panicle_length_cm,BLINK,1.39303308110261e-10,1,0,9531,4
Seita.9G134100,RPPL1,XP_022679265.1 putative disease resistance RPP13-like protein 1 [Setaria italica],Chr9,8431342,8437785,1,1,2023,panicle_length_cm,BLINK,1.39303308110261e-10,1,0,18271,4
Seita.9G134200,--,RCV41415.1 hypothetical protein SETIT_9G134200v2 [Setaria italica],Chr9,8438443,8438904,1,1,2023,panicle_length_cm,BLINK,1.39303308110261e-10,1,0,25372,4
Seita.9G587600,--,XP_034572820.1 putative disease resistance protein RGA3 isoform X2 [Setaria viridis],Chr9,8439213,8442602,1,1,2023,panicle_length_cm,BLINK,1.39303308110261e-10,1,0,26142,4
Seita.9G587700,--,TKV91968.1 hypothetical protein SEVIR_9G133200v2 [Setaria viridis],Chr9,8444528,8447354,1,1,2023,panicle_length_cm,BLINK,1.39303308110261e-10,1,0,31457,4
Seita.9G134400,CLPB1,RCV41417.1 hypothetical protein SETIT_9G134400v2 [Setaria italica],Chr9,8460417,8463908,1,1,2023,panicle_length_cm,BLINK,1.39303308110261e-10,1,0,47346,4
Seita.9G587800,--,TKW07011.1 hypothetical protein SEVIR_7G279350v2 [Setaria viridis],Chr9,8466259,8466492,1,1,2023,panicle_length_cm,BLINK,1.39303308110261e-10,1,0,53188,4
Seita.9G587900,--,XP_012702811.1 uncharacterized protein LOC105914714 [Setaria italica],Chr9,8467244,8468660,1,1,2023,panicle_length_cm,BLINK,1.39303308110261e-10,1,0,54173,4
Seita.9G134500,RPPL1,RCV41418.1 hypothetical protein SETIT_9G134500v2 [Setaria italica],Chr9,8493939,8496379,1,1,2023,panicle_length_cm,BLINK,1.39303308110261e-10,1,0,80868,4
Seita.9G134700,At3g14460,XP_012698119.1 putative disease resistance protein RGA1 isoform X1 [Setaria italica],Chr9,8504383,8511700,1,1,2023,panicle_length_cm,BLINK,1.39303308110261e-10,1,0,91312,4
Seita.9G134800,AHA11,RCV41421.1 hypothetical protein SETIT_9G134800v2 [Setaria italica],Chr9,8511845,8512516,1,1,2023,panicle_length_cm,BLINK,1.39303308110261e-10,1,0,98774,4
Seita.9G134900,LHA1,XP_004982139.1 plasma membrane ATPase 1 [Setaria italica],Chr9,8519103,8526305,1,1,2023,panicle_length_cm,BLINK,1.39303308110261e-10,1,0,106032,4
Seita.9G135000,VIP2,XP_012698346.1 inositol hexakisphosphate and diphosphoinositol-pentakisphosphate kinase VIP2 isoform X1 [Setaria italica],Chr9,8529979,8547520,1,1,2023,panicle_length_cm,BLINK,1.39303308110261e-10,1,0,116908,4
Seita.9G135100,--,RCV41426.1 hypothetical protein SETIT_9G135100v2 [Setaria italica],Chr9,8551492,8551980,1,1,2023,panicle_length_cm,BLINK,1.39303308110261e-10,1,0,138421,4
Seita.9G135200,hmces,XP_004982141.1 embryonic stem cell-specific 5-hydroxymethylcytosine-binding protein [Setaria italica],Chr9,8553338,8560399,1,1,2023,panicle_length_cm,BLINK,1.39303308110261e-10,1,0,140267,4
Seita.9G135300,--,XP_022679346.1 uncharacterized protein LOC111255946 [Setaria italica],Chr9,8560646,8562530,1,1,2023,panicle_length_cm,BLINK,1.39303308110261e-10,1,0,147575,4
Seita.9G588000,--,-,Chr9,8563170,8564454,1,1,2023,panicle_length_cm,BLINK,1.39303308110261e-10,1,0,150099,4
Seita.9G135400,CPK9,RCV41429.1 hypothetical protein SETIT_9G135400v2 [Setaria italica],Chr9,8565538,8566813,1,1,2023,panicle_length_cm,BLINK,1.39303308110261e-10,1,0,152467,4
Seita.9G588100,--,-,Chr9,8567239,8567600,1,1,2023,panicle_length_cm,BLINK,1.39303308110261e-10,1,0,154168,4
Seita.9G135600,CPK9,XP_012704248.1 calcium-dependent protein kinase 9 [Setaria italica],Chr9,8569969,8574459,1,1,2023,panicle_length_cm,BLINK,1.39303308110261e-10,1,0,156898,4
Seita.9G135700,--,"XP_004982143.1 glycine, alanine and asparagine-rich protein [Setaria italica]",Chr9,8576083,8581404,1,1,2023,panicle_length_cm,BLINK,1.39303308110261e-10,1,0,163012,4
Seita.9G135800,CDKF-2,RCV41433.1 LOW QUALITY PROTEIN: hypothetical protein SETIT_9G135800v2 [Setaria italica],Chr9,8582893,8583677,1,1,2023,panicle_length_cm,BLINK,1.39303308110261e-10,1,0,169822,4
Seita.9G135900,--,XP_034574464.1 formin-like protein 5 isoform X1 [Setaria viridis],Chr9,8586690,8592789,1,1,2023,panicle_length_cm,BLINK,1.39303308110261e-10,1,0,173619,4
Seita.9G136000,--,XP_012698361.1 uncharacterized protein LOC101780516 [Setaria italica],Chr9,8590365,8594383,1,1,2023,panicle_length_cm,BLINK,1.39303308110261e-10,1,0,177294,4
Seita.9G602100,CYP89A2,XP_034576840.1 cytochrome P450 89A2-like [Setaria viridis],Chr9,13665535,13667058,1,1,2024_N120,dtf,BLINK,4.07854522353028e-10,1,0,1216,4
Seita.3G170400,WRKY56,XP_004961423.1 probable WRKY transcription factor 56 [Setaria italica],Chr3,12590013,12591311,1,1,2024_N120,protein_pct,BLINK,4.42935471781509e-10,1,0,1628,4
Seita.2G158900,--,XP_004956434.1 uncharacterized protein LOC101759939 isoform X1 [Setaria italica],Chr2,26494881,26502748,1,1,2023,dtf,FarmCPU,5.39319018122598e-10,1,0,2760,4
Seita.4G339600,--,TKV93084.1 hypothetical protein SEVIR_9G203050v2 [Setaria viridis],Chr4,23202678,23204935,1,1,2024_N120,number_of_tillers,BLINK,6.33251257556116e-10,1,0,53834,4
Seita.9G239300,ABCG25,XP_012704452.1 ABC transporter G family member 25 isoform X1 [Setaria italica],Chr9,18603295,18613578,1,1,2024_N120,days_to_harvest,FarmCPU,6.7843992501043e-10,1,0,6195,4
Seita.1G425300,--,TKW39120.1 hypothetical protein SEVIR_1G157700v2 [Setaria viridis],Chr1,24169961,24171495,1,1,2024_N120,height_cm,FarmCPU,7.47934117675004e-10,1,0,3960,4
Seita.4G119900,PIF6,RCV21205.1 hypothetical protein SETIT_4G119900v2 [Setaria italica],Chr4,12204310,12208976,1,1,2024_N40,dtf,BLINK,7.66923554209484e-10,1,0,9697,4
Seita.4G120000,--,RCV21206.1 hypothetical protein SETIT_4G120000v2 [Setaria italica],Chr4,12213593,12217929,1,1,2024_N40,dtf,BLINK,7.66923554209484e-10,1,0,744,4
Seita.3G301000,--,RCV18435.1 hypothetical protein SETIT_3G301000v2 [Setaria italica],Chr3,39997047,40000503,1,1,2024_N120,height_cm,FarmCPU,9.80814871945326e-10,1,0,184939,4
Seita.3G300900,At1g48100,RCV18434.1 hypothetical protein SETIT_3G300900v2 [Setaria italica],Chr3,40000324,40003091,1,1,2024_N120,height_cm,FarmCPU,9.80814871945326e-10,1,0,182351,4
Seita.3G300800,At2g22425,RCV18432.1 hypothetical protein SETIT_3G300800v2 [Setaria italica],Chr3,40038836,40041410,1,1,2024_N120,height_cm,FarmCPU,9.80814871945326e-10,1,0,144032,4
Seita.3G492900,--,-,Chr3,40042869,40044147,1,1,2024_N120,height_cm,FarmCPU,9.80814871945326e-10,1,0,141295,4
Seita.3G300700,CLC-A,XP_004962545.1 chloride channel protein CLC-a [Setaria italica],Chr3,40057890,40061104,1,1,2024_N120,height_cm,FarmCPU,9.80814871945326e-10,1,0,124338,4
Seita.3G493000,--,XP_022680014.1 uncharacterized protein LOC111256375 [Setaria italica],Chr3,40064619,40067431,1,1,2024_N120,height_cm,FarmCPU,9.80814871945326e-10,1,0,118011,4
Seita.3G300500,Y-2,XP_012700350.1 uncharacterized protein LOC101770930 isoform X1 [Setaria italica],Chr3,40069994,40073463,1,1,2024_N120,height_cm,FarmCPU,9.80814871945326e-10,1,0,111979,4
Seita.3G300600,--,RCV18430.1 hypothetical protein SETIT_3G300600v2 [Setaria italica],Chr3,40071443,40071916,1,1,2024_N120,height_cm,FarmCPU,9.80814871945326e-10,1,0,113526,4
Seita.3G300400,--,XP_004962541.1 disease resistance protein RGA2 [Setaria italica],Chr3,40073259,40075846,1,1,2024_N120,height_cm,FarmCPU,9.80814871945326e-10,1,0,109596,4
Seita.3G300300,FIGL1,XP_004962542.2 ATPase family AAA domain-containing protein FIGL1 isoform X1 [Setaria italica],Chr3,40082844,40090630,1,1,2024_N120,height_cm,FarmCPU,9.80814871945326e-10,1,0,94812,4
Seita.3G300200,WAK2,XP_012699859.1 wall-associated receptor kinase 2 [Setaria italica],Chr3,40098361,40102583,1,1,2024_N120,height_cm,FarmCPU,9.80814871945326e-10,1,0,82859,4
Seita.3G300100,WAK4,XP_012700176.1 wall-associated receptor kinase 4 [Setaria italica],Chr3,40124089,40128548,1,1,2024_N120,height_cm,FarmCPU,9.80814871945326e-10,1,0,56894,4
Seita.3G300000,WAK5,RCV18422.1 hypothetical protein SETIT_3G300000v2 [Setaria italica],Chr3,40132174,40135492,1,1,2024_N120,height_cm,FarmCPU,9.80814871945326e-10,1,0,49950,4
Seita.3G299900,At3g62120,"XP_004962540.1 proline--tRNA ligase, cytoplasmic [Setaria italica]",Chr3,40140656,40149682,1,1,2024_N120,height_cm,FarmCPU,9.80814871945326e-10,1,0,35760,4
Seita.3G299800,CYP94B1,XP_004962539.1 cytochrome P450 94B3 [Setaria italica],Chr3,40154079,40156196,1,1,2024_N120,height_cm,FarmCPU,9.80814871945326e-10,1,0,29246,4
Seita.3G493100,--,XP_034580881.1 protein MAIN-LIKE 2-like [Setaria viridis],Chr3,40160866,40162132,1,1,2024_N120,height_cm,FarmCPU,9.80814871945326e-10,1,0,23310,4
Seita.3G299700,--,XP_004962538.1 uncharacterized protein LOC101768505 [Setaria italica],Chr3,40171194,40176270,1,1,2024_N120,height_cm,FarmCPU,9.80814871945326e-10,1,0,9172,4
Seita.3G299600,SOX,XP_004962537.1 sulfite oxidase [Setaria italica],Chr3,40202243,40206802,1,1,2024_N120,height_cm,FarmCPU,9.80814871945326e-10,1,0,16801,4
Seita.3G493200,--,TKW00946.1 hypothetical protein SEVIR_8G146300v2 [Setaria viridis],Chr3,40206660,40210486,1,1,2024_N120,height_cm,FarmCPU,9.80814871945326e-10,1,0,21218,4
Seita.3G493300,--,TKW28855.1 hypothetical protein SEVIR_3G356066v2 [Setaria viridis],Chr3,40214223,40217065,1,1,2024_N120,height_cm,FarmCPU,9.80814871945326e-10,1,0,28781,4
Seita.3G493400,CNR6,XP_012700206.1 cell number regulator 6-like [Setaria italica],Chr3,40227107,40228305,1,1,2024_N120,height_cm,FarmCPU,9.80814871945326e-10,1,0,41665,4
Seita.3G299500,--,RCV18416.1 hypothetical protein SETIT_3G299500v2 [Setaria italica],Chr3,40228488,40230547,1,1,2024_N120,height_cm,FarmCPU,9.80814871945326e-10,1,0,43046,4
Seita.3G299400,--,RCV18414.1 hypothetical protein SETIT_3G299400v2 [Setaria italica],Chr3,40231181,40232170,1,1,2024_N120,height_cm,FarmCPU,9.80814871945326e-10,1,0,45739,4
Seita.6G170800,UGT72B3,RCV31361.1 hypothetical protein SETIT_6G170800v2 [Setaria italica],Chr6,31202737,31209063,1,1,2024_N40,days_to_harvest,FarmCPU,1.17728197308711e-09,1,0,1839,4
Seita.6G170900,SOT1,RCV31362.1 hypothetical protein SETIT_6G170900v2 [Setaria italica],Chr6,31209536,31210539,1,1,2024_N40,days_to_harvest,FarmCPU,1.17728197308711e-09,1,0,363,4
Seita.6G310400,--,-,Chr6,31216480,31217721,1,1,2024_N40,days_to_harvest,FarmCPU,1.17728197308711e-09,1,0,5578,4
Seita.4G335200,--,TKW21406.1 hypothetical protein SEVIR_4G160800v2 [Setaria viridis],Chr4,19667720,19668197,1,1,2023,dtf,FarmCPU,2.36437354586344e-09,1,0,15151,4
Seita.5G561300,--,-,Chr5,46255018,46256542,1,1,2024_N40,number_of_tillers,FarmCPU,2.45875894950235e-09,1,0,177448,4
Seita.5G412300,--,XP_022682086.1 uncharacterized protein LOC111257214 [Setaria italica],Chr5,46257921,46259967,1,1,2024_N40,number_of_tillers,FarmCPU,2.45875894950235e-09,1,0,174023,4
Seita.5G412400,--,RCV28540.1 hypothetical protein SETIT_5G412400v2 [Setaria italica],Chr5,46259968,46263461,1,1,2024_N40,number_of_tillers,FarmCPU,2.45875894950235e-09,1,0,170529,4
Seita.5G412500,--,RCV28541.1 hypothetical protein SETIT_5G412500v2 [Setaria italica],Chr5,46260999,46263461,1,1,2024_N40,number_of_tillers,FarmCPU,2.45875894950235e-09,1,0,170529,4
Seita.5G412600,CRT3,RCV28542.1 hypothetical protein SETIT_5G412600v2 [Setaria italica],Chr5,46267176,46271452,1,1,2024_N40,number_of_tillers,FarmCPU,2.45875894950235e-09,1,0,162538,4
Seita.5G412700,RBL13,XP_004970887.1 RHOMBOID-like protein 13 [Setaria italica],Chr5,46272655,46273476,1,1,2024_N40,number_of_tillers,FarmCPU,2.45875894950235e-09,1,0,160514,4
Seita.5G412800,PBB1,XP_004970888.1 proteasome subunit beta type-7-A [Setaria italica],Chr5,46274688,46278843,1,1,2024_N40,number_of_tillers,FarmCPU,2.45875894950235e-09,1,0,155147,4
Seita.5G412900,At3g07570,RCV28545.1 hypothetical protein SETIT_5G412900v2 [Setaria italica],Chr5,46280784,46281394,1,1,2024_N40,number_of_tillers,FarmCPU,2.45875894950235e-09,1,0,152596,4
Seita.5G413000,Os01g0895100,"XP_004970889.1 probable membrane-associated 30 kDa protein, chloroplastic [Setaria italica]",Chr5,46283484,46288098,1,1,2024_N40,number_of_tillers,FarmCPU,2.45875894950235e-09,1,0,145892,4
Seita.5G413100,IQD14,XP_004970891.1 protein IQ-DOMAIN 14 [Setaria italica],Chr5,46293102,46296638,1,1,2024_N40,number_of_tillers,FarmCPU,2.45875894950235e-09,1,0,137352,4
Seita.5G561400,FSM,XP_034593710.1 chromatin assembly factor 1 subunit FSM [Setaria viridis],Chr5,46300236,46305953,1,1,2024_N40,number_of_tillers,FarmCPU,2.45875894950235e-09,1,0,128037,4
Seita.5G413300,--,XP_004970892.1 uncharacterized protein LOC101763693 [Setaria italica],Chr5,46305966,46306982,1,1,2024_N40,number_of_tillers,FarmCPU,2.45875894950235e-09,1,0,127008,4
Seita.5G413400,--,XP_004970893.1 uncharacterized protein LOC101764087 [Setaria italica],Chr5,46307379,46312208,1,1,2024_N40,number_of_tillers,FarmCPU,2.45875894950235e-09,1,0,121782,4
Seita.5G413500,RPL5A,XP_004970894.1 60S ribosomal protein L5-1 [Setaria italica],Chr5,46321537,46324589,1,1,2024_N40,number_of_tillers,FarmCPU,2.45875894950235e-09,1,0,109401,4
Seita.5G413600,--,RCV28553.1 hypothetical protein SETIT_5G413600v2 [Setaria italica],Chr5,46325098,46325979,1,1,2024_N40,number_of_tillers,FarmCPU,2.45875894950235e-09,1,0,108011,4
Seita.5G413700,--,XP_004970896.1 uncharacterized protein LOC101764908 isoform X2 [Setaria italica],Chr5,46330467,46334287,1,1,2024_N40,number_of_tillers,FarmCPU,2.45875894950235e-09,1,0,99703,4
Seita.5G413800,RNS2,XP_004970898.1 ribonuclease 2 [Setaria italica],Chr5,46334270,46338431,1,1,2024_N40,number_of_tillers,FarmCPU,2.45875894950235e-09,1,0,95559,4
Seita.5G413900,RNS2,XP_004970897.1 ribonuclease 2 [Setaria italica],Chr5,46338456,46342024,1,1,2024_N40,number_of_tillers,FarmCPU,2.45875894950235e-09,1,0,91966,4
Seita.5G414000,TKPR1,RCV28558.1 hypothetical protein SETIT_5G414000v2 [Setaria italica],Chr5,46349037,46351125,1,1,2024_N40,number_of_tillers,FarmCPU,2.45875894950235e-09,1,0,82865,4
Seita.5G414100,MTERF6,"XP_004970899.1 transcription termination factor MTERF6, chloroplastic/mitochondrial [Setaria italica]",Chr5,46351519,46353630,1,1,2024_N40,number_of_tillers,FarmCPU,2.45875894950235e-09,1,0,80360,4
Seita.5G414200,--,RCV28561.1 hypothetical protein SETIT_5G414200v2 [Setaria italica],Chr5,46354092,46357182,1,1,2024_N40,number_of_tillers,FarmCPU,2.45875894950235e-09,1,0,76808,4
Seita.5G414400,rplM,XP_004970901.1 uncharacterized protein LOC101767351 [Setaria italica],Chr5,46361585,46364482,1,1,2024_N40,number_of_tillers,FarmCPU,2.45875894950235e-09,1,0,69508,4
Seita.5G414500,At3g02650,"XP_004970902.1 pentatricopeptide repeat-containing protein At3g02650, mitochondrial [Setaria italica]",Chr5,46364953,46369993,1,1,2024_N40,number_of_tillers,FarmCPU,2.45875894950235e-09,1,0,63997,4
Seita.5G414600,BGLU4,XP_004970905.1 beta-glucosidase 4 [Setaria italica],Chr5,46370856,46377585,1,1,2024_N40,number_of_tillers,FarmCPU,2.45875894950235e-09,1,0,56405,4
Seita.5G414700,FH1,XP_004970904.1 formin-like protein 1 [Setaria italica],Chr5,46380355,46384796,1,1,2024_N40,number_of_tillers,FarmCPU,2.45875894950235e-09,1,0,49194,4
Seita.5G561500,--,-,Chr5,46380404,46380922,1,1,2024_N40,number_of_tillers,FarmCPU,2.45875894950235e-09,1,0,53068,4
Seita.5G414800,SYN4,XP_004970907.1 sister chromatid cohesion 1 protein 4 [Setaria italica],Chr5,46396922,46404979,1,1,2024_N40,number_of_tillers,FarmCPU,2.45875894950235e-09,1,0,29011,4
Seita.5G561600,--,-,Chr5,46420650,46421628,1,1,2024_N40,number_of_tillers,FarmCPU,2.45875894950235e-09,1,0,12362,4
Seita.5G414900,SRL2,XP_004970911.1 uncharacterized protein LOC101769911 isoform X2 [Setaria italica],Chr5,46424131,46431380,1,1,2024_N40,number_of_tillers,FarmCPU,2.45875894950235e-09,1,0,2610,4
Seita.5G561700,--,TKW18263.1 hypothetical protein SEVIR_5G420400v2 [Setaria viridis],Chr5,46439528,46440346,1,1,2024_N40,number_of_tillers,FarmCPU,2.45875894950235e-09,1,0,5538,4
Seita.5G415100,--,XP_004970915.1 uncharacterized protein LOC101772047 [Setaria italica],Chr5,46441258,46443702,1,1,2024_N40,number_of_tillers,FarmCPU,2.45875894950235e-09,1,0,7268,4
Seita.5G415200,CSTLP3,XP_004970916.1 CMP-sialic acid transporter 3 isoform X1 [Setaria italica],Chr5,46443937,46451278,1,1,2024_N40,number_of_tillers,FarmCPU,2.45875894950235e-09,1,0,9947,4
Seita.5G415300,PTI11,XP_004970919.1 PTI1-like tyrosine-protein kinase 1 isoform X3 [Setaria italica],Chr5,46451422,46455900,1,1,2024_N40,number_of_tillers,FarmCPU,2.45875894950235e-09,1,0,17432,4
Seita.5G415400,At2g43200,RCV28586.1 hypothetical protein SETIT_5G415400v2 [Setaria italica],Chr5,46456776,46460515,1,1,2024_N40,number_of_tillers,FarmCPU,2.45875894950235e-09,1,0,22786,4
Seita.5G415500,--,RCV28587.1 hypothetical protein SETIT_5G415500v2 [Setaria italica],Chr5,46460179,46460910,1,1,2024_N40,number_of_tillers,FarmCPU,2.45875894950235e-09,1,0,26189,4
Seita.5G415600,At3g49140,XP_022682678.1 uncharacterized protein At3g49140 isoform X1 [Setaria italica],Chr5,46462552,46468281,1,1,2024_N40,number_of_tillers,FarmCPU,2.45875894950235e-09,1,0,28562,4
Seita.5G561800,--,"TVU36173.1 hypothetical protein EJB05_18092, partial [Eragrostis curvula]",Chr5,46469812,46473173,1,1,2024_N40,number_of_tillers,FarmCPU,2.45875894950235e-09,1,0,35822,4
Seita.5G415700,--,XP_004970927.1 extensin-2 [Setaria italica],Chr5,46470436,46472370,1,1,2024_N40,number_of_tillers,FarmCPU,2.45875894950235e-09,1,0,36446,4
Seita.5G415800,BBM2,XP_022682077.1 AP2-like ethylene-responsive transcription factor BBM2 [Setaria italica],Chr5,46473292,46477573,1,1,2024_N40,number_of_tillers,FarmCPU,2.45875894950235e-09,1,0,39302,4
Seita.5G561900,--,"CAB3479133.1 unnamed protein product, partial [Digitaria exilis]",Chr5,46486402,46487392,1,1,2024_N40,number_of_tillers,FarmCPU,2.45875894950235e-09,1,0,52412,4
Seita.5G415900,Daglb,XP_004970930.2 uncharacterized protein LOC101776635 isoform X2 [Setaria italica],Chr5,46488319,46495021,1,1,2024_N40,number_of_tillers,FarmCPU,2.45875894950235e-09,1,0,54329,4
Seita.5G416000,EG1,"XP_004972292.2 phospholipase A1 EG1, chloroplastic/mitochondrial [Setaria italica]",Chr5,46521481,46523262,1,1,2024_N40,number_of_tillers,FarmCPU,2.45875894950235e-09,1,0,87491,4
Seita.5G416100,EG1,RCV28596.1 hypothetical protein SETIT_5G416100v2 [Setaria italica],Chr5,46536605,46538229,1,1,2024_N40,number_of_tillers,FarmCPU,2.45875894950235e-09,1,0,102615,4
Seita.5G416200,BHLH130,XP_004970931.1 transcription factor bHLH128 [Setaria italica],Chr5,46549511,46554479,1,1,2024_N40,number_of_tillers,FarmCPU,2.45875894950235e-09,1,0,115521,4
Seita.5G416300,OTU4,RCV28598.1 hypothetical protein SETIT_5G416300v2 [Setaria italica],Chr5,46553443,46555907,1,1,2024_N40,number_of_tillers,FarmCPU,2.45875894950235e-09,1,0,119453,4
Seita.9G078600,--,RCV40731.1 hypothetical protein SETIT_9G078600v2 [Setaria italica],Chr9,4628088,4628263,1,1,2024_N120,protein_pct,FarmCPU,2.53411086367089e-09,1,0,4751,4
Seita.8G238200,RGA5,XP_022684717.1 putative disease resistance protein At1g50180 isoform X2 [Setaria italica],Chr8,42254951,42255832,1,1,2024_N40,dtf,FarmCPU,3.17440788572453e-09,1,0,27654,4
Seita.8G238300,UGT85A24,RCV39615.1 hypothetical protein SETIT_8G238300v2 [Setaria italica],Chr8,42256439,42265426,1,1,2024_N40,dtf,FarmCPU,3.17440788572453e-09,1,0,18060,4
Seita.8G238400,RGA4,RCV39617.1 hypothetical protein SETIT_8G238400v2 [Setaria italica],Chr8,42272312,42275029,1,1,2024_N40,dtf,FarmCPU,3.17440788572453e-09,1,0,8457,4
Seita.8G341900,RXW24L,XP_034568612.1 disease resistance protein RGA5-like [Setaria viridis],Chr8,42284899,42286776,1,1,2024_N40,dtf,FarmCPU,3.17440788572453e-09,1,0,1413,4
Seita.5G174700,--,RCV25536.1 hypothetical protein SETIT_5G174700v2 [Setaria italica],Chr5,18871293,18875690,1,1,2024_N120,protein_pct,FarmCPU,3.45936230646084e-09,1,0,5997,4
Seita.9G494200,GAUT14,XP_004985228.1 probable galacturonosyltransferase 14 [Setaria italica],Chr9,54977062,54982790,1,1,2024_N120,number_of_tillers,FarmCPU,3.642800865761e-09,1,0,8906,4
Seita.9G494300,At5g07830,XP_034576242.1 heparanase-like protein 2 isoform X1 [Setaria viridis],Chr9,54983513,54988333,1,1,2024_N120,number_of_tillers,FarmCPU,3.642800865761e-09,1,0,3363,4
Seita.9G691200,--,XP_034601283.1 uncharacterized protein LOC117861868 [Setaria viridis],Chr9,54987794,54990839,1,1,2024_N120,number_of_tillers,FarmCPU,3.642800865761e-09,1,0,857,4
Seita.8G115400,DHN1,XP_004979237.1 dehydrin DHN1 [Setaria italica],Chr8,23825239,23826401,1,1,2024_N120,number_of_tillers,BLINK,4.8342189664801e-09,1,0,13234,4
Seita.6G183700,--,RCV31510.1 hypothetical protein SETIT_6G183700v2 [Setaria italica],Chr6,32609331,32610711,1,1,2023,pedicel_length_cm,FarmCPU,4.84041346027644e-09,1,0,3608,4
Seita.5G546200,--,XP_022682940.1 putative E3 ubiquitin-protein ligase LIN-1 [Setaria italica],Chr5,40149386,40150819,1,1,2023,dtf,FarmCPU,5.27609509624112e-09,1,0,27068,4
Seita.5G546300,--,-,Chr5,40151211,40154390,1,1,2023,dtf,FarmCPU,5.27609509624112e-09,1,0,23497,4
Seita.5G546400,--,TKW16892.1 hypothetical protein SEVIR_5G328850v2 [Setaria viridis],Chr5,40155882,40156274,1,1,2023,dtf,FarmCPU,5.27609509624112e-09,1,0,21613,4
Seita.5G325300,DOGL3,XP_004972183.1 protein DOG1-like 2 [Setaria italica],Chr5,40156757,40157632,1,1,2023,dtf,FarmCPU,5.27609509624112e-09,1,0,20255,4
Seita.5G546500,--,-,Chr5,40163087,40163699,1,1,2023,dtf,FarmCPU,5.27609509624112e-09,1,0,14188,4
Seita.5G546600,--,-,Chr5,40164822,40169657,1,1,2023,dtf,FarmCPU,5.27609509624112e-09,1,0,8230,4
Seita.5G325400,CIPK30,XP_004970030.1 CBL-interacting protein kinase 30 [Setaria italica],Chr5,40180501,40182550,1,1,2023,dtf,FarmCPU,5.27609509624112e-09,1,0,2614,4
Seita.2G494600,--,-,Chr2,30935029,30935489,1,1,2024_N40,number_of_tillers,BLINK,5.79667667323686e-09,1,0,12676,4
Seita.7G338700,--,XP_034578675.1 uncharacterized protein LOC117842366 isoform X1 [Setaria viridis],Chr7,6955503,6956842,1,1,2024_N40,days_to_harvest,FarmCPU,6.89518671708139e-09,1,0,46721,4
Seita.7G027500,--,RCV32736.1 hypothetical protein SETIT_7G027500v2 [Setaria italica],Chr7,7001460,7003303,1,1,2024_N40,days_to_harvest,FarmCPU,6.89518671708139e-09,1,0,260,4
Seita.9G588600,XTH31,XP_004986311.1 xyloglucan endotransglucosylase/hydrolase protein 31-like [Setaria italica],Chr9,8911651,8912080,1,1,2024_N40,height_cm,FarmCPU,9.50099147279939e-09,1,0,75317,4
Seita.9G140100,THIC,"XP_004982183.1 phosphomethylpyrimidine synthase, chloroplastic [Setaria italica]",Chr9,8912752,8921848,1,1,2024_N40,height_cm,FarmCPU,9.50099147279939e-09,1,0,65549,4
Seita.9G588700,--,TKV92062.1 hypothetical protein SEVIR_9G138600v2 [Setaria viridis],Chr9,8926274,8926675,1,1,2024_N40,height_cm,FarmCPU,9.50099147279939e-09,1,0,60722,4
Seita.4G031500,--,RCV20131.1 hypothetical protein SETIT_4G031500v2 [Setaria italica],Chr4,2056843,2058720,1,1,2024_N40,number_of_tillers,BLINK,9.5048299176697e-09,1,0,77851,4
Seita.4G031600,SRL1,XP_004964522.1 pre-mRNA splicing factor SR-like 1 [Setaria italica],Chr4,2059546,2063941,1,1,2024_N40,number_of_tillers,BLINK,9.5048299176697e-09,1,0,72630,4
Seita.4G031700,PAT04,XP_004964524.1 probable protein S-acyltransferase 1 [Setaria italica],Chr4,2065058,2069035,1,1,2024_N40,number_of_tillers,BLINK,9.5048299176697e-09,1,0,67536,4
Seita.4G031800,--,XP_012700594.1 uncharacterized protein LOC101758091 [Setaria italica],Chr4,2067439,2069674,1,1,2024_N40,number_of_tillers,BLINK,9.5048299176697e-09,1,0,66897,4
Seita.4G031900,--,XP_004964525.1 uncharacterized protein LOC101758912 [Setaria italica],Chr4,2069962,2075242,1,1,2024_N40,number_of_tillers,BLINK,9.5048299176697e-09,1,0,61329,4
Seita.4G172900,--,XP_039806673.1 uncharacterized protein LOC120670597 [Panicum virgatum],Chr4,2090057,2090830,1,1,2024_N40,number_of_tillers,BLINK,9.5048299176697e-09,1,0,45741,4
Seita.4G173700,--,-,Chr4,2092541,2092912,1,1,2024_N40,number_of_tillers,BLINK,9.5048299176697e-09,1,0,43659,4
Seita.4G032000,--,RCV20136.1 hypothetical protein SETIT_4G032000v2 [Setaria italica],Chr4,2095179,2096676,1,1,2024_N40,number_of_tillers,BLINK,9.5048299176697e-09,1,0,39895,4
Seita.4G032100,--,RCV20137.1 hypothetical protein SETIT_4G032100v2 [Setaria italica],Chr4,2098292,2099552,1,1,2024_N40,number_of_tillers,BLINK,9.5048299176697e-09,1,0,37019,4
Seita.4G032200,CCR1,XP_004964526.1 cinnamoyl-CoA reductase 1 isoform X1 [Setaria italica],Chr4,2101367,2105018,1,1,2024_N40,number_of_tillers,BLINK,9.5048299176697e-09,1,0,31553,4
Seita.4G032300,XRCC1,RCV20140.1 hypothetical protein SETIT_4G032300v2 [Setaria italica],Chr4,2106353,2110380,1,1,2024_N40,number_of_tillers,BLINK,9.5048299176697e-09,1,0,26191,4
Seita.4G032400,Os06g0143900,XP_004964527.1 coatomer subunit beta'-1 [Setaria italica],Chr4,2108572,2120003,1,1,2024_N40,number_of_tillers,BLINK,9.5048299176697e-09,1,0,16568,4
Seita.4G032600,--,RCV20144.1 hypothetical protein SETIT_4G032600v2 [Setaria italica],Chr4,2154417,2155449,1,1,2024_N40,number_of_tillers,BLINK,9.5048299176697e-09,1,0,17846,4
Seita.4G032700,v1g171563,XP_004964530.1 eukaryotic translation initiation factor 3 subunit G [Setaria italica],Chr4,2159827,2162076,1,1,2024_N40,number_of_tillers,BLINK,9.5048299176697e-09,1,0,23256,4
Seita.4G032800,PUMPKIN,XP_004964531.1 uncharacterized protein LOC101761607 [Setaria italica],Chr4,2165596,2169029,1,1,2024_N40,number_of_tillers,BLINK,9.5048299176697e-09,1,0,29025,4
Seita.4G032900,SOL1,XP_004964532.1 carboxypeptidase SOL1 isoform X1 [Setaria italica],Chr4,2169359,2176107,1,1,2024_N40,number_of_tillers,BLINK,9.5048299176697e-09,1,0,32788,4
Seita.4G033000,Sb10g003070,"XP_004964533.1 translation factor GUF1 homolog, mitochondrial [Setaria italica]",Chr4,2176435,2181873,1,1,2024_N40,number_of_tillers,BLINK,9.5048299176697e-09,1,0,39864,4
Seita.4G079000,--,RCV20712.1 hypothetical protein SETIT_4G079000v2 [Setaria italica],Chr4,6168597,6170285,1,1,2023,thousand_seed_weight_g,BLINK,1.34365699085726e-08,1,0,38880,4
Seita.4G079100,NDC1,"XP_004964882.2 alternative NAD(P)H-ubiquinone oxidoreductase C1, chloroplastic/mitochondrial isoform X1 [Setaria italica]",Chr4,6174122,6182319,1,1,2023,thousand_seed_weight_g,BLINK,1.34365699085726e-08,1,0,26846,4
Seita.4G079200,HIDM,XP_004964881.1 2-hydroxyisoflavanone dehydratase [Setaria italica],Chr4,6182435,6183745,1,1,2023,thousand_seed_weight_g,BLINK,1.34365699085726e-08,1,0,25420,4
Seita.4G304100,--,TKV94362.1 hypothetical protein SEVIR_9G289650v2 [Setaria viridis],Chr4,6184353,6185417,1,1,2023,thousand_seed_weight_g,BLINK,1.34365699085726e-08,1,0,23748,4
Seita.4G079300,TCEA1,"XP_004964884.1 tuliposide A-converting enzyme 1, chloroplastic [Setaria italica]",Chr4,6188220,6190029,1,1,2023,thousand_seed_weight_g,BLINK,1.34365699085726e-08,1,0,19136,4
Seita.4G304200,--,"CAG1845400.1 unnamed protein product, partial [Musa acuminata subsp. malaccensis] [Musa acuminata]",Chr4,6188457,6190067,1,1,2023,thousand_seed_weight_g,BLINK,1.34365699085726e-08,1,0,19098,4
Seita.4G079400,HIDM,XP_004964885.1 2-hydroxyisoflavanone dehydratase [Setaria italica],Chr4,6193263,6194527,1,1,2023,thousand_seed_weight_g,BLINK,1.34365699085726e-08,1,0,14638,4
Seita.4G079500,HIDM,XP_004964886.1 probable carboxylesterase 7 [Setaria italica],Chr4,6195686,6197484,1,1,2023,thousand_seed_weight_g,BLINK,1.34365699085726e-08,1,0,11681,4
Seita.4G079600,TCEA1,"XP_004964887.1 tuliposide A-converting enzyme 1, chloroplastic [Setaria italica]",Chr4,6202087,6203799,1,1,2023,thousand_seed_weight_g,BLINK,1.34365699085726e-08,1,0,5366,4
Seita.4G079800,HSP26.2,"XP_004964888.1 26.2 kDa heat shock protein, mitochondrial [Setaria italica]",Chr4,6211458,6213044,1,1,2023,thousand_seed_weight_g,BLINK,1.34365699085726e-08,1,0,2293,4
Seita.4G079900,--,XP_004964889.1 uncharacterized protein LOC101770149 [Setaria italica],Chr4,6213135,6217968,1,1,2023,thousand_seed_weight_g,BLINK,1.34365699085726e-08,1,0,3970,4
Seita.4G304300,--,-,Chr4,6219731,6220872,1,1,2023,thousand_seed_weight_g,BLINK,1.34365699085726e-08,1,0,10566,4
Seita.4G080000,--,RCV20724.1 hypothetical protein SETIT_4G080000v2 [Setaria italica],Chr4,6221381,6222082,1,1,2023,thousand_seed_weight_g,BLINK,1.34365699085726e-08,1,0,12216,4
Seita.4G080100,--,XP_004964891.1 uncharacterized protein LOC101770830 [Setaria italica],Chr4,6222693,6223720,1,1,2023,thousand_seed_weight_g,BLINK,1.34365699085726e-08,1,0,13528,4
Seita.4G304400,--,TKW20324.1 hypothetical protein SEVIR_4G079201v2 [Setaria viridis],Chr4,6239444,6239788,1,1,2023,thousand_seed_weight_g,BLINK,1.34365699085726e-08,1,0,30279,4
Seita.4G080300,KRP1,XP_004964892.1 cyclin-dependent kinase inhibitor 1 [Setaria italica],Chr4,6252962,6254694,1,1,2023,thousand_seed_weight_g,BLINK,1.34365699085726e-08,1,0,43797,4
Seita.4G080400,--,RCV20728.1 hypothetical protein SETIT_4G080400v2 [Setaria italica],Chr4,6256364,6257573,1,1,2023,thousand_seed_weight_g,BLINK,1.34365699085726e-08,1,0,47199,4
Seita.4G080500,--,XP_004964893.1 uncharacterized protein LOC101771616 [Setaria italica],Chr4,6260185,6265036,1,1,2023,thousand_seed_weight_g,BLINK,1.34365699085726e-08,1,0,51020,4
Seita.4G080600,--,XP_004964894.1 uncharacterized protein LOC101772020 [Setaria italica],Chr4,6267512,6268224,1,1,2023,thousand_seed_weight_g,BLINK,1.34365699085726e-08,1,0,58347,4
Seita.4G304500,--,XP_004967133.1 glutathione S-transferase T3-like [Setaria italica],Chr4,6271015,6272046,1,1,2023,thousand_seed_weight_g,BLINK,1.34365699085726e-08,1,0,61850,4
Seita.4G080700,--,XP_004964895.1 uncharacterized protein LOC101772423 [Setaria italica],Chr4,6276420,6276713,1,1,2023,thousand_seed_weight_g,BLINK,1.34365699085726e-08,1,0,67255,4
Seita.4G080800,--,RCV20732.1 hypothetical protein SETIT_4G080800v2 [Setaria italica],Chr4,6288228,6292481,1,1,2023,thousand_seed_weight_g,BLINK,1.34365699085726e-08,1,0,79063,4
Seita.4G080900,TRS130,XP_004964896.1 trafficking protein particle complex II-specific subunit 130 homolog [Setaria italica],Chr4,6305728,6315727,1,1,2023,thousand_seed_weight_g,BLINK,1.34365699085726e-08,1,0,96563,4
Seita.4G081000,TIC22,"XP_004964897.1 protein TIC 22, chloroplastic [Setaria italica]",Chr4,6329784,6334884,1,1,2023,thousand_seed_weight_g,BLINK,1.34365699085726e-08,1,0,120619,4
Seita.4G081100,FUT1,XP_004966770.1 probable fucosyltransferase 7 [Setaria italica],Chr4,6334020,6336857,1,1,2023,thousand_seed_weight_g,BLINK,1.34365699085726e-08,1,0,124855,4
Seita.4G081200,FT1,RCV20737.1 hypothetical protein SETIT_4G081200v2 [Setaria italica],Chr4,6340362,6342337,1,1,2023,thousand_seed_weight_g,BLINK,1.34365699085726e-08,1,0,131197,4
Seita.4G081300,FUT1,RCV20738.1 hypothetical protein SETIT_4G081300v2 [Setaria italica],Chr4,6349745,6351757,1,1,2023,thousand_seed_weight_g,BLINK,1.34365699085726e-08,1,0,140580,4
Seita.4G304600,--,CAD6339839.1 unnamed protein product [Miscanthus lutarioriparius],Chr4,6351383,6353324,1,1,2023,thousand_seed_weight_g,BLINK,1.34365699085726e-08,1,0,142218,4
Seita.4G081400,FT1,XP_012700917.2 galactoside 2-alpha-L-fucosyltransferase [Setaria italica],Chr4,6357555,6360335,1,1,2023,thousand_seed_weight_g,BLINK,1.34365699085726e-08,1,0,148390,4
Seita.5G221600,ABCG36,XP_004969127.1 ABC transporter G family member 36 [Setaria italica],Chr5,31405457,31412996,1,1,2024_N120,dtf,FarmCPU,1.39073375893927e-08,1,0,6397,4
Seita.6G278900,--,TKW09653.1 hypothetical protein SEVIR_6G116832v2 [Setaria viridis],Chr6,14673270,14673903,1,1,2024_N120,dtf,FarmCPU,1.39239515773239e-08,1,0,10682,4
Seita.3G317000,--,RCV18628.1 hypothetical protein SETIT_3G317000v2 [Setaria italica],Chr3,41084393,41087355,1,1,2023,pedicel_length_cm,BLINK,1.564704752813e-08,1,0,88609,4
Seita.3G496000,--,-,Chr3,41084919,41086485,1,1,2023,pedicel_length_cm,BLINK,1.564704752813e-08,1,0,89479,4
Seita.3G317100,--,XP_004962636.1 putative mediator of RNA polymerase II transcription subunit 26 [Setaria italica],Chr3,41095813,41100469,1,1,2023,pedicel_length_cm,BLINK,1.564704752813e-08,1,0,75495,4
Seita.3G317200,LTPG5,RCV18630.1 hypothetical protein SETIT_3G317200v2 [Setaria italica],Chr3,41125963,41126989,1,1,2023,pedicel_length_cm,BLINK,1.564704752813e-08,1,0,48975,4
Seita.3G317300,--,RCV18631.1 hypothetical protein SETIT_3G317300v2 [Setaria italica],Chr3,41130894,41131553,1,1,2023,pedicel_length_cm,BLINK,1.564704752813e-08,1,0,44411,4
Seita.3G317400,At3g27400,XP_012700017.1 pectate lyase [Setaria italica],Chr3,41154265,41155983,1,1,2023,pedicel_length_cm,BLINK,1.564704752813e-08,1,0,19981,4
Seita.3G496100,BGLU12,RLN29478.1 beta-glucosidase 12-like isoform X4 [Panicum miliaceum],Chr3,41163832,41165059,1,1,2023,pedicel_length_cm,BLINK,1.564704752813e-08,1,0,10905,4
Seita.3G317500,PIK-2,RCV18633.1 hypothetical protein SETIT_3G317500v2 [Setaria italica],Chr3,41178651,41181546,1,1,2023,pedicel_length_cm,BLINK,1.564704752813e-08,1,0,2687,4
Seita.3G317600,RGA5,XP_004962637.1 putative disease resistance RPP13-like protein 3 [Setaria italica],Chr3,41182792,41188802,1,1,2023,pedicel_length_cm,BLINK,1.564704752813e-08,1,0,6828,4
Seita.3G496200,--,-,Chr3,41191714,41192549,1,1,2023,pedicel_length_cm,BLINK,1.564704752813e-08,1,0,15750,4
Seita.3G317700,--,RCV18635.1 hypothetical protein SETIT_3G317700v2 [Setaria italica],Chr3,41191721,41192718,1,1,2023,pedicel_length_cm,BLINK,1.564704752813e-08,1,0,15757,4
Seita.3G496300,--,-,Chr3,41196963,41198193,1,1,2023,pedicel_length_cm,BLINK,1.564704752813e-08,1,0,20999,4
Seita.3G317800,At5g37930,XP_004962639.1 putative E3 ubiquitin-protein ligase SINA-like 9 [Setaria italica],Chr3,41202048,41206037,1,1,2023,pedicel_length_cm,BLINK,1.564704752813e-08,1,0,26084,4
Seita.3G317900,--,RCV18637.1 hypothetical protein SETIT_3G317900v2 [Setaria italica],Chr3,41207801,41208271,1,1,2023,pedicel_length_cm,BLINK,1.564704752813e-08,1,0,31837,4
Seita.3G496400,--,-,Chr3,41208660,41209648,1,1,2023,pedicel_length_cm,BLINK,1.564704752813e-08,1,0,32696,4
Seita.3G318000,ABCF1,XP_004962641.1 ABC transporter F family member 1 [Setaria italica],Chr3,41245020,41248850,1,1,2023,pedicel_length_cm,BLINK,1.564704752813e-08,1,0,69056,4
Seita.3G318100,WAKL20,RCV18639.1 hypothetical protein SETIT_3G318100v2 [Setaria italica],Chr3,41251527,41255935,1,1,2023,pedicel_length_cm,BLINK,1.564704752813e-08,1,0,75563,4
Seita.3G318200,WAKL10,RCV18640.1 hypothetical protein SETIT_3G318200v2 [Setaria italica],Chr3,41259520,41268430,1,1,2023,pedicel_length_cm,BLINK,1.564704752813e-08,1,0,83556,4
Seita.3G318300,CDKF-2,XP_004964004.1 putative cyclin-dependent kinase F-2 [Setaria italica],Chr3,41327026,41328066,1,1,2023,pedicel_length_cm,BLINK,1.564704752813e-08,1,0,151062,4
Seita.3G496500,--,TKV95278.1 hypothetical protein SEVIR_9G352600v2 [Setaria viridis],Chr3,41332354,41333113,1,1,2023,pedicel_length_cm,BLINK,1.564704752813e-08,1,0,156390,4
Seita.3G313300,--,RCV18589.1 hypothetical protein SETIT_3G313300v2 [Setaria italica],Chr3,40235425,40236502,1,1,2024_N120,height_cm,FarmCPU,1.65758644658829e-08,1,0,10941,4
Seita.3G493500,--,TKW28447.1 hypothetical protein SEVIR_3G323800v2 [Setaria viridis],Chr3,40248448,40248990,1,1,2024_N120,height_cm,FarmCPU,1.65758644658829e-08,1,0,1005,4
Seita.3G313400,SPT16,RCV18590.1 hypothetical protein SETIT_3G313400v2 [Setaria italica],Chr3,40256521,40259637,1,1,2024_N120,height_cm,FarmCPU,1.65758644658829e-08,1,0,9078,4
Seita.3G313500,--,XP_004962621.1 uncharacterized protein LOC101773891 isoform X1 [Setaria italica],Chr3,40265619,40271003,1,1,2024_N120,height_cm,FarmCPU,1.65758644658829e-08,1,0,18176,4
Seita.3G493600,KSL4,"XP_034588190.1 dolabradiene synthase KSL4, chloroplastic-like [Setaria viridis]",Chr3,40293314,40300068,1,1,2024_N120,height_cm,FarmCPU,1.65758644658829e-08,1,0,45871,4
Seita.3G493700,KSL5,KAG2620607.1 hypothetical protein PVAP13_3NG211300 [Panicum virgatum],Chr3,40300365,40301115,1,1,2024_N120,height_cm,FarmCPU,1.65758644658829e-08,1,0,52922,4
Seita.3G313600,--,RCV18593.1 hypothetical protein SETIT_3G313600v2 [Setaria italica],Chr3,40326319,40327658,1,1,2024_N120,height_cm,FarmCPU,1.65758644658829e-08,1,0,78876,4
Seita.3G313800,--,RCV18595.1 hypothetical protein SETIT_3G313800v2 [Setaria italica],Chr3,40382922,40383398,1,1,2024_N120,height_cm,FarmCPU,1.65758644658829e-08,1,0,135479,4
Seita.3G493800,KSL4,"XP_034588190.1 dolabradiene synthase KSL4, chloroplastic-like [Setaria viridis]",Chr3,40393335,40394113,1,1,2024_N120,height_cm,FarmCPU,1.65758644658829e-08,1,0,145892,4
Seita.3G313900,--,RCV18596.1 hypothetical protein SETIT_3G313900v2 [Setaria italica],Chr3,40393628,40394607,1,1,2024_N120,height_cm,FarmCPU,1.65758644658829e-08,1,0,146185,4
Seita.3G314000,--,RCV18597.1 hypothetical protein SETIT_3G314000v2 [Setaria italica],Chr3,40405611,40408812,1,1,2024_N120,height_cm,FarmCPU,1.65758644658829e-08,1,0,158168,4
Seita.3G314100,--,RCV18598.1 hypothetical protein SETIT_3G314100v2 [Setaria italica],Chr3,40417067,40418713,1,1,2024_N120,height_cm,FarmCPU,1.65758644658829e-08,1,0,169624,4
Seita.3G493900,Os03g0733400,XP_034604770.1 zinc finger BED domain-containing protein RICESLEEPER 2-like [Setaria viridis],Chr3,40418653,40419469,1,1,2024_N120,height_cm,FarmCPU,1.65758644658829e-08,1,0,171210,4
Seita.3G494000,Os03g0733400,XP_022681101.1 zinc finger BED domain-containing protein RICESLEEPER 2-like [Setaria italica],Chr3,40419299,40422354,1,1,2024_N120,height_cm,FarmCPU,1.65758644658829e-08,1,0,171856,4
Seita.3G314200,--,RCV18599.1 hypothetical protein SETIT_3G314200v2 [Setaria italica],Chr3,40444312,40446827,1,1,2024_N120,height_cm,FarmCPU,1.65758644658829e-08,1,0,196869,4
Seita.9G466200,PLP7,XP_004984976.1 patatin-like protein 7 [Setaria italica],Chr9,52859283,52862832,1,1,2024_N40,number_of_tillers,FarmCPU,1.69010219090244e-08,1,0,8742,4
Seita.9G466400,--,RCV45588.1 hypothetical protein SETIT_9G466400v2 [Setaria italica],Chr9,52875771,52879942,1,1,2024_N40,number_of_tillers,FarmCPU,1.69010219090244e-08,1,0,4197,4
Seita.9G466500,RPS2,XP_004984978.1 disease resistance protein RPS2 [Setaria italica],Chr9,52883650,52888166,1,1,2024_N40,number_of_tillers,FarmCPU,1.69010219090244e-08,1,0,12076,4
Seita.9G466600,TIM21,XP_004984979.1 probable mitochondrial import inner membrane translocase subunit TIM21 [Setaria italica],Chr9,52888455,52895411,1,1,2024_N40,number_of_tillers,FarmCPU,1.69010219090244e-08,1,0,16881,4
Seita.9G466700,--,RCV45592.1 hypothetical protein SETIT_9G466700v2 [Setaria italica],Chr9,52898116,52899123,1,1,2024_N40,number_of_tillers,FarmCPU,1.69010219090244e-08,1,0,26542,4
Seita.9G466800,MOS2,RCV45593.1 hypothetical protein SETIT_9G466800v2 [Setaria italica],Chr9,52901825,52903016,1,1,2024_N40,number_of_tillers,FarmCPU,1.69010219090244e-08,1,0,30251,4
Seita.9G466900,OsI_33008,XP_004984981.1 ubiquitin-fold modifier-conjugating enzyme 1 [Setaria italica],Chr9,52903808,52906360,1,1,2024_N40,number_of_tillers,FarmCPU,1.69010219090244e-08,1,0,32234,4
Seita.9G467000,MOS2,XP_004984982.1 protein MOS2 [Setaria italica],Chr9,52906591,52911069,1,1,2024_N40,number_of_tillers,FarmCPU,1.69010219090244e-08,1,0,35017,4
Seita.8G029900,--,RCV37033.1 hypothetical protein SETIT_8G029900v2 [Setaria italica],Chr8,2537149,2541050,1,1,2023,pedicel_length_cm,BLINK,1.7226761195921e-08,1,0,6012,4
Seita.8G030000,SEI1,RCV37035.1 hypothetical protein SETIT_8G030000v2 [Setaria italica],Chr8,2542814,2544412,1,1,2023,pedicel_length_cm,BLINK,1.7226761195921e-08,1,0,2650,4
Seita.8G194800,At5g22620,XP_034606701.1 2-carboxy-D-arabinitol-1-phosphatase-like isoform X3 [Setaria viridis],Chr8,2544945,2546085,1,1,2023,pedicel_length_cm,BLINK,1.7226761195921e-08,1,0,977,4
Seita.8G030100,PSK2,XP_022684953.1 phytosulfokines 5 [Setaria italica],Chr8,2550935,2551893,1,1,2023,pedicel_length_cm,BLINK,1.7226761195921e-08,1,0,3873,4
Seita.8G030200,--,RCV37037.1 hypothetical protein SETIT_8G030200v2 [Setaria italica],Chr8,2557308,2558073,1,1,2023,pedicel_length_cm,BLINK,1.7226761195921e-08,1,0,10246,4
Seita.9G309200,At1g49140,XP_004983549.1 NADH dehydrogenase [ubiquinone] 1 beta subcomplex subunit 10-A [Setaria italica],Chr9,38329340,38331725,1,1,2024_N120,height_cm,BLINK,1.79086618956535e-08,1,0,2483,4
Seita.3G482800,--,TKW28149.1 hypothetical protein SEVIR_3G330400v2 [Setaria viridis],Chr3,34310849,34311298,1,1,2024_N40,height_cm,FarmCPU,1.89795466909857e-08,1,0,3731,4
Seita.9G624600,--,KAG2559423.1 hypothetical protein PVAP13_8NG307531 [Panicum virgatum],Chr9,22297318,22298804,1,1,2024_N40,dtf,FarmCPU,2.45265423763399e-08,1,0,19787,4
Seita.9G266200,CYP71BE54,RCV43068.1 hypothetical protein SETIT_9G266200v2 [Setaria italica],Chr9,22310642,22311159,1,1,2024_N40,dtf,FarmCPU,2.45265423763399e-08,1,0,33111,4
Seita.9G266300,alkbh6,XP_004983202.1 alpha-ketoglutarate-dependent dioxygenase alkB homolog 6 [Setaria italica],Chr9,22313747,22318314,1,1,2024_N40,dtf,FarmCPU,2.45265423763399e-08,1,0,36216,4
Seita.9G266400,FMO1,XP_004983203.1 probable flavin-containing monooxygenase 1 [Setaria italica],Chr9,22352860,22355451,1,1,2024_N40,dtf,FarmCPU,2.45265423763399e-08,1,0,75329,4
Seita.9G624700,--,TKW28446.1 hypothetical protein SEVIR_3G318209v2 [Setaria viridis],Chr9,22363967,22365405,1,1,2024_N40,dtf,FarmCPU,2.45265423763399e-08,1,0,86436,4
Seita.9G624800,--,RLN16563.1 putative retrotransposon gag protein [Panicum miliaceum],Chr9,22369535,22371985,1,1,2024_N40,dtf,FarmCPU,2.45265423763399e-08,1,0,92004,4
Seita.9G266500,--,RCV43071.1 hypothetical protein SETIT_9G266500v2 [Setaria italica],Chr9,22377761,22378109,1,1,2024_N40,dtf,FarmCPU,2.45265423763399e-08,1,0,100230,4
Seita.9G624900,--,XP_004986621.1 fibropellin-3-like [Setaria italica],Chr9,22381767,22383168,1,1,2024_N40,dtf,FarmCPU,2.45265423763399e-08,1,0,104236,4
Seita.9G299500,At1g79820,RCV43510.1 hypothetical protein SETIT_9G299500v2 [Setaria italica],Chr9,37154379,37156346,1,1,2024_N40,height_cm,FarmCPU,3.35107974680938e-08,1,0,8495,4
Seita.3G297900,--,RCV18395.1 hypothetical protein SETIT_3G297900v2 [Setaria italica],Chr3,35266079,35266600,1,1,2024_N120,number_of_tillers,MLM,3.61304546747966e-08,1,0,28922,4
Seita.6G014900,CMBL,"XP_004972504.1 endo-1,3;1,4-beta-D-glucanase [Setaria italica]",Chr6,1020958,1023347,1,1,2024_N40,dtf,BLINK,5.20918052433171e-08,1,0,9434,4
Seita.6G015000,--,RCV29457.1 hypothetical protein SETIT_6G015000v2 [Setaria italica],Chr6,1023646,1024724,1,1,2024_N40,dtf,BLINK,5.20918052433171e-08,1,0,8057,4
Seita.6G015100,CMBL,"XP_004972505.1 endo-1,3;1,4-beta-D-glucanase [Setaria italica]",Chr6,1025401,1028588,1,1,2024_N40,dtf,BLINK,5.20918052433171e-08,1,0,4193,4
Seita.6G015200,XTH8,XP_004972507.1 xyloglucan endotransglycosylase/hydrolase protein 8 [Setaria italica],Chr6,1037135,1038454,1,1,2024_N40,dtf,BLINK,5.20918052433171e-08,1,0,4354,4
Seita.6G015300,XTH8,XP_004972508.1 xyloglucan endotransglycosylase/hydrolase protein 8 [Setaria italica],Chr6,1045608,1046881,1,1,2024_N40,dtf,BLINK,5.20918052433171e-08,1,0,12827,4
Seita.6G015400,XTH8,XP_004972509.1 xyloglucan endotransglycosylase/hydrolase protein 8 [Setaria italica],Chr6,1049178,1050588,1,1,2024_N40,dtf,BLINK,5.20918052433171e-08,1,0,16397,4
Seita.6G015500,XTH8,XP_004972510.1 xyloglucan endotransglycosylase/hydrolase protein 8 [Setaria italica],Chr6,1060851,1062244,1,1,2024_N40,dtf,BLINK,5.20918052433171e-08,1,0,28070,4
Seita.2G131900,PCFS4,RCV10727.1 hypothetical protein SETIT_2G131900v2 [Setaria italica],Chr2,16782447,16788503,1,1,2024_N40,number_of_tillers,FarmCPU,5.34762428071983e-08,1,0,224373,4
Seita.2G132000,CTR1,RCV10728.1 hypothetical protein SETIT_2G132000v2 [Setaria italica],Chr2,16789111,16796989,1,1,2024_N40,number_of_tillers,FarmCPU,5.34762428071983e-08,1,0,215887,4
Seita.2G132100,--,XP_004956196.1 uncharacterized protein LOC101754795 [Setaria italica],Chr2,16804331,16805371,1,1,2024_N40,number_of_tillers,FarmCPU,5.34762428071983e-08,1,0,207505,4
Seita.2G132200,BIO2,"XP_004956197.1 biotin synthase, mitochondrial [Setaria italica]",Chr2,16808496,16813339,1,1,2024_N40,number_of_tillers,FarmCPU,5.34762428071983e-08,1,0,199537,4
Seita.2G472900,--,TKW27904.1 hypothetical protein SEVIR_3G288550v2 [Setaria viridis],Chr2,16815928,16816511,1,1,2024_N40,number_of_tillers,FarmCPU,5.34762428071983e-08,1,0,196365,4
Seita.2G132400,ERI2,XP_004956198.2 ERI1 exoribonuclease 2 [Setaria italica],Chr2,16841460,16846185,1,1,2024_N40,number_of_tillers,FarmCPU,5.34762428071983e-08,1,0,166691,4
Seita.2G473000,--,-,Chr2,16846117,16846868,1,1,2024_N40,number_of_tillers,FarmCPU,5.34762428071983e-08,1,0,166008,4
Seita.2G473100,--,-,Chr2,16848636,16859175,1,1,2024_N40,number_of_tillers,FarmCPU,5.34762428071983e-08,1,0,153701,4
Seita.2G132500,MDAR3,XP_004956201.1 monodehydroascorbate reductase [Setaria italica],Chr2,16860458,16864690,1,1,2024_N40,number_of_tillers,FarmCPU,5.34762428071983e-08,1,0,148186,4
Seita.2G132600,AFTS1,XP_004956200.1 flagellar radial spoke protein 5 isoform X2 [Setaria italica],Chr2,16865506,16868586,1,1,2024_N40,number_of_tillers,FarmCPU,5.34762428071983e-08,1,0,144290,4
Seita.2G132700,AHP2,XP_004956202.1 histidine-containing phosphotransfer protein 2 [Setaria italica],Chr2,16870651,16874143,1,1,2024_N40,number_of_tillers,FarmCPU,5.34762428071983e-08,1,0,138733,4
Seita.2G132800,FAR4,XP_004956203.1 fatty acyl-CoA reductase 1 [Setaria italica],Chr2,16879960,16886174,1,1,2024_N40,number_of_tillers,FarmCPU,5.34762428071983e-08,1,0,126702,4
Seita.2G132900,Os09g0567700,XP_004956205.1 protein HIRA [Setaria italica],Chr2,16887208,16893254,1,1,2024_N40,number_of_tillers,FarmCPU,5.34762428071983e-08,1,0,119622,4
Seita.2G133000,--,XP_004956206.1 GDSL esterase/lipase At5g03600 [Setaria italica],Chr2,16892929,16894309,1,1,2024_N40,number_of_tillers,FarmCPU,5.34762428071983e-08,1,0,118567,4
Seita.2G133200,URH2,XP_004956207.1 probable uridine nucleosidase 2 [Setaria italica],Chr2,16898976,16903140,1,1,2024_N40,number_of_tillers,FarmCPU,5.34762428071983e-08,1,0,109736,4
Seita.2G133300,R3HDM2,RCV10745.1 hypothetical protein SETIT_2G133300v2 [Setaria italica],Chr2,16906907,16911685,1,1,2024_N40,number_of_tillers,FarmCPU,5.34762428071983e-08,1,0,101191,4
Seita.2G133400,RPL10A,RCV10746.1 hypothetical protein SETIT_2G133400v2 [Setaria italica],Chr2,16912571,16915216,1,1,2024_N40,number_of_tillers,FarmCPU,5.34762428071983e-08,1,0,97660,4
Seita.2G133500,--,XP_004956210.1 uncharacterized protein LOC101760212 [Setaria italica],Chr2,16915674,16918185,1,1,2024_N40,number_of_tillers,FarmCPU,5.34762428071983e-08,1,0,94691,4
Seita.2G133600,POLE3,XP_004956211.1 DNA polymerase epsilon subunit 3 [Setaria italica],Chr2,16918639,16920574,1,1,2024_N40,number_of_tillers,FarmCPU,5.34762428071983e-08,1,0,92302,4
Seita.2G133700,Ub-CEP52-1,XP_002459842.1 ubiquitin-60S ribosomal protein L40-2 [Sorghum bicolor],Chr2,16922767,16924998,1,1,2024_N40,number_of_tillers,FarmCPU,5.34762428071983e-08,1,0,87878,4
Seita.2G133800,--,RCV10751.1 hypothetical protein SETIT_2G133800v2 [Setaria italica],Chr2,16926365,16926466,1,1,2024_N40,number_of_tillers,FarmCPU,5.34762428071983e-08,1,0,86410,4
Seita.2G133900,Os09g0568500,XP_004956213.1 germin-like protein 9-1 [Setaria italica],Chr2,16926757,16927518,1,1,2024_N40,number_of_tillers,FarmCPU,5.34762428071983e-08,1,0,85358,4
Seita.2G473200,--,"RWV81621.1 hypothetical protein GW17_00056938, partial [Ensete ventricosum]",Chr2,16929288,16930333,1,1,2024_N40,number_of_tillers,FarmCPU,5.34762428071983e-08,1,0,82543,4
Seita.2G134000,Os09g0568700,XP_004956214.1 germin-like protein 9-3 [Setaria italica],Chr2,16929623,16930258,1,1,2024_N40,number_of_tillers,FarmCPU,5.34762428071983e-08,1,0,82618,4
Seita.2G473300,--,XP_034581015.1 uncharacterized protein LOC117844415 [Setaria viridis],Chr2,16933404,16935115,1,1,2024_N40,number_of_tillers,FarmCPU,5.34762428071983e-08,1,0,77761,4
Seita.2G134100,--,RCV10754.1 hypothetical protein SETIT_2G134100v2 [Setaria italica],Chr2,16937937,16939529,1,1,2024_N40,number_of_tillers,FarmCPU,5.34762428071983e-08,1,0,73347,4
Seita.2G134200,RPS25E,RCV10755.1 hypothetical protein SETIT_2G134200v2 [Setaria italica],Chr2,16940068,16941728,1,1,2024_N40,number_of_tillers,FarmCPU,5.34762428071983e-08,1,0,71148,4
Seita.2G134300,At2g27730,"XP_004956216.1 uncharacterized protein At2g27730, mitochondrial [Setaria italica]",Chr2,16941970,16945853,1,1,2024_N40,number_of_tillers,FarmCPU,5.34762428071983e-08,1,0,67023,4
Seita.2G134400,CLH1,XP_004956217.1 chlorophyllase-1 [Setaria italica],Chr2,16956012,16957626,1,1,2024_N40,number_of_tillers,FarmCPU,5.34762428071983e-08,1,0,55250,4
Seita.2G473400,--,-,Chr2,16958670,16959197,1,1,2024_N40,number_of_tillers,FarmCPU,5.34762428071983e-08,1,0,53679,4
Seita.2G134500,--,RCV10759.1 hypothetical protein SETIT_2G134500v2 [Setaria italica],Chr2,16958808,16959434,1,1,2024_N40,number_of_tillers,FarmCPU,5.34762428071983e-08,1,0,53442,4
Seita.2G134600,PYRP2,"XP_004956218.1 5-amino-6-(5-phospho-D-ribitylamino)uracil phosphatase, chloroplastic [Setaria italica]",Chr2,16966302,16968522,1,1,2024_N40,number_of_tillers,FarmCPU,5.34762428071983e-08,1,0,44354,4
Seita.2G134700,BAM2,RCV10762.1 hypothetical protein SETIT_2G134700v2 [Setaria italica],Chr2,16969243,16975022,1,1,2024_N40,number_of_tillers,FarmCPU,5.34762428071983e-08,1,0,37854,4
Seita.2G134800,Daglb,XP_004956220.1 uncharacterized protein LOC101764121 [Setaria italica],Chr2,16974526,16978756,1,1,2024_N40,number_of_tillers,FarmCPU,5.34762428071983e-08,1,0,34120,4
Seita.2G473500,--,-,Chr2,16977709,16978411,1,1,2024_N40,number_of_tillers,FarmCPU,5.34762428071983e-08,1,0,34465,4
Seita.2G134900,Os09g0569400,XP_004956221.1 cleavage and polyadenylation specificity factor subunit 2 [Setaria italica],Chr2,16978960,16987095,1,1,2024_N40,number_of_tillers,FarmCPU,5.34762428071983e-08,1,0,25781,4
Seita.2G135000,--,XP_004956223.1 uncharacterized protein LOC101764938 [Setaria italica],Chr2,16986908,16989702,1,1,2024_N40,number_of_tillers,FarmCPU,5.34762428071983e-08,1,0,23174,4
Seita.2G135100,--,RCV10770.1 hypothetical protein SETIT_2G135100v2 [Setaria italica],Chr2,16989714,16990345,1,1,2024_N40,number_of_tillers,FarmCPU,5.34762428071983e-08,1,0,22531,4
Seita.2G135200,At3g19508,XP_004956226.1 LYR motif-containing protein At3g19508 [Setaria italica],Chr2,16998192,16998921,1,1,2024_N40,number_of_tillers,FarmCPU,5.34762428071983e-08,1,0,13955,4
Seita.2G135300,--,RCV10772.1 hypothetical protein SETIT_2G135300v2 [Setaria italica],Chr2,17001943,17002158,1,1,2024_N40,number_of_tillers,FarmCPU,5.34762428071983e-08,1,0,10718,4
Seita.2G135400,PUB33,XP_022680348.1 U-box domain-containing protein 33 [Setaria italica],Chr2,17018229,17024916,1,1,2024_N40,number_of_tillers,FarmCPU,5.34762428071983e-08,1,0,5353,4
Seita.2G135500,--,RCV10776.1 hypothetical protein SETIT_2G135500v2 [Setaria italica],Chr2,17025318,17025724,1,1,2024_N40,number_of_tillers,FarmCPU,5.34762428071983e-08,1,0,12442,4
Seita.2G135600,PUB33,RCV10777.1 hypothetical protein SETIT_2G135600v2 [Setaria italica],Chr2,17034383,17039417,1,1,2024_N40,number_of_tillers,FarmCPU,5.34762428071983e-08,1,0,21507,4
Seita.2G135700,--,RCV10778.1 hypothetical protein SETIT_2G135700v2 [Setaria italica],Chr2,17038881,17040771,1,1,2024_N40,number_of_tillers,FarmCPU,5.34762428071983e-08,1,0,26005,4
Seita.2G135800,PUB70,XP_004956235.1 U-box domain-containing protein 33 isoform X2 [Setaria italica],Chr2,17040344,17045803,1,1,2024_N40,number_of_tillers,FarmCPU,5.34762428071983e-08,1,0,27468,4
Seita.2G135900,--,XP_022680015.1 uncharacterized protein LOC101770765 [Setaria italica],Chr2,17045959,17050932,1,1,2024_N40,number_of_tillers,FarmCPU,5.34762428071983e-08,1,0,33083,4
Seita.2G136000,TIC32,RCV10784.1 hypothetical protein SETIT_2G136000v2 [Setaria italica],Chr2,17053246,17057678,1,1,2024_N40,number_of_tillers,FarmCPU,5.34762428071983e-08,1,0,40370,4
Seita.2G136100,PHT4;4,"XP_004956239.1 probable anion transporter 4, chloroplastic [Setaria italica]",Chr2,17057521,17062536,1,1,2024_N40,number_of_tillers,FarmCPU,5.34762428071983e-08,1,0,44645,4
Seita.2G136200,ABF3,RCV10786.1 hypothetical protein SETIT_2G136200v2 [Setaria italica],Chr2,17066628,17067644,1,1,2024_N40,number_of_tillers,FarmCPU,5.34762428071983e-08,1,0,53752,4
Seita.2G136300,--,XP_034580794.1 uncharacterized protein LOC117844138 [Setaria viridis],Chr2,17074793,17079879,1,1,2024_N40,number_of_tillers,FarmCPU,5.34762428071983e-08,1,0,61917,4
Seita.2G136400,TUT7,RCV10788.1 hypothetical protein SETIT_2G136400v2 [Setaria italica],Chr2,17080136,17082519,1,1,2024_N40,number_of_tillers,FarmCPU,5.34762428071983e-08,1,0,67260,4
Seita.2G136600,SLC1,XP_004956243.1 protein DMR6-LIKE OXYGENASE 1 [Setaria italica],Chr2,17141347,17144367,1,1,2024_N40,number_of_tillers,FarmCPU,5.34762428071983e-08,1,0,128471,4
Seita.2G136700,At1g08170,XP_022680431.1 histone H2B.9 [Setaria italica],Chr2,17147801,17149032,1,1,2024_N40,number_of_tillers,FarmCPU,5.34762428071983e-08,1,0,134925,4
Seita.2G136800,ACR10,XP_004956244.1 ACT domain-containing protein ACR10 [Setaria italica],Chr2,17151592,17157630,1,1,2024_N40,number_of_tillers,FarmCPU,5.34762428071983e-08,1,0,138716,4
Seita.2G136900,SOK5,XP_022679570.1 cell wall protein RBR3 isoform X1 [Setaria italica],Chr2,17156705,17160461,1,1,2024_N40,number_of_tillers,FarmCPU,5.34762428071983e-08,1,0,143829,4
Seita.2G473600,--,-,Chr2,17157744,17159104,1,1,2024_N40,number_of_tillers,FarmCPU,5.34762428071983e-08,1,0,144868,4
Seita.2G137000,--,RCV10794.1 hypothetical protein SETIT_2G137000v2 [Setaria italica],Chr2,17160462,17163724,1,1,2024_N40,number_of_tillers,FarmCPU,5.34762428071983e-08,1,0,147586,4
Seita.2G137100,MDH1,"XP_004956250.1 malate dehydrogenase [NADP] 1, chloroplastic [Setaria italica]",Chr2,17168592,17172733,1,1,2024_N40,number_of_tillers,FarmCPU,5.34762428071983e-08,1,0,155716,4
Seita.2G137300,--,XP_022679930.1 uncharacterized protein At1g76660 [Setaria italica],Chr2,17176158,17178982,1,1,2024_N40,number_of_tillers,FarmCPU,5.34762428071983e-08,1,0,163282,4
Seita.2G473700,--,-,Chr2,17179046,17181162,1,1,2024_N40,number_of_tillers,FarmCPU,5.34762428071983e-08,1,0,166170,4
Seita.2G137400,--,XP_004956261.1 protein SRC2 homolog [Setaria italica],Chr2,17183395,17184784,1,1,2024_N40,number_of_tillers,FarmCPU,5.34762428071983e-08,1,0,170519,4
Seita.2G473800,PAP12,XP_034582899.1 serine/threonine-protein kinase DDB_G0283821-like [Setaria viridis],Chr2,17190619,17192977,1,1,2024_N40,number_of_tillers,FarmCPU,5.34762428071983e-08,1,0,177743,4
Seita.2G473900,--,TKW01784.1 hypothetical protein SEVIR_8G201500v2 [Setaria viridis],Chr2,17192652,17195245,1,1,2024_N40,number_of_tillers,FarmCPU,5.34762428071983e-08,1,0,179776,4
Seita.2G474000,--,"XP_022680992.1 LOW QUALITY PROTEIN: uncharacterized protein LOC101759701, partial [Setaria italica]",Chr2,17196130,17196791,1,1,2024_N40,number_of_tillers,FarmCPU,5.34762428071983e-08,1,0,183254,4
Seita.2G474100,--,-,Chr2,17201629,17203173,1,1,2024_N40,number_of_tillers,FarmCPU,5.34762428071983e-08,1,0,188753,4
Seita.2G137500,AHL20,XP_004956262.1 AT-hook motif nuclear-localized protein 20 [Setaria italica],Chr2,17224493,17226227,1,1,2024_N40,number_of_tillers,FarmCPU,5.34762428071983e-08,1,0,211617,4
Seita.2G137600,--,RCV10801.1 hypothetical protein SETIT_2G137600v2 [Setaria italica],Chr2,17237887,17240908,1,1,2024_N40,number_of_tillers,FarmCPU,5.34762428071983e-08,1,0,225011,4
Seita.9G296600,CNR4,XP_004983440.1 cell number regulator 4-like isoform X1 [Setaria italica],Chr9,36692140,36697316,1,1,2024_N120,days_to_harvest,FarmCPU,5.41457961054495e-08,1,0,340,4
Seita.4G143200,--,RCV21482.1 hypothetical protein SETIT_4G143200v2 [Setaria italica],Chr4,17262234,17262960,2,2,2024_N40,number_of_tillers,FarmCPU,2.01009417494686e-11,0,0,1026,3
Seita.5G123800,--,RCV24906.1 hypothetical protein SETIT_5G123800v2 [Setaria italica],Chr5,10428623,10429608,2,2,2024_N40,number_of_tillers,MLM,3.15512968869186e-08,0,0,4842,3
Seita.5G483200,--,-,Chr5,10429200,10429780,2,2,2024_N40,number_of_tillers,MLM,3.15512968869186e-08,0,0,5419,3
Seita.5G123900,CYP734A6,XP_004968389.1 cytochrome P450 734A6 [Setaria italica],Chr5,10429995,10434593,2,2,2024_N40,number_of_tillers,MLM,3.15512968869186e-08,0,0,6214,3
Seita.5G483300,--,-,Chr5,10433020,10435298,2,2,2024_N40,number_of_tillers,MLM,3.15512968869186e-08,0,0,9239,3
Seita.5G483400,--,-,Chr5,10452451,10453889,2,2,2024_N40,number_of_tillers,MLM,3.15512968869186e-08,0,0,28670,3
Seita.5G124000,--,XP_004968391.1 uncharacterized protein LOC101782571 [Setaria italica],Chr5,10456861,10459921,2,2,2024_N40,number_of_tillers,MLM,3.15512968869186e-08,0,0,33080,3
Seita.5G124100,BOR4,XP_004968393.1 boron transporter 4 [Setaria italica],Chr5,10463447,10468292,2,2,2024_N40,number_of_tillers,MLM,3.15512968869186e-08,0,0,39666,3
Seita.5G124200,UGT73C5,XP_014660787.1 UDP-glycosyltransferase 73C5 [Setaria italica],Chr5,10475089,10479465,2,2,2024_N40,number_of_tillers,MLM,3.15512968869186e-08,0,0,30098,3
Seita.5G124300,UGT73E1,XP_004968396.1 UDP-glycosyltransferase 73C6 [Setaria italica],Chr5,10478339,10481515,2,2,2024_N40,number_of_tillers,MLM,3.15512968869186e-08,0,0,28048,3
Seita.5G124400,PCMP-H33,RCV24914.1 hypothetical protein SETIT_5G124400v2 [Setaria italica],Chr5,10481554,10484244,2,2,2024_N40,number_of_tillers,MLM,3.15512968869186e-08,0,0,25319,3
Seita.5G124500,RPT3,XP_004968398.1 coleoptile phototropism protein 1 [Setaria italica],Chr5,10486925,10491884,2,2,2024_N40,number_of_tillers,MLM,3.15512968869186e-08,0,0,17679,3
Seita.5G124600,--,XP_004968399.1 uncharacterized protein LOC101785396 [Setaria italica],Chr5,10490746,10494403,2,2,2024_N40,number_of_tillers,MLM,3.15512968869186e-08,0,0,15160,3
Seita.5G483500,--,XP_022682370.1 uncharacterized protein LOC111257318 [Setaria italica],Chr5,10503502,10504155,2,2,2024_N40,number_of_tillers,MLM,3.15512968869186e-08,0,0,5408,3
Seita.5G124700,NHO1,XP_004968400.1 transcription factor NIGTH1 [Setaria italica],Chr5,10523182,10527366,2,2,2024_N40,number_of_tillers,MLM,3.15512968869186e-08,0,0,13619,3
Seita.5G124800,--,XP_004968401.1 uncharacterized protein LOC101786211 [Setaria italica],Chr5,10527959,10531949,2,2,2024_N40,number_of_tillers,MLM,3.15512968869186e-08,0,0,18396,3
Seita.5G124900,BZR2,XP_004971713.1 protein BZR1 homolog 3-like [Setaria italica],Chr5,10532083,10533124,2,2,2024_N40,number_of_tillers,MLM,3.15512968869186e-08,0,0,22520,3
Seita.5G125000,--,RCV24920.1 hypothetical protein SETIT_5G125000v2 [Setaria italica],Chr5,10535714,10538610,2,2,2024_N40,number_of_tillers,MLM,3.15512968869186e-08,0,0,26151,3
Seita.5G125100,At2g02030,RCV24921.1 hypothetical protein SETIT_5G125100v2 [Setaria italica],Chr5,10540385,10542196,2,2,2024_N40,number_of_tillers,MLM,3.15512968869186e-08,0,0,30822,3
Seita.5G483800,--,TKW40322.1 hypothetical protein SEVIR_1G238100v2 [Setaria viridis],Chr5,10546986,10547939,2,2,2024_N40,number_of_tillers,MLM,3.15512968869186e-08,0,0,37423,3
Seita.5G125200,ENL1,RCV24922.1 hypothetical protein SETIT_5G125200v2 [Setaria italica],Chr5,10548027,10552469,2,2,2024_N40,number_of_tillers,MLM,3.15512968869186e-08,0,0,38464,3
Seita.5G483900,ENL1,XP_012701323.2 protein CHROMATIN REMODELING 24-like [Setaria italica],Chr5,10552878,10557174,2,2,2024_N40,number_of_tillers,MLM,3.15512968869186e-08,0,0,43315,3
Seita.6G052600,--,RCV29923.1 hypothetical protein SETIT_6G052600v2 [Setaria italica],Chr6,4250293,4250814,1,1,2024_N40,height_cm,FarmCPU,3.76822038249173e-22,0,0,56334,3
Seita.6G052700,--,RCV29924.1 hypothetical protein SETIT_6G052700v2 [Setaria italica],Chr6,4250935,4251831,1,1,2024_N40,height_cm,FarmCPU,3.76822038249173e-22,0,0,55317,3
Seita.6G052800,--,RCV29925.1 hypothetical protein SETIT_6G052800v2 [Setaria italica],Chr6,4253230,4253764,1,1,2024_N40,height_cm,FarmCPU,3.76822038249173e-22,0,0,53384,3
Seita.6G053000,--,XP_004972776.1 uncharacterized protein LOC101754916 [Setaria italica],Chr6,4265151,4268663,1,1,2024_N40,height_cm,FarmCPU,3.76822038249173e-22,0,0,38485,3
Seita.6G053100,--,XP_004974411.1 uncharacterized protein LOC101773016 [Setaria italica],Chr6,4274151,4277560,1,1,2024_N40,height_cm,FarmCPU,3.76822038249173e-22,0,0,29588,3
Seita.6G053200,--,XP_004972777.1 uncharacterized protein LOC101755317 [Setaria italica],Chr6,4297363,4300903,1,1,2024_N40,height_cm,FarmCPU,3.76822038249173e-22,0,0,6245,3
Seita.6G053300,--,RCV29930.1 hypothetical protein SETIT_6G053300v2 [Setaria italica],Chr6,4302765,4304614,1,1,2024_N40,height_cm,FarmCPU,3.76822038249173e-22,0,0,2534,3
Seita.6G053400,KAN2,XP_004972778.1 probable transcription factor RL9 isoform X1 [Setaria italica],Chr6,4317952,4322236,1,1,2024_N40,height_cm,FarmCPU,3.76822038249173e-22,0,0,10804,3
Seita.2G480400,--,TKW00083.1 hypothetical protein SEVIR_8G085766v2 [Setaria viridis],Chr2,23835019,23837317,1,1,2024_N40,dtf,BLINK,2.83862244717862e-17,0,0,31581,3
Seita.8G333400,--,XP_039818438.1 uncharacterized protein LOC120680930 [Panicum virgatum],Chr8,40043359,40046149,1,1,2023,pedicel_length_cm,FarmCPU,1.88832244808864e-14,0,0,24245,3
Seita.8G215600,--,TKW02152.1 hypothetical protein SEVIR_8G226900v2 [Setaria viridis],Chr8,40046797,40048161,1,1,2023,pedicel_length_cm,FarmCPU,1.88832244808864e-14,0,0,22233,3
Seita.8G333500,--,-,Chr8,40060889,40062079,1,1,2023,pedicel_length_cm,FarmCPU,1.88832244808864e-14,0,0,8315,3
Seita.8G215700,--,RCV39341.1 hypothetical protein SETIT_8G215700v2 [Setaria italica],Chr8,40063886,40067952,1,1,2023,pedicel_length_cm,FarmCPU,1.88832244808864e-14,0,0,2442,3
Seita.8G333600,Sb05g025790,XP_004980826.2 CASP-like protein 1U1 [Setaria italica],Chr8,40071445,40072239,1,1,2023,pedicel_length_cm,FarmCPU,1.88832244808864e-14,0,0,1051,3
Seita.8G215900,--,XP_004979867.1 CASP-like protein 1U3 [Setaria italica],Chr8,40073801,40075097,1,1,2023,pedicel_length_cm,FarmCPU,1.88832244808864e-14,0,0,3407,3
Seita.8G216000,Sb05g025800,RCV39344.1 hypothetical protein SETIT_8G216000v2 [Setaria italica],Chr8,40076861,40077770,1,1,2023,pedicel_length_cm,FarmCPU,1.88832244808864e-14,0,0,6467,3
Seita.8G216100,Sb05g025810,RCV39345.1 hypothetical protein SETIT_8G216100v2 [Setaria italica],Chr8,40078540,40079479,1,1,2023,pedicel_length_cm,FarmCPU,1.88832244808864e-14,0,0,8146,3
Seita.8G216200,NR,XP_004979869.1 tropinone reductase homolog At2g29170 [Setaria italica],Chr8,40079720,40082081,1,1,2023,pedicel_length_cm,FarmCPU,1.88832244808864e-14,0,0,9326,3
Seita.8G216300,At5g06060,RCV39347.1 hypothetical protein SETIT_8G216300v2 [Setaria italica],Chr8,40090087,40091074,1,1,2023,pedicel_length_cm,FarmCPU,1.88832244808864e-14,0,0,19693,3
Seita.8G216400,NR,XP_022685082.1 tropinone reductase homolog At5g06060 [Setaria italica],Chr8,40091485,40094089,1,1,2023,pedicel_length_cm,FarmCPU,1.88832244808864e-14,0,0,21091,3
Seita.2G223700,--,RCV11897.1 hypothetical protein SETIT_2G223700v2 [Setaria italica],Chr2,36030862,36031727,1,1,2023,pedicel_length_cm,FarmCPU,1.42724071690479e-12,0,0,9142,3
Seita.3G137900,Os05g0574000,XP_004961148.1 phospholipase A1-II 6 [Setaria italica],Chr3,9581458,9583079,1,1,2024_N120,number_of_tillers,FarmCPU,1.75623217694629e-12,0,0,56916,3
Seita.3G138000,CHUP1,"XP_022680552.1 protein CHUP1, chloroplastic [Setaria italica]",Chr3,9586211,9591061,1,1,2024_N120,number_of_tillers,FarmCPU,1.75623217694629e-12,0,0,48934,3
Seita.3G428500,--,TKW25761.1 hypothetical protein SEVIR_3G140000v2 [Setaria viridis],Chr3,9603661,9604089,1,1,2024_N120,number_of_tillers,FarmCPU,1.75623217694629e-12,0,0,35906,3
Seita.3G138100,--,RCV16436.1 hypothetical protein SETIT_3G138100v2 [Setaria italica],Chr3,9607912,9609227,1,1,2024_N120,number_of_tillers,FarmCPU,1.75623217694629e-12,0,0,30768,3
Seita.3G138200,--,XP_012700167.1 uncharacterized protein LOC101780901 [Setaria italica],Chr3,9609300,9612652,1,1,2024_N120,number_of_tillers,FarmCPU,1.75623217694629e-12,0,0,27343,3
Seita.3G138300,Os05g0573700,"XP_004961152.1 ketol-acid reductoisomerase, chloroplastic [Setaria italica]",Chr3,9613754,9618171,1,1,2024_N120,number_of_tillers,FarmCPU,1.75623217694629e-12,0,0,21824,3
Seita.2G222700,--,RCV11886.1 hypothetical protein SETIT_2G222700v2 [Setaria italica],Chr2,35941598,35942544,1,1,2023,pedicel_length_cm,FarmCPU,6.08158339400653e-12,0,0,13115,3
Seita.2G508500,--,RCV12861.1 hypothetical protein SETIT_2G301500v2 [Setaria italica],Chr2,35942120,35947617,1,1,2023,pedicel_length_cm,FarmCPU,6.08158339400653e-12,0,0,8042,3
Seita.9G351900,Os08g0126700,XP_004983906.1 zinc finger CCCH domain-containing protein 54 [Setaria italica],Chr9,43818686,43825454,1,1,2024_N120,number_of_tillers,FarmCPU,6.48851767253128e-12,0,0,12450,3
Seita.4G143000,--,RCV21480.1 hypothetical protein SETIT_4G143000v2 [Setaria italica],Chr4,17140143,17140776,1,1,2024_N40,number_of_tillers,FarmCPU,2.01009417494686e-11,0,0,154414,3
Seita.4G330700,--,XP_012701042.1 uncharacterized protein LOC101757565 [Setaria italica],Chr4,17142453,17146088,1,1,2024_N40,number_of_tillers,FarmCPU,2.01009417494686e-11,0,0,149102,3
Seita.4G143100,--,XP_004965360.1 uncharacterized protein LOC101757962 [Setaria italica],Chr4,17184023,17184965,1,1,2024_N40,number_of_tillers,FarmCPU,2.01009417494686e-11,0,0,110225,3
Seita.4G330800,--,RCV25232.1 hypothetical protein SETIT_5G149700v2 [Setaria italica],Chr4,17231101,17232760,1,1,2024_N40,number_of_tillers,FarmCPU,2.01009417494686e-11,0,0,62430,3
Seita.4G330900,--,TKW21281.1 hypothetical protein SEVIR_4G169600v2 [Setaria viridis],Chr4,17314579,17315055,1,1,2024_N40,number_of_tillers,FarmCPU,2.01009417494686e-11,0,0,19389,3
Seita.4G143400,--,XP_004965363.1 uncharacterized protein LOC101759063 [Setaria italica],Chr4,17322571,17335900,1,1,2024_N40,number_of_tillers,FarmCPU,2.01009417494686e-11,0,0,27381,3
Seita.4G143500,--,RCV21491.1 hypothetical protein SETIT_4G143500v2 [Setaria italica],Chr4,17331099,17331677,1,1,2024_N40,number_of_tillers,FarmCPU,2.01009417494686e-11,0,0,35909,3
Seita.4G143600,--,RCV21492.1 hypothetical protein SETIT_4G143600v2 [Setaria italica],Chr4,17332734,17333111,1,1,2024_N40,number_of_tillers,FarmCPU,2.01009417494686e-11,0,0,37544,3
Seita.4G331000,MFT1,XP_034591564.1 protein MOTHER of FT and TFL1 homolog 1-like [Setaria viridis],Chr4,17347529,17347929,1,1,2024_N40,number_of_tillers,FarmCPU,2.01009417494686e-11,0,0,52339,3
Seita.4G143700,MFT1,RCV21493.1 hypothetical protein SETIT_4G143700v2 [Setaria italica],Chr4,17349182,17350230,1,1,2024_N40,number_of_tillers,FarmCPU,2.01009417494686e-11,0,0,53992,3
Seita.4G143800,--,RCV21494.1 hypothetical protein SETIT_4G143800v2 [Setaria italica],Chr4,17350661,17351064,1,1,2024_N40,number_of_tillers,FarmCPU,2.01009417494686e-11,0,0,55471,3
Seita.4G143900,--,RCV21495.1 hypothetical protein SETIT_4G143900v2 [Setaria italica],Chr4,17351065,17351962,1,1,2024_N40,number_of_tillers,FarmCPU,2.01009417494686e-11,0,0,55875,3
Seita.4G331100,--,XP_034606262.1 uncharacterized protein LOC117866213 [Setaria viridis],Chr4,17362103,17364640,1,1,2024_N40,number_of_tillers,FarmCPU,2.01009417494686e-11,0,0,66913,3
Seita.4G144000,--,RCV21496.1 hypothetical protein SETIT_4G144000v2 [Setaria italica],Chr4,17376287,17377253,1,1,2024_N40,number_of_tillers,FarmCPU,2.01009417494686e-11,0,0,81097,3
Seita.6G182900,HIDM,XP_004973680.1 2-hydroxyisoflavanone dehydratase [Setaria italica],Chr6,32529607,32531003,1,1,2023,pedicel_length_cm,FarmCPU,6.59104772413302e-11,0,0,4990,3
Seita.2G153400,PP2AA1,XP_004956390.1 serine/threonine-protein phosphatase 2A 65 kDa regulatory subunit A beta isoform isoform X2 [Setaria italica],Chr2,24678888,24684977,1,1,2024_N120,height_cm,BLINK,2.90781700547809e-10,0,0,33548,3
Seita.4G371700,--,-,Chr4,35894650,35896242,1,1,2023,thousand_seed_weight_g,BLINK,1.37593641069106e-09,0,0,9624,3
Seita.1G016400,AT1,XP_004951311.1 acyl transferase 1 [Setaria italica],Chr1,1435300,1437168,1,1,2024_N40,number_of_tillers,FarmCPU,2.39482290512866e-09,0,0,5077,3
Seita.7G062800,WAK2,XP_004977919.1 wall-associated receptor kinase 2 [Setaria italica],Chr7,17631090,17634223,1,1,2024_N120,number_of_tillers,MLM,3.30916179084518e-09,0,0,14948,3
Seita.7G062900,--,RCV33191.1 hypothetical protein SETIT_7G062900v2 [Setaria italica],Chr7,17638168,17640292,1,1,2024_N120,number_of_tillers,MLM,3.30916179084518e-09,0,0,8879,3
Seita.7G063000,--,RCV33192.1 hypothetical protein SETIT_7G063000v2 [Setaria italica],Chr7,17652088,17653775,1,1,2024_N120,number_of_tillers,MLM,3.30916179084518e-09,0,0,2917,3
Seita.7G063100,--,RCV33193.1 hypothetical protein SETIT_7G063100v2 [Setaria italica],Chr7,17660290,17661100,1,1,2024_N120,number_of_tillers,MLM,3.30916179084518e-09,0,0,11119,3
Seita.7G063200,OXA1L,XP_004975342.3 mitochondrial inner membrane protein OXA1-like isoform X1 [Setaria italica],Chr7,17661476,17668009,1,1,2024_N120,number_of_tillers,MLM,3.30916179084518e-09,0,0,12305,3
Seita.7G063300,ROC5,RCV33195.1 hypothetical protein SETIT_7G063300v2 [Setaria italica],Chr7,17672520,17678805,1,1,2024_N120,number_of_tillers,MLM,3.30916179084518e-09,0,0,23349,3
Seita.7G063400,--,RCV33196.1 hypothetical protein SETIT_7G063400v2 [Setaria italica],Chr7,17683533,17684001,1,1,2024_N120,number_of_tillers,MLM,3.30916179084518e-09,0,0,34362,3
Seita.7G063500,--,RCV33197.1 hypothetical protein SETIT_7G063500v2 [Setaria italica],Chr7,17686836,17687549,1,1,2024_N120,number_of_tillers,MLM,3.30916179084518e-09,0,0,37665,3
Seita.7G063600,SALR,XP_022683947.1 short-chain dehydrogenase/reductase 2b isoform X1 [Setaria italica],Chr7,17715139,17716721,1,1,2024_N120,number_of_tillers,MLM,3.30916179084518e-09,0,0,65968,3
Seita.7G357000,--,-,Chr7,17716879,17717315,1,1,2024_N120,number_of_tillers,MLM,3.30916179084518e-09,0,0,67708,3
Seita.7G063700,CEQORH,XP_004975344.1 chloroplast envelope quinone oxidoreductase homolog [Setaria italica],Chr7,17725542,17728815,1,1,2024_N120,number_of_tillers,MLM,3.30916179084518e-09,0,0,76371,3
Seita.7G063800,NTF2,RCV33200.1 hypothetical protein SETIT_7G063800v2 [Setaria italica],Chr7,17729850,17736271,1,1,2024_N120,number_of_tillers,MLM,3.30916179084518e-09,0,0,80679,3
Seita.7G063900,--,RCV33201.1 hypothetical protein SETIT_7G063900v2 [Setaria italica],Chr7,17755356,17756776,1,1,2024_N120,number_of_tillers,MLM,3.30916179084518e-09,0,0,106185,3
Seita.7G064000,PUB47,RCV33202.1 hypothetical protein SETIT_7G064000v2 [Setaria italica],Chr7,17757326,17761224,1,1,2024_N120,number_of_tillers,MLM,3.30916179084518e-09,0,0,108155,3
Seita.7G064100,DTX16,XP_012702714.1 protein DETOXIFICATION 16 [Setaria italica],Chr7,17766375,17772021,1,1,2024_N120,number_of_tillers,MLM,3.30916179084518e-09,0,0,117204,3
Seita.7G064200,DTX16,XP_004975347.1 protein DETOXIFICATION 16 [Setaria italica],Chr7,17777580,17780277,1,1,2024_N120,number_of_tillers,MLM,3.30916179084518e-09,0,0,128409,3
Seita.7G357100,--,TKW27740.1 hypothetical protein SEVIR_3G277266v2 [Setaria viridis],Chr7,17781691,17781957,1,1,2024_N120,number_of_tillers,MLM,3.30916179084518e-09,0,0,132520,3
Seita.7G064300,--,RCV33205.1 hypothetical protein SETIT_7G064300v2 [Setaria italica],Chr7,17783573,17784193,1,1,2024_N120,number_of_tillers,MLM,3.30916179084518e-09,0,0,134402,3
Seita.7G064400,--,RCV33206.1 hypothetical protein SETIT_7G064400v2 [Setaria italica],Chr7,17787280,17790015,1,1,2024_N120,number_of_tillers,MLM,3.30916179084518e-09,0,0,138109,3
Seita.7G357200,--,XP_039794696.1 uncharacterized protein LOC120660296 [Panicum virgatum],Chr7,17790999,17794299,1,1,2024_N120,number_of_tillers,MLM,3.30916179084518e-09,0,0,141828,3
Seita.7G357300,--,XP_039835129.1 uncharacterized protein LOC120696028 [Panicum virgatum],Chr7,17793824,17794273,1,1,2024_N120,number_of_tillers,MLM,3.30916179084518e-09,0,0,144653,3
Seita.5G202600,--,RCV25909.1 hypothetical protein SETIT_5G202600v2 [Setaria italica],Chr5,28605073,28605746,1,1,2024_N120,number_of_tillers,MLM,5.07546698428468e-09,0,0,2606,3
Seita.5G202700,CRK6,XP_004968974.1 cysteine-rich receptor-like protein kinase 6 [Setaria italica],Chr5,28609191,28612414,1,1,2024_N120,number_of_tillers,MLM,5.07546698428468e-09,0,0,6724,3
Seita.9G684900,--,XP_022680943.1 uncharacterized protein LOC101782507 [Setaria italica],Chr9,52359220,52364224,1,1,2024_N40,height_cm,FarmCPU,6.06611094359136e-09,0,0,3186,3
Seita.1G127500,GULLO3,XP_004952251.1 L-gulonolactone oxidase 3 [Setaria italica],Chr1,11694834,11698521,1,1,2024_N120,number_of_tillers,MLM,6.12178736902759e-09,0,0,4903,3
Seita.1G127600,AGC1-5,XP_004954788.4 serine/threonine-protein kinase AGC1-5 [Setaria italica],Chr1,11698873,11701465,1,1,2024_N120,number_of_tillers,MLM,6.12178736902759e-09,0,0,1959,3
Seita.6G091900,--,RCV30404.1 hypothetical protein SETIT_6G091900v2 [Setaria italica],Chr6,8959331,8960514,1,1,2024_N120,number_of_tillers,MLM,6.12178736902759e-09,0,0,59005,3
Seita.6G092000,--,XP_004973059.1 uncharacterized protein LOC101770744 [Setaria italica],Chr6,8970717,8977857,1,1,2024_N120,number_of_tillers,MLM,6.12178736902759e-09,0,0,70391,3
Seita.6G092100,RF9,XP_004973060.1 disease resistance protein RPM1 [Setaria italica],Chr6,8979452,8986446,1,1,2024_N120,number_of_tillers,MLM,6.12178736902759e-09,0,0,79126,3
Seita.7G040600,VPS54,RCV32908.1 hypothetical protein SETIT_7G040600v2 [Setaria italica],Chr7,13410459,13426591,1,1,2024_N120,number_of_tillers,MLM,6.12178736902759e-09,0,0,40375,3
Seita.7G040700,At5g52970,"XP_004975199.1 thylakoid lumenal 15.0 kDa protein 2, chloroplastic [Setaria italica]",Chr7,13427170,13430799,1,1,2024_N120,number_of_tillers,MLM,6.12178736902759e-09,0,0,36167,3
Seita.7G040800,CDKF-2,RCV32910.1 hypothetical protein SETIT_7G040800v2 [Setaria italica],Chr7,13430994,13432061,1,1,2024_N120,number_of_tillers,MLM,6.12178736902759e-09,0,0,34905,3
Seita.7G040900,ME6,RCV32911.1 hypothetical protein SETIT_7G040900v2 [Setaria italica],Chr7,13441344,13443789,1,1,2024_N120,number_of_tillers,MLM,6.12178736902759e-09,0,0,23177,3
Seita.7G347700,--,-,Chr7,13443320,13446012,1,1,2024_N120,number_of_tillers,MLM,6.12178736902759e-09,0,0,20954,3
Seita.7G041000,--,XP_004975201.1 uncharacterized protein LOC101786392 [Setaria italica],Chr7,13459246,13463046,1,1,2024_N120,number_of_tillers,MLM,6.12178736902759e-09,0,0,3920,3
Seita.8G122500,At3g47570,RCV38191.1 hypothetical protein SETIT_8G122500v2 [Setaria italica],Chr8,25925329,25928641,1,1,2024_N120,number_of_tillers,MLM,6.12178736902759e-09,0,0,54502,3
Seita.7G033400,--,RCV32820.1 hypothetical protein SETIT_7G033400v2 [Setaria italica],Chr7,11700060,11700595,1,1,2023,pedicel_length_cm,BLINK,6.26604398641777e-09,0,0,12498,3
Seita.7G033500,--,RCV32821.1 hypothetical protein SETIT_7G033500v2 [Setaria italica],Chr7,11702210,11703121,1,1,2023,pedicel_length_cm,BLINK,6.26604398641777e-09,0,0,14648,3
Seita.7G358000,--,XP_004977930.2 uncharacterized protein LOC101760906 [Setaria italica],Chr7,18046516,18046857,1,1,2024_N120,number_of_tillers,MLM,2.22720573090551e-08,0,0,124,3
Seita.7G348500,--,-,Chr7,14083222,14085136,1,1,2024_N120,number_of_tillers,MLM,2.3122107509007e-08,0,0,20134,3
Seita.7G042500,EMB2758,XP_022683801.1 pentatricopeptide repeat-containing protein At4g33990-like [Setaria italica],Chr7,14094903,14099640,1,1,2024_N120,number_of_tillers,MLM,2.3122107509007e-08,0,0,5630,3
Seita.7G042600,LECRKS5,XP_004977850.2 probable L-type lectin-domain containing receptor kinase S.5 [Setaria italica],Chr7,14111864,14117043,1,1,2024_N120,number_of_tillers,MLM,2.3122107509007e-08,0,0,6594,3
Seita.7G042700,--,RCV32931.1 hypothetical protein SETIT_7G042700v2 [Setaria italica],Chr7,14117389,14118263,1,1,2024_N120,number_of_tillers,MLM,2.3122107509007e-08,0,0,12119,3
Seita.7G042800,PAP27,XP_004975216.1 nucleotide pyrophosphatase/phosphodiesterase [Setaria italica],Chr7,14128351,14133915,1,1,2024_N120,number_of_tillers,MLM,2.3122107509007e-08,0,0,23081,3
Seita.7G042900,LECRK91,XP_004975217.1 L-type lectin-domain containing receptor kinase IX.1 [Setaria italica],Chr7,14138620,14142477,1,1,2024_N120,number_of_tillers,MLM,2.3122107509007e-08,0,0,33350,3
Seita.7G348600,--,"XP_004952486.1 uncharacterized protein LOC101781783, partial [Setaria italica]",Chr7,14149701,14151868,1,1,2024_N120,number_of_tillers,MLM,2.3122107509007e-08,0,0,44431,3
Seita.7G043000,WRKY51,XP_004975218.1 WRKY transcription factor WRKY51 [Setaria italica],Chr7,14152948,14155103,1,1,2024_N120,number_of_tillers,MLM,2.3122107509007e-08,0,0,47678,3
Seita.7G043100,RGA1,XP_012703299.1 disease resistance protein RGA2 [Setaria italica],Chr7,14166816,14172529,1,1,2024_N120,number_of_tillers,MLM,2.3122107509007e-08,0,0,61546,3
Seita.7G043200,PRMS,RCV32936.1 hypothetical protein SETIT_7G043200v2 [Setaria italica],Chr7,14173055,14174951,1,1,2024_N120,number_of_tillers,MLM,2.3122107509007e-08,0,0,67785,3
Seita.7G348700,PRN2,XP_004981064.1 pirin-like protein isoform X3 [Setaria italica],Chr7,14175375,14177377,1,1,2024_N120,number_of_tillers,MLM,2.3122107509007e-08,0,0,70105,3
Seita.7G043300,--,XP_004977853.1 pathogenesis-related protein 1C [Setaria italica],Chr7,14185386,14185928,1,1,2024_N120,number_of_tillers,MLM,2.3122107509007e-08,0,0,80116,3
Seita.7G043400,RUS1,"XP_004975224.2 protein root UVB sensitive 1, chloroplastic [Setaria italica]",Chr7,14186490,14190675,1,1,2024_N120,number_of_tillers,MLM,2.3122107509007e-08,0,0,81220,3
Seita.7G348800,--,KAG2565367.1 hypothetical protein PVAP13_7NG268100 [Panicum virgatum],Chr7,14191126,14191956,1,1,2024_N120,number_of_tillers,MLM,2.3122107509007e-08,0,0,85856,3
Seita.7G043500,TIC32,RCV32939.1 hypothetical protein SETIT_7G043500v2 [Setaria italica],Chr7,14195502,14199487,1,1,2024_N120,number_of_tillers,MLM,2.3122107509007e-08,0,0,90232,3
Seita.6G069900,CRK40,RCV30136.1 hypothetical protein SETIT_6G069900v2 [Setaria italica],Chr6,6222738,6237560,1,1,2024_N40,protein_pct,FarmCPU,2.52534967933823e-08,0,0,11820,3
Seita.1G317200,ATL46,RCV08330.1 hypothetical protein SETIT_1G317200v2 [Setaria italica],Chr1,40347289,40349936,1,1,2024_N40,number_of_tillers,MLM,3.15512968869186e-08,0,0,4743,3
Seita.3G097400,CBP1,XP_004960778.1 serine carboxypeptidase 1 [Setaria italica],Chr3,6336782,6342083,1,1,2024_N40,number_of_tillers,MLM,3.15512968869186e-08,0,0,6094,3
Seita.3G097500,CBP1,RCV15937.1 hypothetical protein SETIT_3G097500v2 [Setaria italica],Chr3,6343025,6347087,1,1,2024_N40,number_of_tillers,MLM,3.15512968869186e-08,0,0,1090,3
Seita.3G097600,OsI_35671,XP_004960779.1 PHD finger protein ALFIN-LIKE 8 [Setaria italica],Chr3,6350666,6354482,1,1,2024_N40,number_of_tillers,MLM,3.15512968869186e-08,0,0,2489,3
Seita.3G097700,STI,XP_012699803.2 protein STICHEL isoform X1 [Setaria italica],Chr3,6355775,6369290,1,1,2024_N40,number_of_tillers,MLM,3.15512968869186e-08,0,0,7598,3
Seita.3G418800,--,CAD6268025.1 unnamed protein product [Miscanthus lutarioriparius],Chr3,6377612,6378094,1,1,2024_N40,number_of_tillers,MLM,3.15512968869186e-08,0,0,29435,3
Seita.3G097800,--,RCV15947.1 hypothetical protein SETIT_3G097800v2 [Setaria italica],Chr3,6380901,6382043,1,1,2024_N40,number_of_tillers,MLM,3.15512968869186e-08,0,0,32724,3
Seita.3G097900,BBX22,XP_004960780.2 B-box zinc finger protein 20 [Setaria italica],Chr3,6382020,6385087,1,1,2024_N40,number_of_tillers,MLM,3.15512968869186e-08,0,0,33843,3
Seita.3G098000,AP17,XP_004960781.1 AP-2 complex subunit sigma isoform X1 [Setaria italica],Chr3,6387128,6391867,1,1,2024_N40,number_of_tillers,MLM,3.15512968869186e-08,0,0,38951,3
Seita.3G098100,ZHD3,RCV15950.1 hypothetical protein SETIT_3G098100v2 [Setaria italica],Chr3,6397190,6400737,1,1,2024_N40,number_of_tillers,MLM,3.15512968869186e-08,0,0,49013,3
Seita.3G098200,ycf45,XP_004960783.1 uncharacterized protein ycf45 [Setaria italica],Chr3,6402591,6408386,1,1,2024_N40,number_of_tillers,MLM,3.15512968869186e-08,0,0,54414,3
Seita.3G098300,Os06g0520600,XP_004960785.2 L10-interacting MYB domain-containing protein isoform X1 [Setaria italica],Chr3,6408680,6411468,1,1,2024_N40,number_of_tillers,MLM,3.15512968869186e-08,0,0,60503,3
Seita.3G098400,MADS13,XP_034586336.1 MADS-box transcription factor 13-like isoform X1 [Setaria viridis],Chr3,6412979,6418023,1,1,2024_N40,number_of_tillers,MLM,3.15512968869186e-08,0,0,64802,3
Seita.3G098500,--,RCV15957.1 hypothetical protein SETIT_3G098500v2 [Setaria italica],Chr3,6422836,6424560,1,1,2024_N40,number_of_tillers,MLM,3.15512968869186e-08,0,0,74659,3
Seita.3G098600,--,RCV15958.1 hypothetical protein SETIT_3G098600v2 [Setaria italica],Chr3,6425068,6426912,1,1,2024_N40,number_of_tillers,MLM,3.15512968869186e-08,0,0,76891,3
Seita.3G098700,--,XP_004960788.1 uncharacterized protein LOC101777671 [Setaria italica],Chr3,6427072,6432416,1,1,2024_N40,number_of_tillers,MLM,3.15512968869186e-08,0,0,78895,3
Seita.3G098800,MADS33,RCV15959.1 hypothetical protein SETIT_3G098800v2 [Setaria italica],Chr3,6427506,6432274,1,1,2024_N40,number_of_tillers,MLM,3.15512968869186e-08,0,0,79329,3
Seita.3G098900,GXM2,RCV15963.1 hypothetical protein SETIT_3G098900v2 [Setaria italica],Chr3,6432908,6434228,1,1,2024_N40,number_of_tillers,MLM,3.15512968869186e-08,0,0,84731,3
Seita.3G394300,--,RCV19543.1 hypothetical protein SETIT_3G394300v2 [Setaria italica],Chr3,51763688,51766028,1,1,2024_N40,number_of_tillers,MLM,3.15512968869186e-08,0,0,3813,3
Seita.3G394400,PLR_Lp1,XP_004963224.1 isoflavone reductase homolog [Setaria italica],Chr3,51782467,51785935,1,1,2024_N40,number_of_tillers,MLM,3.15512968869186e-08,0,0,12626,3
Seita.3G394500,At5g01750,XP_004963225.1 protein LURP-one-related 10-like isoform X1 [Setaria italica],Chr3,51806961,51808845,1,1,2024_N40,number_of_tillers,MLM,3.15512968869186e-08,0,0,37120,3
Seita.3G394600,--,RCV19546.1 hypothetical protein SETIT_3G394600v2 [Setaria italica],Chr3,51813107,51816019,1,1,2024_N40,number_of_tillers,MLM,3.15512968869186e-08,0,0,43266,3
Seita.3G394700,ATXR7,XP_004963226.1 histone-lysine N-methyltransferase ATXR7 [Setaria italica],Chr3,51820664,51832112,1,1,2024_N40,number_of_tillers,MLM,3.15512968869186e-08,0,0,50823,3
Seita.3G394800,CAT1,XP_004964213.1 cationic amino acid transporter 1 [Setaria italica],Chr3,51833397,51835353,1,1,2024_N40,number_of_tillers,MLM,3.15512968869186e-08,0,0,63556,3
Seita.3G394900,NFYA7,XP_004963231.1 nuclear transcription factor Y subunit A-7 [Setaria italica],Chr3,51838000,51842609,1,1,2024_N40,number_of_tillers,MLM,3.15512968869186e-08,0,0,68159,3
Seita.3G395000,HOX33,XP_004963232.1 homeobox-leucine zipper protein HOX33 [Setaria italica],Chr3,51856699,51863407,1,1,2024_N40,number_of_tillers,MLM,3.15512968869186e-08,0,0,86858,3
Seita.3G395100,prmC,RCV19555.1 hypothetical protein SETIT_3G395100v2 [Setaria italica],Chr3,51863866,51867466,1,1,2024_N40,number_of_tillers,MLM,3.15512968869186e-08,0,0,94025,3
Seita.3G395200,dnaJ,XP_004963233.1 uncharacterized protein LOC101784694 [Setaria italica],Chr3,51870122,51875710,1,1,2024_N40,number_of_tillers,MLM,3.15512968869186e-08,0,0,100281,3
Seita.3G395300,MVD2,"XP_004963234.1 diphosphomevalonate decarboxylase MVD2, peroxisomal [Setaria italica]",Chr3,51881022,51884988,1,1,2024_N40,number_of_tillers,MLM,3.15512968869186e-08,0,0,111181,3
Seita.3G395400,WAP,XP_004963235.1 WPP domain-associated protein [Setaria italica],Chr3,51886581,51890845,1,1,2024_N40,number_of_tillers,MLM,3.15512968869186e-08,0,0,116740,3
Seita.3G395500,--,XP_004963236.1 GDP-L-galactose phosphorylase 1 isoform X2 [Setaria italica],Chr3,51891176,51896048,1,1,2024_N40,number_of_tillers,MLM,3.15512968869186e-08,0,0,121335,3
Seita.5G119300,RPL17,XP_004968334.1 60S ribosomal protein L17 [Setaria italica],Chr5,10050187,10052940,1,1,2024_N40,number_of_tillers,MLM,3.15512968869186e-08,0,0,3368,3
Seita.5G119400,LOB,XP_004968335.1 LOB domain-containing protein 4 [Setaria italica],Chr5,10067316,10070344,1,1,2024_N40,number_of_tillers,MLM,3.15512968869186e-08,0,0,11008,3
Seita.5G121900,PLD1,XP_012701170.1 phospholipase D alpha 1-like isoform X1 [Setaria italica],Chr5,10279818,10284543,1,1,2024_N40,number_of_tillers,MLM,3.15512968869186e-08,0,0,32178,3
Seita.5G482500,--,-,Chr5,10285294,10287521,1,1,2024_N40,number_of_tillers,MLM,3.15512968869186e-08,0,0,29200,3
Seita.5G122000,PER25,XP_004968364.1 peroxidase 25 [Setaria italica],Chr5,10289216,10291111,1,1,2024_N40,number_of_tillers,MLM,3.15512968869186e-08,0,0,25610,3
Seita.5G122100,ATS3A,XP_004968365.1 embryo-specific protein ATS3A [Setaria italica],Chr5,10291732,10293001,1,1,2024_N40,number_of_tillers,MLM,3.15512968869186e-08,0,0,23720,3
Seita.5G482600,At3g15720,TKW13706.1 hypothetical protein SEVIR_5G118800v2 [Setaria viridis],Chr5,10293825,10295824,1,1,2024_N40,number_of_tillers,MLM,3.15512968869186e-08,0,0,20897,3
Seita.5G122300,At1g52590,RCV24886.1 hypothetical protein SETIT_5G122300v2 [Setaria italica],Chr5,10295231,10297143,1,1,2024_N40,number_of_tillers,MLM,3.15512968869186e-08,0,0,19578,3
Seita.5G122400,At2g34160,XP_004968371.1 uncharacterized protein At2g34160 [Setaria italica],Chr5,10297583,10299632,1,1,2024_N40,number_of_tillers,MLM,3.15512968869186e-08,0,0,17089,3
Seita.5G122500,GLYI4,XP_034593584.1 uncharacterized protein LOC117855359 [Setaria viridis],Chr5,10304879,10307324,1,1,2024_N40,number_of_tillers,MLM,3.15512968869186e-08,0,0,9397,3
Seita.5G122600,FRS7,XP_004968375.1 uncharacterized protein LOC101776624 isoform X2 [Setaria italica],Chr5,10308479,10316316,1,1,2024_N40,number_of_tillers,MLM,3.15512968869186e-08,0,0,405,3
Seita.5G482700,--,-,Chr5,10315404,10315859,1,1,2024_N40,number_of_tillers,MLM,3.15512968869186e-08,0,0,862,3
Seita.5G122700,CESA1,XP_004968377.1 probable cellulose synthase A catalytic subunit 1 [UDP-forming] [Setaria italica],Chr5,10317688,10324790,1,1,2024_N40,number_of_tillers,MLM,3.15512968869186e-08,0,0,967,3
Seita.5G122800,ABCC3,XP_004968378.2 ABC transporter C family member 3 [Setaria italica],Chr5,10338966,10346275,1,1,2024_N40,number_of_tillers,MLM,3.15512968869186e-08,0,0,22245,3
Seita.5G122900,HY5,XP_004968380.1 transcription factor HY5 [Setaria italica],Chr5,10344655,10347294,1,1,2024_N40,number_of_tillers,MLM,3.15512968869186e-08,0,0,27934,3
Seita.5G123000,At1g80180,XP_004968382.1 MAPK kinase substrate protein At1g80180 [Setaria italica],Chr5,10347618,10351873,1,1,2024_N40,number_of_tillers,MLM,3.15512968869186e-08,0,0,30897,3
Seita.5G123100,CBR2,XP_004968383.1 NADH-cytochrome b5 reductase-like protein [Setaria italica],Chr5,10352998,10357663,1,1,2024_N40,number_of_tillers,MLM,3.15512968869186e-08,0,0,36277,3
Seita.5G135200,--,RCV25045.1 hypothetical protein SETIT_5G135200v2 [Setaria italica],Chr5,11842372,11845537,1,1,2024_N40,number_of_tillers,MLM,3.15512968869186e-08,0,0,172818,3
Seita.5G135300,NAC075,XP_014660788.1 uncharacterized protein LOC101755562 isoform X1 [Setaria italica],Chr5,11850455,11856732,1,1,2024_N40,number_of_tillers,MLM,3.15512968869186e-08,0,0,161623,3
Seita.5G487700,--,XP_022680517.1 uncharacterized protein LOC111256597 [Setaria italica],Chr5,11869378,11870603,1,1,2024_N40,number_of_tillers,MLM,3.15512968869186e-08,0,0,147752,3
Seita.5G135400,MPP,XP_004968500.1 mitochondrial-processing peptidase subunit alpha [Setaria italica],Chr5,11874239,11879911,1,1,2024_N40,number_of_tillers,MLM,3.15512968869186e-08,0,0,138444,3
Seita.5G135500,PFK3,XP_004968501.1 ATP-dependent 6-phosphofructokinase 6 isoform X1 [Setaria italica],Chr5,11891914,11895620,1,1,2024_N40,number_of_tillers,MLM,3.15512968869186e-08,0,0,122735,3
Seita.5G135600,AUR1,XP_004968502.1 serine/threonine-protein kinase Aurora-2 [Setaria italica],Chr5,11895672,11899410,1,1,2024_N40,number_of_tillers,MLM,3.15512968869186e-08,0,0,118945,3
Seita.5G135700,MYB87,XP_004968503.1 transcription factor RAX2 [Setaria italica],Chr5,11915164,11916980,1,1,2024_N40,number_of_tillers,MLM,3.15512968869186e-08,0,0,101375,3
Seita.5G487800,Os01g0192000,XP_034596902.1 zinc finger CCCH domain-containing protein 2-like [Setaria viridis],Chr5,11929069,11931496,1,1,2024_N40,number_of_tillers,MLM,3.15512968869186e-08,0,0,86859,3
Seita.5G487900,--,-,Chr5,11939494,11940015,1,1,2024_N40,number_of_tillers,MLM,3.15512968869186e-08,0,0,78340,3
Seita.5G135900,KUA1,XP_014660810.1 transcription factor MYBS3 [Setaria italica],Chr5,11944379,11946296,1,1,2024_N40,number_of_tillers,MLM,3.15512968869186e-08,0,0,72059,3
Seita.5G488000,--,XP_004959045.1 hydroxyproline O-galactosyltransferase GALT6 [Setaria italica],Chr5,11956251,11956577,1,1,2024_N40,number_of_tillers,MLM,3.15512968869186e-08,0,0,61778,3
Seita.5G136000,--,XP_004968504.1 MAR-binding filament-like protein 1-1 [Setaria italica],Chr5,11957011,11961800,1,1,2024_N40,number_of_tillers,MLM,3.15512968869186e-08,0,0,56555,3
Seita.5G136100,NDL2,XP_004968506.1 pollen-specific protein SF21 [Setaria italica],Chr5,11962082,11965238,1,1,2024_N40,number_of_tillers,MLM,3.15512968869186e-08,0,0,53117,3
Seita.5G136200,ACS7,XP_004968507.1 1-aminocyclopropane-1-carboxylate synthase 7 [Setaria italica],Chr5,11993449,11995484,1,1,2024_N40,number_of_tillers,MLM,3.15512968869186e-08,0,0,22871,3
Seita.5G488100,--,-,Chr5,12000168,12002790,1,1,2024_N40,number_of_tillers,MLM,3.15512968869186e-08,0,0,15565,3
Seita.5G136300,DOF4,XP_034598078.1 dof zinc finger protein DOF1.7 [Setaria viridis],Chr5,12030455,12032577,1,1,2024_N40,number_of_tillers,MLM,3.15512968869186e-08,0,0,12100,3
Seita.5G136400,--,RCV25062.1 hypothetical protein SETIT_5G136400v2 [Setaria italica],Chr5,12033480,12035674,1,1,2024_N40,number_of_tillers,MLM,3.15512968869186e-08,0,0,15125,3
Seita.5G136500,At4g29420,XP_004968509.1 F-box/LRR-repeat protein At4g29420 [Setaria italica],Chr5,12035965,12038532,1,1,2024_N40,number_of_tillers,MLM,3.15512968869186e-08,0,0,17610,3
Seita.5G136700,--,RCV25065.1 hypothetical protein SETIT_5G136700v2 [Setaria italica],Chr5,12046915,12048016,1,1,2024_N40,number_of_tillers,MLM,3.15512968869186e-08,0,0,28560,3
Seita.5G136800,CT0009,XP_004968510.1 uncharacterized protein LOC101760714 [Setaria italica],Chr5,12048267,12058466,1,1,2024_N40,number_of_tillers,MLM,3.15512968869186e-08,0,0,29912,3
Seita.5G488200,GIP,RLN39601.1 hypothetical protein C2845_PM01G10330 [Panicum miliaceum],Chr5,12050571,12054820,1,1,2024_N40,number_of_tillers,MLM,3.15512968869186e-08,0,0,32216,3
Seita.5G136900,ALY2,XP_004968511.1 protein ALWAYS EARLY 2 [Setaria italica],Chr5,12058521,12067393,1,1,2024_N40,number_of_tillers,MLM,3.15512968869186e-08,0,0,40166,3
Seita.5G137000,--,XP_004968512.1 uncharacterized protein LOC101761634 [Setaria italica],Chr5,12067179,12071534,1,1,2024_N40,number_of_tillers,MLM,3.15512968869186e-08,0,0,48824,3
Seita.5G488300,--,TKW13960.1 hypothetical protein SEVIR_5G135201v2 [Setaria viridis],Chr5,12074531,12076961,1,1,2024_N40,number_of_tillers,MLM,3.15512968869186e-08,0,0,56176,3
Seita.5G137100,--,RCV25072.1 hypothetical protein SETIT_5G137100v2 [Setaria italica],Chr5,12075321,12075959,1,1,2024_N40,number_of_tillers,MLM,3.15512968869186e-08,0,0,56966,3
Seita.5G488400,--,TKW05681.1 hypothetical protein SEVIR_7G192600v2 [Setaria viridis],Chr5,12080509,12082048,1,1,2024_N40,number_of_tillers,MLM,3.15512968869186e-08,0,0,62154,3
Seita.5G137200,IQD6,XP_004968513.1 protein IQ-DOMAIN 1 [Setaria italica],Chr5,12087691,12090696,1,1,2024_N40,number_of_tillers,MLM,3.15512968869186e-08,0,0,69336,3
Seita.5G488500,--,XP_004971737.2 EPIDERMAL PATTERNING FACTOR-like protein 3 [Setaria italica],Chr5,12096653,12097193,1,1,2024_N40,number_of_tillers,MLM,3.15512968869186e-08,0,0,78298,3
Seita.5G137300,--,RCV25074.1 hypothetical protein SETIT_5G137300v2 [Setaria italica],Chr5,12097340,12097648,1,1,2024_N40,number_of_tillers,MLM,3.15512968869186e-08,0,0,78985,3
Seita.5G137400,NPR1,XP_004968514.1 BTB/POZ domain and ankyrin repeat-containing protein NPR1 [Setaria italica],Chr5,12097876,12102702,1,1,2024_N40,number_of_tillers,MLM,3.15512968869186e-08,0,0,79521,3
Seita.5G204600,ELF3-2,XP_004969003.1 protein HEADING DATE 3B isoform X1 [Setaria italica],Chr5,28976740,28983029,1,1,2024_N40,number_of_tillers,MLM,3.15512968869186e-08,0,0,18395,3
Seita.5G204700,--,RCV25937.1 hypothetical protein SETIT_5G204700v2 [Setaria italica],Chr5,28986665,28987836,1,1,2024_N40,number_of_tillers,MLM,3.15512968869186e-08,0,0,28320,3
Seita.5G204800,At2g45070,XP_034592529.1 protein transport protein Sec61 subunit beta-like [Setaria viridis],Chr5,28990853,28992547,1,1,2024_N40,number_of_tillers,MLM,3.15512968869186e-08,0,0,32508,3
Seita.5G204900,At5g01610,XP_034592528.1 uncharacterized protein At5g01610-like [Setaria viridis],Chr5,28999589,28999954,1,1,2024_N40,number_of_tillers,MLM,3.15512968869186e-08,0,0,41244,3
Seita.5G205000,--,RCV25940.1 hypothetical protein SETIT_5G205000v2 [Setaria italica],Chr5,29003291,29003952,1,1,2024_N40,number_of_tillers,MLM,3.15512968869186e-08,0,0,44946,3
Seita.5G205100,--,XP_034593666.1 uncharacterized protein LOC117855424 [Setaria viridis],Chr5,29006641,29008049,1,1,2024_N40,number_of_tillers,MLM,3.15512968869186e-08,0,0,48296,3
Seita.5G205200,--,RCV25942.1 hypothetical protein SETIT_5G205200v2 [Setaria italica],Chr5,29009464,29010253,1,1,2024_N40,number_of_tillers,MLM,3.15512968869186e-08,0,0,51119,3
Seita.5G205300,F46B6.12,XP_004969009.1 UPF0587 protein C1orf123 homolog [Setaria italica],Chr5,29011004,29015026,1,1,2024_N40,number_of_tillers,MLM,3.15512968869186e-08,0,0,52659,3
Seita.5G518500,--,XP_034592517.1 uncharacterized protein LOC117854440 [Setaria viridis],Chr5,29015560,29016378,1,1,2024_N40,number_of_tillers,MLM,3.15512968869186e-08,0,0,57215,3
Seita.5G205400,VTI13,XP_004969011.1 vesicle transport v-SNARE 13 [Setaria italica],Chr5,29018134,29021633,1,1,2024_N40,number_of_tillers,MLM,3.15512968869186e-08,0,0,59789,3
Seita.5G205500,ILL1,XP_004969012.1 IAA-amino acid hydrolase ILR1-like 1 [Setaria italica],Chr5,29024829,29028642,1,1,2024_N40,number_of_tillers,MLM,3.15512968869186e-08,0,0,66484,3
Seita.5G205600,CRK15,XP_022682417.1 cysteine-rich receptor-like protein kinase 25 [Setaria italica],Chr5,29032573,29039107,1,1,2024_N40,number_of_tillers,MLM,3.15512968869186e-08,0,0,74228,3
Seita.5G205700,CKL1,XP_004969013.1 casein kinase I [Setaria italica],Chr5,29041419,29046359,1,1,2024_N40,number_of_tillers,MLM,3.15512968869186e-08,0,0,83074,3
Seita.5G205800,--,RCV25949.1 hypothetical protein SETIT_5G205800v2 [Setaria italica],Chr5,29053873,29054670,1,1,2024_N40,number_of_tillers,MLM,3.15512968869186e-08,0,0,95528,3
Seita.6G101000,--,XP_004973132.1 nuclear nucleic acid-binding protein C1D [Setaria italica],Chr6,12388523,12392444,1,1,2024_N40,number_of_tillers,MLM,3.15512968869186e-08,0,0,29547,3
Seita.7G382000,--,RLN08232.1 hypothetical protein C2845_PM11G00090 [Panicum miliaceum],Chr7,26388146,26390111,1,1,2024_N40,number_of_tillers,MLM,3.15512968869186e-08,0,0,4759,3
Seita.4G151600,SLD5,RCV21609.1 hypothetical protein SETIT_4G151600v2 [Setaria italica],Chr4,19956095,19961755,1,1,2024_N120,number_of_tillers,MLM,3.41489993702308e-08,0,0,7981,3
Seita.3G164200,RTE1,XP_004961368.1 protein REVERSION-TO-ETHYLENE SENSITIVITY1 [Setaria italica],Chr3,11991750,11995113,1,1,2024_N120,number_of_tillers,BLINK,3.44282954680653e-08,0,0,2954,3
Seita.5G284100,--,XP_004969650.1 G patch domain-containing protein TGH isoform X1 [Setaria italica],Chr5,36953890,36959584,1,1,2024_N40,number_of_tillers,MLM,3.5516227160217e-08,0,0,16111,3
Seita.5G537800,Os05g0239150,XP_012702039.1 zinc finger BED domain-containing protein RICESLEEPER 1 isoform X2 [Setaria italica],Chr5,36959885,36965023,1,1,2024_N40,number_of_tillers,MLM,3.5516227160217e-08,0,0,10672,3
Seita.5G537900,--,-,Chr5,36980069,36980437,1,1,2024_N40,number_of_tillers,MLM,3.5516227160217e-08,0,0,4374,3
Seita.5G284200,--,RCV26920.1 hypothetical protein SETIT_5G284200v2 [Setaria italica],Chr5,36984350,36986958,1,1,2024_N40,number_of_tillers,MLM,3.5516227160217e-08,0,0,8655,3
Seita.5G538000,MAPKKK17,XP_004972118.1 mitogen-activated protein kinase kinase kinase 18 [Setaria italica],Chr5,36984450,36986092,1,1,2024_N40,number_of_tillers,MLM,3.5516227160217e-08,0,0,8755,3
Seita.5G284300,MAPKKK17,XP_004972119.1 mitogen-activated protein kinase kinase kinase 18 [Setaria italica],Chr5,36995006,36996582,1,1,2024_N40,number_of_tillers,MLM,3.5516227160217e-08,0,0,19311,3
Seita.5G284400,MAPKKK17,XP_004972120.1 mitogen-activated protein kinase kinase kinase 18 [Setaria italica],Chr5,37007758,37010019,1,1,2024_N40,number_of_tillers,MLM,3.5516227160217e-08,0,0,32063,3
Seita.1G318100,CSLA6,XP_004953872.2 probable mannan synthase 6 [Setaria italica],Chr1,40457155,40461667,1,1,2024_N120,protein_pct,FarmCPU,3.72220889642852e-08,0,0,402,3
Seita.7G041600,--,XP_004975205.1 uncharacterized protein LOC101752913 [Setaria italica],Chr7,13751327,13759352,1,1,2024_N120,number_of_tillers,MLM,3.74406753253041e-08,0,0,69635,3
Seita.7G348200,--,TKW28815.1 hypothetical protein SEVIR_3G352950v2 [Setaria viridis],Chr7,13803423,13806518,1,1,2024_N120,number_of_tillers,MLM,3.74406753253041e-08,0,0,22469,3
Seita.7G041700,--,RCV32919.1 hypothetical protein SETIT_7G041700v2 [Setaria italica],Chr7,13836025,13839801,1,1,2024_N120,number_of_tillers,MLM,3.74406753253041e-08,0,0,7038,3
Seita.7G041800,--,RCV32921.1 hypothetical protein SETIT_7G041800v2 [Setaria italica],Chr7,13840335,13842557,1,1,2024_N120,number_of_tillers,MLM,3.74406753253041e-08,0,0,11348,3
Seita.7G041900,--,XP_004975207.1 proteoglycan 4 [Setaria italica],Chr7,13844218,13847223,1,1,2024_N120,number_of_tillers,MLM,3.74406753253041e-08,0,0,15231,3
Seita.7G042000,FDM1,RCV32924.1 hypothetical protein SETIT_7G042000v2 [Setaria italica],Chr7,13873051,13878079,1,1,2024_N120,number_of_tillers,MLM,3.74406753253041e-08,0,0,44064,3
Seita.7G042100,Gtf3c5,XP_004975210.1 general transcription factor 3C polypeptide 5 [Setaria italica],Chr7,13884941,13896843,1,1,2024_N120,number_of_tillers,MLM,3.74406753253041e-08,0,0,55954,3
Seita.1G415900,--,AAL75984.1 putative prpol [Zea mays],Chr1,16271473,16273350,1,1,2024_N40,number_of_tillers,MLM,4.00216028180729e-08,0,0,10775,3
Seita.6G088200,ZRP4,XP_004973018.1 O-methyltransferase ZRP4 [Setaria italica],Chr6,8164925,8166470,1,1,2024_N120,number_of_tillers,MLM,4.11459421045932e-08,0,0,142781,3
Seita.6G088300,--,XP_012702412.1 uncharacterized protein LOC101754244 isoform X1 [Setaria italica],Chr6,8185765,8188820,1,1,2024_N120,number_of_tillers,MLM,4.11459421045932e-08,0,0,120431,3
Seita.6G088400,--,XP_004973016.1 molybdate-anion transporter [Setaria italica],Chr6,8190619,8194988,1,1,2024_N120,number_of_tillers,MLM,4.11459421045932e-08,0,0,114263,3
Seita.6G088600,--,RCV30365.1 hypothetical protein SETIT_6G088600v2 [Setaria italica],Chr6,8195717,8201874,1,1,2024_N120,number_of_tillers,MLM,4.11459421045932e-08,0,0,107377,3
Seita.6G088500,--,RCV30364.1 hypothetical protein SETIT_6G088500v2 [Setaria italica],Chr6,8196063,8198816,1,1,2024_N120,number_of_tillers,MLM,4.11459421045932e-08,0,0,110435,3
Seita.6G088700,--,RCV30367.1 hypothetical protein SETIT_6G088700v2 [Setaria italica],Chr6,8202973,8203290,1,1,2024_N120,number_of_tillers,MLM,4.11459421045932e-08,0,0,105961,3
Seita.6G088800,D27,"XP_012702109.1 beta-carotene isomerase D27, chloroplastic [Setaria italica]",Chr6,8214799,8216674,1,1,2024_N120,number_of_tillers,MLM,4.11459421045932e-08,0,0,92577,3
Seita.6G088900,SCT,RCV30369.1 hypothetical protein SETIT_6G088900v2 [Setaria italica],Chr6,8230591,8232476,1,1,2024_N120,number_of_tillers,MLM,4.11459421045932e-08,0,0,76775,3
Seita.6G089000,--,RCV30370.1 hypothetical protein SETIT_6G089000v2 [Setaria italica],Chr6,8238361,8238984,1,1,2024_N120,number_of_tillers,MLM,4.11459421045932e-08,0,0,70267,3
Seita.6G089200,--,RCV30372.1 hypothetical protein SETIT_6G089200v2 [Setaria italica],Chr6,8246781,8248141,1,1,2024_N120,number_of_tillers,MLM,4.11459421045932e-08,0,0,61110,3
Seita.6G089300,NAC035,XP_004973013.1 NAC domain-containing protein 35 [Setaria italica],Chr6,8249867,8253831,1,1,2024_N120,number_of_tillers,MLM,4.11459421045932e-08,0,0,55420,3
Seita.6G089400,CLSC5,XP_004973028.1 uncharacterized protein LOC101758976 [Setaria italica],Chr6,8268109,8270318,1,1,2024_N120,number_of_tillers,MLM,4.11459421045932e-08,0,0,38933,3
Seita.6G267400,--,-,Chr6,8269974,8271034,1,1,2024_N120,number_of_tillers,MLM,4.11459421045932e-08,0,0,38217,3
Seita.6G089500,CYP88A1,XP_004973029.1 cytochrome P450 88A1 [Setaria italica],Chr6,8269982,8275326,1,1,2024_N120,number_of_tillers,MLM,4.11459421045932e-08,0,0,33925,3
Seita.6G089600,--,RCV30376.1 hypothetical protein SETIT_6G089600v2 [Setaria italica],Chr6,8283232,8287563,1,1,2024_N120,number_of_tillers,MLM,4.11459421045932e-08,0,0,21688,3
Seita.6G089700,CLSC5,RCV30377.1 hypothetical protein SETIT_6G089700v2 [Setaria italica],Chr6,8288063,8289469,1,1,2024_N120,number_of_tillers,MLM,4.11459421045932e-08,0,0,19782,3
Seita.6G089800,CHIP,XP_004973030.1 E3 ubiquitin-protein ligase CHIP isoform X2 [Setaria italica],Chr6,8290082,8295715,1,1,2024_N120,number_of_tillers,MLM,4.11459421045932e-08,0,0,13536,3
Seita.6G089900,Sart3,XP_004973031.1 squamous cell carcinoma antigen recognized by T-cells 3 [Setaria italica],Chr6,8296592,8304606,1,1,2024_N120,number_of_tillers,MLM,4.11459421045932e-08,0,0,4645,3
Seita.6G090000,FRK2,XP_004973033.1 fructokinase-2 [Setaria italica],Chr6,8304902,8307953,1,1,2024_N120,number_of_tillers,MLM,4.11459421045932e-08,0,0,1298,3
Seita.6G090100,PER47,XP_004973034.1 peroxidase 47 [Setaria italica],Chr6,8319809,8321347,1,1,2024_N120,number_of_tillers,MLM,4.11459421045932e-08,0,0,10558,3
Seita.6G267500,--,TKV92308.1 hypothetical protein SEVIR_9G155600v2 [Setaria viridis],Chr6,8325247,8326341,1,1,2024_N120,number_of_tillers,MLM,4.11459421045932e-08,0,0,15996,3
Seita.6G090200,At1g71691,RCV30384.1 hypothetical protein SETIT_6G090200v2 [Setaria italica],Chr6,8330760,8337534,1,1,2024_N120,number_of_tillers,MLM,4.11459421045932e-08,0,0,21509,3
Seita.6G090300,xpr1,RCV30385.1 hypothetical protein SETIT_6G090300v2 [Setaria italica],Chr6,8338400,8341162,1,1,2024_N120,number_of_tillers,MLM,4.11459421045932e-08,0,0,29149,3
Seita.6G090400,ACT-2,XP_004973036.1 agmatine coumaroyltransferase-2 [Setaria italica],Chr6,8341614,8343352,1,1,2024_N120,number_of_tillers,MLM,4.11459421045932e-08,0,0,32363,3
Seita.8G108000,ZAR1,XP_004979190.1 receptor protein kinase-like protein ZAR1 [Setaria italica],Chr8,16824755,16840281,1,1,2024_N120,number_of_tillers,MLM,4.34591794648809e-08,0,0,3758,3
Seita.1G184400,AZI1,RCV06702.1 hypothetical protein SETIT_1G184400v2 [Setaria italica],Chr1,29068792,29070004,1,1,2023,pedicel_length_cm,MLM,4.79401412104381e-08,0,0,5790,3
Seita.1G184500,NHL1,XP_004952672.1 NDR1/HIN1-like protein 1 [Setaria italica],Chr1,29080411,29081558,1,1,2023,pedicel_length_cm,MLM,4.79401412104381e-08,0,0,17409,3
Seita.7G340300,--,XP_034588676.1 uncharacterized protein LOC117850899 [Setaria viridis],Chr7,9374238,9376120,1,1,2023,pedicel_length_cm,MLM,4.79401412104381e-08,0,0,39604,3
Seita.7G340400,--,KAF8725758.1 hypothetical protein HU200_020310 [Digitaria exilis],Chr7,9388397,9389968,1,1,2023,pedicel_length_cm,MLM,4.79401412104381e-08,0,0,53763,3
Seita.7G261400,PPH,"XP_004977026.1 pheophytinase, chloroplastic [Setaria italica]",Chr7,32846921,32852049,1,1,2023,pedicel_length_cm,MLM,4.79401412104381e-08,0,0,31212,3
Seita.7G261500,--,RCV35707.1 hypothetical protein SETIT_7G261500v2 [Setaria italica],Chr7,32851770,32852472,1,1,2023,pedicel_length_cm,MLM,4.79401412104381e-08,0,0,30789,3
Seita.7G261600,YML018C,XP_004977028.1 uncharacterized vacuolar membrane protein YML018C [Setaria italica],Chr7,32852711,32856858,1,1,2023,pedicel_length_cm,MLM,4.79401412104381e-08,0,0,26403,3
Seita.7G402900,--,-,Chr7,32857205,32857891,1,1,2023,pedicel_length_cm,MLM,4.79401412104381e-08,0,0,25370,3
Seita.7G261800,--,RCV35711.1 hypothetical protein SETIT_7G261800v2 [Setaria italica],Chr7,32872480,32873014,1,1,2023,pedicel_length_cm,MLM,4.79401412104381e-08,0,0,10247,3
Seita.7G262000,--,RCV35713.1 hypothetical protein SETIT_7G262000v2 [Setaria italica],Chr7,32877691,32878390,1,1,2023,pedicel_length_cm,MLM,4.79401412104381e-08,0,0,4871,3
Seita.7G262100,GLPK,XP_004977029.1 glycerol kinase [Setaria italica],Chr7,32878950,32882899,1,1,2023,pedicel_length_cm,MLM,4.79401412104381e-08,0,0,362,3
Seita.7G262200,--,RCV35715.1 hypothetical protein SETIT_7G262200v2 [Setaria italica],Chr7,32885065,32887813,1,1,2023,pedicel_length_cm,MLM,4.79401412104381e-08,0,0,1804,3
Seita.7G262300,--,RCV35716.1 hypothetical protein SETIT_7G262300v2 [Setaria italica],Chr7,32891447,32898231,1,1,2023,pedicel_length_cm,MLM,4.79401412104381e-08,0,0,8186,3
Seita.7G403000,--,TKW31864.1 hypothetical protein SEVIR_2G133800v2 [Setaria viridis],Chr7,32894983,32896422,1,1,2023,pedicel_length_cm,MLM,4.79401412104381e-08,0,0,11722,3
Seita.7G262400,BRIZ1,XP_004977031.1 BRCA1-associated protein [Setaria italica],Chr7,32897117,32902914,1,1,2023,pedicel_length_cm,MLM,4.79401412104381e-08,0,0,13856,3
Seita.7G403100,--,-,Chr7,32904479,32905487,1,1,2023,pedicel_length_cm,MLM,4.79401412104381e-08,0,0,21218,3
Seita.7G262500,--,XP_034605047.1 uncharacterized protein LOC117865074 [Setaria viridis],Chr7,32904492,32905554,1,1,2023,pedicel_length_cm,MLM,4.79401412104381e-08,0,0,21231,3
Seita.7G262600,EME1,XP_004977033.1 crossover junction endonuclease EME1 [Setaria italica],Chr7,32908607,32914083,1,1,2023,pedicel_length_cm,MLM,4.79401412104381e-08,0,0,25346,3
Seita.9G392200,NPSN13,XP_004984272.1 novel plant SNARE 13 [Setaria italica],Chr9,47354855,47360951,1,1,2024_N40,number_of_tillers,MLM,5.28009531570994e-08,0,0,18022,3
Seita.9G392300,PCMP-E34,"XP_004986965.1 pentatricopeptide repeat-containing protein At1g28690, mitochondrial [Setaria italica]",Chr9,47359428,47360981,1,1,2024_N40,number_of_tillers,MLM,5.28009531570994e-08,0,0,17992,3
Seita.9G392400,SSL10,XP_004986966.1 protein STRICTOSIDINE SYNTHASE-LIKE 10 [Setaria italica],Chr9,47372046,47373074,1,1,2024_N40,number_of_tillers,MLM,5.28009531570994e-08,0,0,5899,3
Seita.9G392500,CYP89A9,XP_004984273.1 cytochrome P450 89A2 [Setaria italica],Chr9,47376545,47378279,1,1,2024_N40,number_of_tillers,MLM,5.28009531570994e-08,0,0,694,3
Seita.9G392600,NAC047,RCV44659.1 hypothetical protein SETIT_9G392600v2 [Setaria italica],Chr9,47381678,47383331,1,1,2024_N40,number_of_tillers,MLM,5.28009531570994e-08,0,0,2705,3
Seita.9G392700,PER2,XP_004984274.1 peroxidase 2 [Setaria italica],Chr9,47383613,47384962,1,1,2024_N40,number_of_tillers,MLM,5.28009531570994e-08,0,0,4640,3
Seita.9G392800,PER2,XP_004984275.1 peroxidase 2 [Setaria italica],Chr9,47399285,47400887,1,1,2024_N40,number_of_tillers,MLM,5.28009531570994e-08,0,0,20312,3
Seita.7G068900,DRP3A,RCV33256.1 hypothetical protein SETIT_7G068900v2 [Setaria italica],Chr7,18362090,18373290,1,1,2023,dtf,BLINK,5.73947763578339e-08,0,0,164758,3
Seita.7G069000,FT,XP_004977935.1 protein FLOWERING LOCUS T [Setaria italica],Chr7,18387111,18389888,1,1,2023,dtf,BLINK,5.73947763578339e-08,0,0,189779,3
Seita.7G359200,--,TKV94388.1 hypothetical protein SEVIR_9G291000v2 [Setaria viridis],Chr7,18393780,18406994,1,1,2023,dtf,BLINK,5.73947763578339e-08,0,0,196448,3
Seita.7G069100,--,XP_004975375.1 uncharacterized protein LOC101756967 isoform X1 [Setaria italica],Chr7,18411288,18415951,1,1,2023,dtf,BLINK,5.73947763578339e-08,0,0,213956,3
Seita.7G069200,Os01g0679700,NP_001147066.1 60S ribosomal protein L37a isoform 2 [Zea mays],Chr7,18416048,18418327,1,1,2023,dtf,BLINK,5.73947763578339e-08,0,0,218716,3
Seita.7G069300,--,RCV33260.1 hypothetical protein SETIT_7G069300v2 [Setaria italica],Chr7,18429894,18430568,1,1,2023,dtf,BLINK,5.73947763578339e-08,0,0,232562,3
Seita.7G069400,--,RCV33261.1 hypothetical protein SETIT_7G069400v2 [Setaria italica],Chr7,18436776,18437486,1,1,2023,dtf,BLINK,5.73947763578339e-08,0,0,239444,3
Seita.7G042200,--,RCV32926.1 hypothetical protein SETIT_7G042200v2 [Setaria italica],Chr7,14004265,14006681,1,1,2024_N120,number_of_tillers,MLM,5.80502984063689e-08,0,0,833,3
Seita.7G348300,Os11g0285000,XP_022684078.1 achilleol B synthase isoform X2 [Setaria italica],Chr7,14009362,14015817,1,1,2024_N120,number_of_tillers,MLM,5.80502984063689e-08,0,0,1848,3
Seita.7G042300,Os11g0285000,XP_004975212.1 achilleol B synthase isoform X1 [Setaria italica],Chr7,14014828,14037799,1,1,2024_N120,number_of_tillers,MLM,5.80502984063689e-08,0,0,7314,3
Seita.7G042400,KIN14F,RCV32928.1 hypothetical protein SETIT_7G042400v2 [Setaria italica],Chr7,14039958,14040713,1,1,2024_N120,number_of_tillers,MLM,5.80502984063689e-08,0,0,32444,3
Seita.7G348400,--,-,Chr7,14040769,14042061,1,1,2024_N120,number_of_tillers,MLM,5.80502984063689e-08,0,0,33255,3
Seita.7G038800,At3g26922,XP_004977827.3 FBD-associated F-box protein At5g56370 [Setaria italica],Chr7,13052789,13054942,1,1,2024_N120,number_of_tillers,MLM,5.85946666647581e-08,0,0,105312,3
Seita.7G038900,At1g78760,XP_022684448.1 putative F-box/FBD/LRR-repeat protein At1g78760 [Setaria italica],Chr7,13058860,13061101,1,1,2024_N120,number_of_tillers,MLM,5.85946666647581e-08,0,0,99153,3
Seita.7G039000,At3g26922,RCV32885.1 hypothetical protein SETIT_7G039000v2 [Setaria italica],Chr7,13067644,13070150,1,1,2024_N120,number_of_tillers,MLM,5.85946666647581e-08,0,0,90104,3
Seita.7G039100,CP29B,RCV32886.1 hypothetical protein SETIT_7G039100v2 [Setaria italica],Chr7,13071470,13073065,1,1,2024_N120,number_of_tillers,MLM,5.85946666647581e-08,0,0,87189,3
Seita.7G347000,--,-,Chr7,13089767,13090209,1,1,2024_N120,number_of_tillers,MLM,5.85946666647581e-08,0,0,70045,3
Seita.7G039200,At3g26922,XP_004975194.1 F-box/LRR-repeat protein 13 [Setaria italica],Chr7,13093668,13095826,1,1,2024_N120,number_of_tillers,MLM,5.85946666647581e-08,0,0,64428,3
Seita.7G039300,--,RCV32888.1 hypothetical protein SETIT_7G039300v2 [Setaria italica],Chr7,13098762,13099805,1,1,2024_N120,number_of_tillers,MLM,5.85946666647581e-08,0,0,60449,3
Seita.7G039400,At3g26922,XP_004977831.1 probable FBD-associated F-box protein At1g32375 [Setaria italica],Chr7,13101543,13103681,1,1,2024_N120,number_of_tillers,MLM,5.85946666647581e-08,0,0,56573,3
Seita.7G039500,--,RCV32890.1 hypothetical protein SETIT_7G039500v2 [Setaria italica],Chr7,13121357,13122026,1,1,2024_N120,number_of_tillers,MLM,5.85946666647581e-08,0,0,38228,3
Seita.7G347100,--,XP_034570480.1 uncharacterized protein LOC117835216 [Setaria viridis],Chr7,13130892,13133904,1,1,2024_N120,number_of_tillers,MLM,5.85946666647581e-08,0,0,26350,3
Seita.7G039700,ABCC4,XP_004975192.1 ABC transporter C family member 4 isoform X1 [Setaria italica],Chr7,13141738,13150520,1,1,2024_N120,number_of_tillers,MLM,5.85946666647581e-08,0,0,9734,3
Seita.7G039800,--,RCV32893.1 hypothetical protein SETIT_7G039800v2 [Setaria italica],Chr7,13154706,13158928,1,1,2024_N120,number_of_tillers,MLM,5.85946666647581e-08,0,0,1326,3
Seita.7G347200,--,XP_034604613.1 uncharacterized protein LOC117864595 [Setaria viridis],Chr7,13163232,13163705,1,1,2024_N120,number_of_tillers,MLM,5.85946666647581e-08,0,0,2978,3
Seita.7G039900,ABCC4,XP_004977836.1 ABC transporter C family member 4 [Setaria italica],Chr7,13183738,13191750,1,1,2024_N120,number_of_tillers,MLM,5.85946666647581e-08,0,0,23484,3
Seita.7G040000,--,XP_004975190.1 uncharacterized protein LOC101780865 isoform X1 [Setaria italica],Chr7,13207132,13226939,1,1,2024_N120,number_of_tillers,MLM,5.85946666647581e-08,0,0,46878,3
Seita.7G040100,--,RCV32902.1 hypothetical protein SETIT_7G040100v2 [Setaria italica],Chr7,13229818,13230808,1,1,2024_N120,number_of_tillers,MLM,5.85946666647581e-08,0,0,69564,3
Seita.7G347300,ABCC4,OEL20416.1 ABC transporter C family member 4 [Dichanthelium oligosanthes],Chr7,13292155,13292760,1,1,2024_N120,number_of_tillers,MLM,5.85946666647581e-08,0,0,131901,3
Seita.7G040200,ABCC4,XP_004977838.2 ABC transporter C family member 4 [Setaria italica],Chr7,13308364,13316795,1,1,2024_N120,number_of_tillers,MLM,5.85946666647581e-08,0,0,148110,3
Seita.7G040300,--,RCV32904.1 hypothetical protein SETIT_7G040300v2 [Setaria italica],Chr7,13327992,13328702,1,1,2024_N120,number_of_tillers,MLM,5.85946666647581e-08,0,0,167738,3
Seita.7G040400,Os11g0544500,"XP_004975197.1 GDT1-like protein 2, chloroplastic isoform X2 [Setaria italica]",Chr7,13340298,13349588,1,1,2024_N120,number_of_tillers,MLM,5.85946666647581e-08,0,0,180044,3
Seita.7G040500,--,RCV32907.1 hypothetical protein SETIT_7G040500v2 [Setaria italica],Chr7,13346805,13347296,1,1,2024_N120,number_of_tillers,MLM,5.85946666647581e-08,0,0,186551,3
Seita.7G347400,--,XP_022683968.1 uncharacterized protein LOC111257900 [Setaria italica],Chr7,13370097,13371131,1,1,2024_N120,number_of_tillers,MLM,5.85946666647581e-08,0,0,209843,3
Seita.7G347500,--,TKW33206.1 hypothetical protein SEVIR_2G217500v2 [Setaria viridis],Chr7,13374952,13376397,1,1,2024_N120,number_of_tillers,MLM,5.85946666647581e-08,0,0,214698,3
Seita.7G347600,--,XP_014661286.1 nucleoporin NSP1-like [Setaria italica],Chr7,13376553,13377665,1,1,2024_N120,number_of_tillers,MLM,5.85946666647581e-08,0,0,216299,3
