environment,genotype,block,value,trait,trait_label
LN2023,Fm104,1,186,dtf,Days to flowering
LN2023,Fm104,2,163,dtf,Days to flowering
LN2023,Fm104,3,191,dtf,Days to flowering
LN2023,Fm112,1,142,dtf,Days to flowering
LN2023,Fm112,2,159,dtf,Days to flowering
LN2023,Fm112,3,160,dtf,Days to flowering
LN2023,Fm113,1,149,dtf,Days to flowering
LN2023,Fm113,2,149,dtf,Days to flowering
LN2023,Fm113,3,150,dtf,Days to flowering
LN2023,Fm119,1,135,dtf,Days to flowering
LN2023,Fm119,2,191,dtf,Days to flowering
LN2023,Fm119,3,160,dtf,Days to flowering
LN2023,Fm12,1,141,dtf,Days to flowering
LN2023,Fm12,2,154,dtf,Days to flowering
LN2023,Fm12,3,154,dtf,Days to flowering
LN2023,Fm131,1,165,dtf,Days to flowering
LN2023,Fm131,2,198,dtf,Days to flowering
LN2023,Fm131,3,198,dtf,Days to flowering
LN2023,Fm132,1,129,dtf,Days to flowering
LN2023,Fm132,2,138,dtf,Days to flowering
LN2023,Fm132,3,126,dtf,Days to flowering
LN2023,Fm134,1,103,dtf,Days to flowering
LN2023,Fm134,2,103,dtf,Days to flowering
LN2023,Fm134,3,104,dtf,Days to flowering
LN2023,Fm135,1,182,dtf,Days to flowering
LN2023,Fm135,2,162,dtf,Days to flowering
LN2023,Fm135,3,162,dtf,Days to flowering
LN2023,Fm136,1,159,dtf,Days to flowering
LN2023,Fm136,2,153,dtf,Days to flowering
LN2023,Fm136,3,153,dtf,Days to flowering
LN2023,Fm138,1,151,dtf,Days to flowering
LN2023,Fm138,2,159,dtf,Days to flowering
LN2023,Fm138,3,153,dtf,Days to flowering
LN2023,Fm139,1,151,dtf,Days to flowering
LN2023,Fm139,2,143,dtf,Days to flowering
LN2023,Fm139,3,150,dtf,Days to flowering
LN2023,Fm141,1,153,dtf,Days to flowering
LN2023,Fm141,2,141,dtf,Days to flowering
LN2023,Fm141,3,153,dtf,Days to flowering
LN2023,Fm145,1,134,dtf,Days to flowering
LN2023,Fm145,2,137,dtf,Days to flowering
LN2023,Fm145,3,139,dtf,Days to flowering
LN2023,Fm146,1,143,dtf,Days to flowering
LN2023,Fm146,2,116,dtf,Days to flowering
LN2023,Fm146,3,153,dtf,Days to flowering
LN2023,Fm150,1,159,dtf,Days to flowering
LN2023,Fm150,2,163,dtf,Days to flowering
LN2023,Fm150,3,159,dtf,Days to flowering
LN2023,Fm170,1,153,dtf,Days to flowering
LN2023,Fm170,2,138,dtf,Days to flowering
LN2023,Fm170,3,141,dtf,Days to flowering
LN2023,Fm172,1,151,dtf,Days to flowering
LN2023,Fm172,2,153,dtf,Days to flowering
LN2023,Fm172,3,154,dtf,Days to flowering
LN2023,Fm173,1,136,dtf,Days to flowering
LN2023,Fm173,2,139,dtf,Days to flowering
LN2023,Fm173,3,139,dtf,Days to flowering
LN2023,Fm174,1,139,dtf,Days to flowering
LN2023,Fm174,2,135,dtf,Days to flowering
LN2023,Fm174,3,139,dtf,Days to flowering
LN2023,Fm175,1,140,dtf,Days to flowering
LN2023,Fm175,2,152,dtf,Days to flowering
LN2023,Fm175,3,139,dtf,Days to flowering
LN2023,Fm176,1,139,dtf,Days to flowering
LN2023,Fm176,2,140,dtf,Days to flowering
LN2023,Fm176,3,128,dtf,Days to flowering
LN2023,Fm177,1,141,dtf,Days to flowering
LN2023,Fm177,2,154,dtf,Days to flowering
LN2023,Fm177,3,154,dtf,Days to flowering
LN2023,Fm180,1,135,dtf,Days to flowering
LN2023,Fm180,2,140,dtf,Days to flowering
LN2023,Fm180,3,143,dtf,Days to flowering
LN2023,Fm181,1,79,dtf,Days to flowering
LN2023,Fm181,2,79,dtf,Days to flowering
LN2023,Fm181,3,80,dtf,Days to flowering
LN2023,Fm184,1,159,dtf,Days to flowering
LN2023,Fm184,2,159,dtf,Days to flowering
LN2023,Fm184,3,159,dtf,Days to flowering
LN2023,Fm185,1,128,dtf,Days to flowering
LN2023,Fm185,2,137,dtf,Days to flowering
LN2023,Fm185,3,138,dtf,Days to flowering
LN2023,Fm190,1,102,dtf,Days to flowering
LN2023,Fm190,2,105,dtf,Days to flowering
LN2023,Fm190,3,100,dtf,Days to flowering
LN2023,Fm191,1,108,dtf,Days to flowering
LN2023,Fm191,2,103,dtf,Days to flowering
LN2023,Fm191,3,108,dtf,Days to flowering
LN2023,Fm193,1,100,dtf,Days to flowering
LN2023,Fm193,2,100,dtf,Days to flowering
LN2023,Fm193,3,98,dtf,Days to flowering
LN2023,Fm194,1,118,dtf,Days to flowering
LN2023,Fm194,2,118,dtf,Days to flowering
LN2023,Fm194,3,114,dtf,Days to flowering
LN2023,Fm195,1,104,dtf,Days to flowering
LN2023,Fm195,2,105,dtf,Days to flowering
LN2023,Fm195,3,102,dtf,Days to flowering
LN2023,Fm203,1,87,dtf,Days to flowering
LN2023,Fm203,2,83,dtf,Days to flowering
LN2023,Fm203,3,85,dtf,Days to flowering
LN2023,Fm205,1,129,dtf,Days to flowering
LN2023,Fm205,2,138,dtf,Days to flowering
LN2023,Fm205,3,120,dtf,Days to flowering
LN2023,Fm206,1,140,dtf,Days to flowering
LN2023,Fm206,2,140,dtf,Days to flowering
LN2023,Fm206,3,139,dtf,Days to flowering
LN2023,Fm207,1,135,dtf,Days to flowering
LN2023,Fm207,2,141,dtf,Days to flowering
LN2023,Fm207,3,139,dtf,Days to flowering
LN2023,Fm208,1,149,dtf,Days to flowering
LN2023,Fm208,2,140,dtf,Days to flowering
LN2023,Fm208,3,139,dtf,Days to flowering
LN2023,Fm214,1,88,dtf,Days to flowering
LN2023,Fm214,2,91,dtf,Days to flowering
LN2023,Fm214,3,90,dtf,Days to flowering
LN2023,Fm215,1,79,dtf,Days to flowering
LN2023,Fm215,2,79,dtf,Days to flowering
LN2023,Fm215,3,79,dtf,Days to flowering
LN2023,Fm216,1,106,dtf,Days to flowering
LN2023,Fm216,2,107,dtf,Days to flowering
LN2023,Fm216,3,108,dtf,Days to flowering
LN2023,Fm219,1,87,dtf,Days to flowering
LN2023,Fm219,2,87,dtf,Days to flowering
LN2023,Fm219,3,87,dtf,Days to flowering
LN2023,Fm220,1,129,dtf,Days to flowering
LN2023,Fm220,2,130,dtf,Days to flowering
LN2023,Fm220,3,130,dtf,Days to flowering
LN2023,Fm221,1,97,dtf,Days to flowering
LN2023,Fm221,2,96,dtf,Days to flowering
LN2023,Fm221,3,96,dtf,Days to flowering
LN2023,Fm225,1,79,dtf,Days to flowering
LN2023,Fm225,2,79,dtf,Days to flowering
LN2023,Fm225,3,82,dtf,Days to flowering
LN2023,Fm227,1,105,dtf,Days to flowering
LN2023,Fm227,2,105,dtf,Days to flowering
LN2023,Fm227,3,107,dtf,Days to flowering
LN2023,Fm228,1,99,dtf,Days to flowering
LN2023,Fm228,2,98,dtf,Days to flowering
LN2023,Fm228,3,98,dtf,Days to flowering
LN2023,Fm232,1,113,dtf,Days to flowering
LN2023,Fm232,2,114,dtf,Days to flowering
LN2023,Fm232,3,114,dtf,Days to flowering
LN2023,Fm233,1,117,dtf,Days to flowering
LN2023,Fm233,2,116,dtf,Days to flowering
LN2023,Fm233,3,116,dtf,Days to flowering
LN2023,Fm234,1,140,dtf,Days to flowering
LN2023,Fm234,2,140,dtf,Days to flowering
LN2023,Fm234,3,140,dtf,Days to flowering
LN2023,Fm235,1,140,dtf,Days to flowering
LN2023,Fm235,2,110,dtf,Days to flowering
LN2023,Fm235,3,140,dtf,Days to flowering
LN2023,Fm236,1,91,dtf,Days to flowering
LN2023,Fm236,2,94,dtf,Days to flowering
LN2023,Fm236,3,98,dtf,Days to flowering
LN2023,Fm238,1,118,dtf,Days to flowering
LN2023,Fm238,2,117,dtf,Days to flowering
LN2023,Fm238,3,116,dtf,Days to flowering
LN2023,Fm245,1,139,dtf,Days to flowering
LN2023,Fm245,2,140,dtf,Days to flowering
LN2023,Fm245,3,140,dtf,Days to flowering
LN2023,Fm246,1,138,dtf,Days to flowering
LN2023,Fm246,2,138,dtf,Days to flowering
LN2023,Fm246,3,139,dtf,Days to flowering
LN2023,Fm249,1,128,dtf,Days to flowering
LN2023,Fm249,2,128,dtf,Days to flowering
LN2023,Fm249,3,125,dtf,Days to flowering
LN2023,Fm250,1,139,dtf,Days to flowering
LN2023,Fm250,2,138,dtf,Days to flowering
LN2023,Fm250,3,127,dtf,Days to flowering
LN2023,Fm251,1,153,dtf,Days to flowering
LN2023,Fm251,2,154,dtf,Days to flowering
LN2023,Fm251,3,132,dtf,Days to flowering
LN2023,Fm255,1,83,dtf,Days to flowering
LN2023,Fm255,2,83,dtf,Days to flowering
LN2023,Fm255,3,83,dtf,Days to flowering
LN2023,Fm28,1,137,dtf,Days to flowering
LN2023,Fm28,2,143,dtf,Days to flowering
LN2023,Fm28,3,153,dtf,Days to flowering
LN2023,Fm3,1,139,dtf,Days to flowering
LN2023,Fm3,2,140,dtf,Days to flowering
LN2023,Fm3,3,141,dtf,Days to flowering
LN2023,Fm30,1,140,dtf,Days to flowering
LN2023,Fm30,2,141,dtf,Days to flowering
LN2023,Fm30,3,141,dtf,Days to flowering
LN2023,Fm31,1,143,dtf,Days to flowering
LN2023,Fm31,2,152,dtf,Days to flowering
LN2023,Fm31,3,141,dtf,Days to flowering
LN2023,Fm321,1,89,dtf,Days to flowering
LN2023,Fm321,2,91,dtf,Days to flowering
LN2023,Fm321,3,89,dtf,Days to flowering
LN2023,Fm322,1,139,dtf,Days to flowering
LN2023,Fm322,2,139,dtf,Days to flowering
LN2023,Fm322,3,139,dtf,Days to flowering
LN2023,Fm324,1,100,dtf,Days to flowering
LN2023,Fm324,2,104,dtf,Days to flowering
LN2023,Fm324,3,113,dtf,Days to flowering
LN2023,Fm325,1,114,dtf,Days to flowering
LN2023,Fm325,2,117,dtf,Days to flowering
LN2023,Fm325,3,114,dtf,Days to flowering
LN2023,Fm328,1,111,dtf,Days to flowering
LN2023,Fm328,2,112,dtf,Days to flowering
LN2023,Fm328,3,111,dtf,Days to flowering
LN2023,Fm332,1,129,dtf,Days to flowering
LN2023,Fm332,2,122,dtf,Days to flowering
LN2023,Fm332,3,118,dtf,Days to flowering
LN2023,Fm334,1,139,dtf,Days to flowering
LN2023,Fm334,2,140,dtf,Days to flowering
LN2023,Fm334,3,140,dtf,Days to flowering
LN2023,Fm336,1,111,dtf,Days to flowering
LN2023,Fm336,2,86,dtf,Days to flowering
LN2023,Fm336,3,105,dtf,Days to flowering
LN2023,Fm337,1,108,dtf,Days to flowering
LN2023,Fm337,2,109,dtf,Days to flowering
LN2023,Fm337,3,109,dtf,Days to flowering
LN2023,Fm341,1,111,dtf,Days to flowering
LN2023,Fm341,2,113,dtf,Days to flowering
LN2023,Fm341,3,118,dtf,Days to flowering
LN2023,Fm343,1,137,dtf,Days to flowering
LN2023,Fm343,2,122,dtf,Days to flowering
LN2023,Fm343,3,118,dtf,Days to flowering
LN2023,Fm344,1,116,dtf,Days to flowering
LN2023,Fm344,2,120,dtf,Days to flowering
LN2023,Fm344,3,124,dtf,Days to flowering
LN2023,Fm345,1,114,dtf,Days to flowering
LN2023,Fm345,2,114,dtf,Days to flowering
LN2023,Fm345,3,114,dtf,Days to flowering
LN2023,Fm346,1,118,dtf,Days to flowering
LN2023,Fm346,2,128,dtf,Days to flowering
LN2023,Fm346,3,118,dtf,Days to flowering
LN2023,Fm347,1,105,dtf,Days to flowering
LN2023,Fm347,2,103,dtf,Days to flowering
LN2023,Fm347,3,111,dtf,Days to flowering
LN2023,Fm349,1,120,dtf,Days to flowering
LN2023,Fm349,2,121,dtf,Days to flowering
LN2023,Fm349,3,118,dtf,Days to flowering
LN2023,Fm351,1,119,dtf,Days to flowering
LN2023,Fm351,2,118,dtf,Days to flowering
LN2023,Fm351,3,114,dtf,Days to flowering
LN2023,Fm352,1,107,dtf,Days to flowering
LN2023,Fm352,2,109,dtf,Days to flowering
LN2023,Fm352,3,109,dtf,Days to flowering
LN2023,Fm354,1,107,dtf,Days to flowering
LN2023,Fm354,2,108,dtf,Days to flowering
LN2023,Fm354,3,111,dtf,Days to flowering
LN2023,Fm355,1,109,dtf,Days to flowering
LN2023,Fm355,2,109,dtf,Days to flowering
LN2023,Fm355,3,112,dtf,Days to flowering
LN2023,Fm356,1,118,dtf,Days to flowering
LN2023,Fm356,2,115,dtf,Days to flowering
LN2023,Fm356,3,114,dtf,Days to flowering
LN2023,Fm357,1,104,dtf,Days to flowering
LN2023,Fm357,2,109,dtf,Days to flowering
LN2023,Fm357,3,109,dtf,Days to flowering
LN2023,Fm358,1,128,dtf,Days to flowering
LN2023,Fm358,2,137,dtf,Days to flowering
LN2023,Fm358,3,127,dtf,Days to flowering
LN2023,Fm359,1,121,dtf,Days to flowering
LN2023,Fm359,2,121,dtf,Days to flowering
LN2023,Fm359,3,120,dtf,Days to flowering
LN2023,Fm36,1,137,dtf,Days to flowering
LN2023,Fm36,2,139,dtf,Days to flowering
LN2023,Fm36,3,128,dtf,Days to flowering
LN2023,Fm361,1,108,dtf,Days to flowering
LN2023,Fm361,2,108,dtf,Days to flowering
LN2023,Fm361,3,113,dtf,Days to flowering
LN2023,Fm362,1,109,dtf,Days to flowering
LN2023,Fm362,2,109,dtf,Days to flowering
LN2023,Fm362,3,114,dtf,Days to flowering
LN2023,Fm363,1,116,dtf,Days to flowering
LN2023,Fm363,2,110,dtf,Days to flowering
LN2023,Fm363,3,107,dtf,Days to flowering
LN2023,Fm364,1,118,dtf,Days to flowering
LN2023,Fm364,2,118,dtf,Days to flowering
LN2023,Fm364,3,120,dtf,Days to flowering
LN2023,Fm365,1,108,dtf,Days to flowering
LN2023,Fm365,2,104,dtf,Days to flowering
LN2023,Fm365,3,108,dtf,Days to flowering
LN2023,Fm366,1,102,dtf,Days to flowering
LN2023,Fm366,2,102,dtf,Days to flowering
LN2023,Fm366,3,102,dtf,Days to flowering
LN2023,Fm368,1,113,dtf,Days to flowering
LN2023,Fm368,2,108,dtf,Days to flowering
LN2023,Fm368,3,112,dtf,Days to flowering
LN2023,Fm369,1,98,dtf,Days to flowering
LN2023,Fm369,2,100,dtf,Days to flowering
LN2023,Fm369,3,99,dtf,Days to flowering
LN2023,Fm370,1,114,dtf,Days to flowering
LN2023,Fm370,2,114,dtf,Days to flowering
LN2023,Fm370,3,116,dtf,Days to flowering
LN2023,Fm372,1,107,dtf,Days to flowering
LN2023,Fm372,2,113,dtf,Days to flowering
LN2023,Fm372,3,113,dtf,Days to flowering
LN2023,Fm375,1,111,dtf,Days to flowering
LN2023,Fm375,2,109,dtf,Days to flowering
LN2023,Fm375,3,114,dtf,Days to flowering
LN2023,Fm376,1,99,dtf,Days to flowering
LN2023,Fm376,2,100,dtf,Days to flowering
LN2023,Fm376,3,105,dtf,Days to flowering
LN2023,Fm377,1,110,dtf,Days to flowering
LN2023,Fm377,2,111,dtf,Days to flowering
LN2023,Fm377,3,110,dtf,Days to flowering
LN2023,Fm378,1,104,dtf,Days to flowering
LN2023,Fm378,2,105,dtf,Days to flowering
LN2023,Fm378,3,103,dtf,Days to flowering
LN2023,Fm379,1,112,dtf,Days to flowering
LN2023,Fm379,2,113,dtf,Days to flowering
LN2023,Fm379,3,112,dtf,Days to flowering
LN2023,Fm380,1,104,dtf,Days to flowering
LN2023,Fm380,2,107,dtf,Days to flowering
LN2023,Fm380,3,111,dtf,Days to flowering
LN2023,Fm381,1,106,dtf,Days to flowering
LN2023,Fm381,2,107,dtf,Days to flowering
LN2023,Fm381,3,103,dtf,Days to flowering
LN2023,Fm382,1,107,dtf,Days to flowering
LN2023,Fm382,2,104,dtf,Days to flowering
LN2023,Fm382,3,107,dtf,Days to flowering
LN2023,Fm383,1,112,dtf,Days to flowering
LN2023,Fm383,2,113,dtf,Days to flowering
LN2023,Fm383,3,109,dtf,Days to flowering
LN2023,Fm384,1,115,dtf,Days to flowering
LN2023,Fm384,2,118,dtf,Days to flowering
LN2023,Fm384,3,114,dtf,Days to flowering
LN2023,Fm387,1,138,dtf,Days to flowering
LN2023,Fm387,2,139,dtf,Days to flowering
LN2023,Fm387,3,127,dtf,Days to flowering
LN2023,Fm388,1,107,dtf,Days to flowering
LN2023,Fm388,2,105,dtf,Days to flowering
LN2023,Fm388,3,108,dtf,Days to flowering
LN2023,Fm389,1,110,dtf,Days to flowering
LN2023,Fm389,2,115,dtf,Days to flowering
LN2023,Fm389,3,114,dtf,Days to flowering
LN2023,Fm390,1,100,dtf,Days to flowering
LN2023,Fm390,2,98,dtf,Days to flowering
LN2023,Fm390,3,98,dtf,Days to flowering
LN2023,Fm391,1,108,dtf,Days to flowering
LN2023,Fm391,2,108,dtf,Days to flowering
LN2023,Fm391,3,104,dtf,Days to flowering
LN2023,Fm392,1,91,dtf,Days to flowering
LN2023,Fm392,2,91,dtf,Days to flowering
LN2023,Fm392,3,91,dtf,Days to flowering
LN2023,Fm394,1,97,dtf,Days to flowering
LN2023,Fm394,2,102,dtf,Days to flowering
LN2023,Fm394,3,98,dtf,Days to flowering
LN2023,Fm395,1,110,dtf,Days to flowering
LN2023,Fm395,2,112,dtf,Days to flowering
LN2023,Fm395,3,113,dtf,Days to flowering
LN2023,Fm396,1,113,dtf,Days to flowering
LN2023,Fm396,2,113,dtf,Days to flowering
LN2023,Fm396,3,110,dtf,Days to flowering
LN2023,Fm398,1,107,dtf,Days to flowering
LN2023,Fm398,2,105,dtf,Days to flowering
LN2023,Fm398,3,109,dtf,Days to flowering
LN2023,Fm400,1,110,dtf,Days to flowering
LN2023,Fm400,2,112,dtf,Days to flowering
LN2023,Fm400,3,105,dtf,Days to flowering
LN2023,Fm401,1,107,dtf,Days to flowering
LN2023,Fm401,2,108,dtf,Days to flowering
LN2023,Fm401,3,104,dtf,Days to flowering
LN2023,Fm402,1,105,dtf,Days to flowering
LN2023,Fm402,2,109,dtf,Days to flowering
LN2023,Fm402,3,105,dtf,Days to flowering
LN2023,Fm403,1,102,dtf,Days to flowering
LN2023,Fm403,2,102,dtf,Days to flowering
LN2023,Fm403,3,103,dtf,Days to flowering
LN2023,Fm404,1,111,dtf,Days to flowering
LN2023,Fm404,2,109,dtf,Days to flowering
LN2023,Fm404,3,114,dtf,Days to flowering
LN2023,Fm405,1,110,dtf,Days to flowering
LN2023,Fm405,2,122,dtf,Days to flowering
LN2023,Fm405,3,116,dtf,Days to flowering
LN2023,Fm406,1,101,dtf,Days to flowering
LN2023,Fm406,2,101,dtf,Days to flowering
LN2023,Fm406,3,100,dtf,Days to flowering
LN2023,Fm407,1,122,dtf,Days to flowering
LN2023,Fm407,2,80,dtf,Days to flowering
LN2023,Fm407,3,111,dtf,Days to flowering
LN2023,Fm409,1,109,dtf,Days to flowering
LN2023,Fm409,2,112,dtf,Days to flowering
LN2023,Fm409,3,109,dtf,Days to flowering
LN2023,Fm41,1,141,dtf,Days to flowering
LN2023,Fm41,2,142,dtf,Days to flowering
LN2023,Fm41,3,144,dtf,Days to flowering
LN2023,Fm410,1,109,dtf,Days to flowering
LN2023,Fm410,2,108,dtf,Days to flowering
LN2023,Fm410,3,106,dtf,Days to flowering
LN2023,Fm411,1,107,dtf,Days to flowering
LN2023,Fm411,2,110,dtf,Days to flowering
LN2023,Fm411,3,109,dtf,Days to flowering
LN2023,Fm412,1,108,dtf,Days to flowering
LN2023,Fm412,2,104,dtf,Days to flowering
LN2023,Fm412,3,107,dtf,Days to flowering
LN2023,Fm413,1,114,dtf,Days to flowering
LN2023,Fm413,2,107,dtf,Days to flowering
LN2023,Fm413,3,111,dtf,Days to flowering
LN2023,Fm414,1,98,dtf,Days to flowering
LN2023,Fm414,2,94,dtf,Days to flowering
LN2023,Fm414,3,98,dtf,Days to flowering
LN2023,Fm415,1,98,dtf,Days to flowering
LN2023,Fm415,2,99,dtf,Days to flowering
LN2023,Fm415,3,98,dtf,Days to flowering
LN2023,Fm416,1,117,dtf,Days to flowering
LN2023,Fm416,2,111,dtf,Days to flowering
LN2023,Fm416,3,111,dtf,Days to flowering
LN2023,Fm417,1,128,dtf,Days to flowering
LN2023,Fm417,2,141,dtf,Days to flowering
LN2023,Fm417,3,130,dtf,Days to flowering
LN2023,Fm418,1,118,dtf,Days to flowering
LN2023,Fm418,2,116,dtf,Days to flowering
LN2023,Fm418,3,114,dtf,Days to flowering
LN2023,Fm419,1,96,dtf,Days to flowering
LN2023,Fm419,2,98,dtf,Days to flowering
LN2023,Fm419,3,91,dtf,Days to flowering
LN2023,Fm420,1,107,dtf,Days to flowering
LN2023,Fm420,2,107,dtf,Days to flowering
LN2023,Fm420,3,109,dtf,Days to flowering
LN2023,Fm421,1,109,dtf,Days to flowering
LN2023,Fm421,2,113,dtf,Days to flowering
LN2023,Fm421,3,111,dtf,Days to flowering
LN2023,Fm428,1,97,dtf,Days to flowering
LN2023,Fm428,2,92,dtf,Days to flowering
LN2023,Fm428,3,92,dtf,Days to flowering
LN2023,Fm429,1,97,dtf,Days to flowering
LN2023,Fm429,2,90,dtf,Days to flowering
LN2023,Fm429,3,90,dtf,Days to flowering
LN2023,Fm43,1,139,dtf,Days to flowering
LN2023,Fm43,2,140,dtf,Days to flowering
LN2023,Fm43,3,151,dtf,Days to flowering
LN2023,Fm44,1,124,dtf,Days to flowering
LN2023,Fm44,2,124,dtf,Days to flowering
LN2023,Fm44,3,119,dtf,Days to flowering
LN2023,Fm442,1,100,dtf,Days to flowering
LN2023,Fm442,2,102,dtf,Days to flowering
LN2023,Fm442,3,113,dtf,Days to flowering
LN2023,Fm443,1,102,dtf,Days to flowering
LN2023,Fm443,2,102,dtf,Days to flowering
LN2023,Fm443,3,100,dtf,Days to flowering
LN2023,Fm444,1,118,dtf,Days to flowering
LN2023,Fm444,2,109,dtf,Days to flowering
LN2023,Fm444,3,112,dtf,Days to flowering
LN2023,Fm446,1,112,dtf,Days to flowering
LN2023,Fm446,2,117,dtf,Days to flowering
LN2023,Fm446,3,113,dtf,Days to flowering
LN2023,Fm45,1,134,dtf,Days to flowering
LN2023,Fm45,2,137,dtf,Days to flowering
LN2023,Fm45,3,137,dtf,Days to flowering
LN2023,Fm458,1,142,dtf,Days to flowering
LN2023,Fm458,2,140,dtf,Days to flowering
LN2023,Fm458,3,142,dtf,Days to flowering
LN2023,Fm46,1,123,dtf,Days to flowering
LN2023,Fm46,2,138,dtf,Days to flowering
LN2023,Fm46,3,125,dtf,Days to flowering
LN2023,Fm461,1,87,dtf,Days to flowering
LN2023,Fm461,2,91,dtf,Days to flowering
LN2023,Fm461,3,97,dtf,Days to flowering
LN2023,Fm463,1,142,dtf,Days to flowering
LN2023,Fm463,2,151,dtf,Days to flowering
LN2023,Fm463,3,154,dtf,Days to flowering
LN2023,Fm464,1,139,dtf,Days to flowering
LN2023,Fm464,2,125,dtf,Days to flowering
LN2023,Fm464,3,125,dtf,Days to flowering
LN2023,Fm468,1,139,dtf,Days to flowering
LN2023,Fm468,2,138,dtf,Days to flowering
LN2023,Fm468,3,137,dtf,Days to flowering
LN2023,Fm474,1,149,dtf,Days to flowering
LN2023,Fm474,2,154,dtf,Days to flowering
LN2023,Fm474,3,154,dtf,Days to flowering
LN2023,Fm475,1,110,dtf,Days to flowering
LN2023,Fm475,2,108,dtf,Days to flowering
LN2023,Fm475,3,104,dtf,Days to flowering
LN2023,Fm476,1,105,dtf,Days to flowering
LN2023,Fm476,2,104,dtf,Days to flowering
LN2023,Fm476,3,111,dtf,Days to flowering
LN2023,Fm477,1,107,dtf,Days to flowering
LN2023,Fm477,2,107,dtf,Days to flowering
LN2023,Fm477,3,114,dtf,Days to flowering
LN2023,Fm478,1,110,dtf,Days to flowering
LN2023,Fm478,2,109,dtf,Days to flowering
LN2023,Fm478,3,114,dtf,Days to flowering
LN2023,Fm480,1,114,dtf,Days to flowering
LN2023,Fm480,2,109,dtf,Days to flowering
LN2023,Fm480,3,113,dtf,Days to flowering
LN2023,Fm482,1,109,dtf,Days to flowering
LN2023,Fm482,2,108,dtf,Days to flowering
LN2023,Fm482,3,108,dtf,Days to flowering
LN2023,Fm484,1,101,dtf,Days to flowering
LN2023,Fm484,2,99,dtf,Days to flowering
LN2023,Fm484,3,98,dtf,Days to flowering
LN2023,Fm489,1,94,dtf,Days to flowering
LN2023,Fm489,2,98,dtf,Days to flowering
LN2023,Fm489,3,91,dtf,Days to flowering
LN2023,Fm491,1,111,dtf,Days to flowering
LN2023,Fm491,2,109,dtf,Days to flowering
LN2023,Fm491,3,109,dtf,Days to flowering
LN2023,Fm492,1,117,dtf,Days to flowering
LN2023,Fm492,2,117,dtf,Days to flowering
LN2023,Fm492,3,120,dtf,Days to flowering
LN2023,Fm496,1,93,dtf,Days to flowering
LN2023,Fm496,2,91,dtf,Days to flowering
LN2023,Fm496,3,97,dtf,Days to flowering
LN2023,Fm505,1,128,dtf,Days to flowering
LN2023,Fm505,2,139,dtf,Days to flowering
LN2023,Fm505,3,143,dtf,Days to flowering
LN2023,Fm507,1,106,dtf,Days to flowering
LN2023,Fm507,2,108,dtf,Days to flowering
LN2023,Fm507,3,108,dtf,Days to flowering
LN2023,Fm510,1,137,dtf,Days to flowering
LN2023,Fm510,2,138,dtf,Days to flowering
LN2023,Fm510,3,140,dtf,Days to flowering
LN2023,Fm518,1,102,dtf,Days to flowering
LN2023,Fm518,2,105,dtf,Days to flowering
LN2023,Fm518,3,108,dtf,Days to flowering
LN2023,Fm519,1,104,dtf,Days to flowering
LN2023,Fm519,2,104,dtf,Days to flowering
LN2023,Fm519,3,104,dtf,Days to flowering
LN2023,Fm522,1,117,dtf,Days to flowering
LN2023,Fm522,2,117,dtf,Days to flowering
LN2023,Fm522,3,120,dtf,Days to flowering
LN2023,Fm523,1,90,dtf,Days to flowering
LN2023,Fm523,2,94,dtf,Days to flowering
LN2023,Fm523,3,90,dtf,Days to flowering
LN2023,Fm524,1,102,dtf,Days to flowering
LN2023,Fm524,2,102,dtf,Days to flowering
LN2023,Fm524,3,99,dtf,Days to flowering
LN2023,Fm537,1,101,dtf,Days to flowering
LN2023,Fm537,2,103,dtf,Days to flowering
LN2023,Fm537,3,109,dtf,Days to flowering
LN2023,Fm54,1,159,dtf,Days to flowering
LN2023,Fm54,2,160,dtf,Days to flowering
LN2023,Fm54,3,160,dtf,Days to flowering
LN2023,Fm55,1,140,dtf,Days to flowering
LN2023,Fm55,2,140,dtf,Days to flowering
LN2023,Fm55,3,139,dtf,Days to flowering
LN2023,Fm552,1,107,dtf,Days to flowering
LN2023,Fm552,2,108,dtf,Days to flowering
LN2023,Fm552,3,108,dtf,Days to flowering
LN2023,Fm559,1,151,dtf,Days to flowering
LN2023,Fm559,2,139,dtf,Days to flowering
LN2023,Fm559,3,140,dtf,Days to flowering
LN2023,Fm56,1,138,dtf,Days to flowering
LN2023,Fm56,2,141,dtf,Days to flowering
LN2023,Fm56,3,142,dtf,Days to flowering
LN2023,Fm560,1,84,dtf,Days to flowering
LN2023,Fm560,2,84,dtf,Days to flowering
LN2023,Fm560,3,84,dtf,Days to flowering
LN2023,Fm566,1,106,dtf,Days to flowering
LN2023,Fm566,2,107,dtf,Days to flowering
LN2023,Fm566,3,107,dtf,Days to flowering
LN2023,Fm569,1,85,dtf,Days to flowering
LN2023,Fm569,2,85,dtf,Days to flowering
LN2023,Fm569,3,84,dtf,Days to flowering
LN2023,Fm57,1,162,dtf,Days to flowering
LN2023,Fm57,2,196,dtf,Days to flowering
LN2023,Fm57,3,191,dtf,Days to flowering
LN2023,Fm573,1,141,dtf,Days to flowering
LN2023,Fm573,2,143,dtf,Days to flowering
LN2023,Fm573,3,142,dtf,Days to flowering
LN2023,Fm585,1,102,dtf,Days to flowering
LN2023,Fm585,2,107,dtf,Days to flowering
LN2023,Fm585,3,107,dtf,Days to flowering
LN2023,Fm589,1,109,dtf,Days to flowering
LN2023,Fm589,2,104,dtf,Days to flowering
LN2023,Fm589,3,109,dtf,Days to flowering
LN2023,Fm590,1,88,dtf,Days to flowering
LN2023,Fm590,2,88,dtf,Days to flowering
LN2023,Fm590,3,90,dtf,Days to flowering
LN2023,Fm592,1,90,dtf,Days to flowering
LN2023,Fm592,2,91,dtf,Days to flowering
LN2023,Fm592,3,94,dtf,Days to flowering
LN2023,Fm595,1,162,dtf,Days to flowering
LN2023,Fm595,2,159,dtf,Days to flowering
LN2023,Fm595,3,163,dtf,Days to flowering
LN2023,Fm597,1,137,dtf,Days to flowering
LN2023,Fm597,2,139,dtf,Days to flowering
LN2023,Fm597,3,154,dtf,Days to flowering
LN2023,Fm599,1,153,dtf,Days to flowering
LN2023,Fm599,2,139,dtf,Days to flowering
LN2023,Fm599,3,139,dtf,Days to flowering
LN2023,Fm600,1,121,dtf,Days to flowering
LN2023,Fm600,2,122,dtf,Days to flowering
LN2023,Fm600,3,127,dtf,Days to flowering
LN2023,Fm601,1,136,dtf,Days to flowering
LN2023,Fm601,2,140,dtf,Days to flowering
LN2023,Fm601,3,138,dtf,Days to flowering
LN2023,Fm603,1,93,dtf,Days to flowering
LN2023,Fm603,2,94,dtf,Days to flowering
LN2023,Fm603,3,92,dtf,Days to flowering
LN2023,Fm609,1,84,dtf,Days to flowering
LN2023,Fm609,2,85,dtf,Days to flowering
LN2023,Fm609,3,84,dtf,Days to flowering
LN2023,Fm610,1,113,dtf,Days to flowering
LN2023,Fm610,2,114,dtf,Days to flowering
LN2023,Fm610,3,116,dtf,Days to flowering
LN2023,Fm611,1,107,dtf,Days to flowering
LN2023,Fm611,2,111,dtf,Days to flowering
LN2023,Fm611,3,109,dtf,Days to flowering
LN2023,Fm612,1,104,dtf,Days to flowering
LN2023,Fm612,2,110,dtf,Days to flowering
LN2023,Fm612,3,109,dtf,Days to flowering
LN2023,Fm614,1,128,dtf,Days to flowering
LN2023,Fm614,2,129,dtf,Days to flowering
LN2023,Fm614,3,135,dtf,Days to flowering
LN2023,Fm615,1,108,dtf,Days to flowering
LN2023,Fm615,2,108,dtf,Days to flowering
LN2023,Fm615,3,109,dtf,Days to flowering
LN2023,Fm616,1,107,dtf,Days to flowering
LN2023,Fm616,2,106,dtf,Days to flowering
LN2023,Fm616,3,107,dtf,Days to flowering
LN2023,Fm620,1,91,dtf,Days to flowering
LN2023,Fm620,2,90,dtf,Days to flowering
LN2023,Fm620,3,94,dtf,Days to flowering
LN2023,Fm621,1,102,dtf,Days to flowering
LN2023,Fm621,2,106,dtf,Days to flowering
LN2023,Fm621,3,103,dtf,Days to flowering
LN2023,Fm63,1,162,dtf,Days to flowering
LN2023,Fm63,2,162,dtf,Days to flowering
LN2023,Fm63,3,154,dtf,Days to flowering
LN2023,Fm65,1,122,dtf,Days to flowering
LN2023,Fm65,2,128,dtf,Days to flowering
LN2023,Fm65,3,127,dtf,Days to flowering
LN2023,Fm74,1,154,dtf,Days to flowering
LN2023,Fm74,2,162,dtf,Days to flowering
LN2023,Fm74,3,160,dtf,Days to flowering
LN2023,Fm78,1,128,dtf,Days to flowering
LN2023,Fm78,2,137,dtf,Days to flowering
LN2023,Fm78,3,137,dtf,Days to flowering
LN2023,Fm79,1,141,dtf,Days to flowering
LN2023,Fm79,2,153,dtf,Days to flowering
LN2023,Fm79,3,143,dtf,Days to flowering
LN2023,Fm81,1,141,dtf,Days to flowering
LN2023,Fm81,2,137,dtf,Days to flowering
LN2023,Fm81,3,139,dtf,Days to flowering
LN2023,Fm83,1,140,dtf,Days to flowering
LN2023,Fm83,2,143,dtf,Days to flowering
LN2023,Fm83,3,153,dtf,Days to flowering
LN2023,Fm84,1,154,dtf,Days to flowering
LN2023,Fm84,2,160,dtf,Days to flowering
LN2023,Fm84,3,151,dtf,Days to flowering
LN2023,Fm86,1,140,dtf,Days to flowering
LN2023,Fm86,2,153,dtf,Days to flowering
LN2023,Fm86,3,143,dtf,Days to flowering
LN2023,Fm87,1,151,dtf,Days to flowering
LN2023,Fm87,2,160,dtf,Days to flowering
LN2023,Fm87,3,160,dtf,Days to flowering
LN2023,Fm88,1,137,dtf,Days to flowering
LN2023,Fm88,2,142,dtf,Days to flowering
LN2023,Fm88,3,143,dtf,Days to flowering
LN2023,Fm91,1,160,dtf,Days to flowering
LN2023,Fm91,2,160,dtf,Days to flowering
LN2023,Fm91,3,150,dtf,Days to flowering
LN2023,Fm96,1,154,dtf,Days to flowering
LN2023,Fm96,2,160,dtf,Days to flowering
LN2023,Fm96,3,154,dtf,Days to flowering
LN2023,Fm97,1,141,dtf,Days to flowering
LN2023,Fm97,2,139,dtf,Days to flowering
LN2023,Fm97,3,139,dtf,Days to flowering
LN2023,Fm104,1,85,height_cm,Plant height (cm)
LN2023,Fm104,2,96,height_cm,Plant height (cm)
LN2023,Fm104,3,85,height_cm,Plant height (cm)
LN2023,Fm112,1,115,height_cm,Plant height (cm)
LN2023,Fm112,2,106,height_cm,Plant height (cm)
LN2023,Fm112,3,120,height_cm,Plant height (cm)
LN2023,Fm113,1,113,height_cm,Plant height (cm)
LN2023,Fm113,2,116,height_cm,Plant height (cm)
LN2023,Fm113,3,118,height_cm,Plant height (cm)
LN2023,Fm119,1,113,height_cm,Plant height (cm)
LN2023,Fm119,2,115,height_cm,Plant height (cm)
LN2023,Fm119,3,127,height_cm,Plant height (cm)
LN2023,Fm12,1,118,height_cm,Plant height (cm)
LN2023,Fm12,2,128,height_cm,Plant height (cm)
LN2023,Fm12,3,128,height_cm,Plant height (cm)
LN2023,Fm13,1,118,height_cm,Plant height (cm)
LN2023,Fm13,2,124,height_cm,Plant height (cm)
LN2023,Fm13,3,140,height_cm,Plant height (cm)
LN2023,Fm131,1,115,height_cm,Plant height (cm)
LN2023,Fm131,2,97,height_cm,Plant height (cm)
LN2023,Fm131,3,110,height_cm,Plant height (cm)
LN2023,Fm132,1,130,height_cm,Plant height (cm)
LN2023,Fm132,2,134,height_cm,Plant height (cm)
LN2023,Fm132,3,129,height_cm,Plant height (cm)
LN2023,Fm134,1,117,height_cm,Plant height (cm)
LN2023,Fm134,2,125,height_cm,Plant height (cm)
LN2023,Fm134,3,114,height_cm,Plant height (cm)
LN2023,Fm135,1,92,height_cm,Plant height (cm)
LN2023,Fm135,2,101,height_cm,Plant height (cm)
LN2023,Fm135,3,106,height_cm,Plant height (cm)
LN2023,Fm136,1,108,height_cm,Plant height (cm)
LN2023,Fm136,2,104,height_cm,Plant height (cm)
LN2023,Fm136,3,125,height_cm,Plant height (cm)
LN2023,Fm138,1,120,height_cm,Plant height (cm)
LN2023,Fm138,2,120,height_cm,Plant height (cm)
LN2023,Fm138,3,125,height_cm,Plant height (cm)
LN2023,Fm139,1,127,height_cm,Plant height (cm)
LN2023,Fm139,2,136,height_cm,Plant height (cm)
LN2023,Fm139,3,106,height_cm,Plant height (cm)
LN2023,Fm141,1,113,height_cm,Plant height (cm)
LN2023,Fm141,2,113,height_cm,Plant height (cm)
LN2023,Fm141,3,124,height_cm,Plant height (cm)
LN2023,Fm142,1,99,height_cm,Plant height (cm)
LN2023,Fm142,2,96,height_cm,Plant height (cm)
LN2023,Fm142,3,105,height_cm,Plant height (cm)
LN2023,Fm145,1,116,height_cm,Plant height (cm)
LN2023,Fm145,2,117,height_cm,Plant height (cm)
LN2023,Fm145,3,118,height_cm,Plant height (cm)
LN2023,Fm146,1,124,height_cm,Plant height (cm)
LN2023,Fm146,2,115,height_cm,Plant height (cm)
LN2023,Fm146,3,113,height_cm,Plant height (cm)
LN2023,Fm150,1,86,height_cm,Plant height (cm)
LN2023,Fm150,2,101,height_cm,Plant height (cm)
LN2023,Fm150,3,106,height_cm,Plant height (cm)
LN2023,Fm157,1,102,height_cm,Plant height (cm)
LN2023,Fm157,2,101,height_cm,Plant height (cm)
LN2023,Fm157,3,100,height_cm,Plant height (cm)
LN2023,Fm161,1,92,height_cm,Plant height (cm)
LN2023,Fm161,2,86,height_cm,Plant height (cm)
LN2023,Fm161,3,83,height_cm,Plant height (cm)
LN2023,Fm170,1,123,height_cm,Plant height (cm)
LN2023,Fm170,2,121,height_cm,Plant height (cm)
LN2023,Fm170,3,121,height_cm,Plant height (cm)
LN2023,Fm172,1,115,height_cm,Plant height (cm)
LN2023,Fm172,2,117,height_cm,Plant height (cm)
LN2023,Fm172,3,100,height_cm,Plant height (cm)
LN2023,Fm173,1,121,height_cm,Plant height (cm)
LN2023,Fm173,2,115,height_cm,Plant height (cm)
LN2023,Fm173,3,118,height_cm,Plant height (cm)
LN2023,Fm174,1,100,height_cm,Plant height (cm)
LN2023,Fm174,2,104,height_cm,Plant height (cm)
LN2023,Fm174,3,94,height_cm,Plant height (cm)
LN2023,Fm175,1,104,height_cm,Plant height (cm)
LN2023,Fm175,2,118,height_cm,Plant height (cm)
LN2023,Fm175,3,123,height_cm,Plant height (cm)
LN2023,Fm176,1,98,height_cm,Plant height (cm)
LN2023,Fm176,2,97,height_cm,Plant height (cm)
LN2023,Fm176,3,95,height_cm,Plant height (cm)
LN2023,Fm177,1,124,height_cm,Plant height (cm)
LN2023,Fm177,2,124,height_cm,Plant height (cm)
LN2023,Fm177,3,127,height_cm,Plant height (cm)
LN2023,Fm180,1,87,height_cm,Plant height (cm)
LN2023,Fm180,2,99,height_cm,Plant height (cm)
LN2023,Fm180,3,103,height_cm,Plant height (cm)
LN2023,Fm181,1,106,height_cm,Plant height (cm)
LN2023,Fm181,2,110,height_cm,Plant height (cm)
LN2023,Fm181,3,118,height_cm,Plant height (cm)
LN2023,Fm184,1,107,height_cm,Plant height (cm)
LN2023,Fm184,2,114,height_cm,Plant height (cm)
LN2023,Fm184,3,129,height_cm,Plant height (cm)
LN2023,Fm185,1,130,height_cm,Plant height (cm)
LN2023,Fm185,2,121,height_cm,Plant height (cm)
LN2023,Fm185,3,132,height_cm,Plant height (cm)
LN2023,Fm190,1,118,height_cm,Plant height (cm)
LN2023,Fm190,2,104,height_cm,Plant height (cm)
LN2023,Fm190,3,109,height_cm,Plant height (cm)
LN2023,Fm191,1,103,height_cm,Plant height (cm)
LN2023,Fm191,2,103,height_cm,Plant height (cm)
LN2023,Fm191,3,104,height_cm,Plant height (cm)
LN2023,Fm193,1,108,height_cm,Plant height (cm)
LN2023,Fm193,2,119,height_cm,Plant height (cm)
LN2023,Fm193,3,110,height_cm,Plant height (cm)
LN2023,Fm194,1,119,height_cm,Plant height (cm)
LN2023,Fm194,2,122,height_cm,Plant height (cm)
LN2023,Fm194,3,121,height_cm,Plant height (cm)
LN2023,Fm195,1,132,height_cm,Plant height (cm)
LN2023,Fm195,2,119,height_cm,Plant height (cm)
LN2023,Fm195,3,150,height_cm,Plant height (cm)
LN2023,Fm203,1,119,height_cm,Plant height (cm)
LN2023,Fm203,2,119,height_cm,Plant height (cm)
LN2023,Fm203,3,103,height_cm,Plant height (cm)
LN2023,Fm205,1,128,height_cm,Plant height (cm)
LN2023,Fm205,2,115,height_cm,Plant height (cm)
LN2023,Fm205,3,115,height_cm,Plant height (cm)
LN2023,Fm206,1,101,height_cm,Plant height (cm)
LN2023,Fm206,2,107,height_cm,Plant height (cm)
LN2023,Fm206,3,107,height_cm,Plant height (cm)
LN2023,Fm207,1,120,height_cm,Plant height (cm)
LN2023,Fm207,2,128,height_cm,Plant height (cm)
LN2023,Fm207,3,115,height_cm,Plant height (cm)
LN2023,Fm208,1,115,height_cm,Plant height (cm)
LN2023,Fm208,2,114,height_cm,Plant height (cm)
LN2023,Fm208,3,102,height_cm,Plant height (cm)
LN2023,Fm214,1,117,height_cm,Plant height (cm)
LN2023,Fm214,2,130,height_cm,Plant height (cm)
LN2023,Fm214,3,122,height_cm,Plant height (cm)
LN2023,Fm215,1,133,height_cm,Plant height (cm)
LN2023,Fm215,2,134,height_cm,Plant height (cm)
LN2023,Fm215,3,145,height_cm,Plant height (cm)
LN2023,Fm216,1,103,height_cm,Plant height (cm)
LN2023,Fm216,2,98,height_cm,Plant height (cm)
LN2023,Fm216,3,105,height_cm,Plant height (cm)
LN2023,Fm219,1,122,height_cm,Plant height (cm)
LN2023,Fm219,2,125,height_cm,Plant height (cm)
LN2023,Fm219,3,124,height_cm,Plant height (cm)
LN2023,Fm220,1,95,height_cm,Plant height (cm)
LN2023,Fm220,2,115,height_cm,Plant height (cm)
LN2023,Fm220,3,109,height_cm,Plant height (cm)
LN2023,Fm221,1,124,height_cm,Plant height (cm)
LN2023,Fm221,2,137,height_cm,Plant height (cm)
LN2023,Fm221,3,132,height_cm,Plant height (cm)
LN2023,Fm225,1,110,height_cm,Plant height (cm)
LN2023,Fm225,2,113,height_cm,Plant height (cm)
LN2023,Fm225,3,114,height_cm,Plant height (cm)
LN2023,Fm227,1,127,height_cm,Plant height (cm)
LN2023,Fm227,2,143,height_cm,Plant height (cm)
LN2023,Fm227,3,132,height_cm,Plant height (cm)
LN2023,Fm228,1,115,height_cm,Plant height (cm)
LN2023,Fm228,2,99,height_cm,Plant height (cm)
LN2023,Fm228,3,105,height_cm,Plant height (cm)
LN2023,Fm232,1,125,height_cm,Plant height (cm)
LN2023,Fm232,2,106,height_cm,Plant height (cm)
LN2023,Fm232,3,119,height_cm,Plant height (cm)
LN2023,Fm233,1,114,height_cm,Plant height (cm)
LN2023,Fm233,2,115,height_cm,Plant height (cm)
LN2023,Fm233,3,100,height_cm,Plant height (cm)
LN2023,Fm234,1,102,height_cm,Plant height (cm)
LN2023,Fm234,2,102,height_cm,Plant height (cm)
LN2023,Fm234,3,117,height_cm,Plant height (cm)
LN2023,Fm235,1,130,height_cm,Plant height (cm)
LN2023,Fm235,2,134,height_cm,Plant height (cm)
LN2023,Fm235,3,140,height_cm,Plant height (cm)
LN2023,Fm236,1,121,height_cm,Plant height (cm)
LN2023,Fm236,2,126,height_cm,Plant height (cm)
LN2023,Fm236,3,112,height_cm,Plant height (cm)
LN2023,Fm238,1,145,height_cm,Plant height (cm)
LN2023,Fm238,2,140,height_cm,Plant height (cm)
LN2023,Fm238,3,135,height_cm,Plant height (cm)
LN2023,Fm245,1,105,height_cm,Plant height (cm)
LN2023,Fm245,2,117,height_cm,Plant height (cm)
LN2023,Fm245,3,125,height_cm,Plant height (cm)
LN2023,Fm246,1,108,height_cm,Plant height (cm)
LN2023,Fm246,2,112,height_cm,Plant height (cm)
LN2023,Fm246,3,109,height_cm,Plant height (cm)
LN2023,Fm249,1,117,height_cm,Plant height (cm)
LN2023,Fm249,2,116,height_cm,Plant height (cm)
LN2023,Fm249,3,130,height_cm,Plant height (cm)
LN2023,Fm250,1,126,height_cm,Plant height (cm)
LN2023,Fm250,2,136,height_cm,Plant height (cm)
LN2023,Fm250,3,142,height_cm,Plant height (cm)
LN2023,Fm251,1,106,height_cm,Plant height (cm)
LN2023,Fm251,2,118,height_cm,Plant height (cm)
LN2023,Fm251,3,102,height_cm,Plant height (cm)
LN2023,Fm255,1,124,height_cm,Plant height (cm)
LN2023,Fm255,2,124,height_cm,Plant height (cm)
LN2023,Fm255,3,116,height_cm,Plant height (cm)
LN2023,Fm28,1,124,height_cm,Plant height (cm)
LN2023,Fm28,2,118,height_cm,Plant height (cm)
LN2023,Fm28,3,110,height_cm,Plant height (cm)
LN2023,Fm3,1,116,height_cm,Plant height (cm)
LN2023,Fm3,2,120,height_cm,Plant height (cm)
LN2023,Fm3,3,121,height_cm,Plant height (cm)
LN2023,Fm30,1,120,height_cm,Plant height (cm)
LN2023,Fm30,2,123,height_cm,Plant height (cm)
LN2023,Fm30,3,97,height_cm,Plant height (cm)
LN2023,Fm31,1,113,height_cm,Plant height (cm)
LN2023,Fm31,2,115,height_cm,Plant height (cm)
LN2023,Fm31,3,107,height_cm,Plant height (cm)
LN2023,Fm321,1,124,height_cm,Plant height (cm)
LN2023,Fm321,2,115,height_cm,Plant height (cm)
LN2023,Fm321,3,123,height_cm,Plant height (cm)
LN2023,Fm322,1,94,height_cm,Plant height (cm)
LN2023,Fm322,2,103,height_cm,Plant height (cm)
LN2023,Fm322,3,113,height_cm,Plant height (cm)
LN2023,Fm324,1,144,height_cm,Plant height (cm)
LN2023,Fm324,2,134,height_cm,Plant height (cm)
LN2023,Fm324,3,146,height_cm,Plant height (cm)
LN2023,Fm325,1,126,height_cm,Plant height (cm)
LN2023,Fm325,2,132,height_cm,Plant height (cm)
LN2023,Fm325,3,133,height_cm,Plant height (cm)
LN2023,Fm328,1,131,height_cm,Plant height (cm)
LN2023,Fm328,2,127,height_cm,Plant height (cm)
LN2023,Fm328,3,135,height_cm,Plant height (cm)
LN2023,Fm332,1,110,height_cm,Plant height (cm)
LN2023,Fm332,2,102,height_cm,Plant height (cm)
LN2023,Fm332,3,119,height_cm,Plant height (cm)
LN2023,Fm334,1,114,height_cm,Plant height (cm)
LN2023,Fm334,2,121,height_cm,Plant height (cm)
LN2023,Fm334,3,125,height_cm,Plant height (cm)
LN2023,Fm336,1,120,height_cm,Plant height (cm)
LN2023,Fm336,2,132,height_cm,Plant height (cm)
LN2023,Fm336,3,128,height_cm,Plant height (cm)
LN2023,Fm337,1,109,height_cm,Plant height (cm)
LN2023,Fm337,2,119,height_cm,Plant height (cm)
LN2023,Fm337,3,109,height_cm,Plant height (cm)
LN2023,Fm341,1,119,height_cm,Plant height (cm)
LN2023,Fm341,2,121,height_cm,Plant height (cm)
LN2023,Fm341,3,113,height_cm,Plant height (cm)
LN2023,Fm343,1,146,height_cm,Plant height (cm)
LN2023,Fm343,2,138,height_cm,Plant height (cm)
LN2023,Fm343,3,136,height_cm,Plant height (cm)
LN2023,Fm344,1,108,height_cm,Plant height (cm)
LN2023,Fm344,2,113,height_cm,Plant height (cm)
LN2023,Fm344,3,110,height_cm,Plant height (cm)
LN2023,Fm345,1,121,height_cm,Plant height (cm)
LN2023,Fm345,2,128,height_cm,Plant height (cm)
LN2023,Fm345,3,130,height_cm,Plant height (cm)
LN2023,Fm346,1,99,height_cm,Plant height (cm)
LN2023,Fm346,2,98,height_cm,Plant height (cm)
LN2023,Fm346,3,85,height_cm,Plant height (cm)
LN2023,Fm347,1,136,height_cm,Plant height (cm)
LN2023,Fm347,2,135,height_cm,Plant height (cm)
LN2023,Fm347,3,135,height_cm,Plant height (cm)
LN2023,Fm349,1,125,height_cm,Plant height (cm)
LN2023,Fm349,2,126,height_cm,Plant height (cm)
LN2023,Fm349,3,111,height_cm,Plant height (cm)
LN2023,Fm351,1,132,height_cm,Plant height (cm)
LN2023,Fm351,2,138,height_cm,Plant height (cm)
LN2023,Fm351,3,127,height_cm,Plant height (cm)
LN2023,Fm352,1,144,height_cm,Plant height (cm)
LN2023,Fm352,2,140,height_cm,Plant height (cm)
LN2023,Fm352,3,150,height_cm,Plant height (cm)
LN2023,Fm354,1,132,height_cm,Plant height (cm)
LN2023,Fm354,2,126,height_cm,Plant height (cm)
LN2023,Fm354,3,123,height_cm,Plant height (cm)
LN2023,Fm355,1,120,height_cm,Plant height (cm)
LN2023,Fm355,2,117,height_cm,Plant height (cm)
LN2023,Fm355,3,135,height_cm,Plant height (cm)
LN2023,Fm356,1,125,height_cm,Plant height (cm)
LN2023,Fm356,2,118,height_cm,Plant height (cm)
LN2023,Fm356,3,122,height_cm,Plant height (cm)
LN2023,Fm357,1,134,height_cm,Plant height (cm)
LN2023,Fm357,2,127,height_cm,Plant height (cm)
LN2023,Fm357,3,116,height_cm,Plant height (cm)
LN2023,Fm358,1,133,height_cm,Plant height (cm)
LN2023,Fm358,2,124,height_cm,Plant height (cm)
LN2023,Fm358,3,126,height_cm,Plant height (cm)
LN2023,Fm359,1,132,height_cm,Plant height (cm)
LN2023,Fm359,2,124,height_cm,Plant height (cm)
LN2023,Fm359,3,150,height_cm,Plant height (cm)
LN2023,Fm36,1,135,height_cm,Plant height (cm)
LN2023,Fm36,2,139,height_cm,Plant height (cm)
LN2023,Fm36,3,137,height_cm,Plant height (cm)
LN2023,Fm361,1,132,height_cm,Plant height (cm)
LN2023,Fm361,2,142,height_cm,Plant height (cm)
LN2023,Fm361,3,130,height_cm,Plant height (cm)
LN2023,Fm362,1,122,height_cm,Plant height (cm)
LN2023,Fm362,2,130,height_cm,Plant height (cm)
LN2023,Fm362,3,150,height_cm,Plant height (cm)
LN2023,Fm363,1,126,height_cm,Plant height (cm)
LN2023,Fm363,2,134,height_cm,Plant height (cm)
LN2023,Fm363,3,128,height_cm,Plant height (cm)
LN2023,Fm364,1,102,height_cm,Plant height (cm)
LN2023,Fm364,2,116,height_cm,Plant height (cm)
LN2023,Fm364,3,123,height_cm,Plant height (cm)
LN2023,Fm365,1,126,height_cm,Plant height (cm)
LN2023,Fm365,2,137,height_cm,Plant height (cm)
LN2023,Fm365,3,137,height_cm,Plant height (cm)
LN2023,Fm366,1,130,height_cm,Plant height (cm)
LN2023,Fm366,2,124,height_cm,Plant height (cm)
LN2023,Fm366,3,123,height_cm,Plant height (cm)
LN2023,Fm368,1,143,height_cm,Plant height (cm)
LN2023,Fm368,2,137,height_cm,Plant height (cm)
LN2023,Fm368,3,134,height_cm,Plant height (cm)
LN2023,Fm369,1,109,height_cm,Plant height (cm)
LN2023,Fm369,2,110,height_cm,Plant height (cm)
LN2023,Fm369,3,120,height_cm,Plant height (cm)
LN2023,Fm370,1,127,height_cm,Plant height (cm)
LN2023,Fm370,2,137,height_cm,Plant height (cm)
LN2023,Fm370,3,127,height_cm,Plant height (cm)
LN2023,Fm372,1,138,height_cm,Plant height (cm)
LN2023,Fm372,2,132,height_cm,Plant height (cm)
LN2023,Fm372,3,135,height_cm,Plant height (cm)
LN2023,Fm375,1,126,height_cm,Plant height (cm)
LN2023,Fm375,2,133,height_cm,Plant height (cm)
LN2023,Fm375,3,131,height_cm,Plant height (cm)
LN2023,Fm376,1,125,height_cm,Plant height (cm)
LN2023,Fm376,2,140,height_cm,Plant height (cm)
LN2023,Fm376,3,132,height_cm,Plant height (cm)
LN2023,Fm377,1,143,height_cm,Plant height (cm)
LN2023,Fm377,2,142,height_cm,Plant height (cm)
LN2023,Fm377,3,130,height_cm,Plant height (cm)
LN2023,Fm378,1,146,height_cm,Plant height (cm)
LN2023,Fm378,2,138,height_cm,Plant height (cm)
LN2023,Fm378,3,152,height_cm,Plant height (cm)
LN2023,Fm379,1,117,height_cm,Plant height (cm)
LN2023,Fm379,2,133,height_cm,Plant height (cm)
LN2023,Fm379,3,135,height_cm,Plant height (cm)
LN2023,Fm380,1,128,height_cm,Plant height (cm)
LN2023,Fm380,2,132,height_cm,Plant height (cm)
LN2023,Fm380,3,127,height_cm,Plant height (cm)
LN2023,Fm381,1,146,height_cm,Plant height (cm)
LN2023,Fm381,2,140,height_cm,Plant height (cm)
LN2023,Fm381,3,144,height_cm,Plant height (cm)
LN2023,Fm382,1,126,height_cm,Plant height (cm)
LN2023,Fm382,2,133,height_cm,Plant height (cm)
LN2023,Fm382,3,137,height_cm,Plant height (cm)
LN2023,Fm383,1,144,height_cm,Plant height (cm)
LN2023,Fm383,2,148,height_cm,Plant height (cm)
LN2023,Fm383,3,142,height_cm,Plant height (cm)
LN2023,Fm384,1,105,height_cm,Plant height (cm)
LN2023,Fm384,2,110,height_cm,Plant height (cm)
LN2023,Fm384,3,99,height_cm,Plant height (cm)
LN2023,Fm387,1,120,height_cm,Plant height (cm)
LN2023,Fm387,2,116,height_cm,Plant height (cm)
LN2023,Fm387,3,129,height_cm,Plant height (cm)
LN2023,Fm388,1,138,height_cm,Plant height (cm)
LN2023,Fm388,2,142,height_cm,Plant height (cm)
LN2023,Fm388,3,138,height_cm,Plant height (cm)
LN2023,Fm389,1,112,height_cm,Plant height (cm)
LN2023,Fm389,2,98,height_cm,Plant height (cm)
LN2023,Fm389,3,105,height_cm,Plant height (cm)
LN2023,Fm39,1,107,height_cm,Plant height (cm)
LN2023,Fm39,2,100,height_cm,Plant height (cm)
LN2023,Fm39,3,103,height_cm,Plant height (cm)
LN2023,Fm390,1,125,height_cm,Plant height (cm)
LN2023,Fm390,2,106,height_cm,Plant height (cm)
LN2023,Fm390,3,113,height_cm,Plant height (cm)
LN2023,Fm391,1,144,height_cm,Plant height (cm)
LN2023,Fm391,2,130,height_cm,Plant height (cm)
LN2023,Fm391,3,146,height_cm,Plant height (cm)
LN2023,Fm392,1,110,height_cm,Plant height (cm)
LN2023,Fm392,2,121,height_cm,Plant height (cm)
LN2023,Fm392,3,116,height_cm,Plant height (cm)
LN2023,Fm394,1,120,height_cm,Plant height (cm)
LN2023,Fm394,2,125,height_cm,Plant height (cm)
LN2023,Fm394,3,137,height_cm,Plant height (cm)
LN2023,Fm395,1,142,height_cm,Plant height (cm)
LN2023,Fm395,2,125,height_cm,Plant height (cm)
LN2023,Fm395,3,126,height_cm,Plant height (cm)
LN2023,Fm396,1,127,height_cm,Plant height (cm)
LN2023,Fm396,2,130,height_cm,Plant height (cm)
LN2023,Fm396,3,121,height_cm,Plant height (cm)
LN2023,Fm398,1,134,height_cm,Plant height (cm)
LN2023,Fm398,2,137,height_cm,Plant height (cm)
LN2023,Fm398,3,141,height_cm,Plant height (cm)
LN2023,Fm400,1,140,height_cm,Plant height (cm)
LN2023,Fm400,2,135,height_cm,Plant height (cm)
LN2023,Fm400,3,125,height_cm,Plant height (cm)
LN2023,Fm401,1,102,height_cm,Plant height (cm)
LN2023,Fm401,2,113,height_cm,Plant height (cm)
LN2023,Fm401,3,122,height_cm,Plant height (cm)
LN2023,Fm402,1,132,height_cm,Plant height (cm)
LN2023,Fm402,2,143,height_cm,Plant height (cm)
LN2023,Fm402,3,140,height_cm,Plant height (cm)
LN2023,Fm403,1,112,height_cm,Plant height (cm)
LN2023,Fm403,2,126,height_cm,Plant height (cm)
LN2023,Fm403,3,122,height_cm,Plant height (cm)
LN2023,Fm404,1,127,height_cm,Plant height (cm)
LN2023,Fm404,2,142,height_cm,Plant height (cm)
LN2023,Fm404,3,139,height_cm,Plant height (cm)
LN2023,Fm405,1,140,height_cm,Plant height (cm)
LN2023,Fm405,2,146,height_cm,Plant height (cm)
LN2023,Fm405,3,143,height_cm,Plant height (cm)
LN2023,Fm406,1,120,height_cm,Plant height (cm)
LN2023,Fm406,2,116,height_cm,Plant height (cm)
LN2023,Fm406,3,111,height_cm,Plant height (cm)
LN2023,Fm407,1,104,height_cm,Plant height (cm)
LN2023,Fm407,2,125,height_cm,Plant height (cm)
LN2023,Fm407,3,125,height_cm,Plant height (cm)
LN2023,Fm409,1,112,height_cm,Plant height (cm)
LN2023,Fm409,2,135,height_cm,Plant height (cm)
LN2023,Fm409,3,138,height_cm,Plant height (cm)
LN2023,Fm41,1,105,height_cm,Plant height (cm)
LN2023,Fm41,2,114,height_cm,Plant height (cm)
LN2023,Fm41,3,126,height_cm,Plant height (cm)
LN2023,Fm410,1,142,height_cm,Plant height (cm)
LN2023,Fm410,2,136,height_cm,Plant height (cm)
LN2023,Fm410,3,131,height_cm,Plant height (cm)
LN2023,Fm411,1,120,height_cm,Plant height (cm)
LN2023,Fm411,2,119,height_cm,Plant height (cm)
LN2023,Fm411,3,133,height_cm,Plant height (cm)
LN2023,Fm412,1,131,height_cm,Plant height (cm)
LN2023,Fm412,2,119,height_cm,Plant height (cm)
LN2023,Fm412,3,117,height_cm,Plant height (cm)
LN2023,Fm413,1,125,height_cm,Plant height (cm)
LN2023,Fm413,2,114,height_cm,Plant height (cm)
LN2023,Fm413,3,102,height_cm,Plant height (cm)
LN2023,Fm414,1,129,height_cm,Plant height (cm)
LN2023,Fm414,2,125,height_cm,Plant height (cm)
LN2023,Fm414,3,127,height_cm,Plant height (cm)
LN2023,Fm415,1,135,height_cm,Plant height (cm)
LN2023,Fm415,2,143,height_cm,Plant height (cm)
LN2023,Fm415,3,133,height_cm,Plant height (cm)
LN2023,Fm416,1,127,height_cm,Plant height (cm)
LN2023,Fm416,2,138,height_cm,Plant height (cm)
LN2023,Fm416,3,138,height_cm,Plant height (cm)
LN2023,Fm417,1,117,height_cm,Plant height (cm)
LN2023,Fm417,2,127,height_cm,Plant height (cm)
LN2023,Fm417,3,123,height_cm,Plant height (cm)
LN2023,Fm418,1,116,height_cm,Plant height (cm)
LN2023,Fm418,2,108,height_cm,Plant height (cm)
LN2023,Fm418,3,109,height_cm,Plant height (cm)
LN2023,Fm419,1,117,height_cm,Plant height (cm)
LN2023,Fm419,2,120,height_cm,Plant height (cm)
LN2023,Fm419,3,120,height_cm,Plant height (cm)
LN2023,Fm420,1,140,height_cm,Plant height (cm)
LN2023,Fm420,2,138,height_cm,Plant height (cm)
LN2023,Fm420,3,128,height_cm,Plant height (cm)
LN2023,Fm421,1,140,height_cm,Plant height (cm)
LN2023,Fm421,2,142,height_cm,Plant height (cm)
LN2023,Fm421,3,151,height_cm,Plant height (cm)
LN2023,Fm428,1,109,height_cm,Plant height (cm)
LN2023,Fm428,2,117,height_cm,Plant height (cm)
LN2023,Fm428,3,118,height_cm,Plant height (cm)
LN2023,Fm429,1,136,height_cm,Plant height (cm)
LN2023,Fm429,2,129,height_cm,Plant height (cm)
LN2023,Fm429,3,135,height_cm,Plant height (cm)
LN2023,Fm43,1,105,height_cm,Plant height (cm)
LN2023,Fm43,2,101,height_cm,Plant height (cm)
LN2023,Fm43,3,94,height_cm,Plant height (cm)
LN2023,Fm44,1,108,height_cm,Plant height (cm)
LN2023,Fm44,2,114,height_cm,Plant height (cm)
LN2023,Fm44,3,129,height_cm,Plant height (cm)
LN2023,Fm442,1,120,height_cm,Plant height (cm)
LN2023,Fm442,2,126,height_cm,Plant height (cm)
LN2023,Fm442,3,121,height_cm,Plant height (cm)
LN2023,Fm443,1,116,height_cm,Plant height (cm)
LN2023,Fm443,2,117,height_cm,Plant height (cm)
LN2023,Fm443,3,119,height_cm,Plant height (cm)
LN2023,Fm444,1,112,height_cm,Plant height (cm)
LN2023,Fm444,2,118,height_cm,Plant height (cm)
LN2023,Fm444,3,90,height_cm,Plant height (cm)
LN2023,Fm446,1,142,height_cm,Plant height (cm)
LN2023,Fm446,2,135,height_cm,Plant height (cm)
LN2023,Fm446,3,135,height_cm,Plant height (cm)
LN2023,Fm45,1,115,height_cm,Plant height (cm)
LN2023,Fm45,2,112,height_cm,Plant height (cm)
LN2023,Fm45,3,113,height_cm,Plant height (cm)
LN2023,Fm458,1,131,height_cm,Plant height (cm)
LN2023,Fm458,2,118,height_cm,Plant height (cm)
LN2023,Fm458,3,139,height_cm,Plant height (cm)
LN2023,Fm46,1,121,height_cm,Plant height (cm)
LN2023,Fm46,2,112,height_cm,Plant height (cm)
LN2023,Fm46,3,129,height_cm,Plant height (cm)
LN2023,Fm461,1,120,height_cm,Plant height (cm)
LN2023,Fm461,2,120,height_cm,Plant height (cm)
LN2023,Fm461,3,120,height_cm,Plant height (cm)
LN2023,Fm463,1,108,height_cm,Plant height (cm)
LN2023,Fm463,2,116,height_cm,Plant height (cm)
LN2023,Fm463,3,133,height_cm,Plant height (cm)
LN2023,Fm464,1,112,height_cm,Plant height (cm)
LN2023,Fm464,2,112,height_cm,Plant height (cm)
LN2023,Fm464,3,117,height_cm,Plant height (cm)
LN2023,Fm468,1,121,height_cm,Plant height (cm)
LN2023,Fm468,2,110,height_cm,Plant height (cm)
LN2023,Fm468,3,131,height_cm,Plant height (cm)
LN2023,Fm474,1,128,height_cm,Plant height (cm)
LN2023,Fm474,2,130,height_cm,Plant height (cm)
LN2023,Fm474,3,131,height_cm,Plant height (cm)
LN2023,Fm475,1,106,height_cm,Plant height (cm)
LN2023,Fm475,2,116,height_cm,Plant height (cm)
LN2023,Fm475,3,110,height_cm,Plant height (cm)
LN2023,Fm476,1,111,height_cm,Plant height (cm)
LN2023,Fm476,2,104,height_cm,Plant height (cm)
LN2023,Fm476,3,110,height_cm,Plant height (cm)
LN2023,Fm477,1,132,height_cm,Plant height (cm)
LN2023,Fm477,2,132,height_cm,Plant height (cm)
LN2023,Fm477,3,133,height_cm,Plant height (cm)
LN2023,Fm478,1,138,height_cm,Plant height (cm)
LN2023,Fm478,2,150,height_cm,Plant height (cm)
LN2023,Fm478,3,145,height_cm,Plant height (cm)
LN2023,Fm480,1,132,height_cm,Plant height (cm)
LN2023,Fm480,2,131,height_cm,Plant height (cm)
LN2023,Fm480,3,110,height_cm,Plant height (cm)
LN2023,Fm482,1,137,height_cm,Plant height (cm)
LN2023,Fm482,2,152,height_cm,Plant height (cm)
LN2023,Fm482,3,150,height_cm,Plant height (cm)
LN2023,Fm484,1,115,height_cm,Plant height (cm)
LN2023,Fm484,2,112,height_cm,Plant height (cm)
LN2023,Fm484,3,100,height_cm,Plant height (cm)
LN2023,Fm489,1,138,height_cm,Plant height (cm)
LN2023,Fm489,2,135,height_cm,Plant height (cm)
LN2023,Fm489,3,143,height_cm,Plant height (cm)
LN2023,Fm491,1,107,height_cm,Plant height (cm)
LN2023,Fm491,2,115,height_cm,Plant height (cm)
LN2023,Fm491,3,120,height_cm,Plant height (cm)
LN2023,Fm492,1,155,height_cm,Plant height (cm)
LN2023,Fm492,2,139,height_cm,Plant height (cm)
LN2023,Fm492,3,141,height_cm,Plant height (cm)
LN2023,Fm496,1,125,height_cm,Plant height (cm)
LN2023,Fm496,2,142,height_cm,Plant height (cm)
LN2023,Fm496,3,129,height_cm,Plant height (cm)
LN2023,Fm505,1,111,height_cm,Plant height (cm)
LN2023,Fm505,2,97,height_cm,Plant height (cm)
LN2023,Fm505,3,112,height_cm,Plant height (cm)
LN2023,Fm507,1,95,height_cm,Plant height (cm)
LN2023,Fm507,2,98,height_cm,Plant height (cm)
LN2023,Fm507,3,96,height_cm,Plant height (cm)
LN2023,Fm510,1,118,height_cm,Plant height (cm)
LN2023,Fm510,2,122,height_cm,Plant height (cm)
LN2023,Fm510,3,122,height_cm,Plant height (cm)
LN2023,Fm518,1,122,height_cm,Plant height (cm)
LN2023,Fm518,2,115,height_cm,Plant height (cm)
LN2023,Fm518,3,140,height_cm,Plant height (cm)
LN2023,Fm519,1,102,height_cm,Plant height (cm)
LN2023,Fm519,2,112,height_cm,Plant height (cm)
LN2023,Fm519,3,126,height_cm,Plant height (cm)
LN2023,Fm522,1,143,height_cm,Plant height (cm)
LN2023,Fm522,2,135,height_cm,Plant height (cm)
LN2023,Fm522,3,134,height_cm,Plant height (cm)
LN2023,Fm523,1,141,height_cm,Plant height (cm)
LN2023,Fm523,2,147,height_cm,Plant height (cm)
LN2023,Fm523,3,126,height_cm,Plant height (cm)
LN2023,Fm524,1,126,height_cm,Plant height (cm)
LN2023,Fm524,2,132,height_cm,Plant height (cm)
LN2023,Fm524,3,126,height_cm,Plant height (cm)
LN2023,Fm537,1,127,height_cm,Plant height (cm)
LN2023,Fm537,2,138,height_cm,Plant height (cm)
LN2023,Fm537,3,133,height_cm,Plant height (cm)
LN2023,Fm54,1,98,height_cm,Plant height (cm)
LN2023,Fm54,2,119,height_cm,Plant height (cm)
LN2023,Fm54,3,108,height_cm,Plant height (cm)
LN2023,Fm55,1,146,height_cm,Plant height (cm)
LN2023,Fm55,2,132,height_cm,Plant height (cm)
LN2023,Fm55,3,134,height_cm,Plant height (cm)
LN2023,Fm552,1,110,height_cm,Plant height (cm)
LN2023,Fm552,2,104,height_cm,Plant height (cm)
LN2023,Fm552,3,115,height_cm,Plant height (cm)
LN2023,Fm559,1,117,height_cm,Plant height (cm)
LN2023,Fm559,2,138,height_cm,Plant height (cm)
LN2023,Fm559,3,127,height_cm,Plant height (cm)
LN2023,Fm56,1,131,height_cm,Plant height (cm)
LN2023,Fm56,2,130,height_cm,Plant height (cm)
LN2023,Fm56,3,140,height_cm,Plant height (cm)
LN2023,Fm560,1,83,height_cm,Plant height (cm)
LN2023,Fm560,2,90,height_cm,Plant height (cm)
LN2023,Fm560,3,89,height_cm,Plant height (cm)
LN2023,Fm566,1,96,height_cm,Plant height (cm)
LN2023,Fm566,2,120,height_cm,Plant height (cm)
LN2023,Fm566,3,115,height_cm,Plant height (cm)
LN2023,Fm569,1,117,height_cm,Plant height (cm)
LN2023,Fm569,2,119,height_cm,Plant height (cm)
LN2023,Fm569,3,124,height_cm,Plant height (cm)
LN2023,Fm57,1,104,height_cm,Plant height (cm)
LN2023,Fm57,2,90,height_cm,Plant height (cm)
LN2023,Fm57,3,88,height_cm,Plant height (cm)
LN2023,Fm573,1,107,height_cm,Plant height (cm)
LN2023,Fm573,2,103,height_cm,Plant height (cm)
LN2023,Fm573,3,110,height_cm,Plant height (cm)
LN2023,Fm585,1,119,height_cm,Plant height (cm)
LN2023,Fm585,2,127,height_cm,Plant height (cm)
LN2023,Fm585,3,136,height_cm,Plant height (cm)
LN2023,Fm589,1,115,height_cm,Plant height (cm)
LN2023,Fm589,2,117,height_cm,Plant height (cm)
LN2023,Fm589,3,118,height_cm,Plant height (cm)
LN2023,Fm590,1,85,height_cm,Plant height (cm)
LN2023,Fm590,2,90,height_cm,Plant height (cm)
LN2023,Fm590,3,93,height_cm,Plant height (cm)
LN2023,Fm592,1,94,height_cm,Plant height (cm)
LN2023,Fm592,2,76,height_cm,Plant height (cm)
LN2023,Fm592,3,86,height_cm,Plant height (cm)
LN2023,Fm595,1,129,height_cm,Plant height (cm)
LN2023,Fm595,2,123,height_cm,Plant height (cm)
LN2023,Fm595,3,121,height_cm,Plant height (cm)
LN2023,Fm597,1,116,height_cm,Plant height (cm)
LN2023,Fm597,2,128,height_cm,Plant height (cm)
LN2023,Fm597,3,150,height_cm,Plant height (cm)
LN2023,Fm599,1,126,height_cm,Plant height (cm)
LN2023,Fm599,2,116,height_cm,Plant height (cm)
LN2023,Fm599,3,121,height_cm,Plant height (cm)
LN2023,Fm60,1,117,height_cm,Plant height (cm)
LN2023,Fm60,2,100,height_cm,Plant height (cm)
LN2023,Fm60,3,122,height_cm,Plant height (cm)
LN2023,Fm600,1,109,height_cm,Plant height (cm)
LN2023,Fm600,2,115,height_cm,Plant height (cm)
LN2023,Fm600,3,130,height_cm,Plant height (cm)
LN2023,Fm601,1,127,height_cm,Plant height (cm)
LN2023,Fm601,2,128,height_cm,Plant height (cm)
LN2023,Fm601,3,128,height_cm,Plant height (cm)
LN2023,Fm603,1,125,height_cm,Plant height (cm)
LN2023,Fm603,2,110,height_cm,Plant height (cm)
LN2023,Fm603,3,116,height_cm,Plant height (cm)
LN2023,Fm609,1,99,height_cm,Plant height (cm)
LN2023,Fm609,2,98,height_cm,Plant height (cm)
LN2023,Fm609,3,87,height_cm,Plant height (cm)
LN2023,Fm610,1,114,height_cm,Plant height (cm)
LN2023,Fm610,2,113,height_cm,Plant height (cm)
LN2023,Fm610,3,113,height_cm,Plant height (cm)
LN2023,Fm611,1,105,height_cm,Plant height (cm)
LN2023,Fm611,2,115,height_cm,Plant height (cm)
LN2023,Fm611,3,103,height_cm,Plant height (cm)
LN2023,Fm612,1,108,height_cm,Plant height (cm)
LN2023,Fm612,2,93,height_cm,Plant height (cm)
LN2023,Fm612,3,96,height_cm,Plant height (cm)
LN2023,Fm614,1,124,height_cm,Plant height (cm)
LN2023,Fm614,2,140,height_cm,Plant height (cm)
LN2023,Fm614,3,135,height_cm,Plant height (cm)
LN2023,Fm615,1,152,height_cm,Plant height (cm)
LN2023,Fm615,2,138,height_cm,Plant height (cm)
LN2023,Fm615,3,130,height_cm,Plant height (cm)
LN2023,Fm616,1,105,height_cm,Plant height (cm)
LN2023,Fm616,2,110,height_cm,Plant height (cm)
LN2023,Fm616,3,112,height_cm,Plant height (cm)
LN2023,Fm620,1,105,height_cm,Plant height (cm)
LN2023,Fm620,2,99,height_cm,Plant height (cm)
LN2023,Fm620,3,108,height_cm,Plant height (cm)
LN2023,Fm621,1,130,height_cm,Plant height (cm)
LN2023,Fm621,2,137,height_cm,Plant height (cm)
LN2023,Fm621,3,134,height_cm,Plant height (cm)
LN2023,Fm63,1,105,height_cm,Plant height (cm)
LN2023,Fm63,2,88,height_cm,Plant height (cm)
LN2023,Fm63,3,107,height_cm,Plant height (cm)
LN2023,Fm65,1,143,height_cm,Plant height (cm)
LN2023,Fm65,2,142,height_cm,Plant height (cm)
LN2023,Fm65,3,141,height_cm,Plant height (cm)
LN2023,Fm74,1,121,height_cm,Plant height (cm)
LN2023,Fm74,2,108,height_cm,Plant height (cm)
LN2023,Fm74,3,118,height_cm,Plant height (cm)
LN2023,Fm78,1,115,height_cm,Plant height (cm)
LN2023,Fm78,2,92,height_cm,Plant height (cm)
LN2023,Fm78,3,120,height_cm,Plant height (cm)
LN2023,Fm79,1,102,height_cm,Plant height (cm)
LN2023,Fm79,2,125,height_cm,Plant height (cm)
LN2023,Fm79,3,114,height_cm,Plant height (cm)
LN2023,Fm81,1,127,height_cm,Plant height (cm)
LN2023,Fm81,2,125,height_cm,Plant height (cm)
LN2023,Fm81,3,125,height_cm,Plant height (cm)
LN2023,Fm83,1,101,height_cm,Plant height (cm)
LN2023,Fm83,2,107,height_cm,Plant height (cm)
LN2023,Fm83,3,116,height_cm,Plant height (cm)
LN2023,Fm84,1,123,height_cm,Plant height (cm)
LN2023,Fm84,2,103,height_cm,Plant height (cm)
LN2023,Fm84,3,117,height_cm,Plant height (cm)
LN2023,Fm86,1,126,height_cm,Plant height (cm)
LN2023,Fm86,2,118,height_cm,Plant height (cm)
LN2023,Fm86,3,129,height_cm,Plant height (cm)
LN2023,Fm87,1,102,height_cm,Plant height (cm)
LN2023,Fm87,2,121,height_cm,Plant height (cm)
LN2023,Fm87,3,125,height_cm,Plant height (cm)
LN2023,Fm88,1,102,height_cm,Plant height (cm)
LN2023,Fm88,2,103,height_cm,Plant height (cm)
LN2023,Fm88,3,110,height_cm,Plant height (cm)
LN2023,Fm91,1,115,height_cm,Plant height (cm)
LN2023,Fm91,2,115,height_cm,Plant height (cm)
LN2023,Fm91,3,123,height_cm,Plant height (cm)
LN2023,Fm96,1,85,height_cm,Plant height (cm)
LN2023,Fm96,2,92,height_cm,Plant height (cm)
LN2023,Fm96,3,86,height_cm,Plant height (cm)
LN2023,Fm97,1,126,height_cm,Plant height (cm)
LN2023,Fm97,2,123,height_cm,Plant height (cm)
LN2023,Fm97,3,120,height_cm,Plant height (cm)
LN2023,Fm104,1,48,plants_m2,Plant density (plants m−2)
LN2023,Fm104,2,48,plants_m2,Plant density (plants m−2)
LN2023,Fm104,3,36,plants_m2,Plant density (plants m−2)
LN2023,Fm112,1,60,plants_m2,Plant density (plants m−2)
LN2023,Fm112,2,108,plants_m2,Plant density (plants m−2)
LN2023,Fm112,3,72,plants_m2,Plant density (plants m−2)
LN2023,Fm113,1,72,plants_m2,Plant density (plants m−2)
LN2023,Fm113,2,72,plants_m2,Plant density (plants m−2)
LN2023,Fm113,3,96,plants_m2,Plant density (plants m−2)
LN2023,Fm119,1,156,plants_m2,Plant density (plants m−2)
LN2023,Fm119,2,120,plants_m2,Plant density (plants m−2)
LN2023,Fm119,3,84,plants_m2,Plant density (plants m−2)
LN2023,Fm12,1,48,plants_m2,Plant density (plants m−2)
LN2023,Fm12,2,84,plants_m2,Plant density (plants m−2)
LN2023,Fm12,3,96,plants_m2,Plant density (plants m−2)
LN2023,Fm13,1,96,plants_m2,Plant density (plants m−2)
LN2023,Fm13,2,96,plants_m2,Plant density (plants m−2)
LN2023,Fm13,3,60,plants_m2,Plant density (plants m−2)
LN2023,Fm131,1,66,plants_m2,Plant density (plants m−2)
LN2023,Fm131,2,72,plants_m2,Plant density (plants m−2)
LN2023,Fm131,3,72,plants_m2,Plant density (plants m−2)
LN2023,Fm132,1,84,plants_m2,Plant density (plants m−2)
LN2023,Fm132,2,48,plants_m2,Plant density (plants m−2)
LN2023,Fm132,3,48,plants_m2,Plant density (plants m−2)
LN2023,Fm134,1,48,plants_m2,Plant density (plants m−2)
LN2023,Fm134,2,36,plants_m2,Plant density (plants m−2)
LN2023,Fm134,3,24,plants_m2,Plant density (plants m−2)
LN2023,Fm135,1,72,plants_m2,Plant density (plants m−2)
LN2023,Fm135,2,84,plants_m2,Plant density (plants m−2)
LN2023,Fm135,3,48,plants_m2,Plant density (plants m−2)
LN2023,Fm136,1,96,plants_m2,Plant density (plants m−2)
LN2023,Fm136,2,96,plants_m2,Plant density (plants m−2)
LN2023,Fm136,3,96,plants_m2,Plant density (plants m−2)
LN2023,Fm138,1,84,plants_m2,Plant density (plants m−2)
LN2023,Fm138,2,60,plants_m2,Plant density (plants m−2)
LN2023,Fm138,3,36,plants_m2,Plant density (plants m−2)
LN2023,Fm139,1,36,plants_m2,Plant density (plants m−2)
LN2023,Fm139,2,48,plants_m2,Plant density (plants m−2)
LN2023,Fm139,3,48,plants_m2,Plant density (plants m−2)
LN2023,Fm141,1,96,plants_m2,Plant density (plants m−2)
LN2023,Fm141,2,84,plants_m2,Plant density (plants m−2)
LN2023,Fm141,3,60,plants_m2,Plant density (plants m−2)
LN2023,Fm142,1,78,plants_m2,Plant density (plants m−2)
LN2023,Fm142,2,84,plants_m2,Plant density (plants m−2)
LN2023,Fm142,3,72,plants_m2,Plant density (plants m−2)
LN2023,Fm145,1,24,plants_m2,Plant density (plants m−2)
LN2023,Fm145,2,48,plants_m2,Plant density (plants m−2)
LN2023,Fm145,3,72,plants_m2,Plant density (plants m−2)
LN2023,Fm146,1,72,plants_m2,Plant density (plants m−2)
LN2023,Fm146,2,36,plants_m2,Plant density (plants m−2)
LN2023,Fm146,3,36,plants_m2,Plant density (plants m−2)
LN2023,Fm150,1,108,plants_m2,Plant density (plants m−2)
LN2023,Fm150,2,60,plants_m2,Plant density (plants m−2)
LN2023,Fm150,3,72,plants_m2,Plant density (plants m−2)
LN2023,Fm157,1,60,plants_m2,Plant density (plants m−2)
LN2023,Fm157,2,84,plants_m2,Plant density (plants m−2)
LN2023,Fm157,3,84,plants_m2,Plant density (plants m−2)
LN2023,Fm161,1,120,plants_m2,Plant density (plants m−2)
LN2023,Fm161,2,108,plants_m2,Plant density (plants m−2)
LN2023,Fm161,3,96,plants_m2,Plant density (plants m−2)
LN2023,Fm170,1,72,plants_m2,Plant density (plants m−2)
LN2023,Fm170,2,72,plants_m2,Plant density (plants m−2)
LN2023,Fm170,3,36,plants_m2,Plant density (plants m−2)
LN2023,Fm172,1,96,plants_m2,Plant density (plants m−2)
LN2023,Fm172,2,60,plants_m2,Plant density (plants m−2)
LN2023,Fm172,3,72,plants_m2,Plant density (plants m−2)
LN2023,Fm173,1,36,plants_m2,Plant density (plants m−2)
LN2023,Fm173,2,84,plants_m2,Plant density (plants m−2)
LN2023,Fm173,3,48,plants_m2,Plant density (plants m−2)
LN2023,Fm174,1,36,plants_m2,Plant density (plants m−2)
LN2023,Fm174,2,48,plants_m2,Plant density (plants m−2)
LN2023,Fm174,3,48,plants_m2,Plant density (plants m−2)
LN2023,Fm175,1,96,plants_m2,Plant density (plants m−2)
LN2023,Fm175,2,84,plants_m2,Plant density (plants m−2)
LN2023,Fm175,3,84,plants_m2,Plant density (plants m−2)
LN2023,Fm176,1,60,plants_m2,Plant density (plants m−2)
LN2023,Fm176,2,60,plants_m2,Plant density (plants m−2)
LN2023,Fm176,3,48,plants_m2,Plant density (plants m−2)
LN2023,Fm177,1,36,plants_m2,Plant density (plants m−2)
LN2023,Fm177,2,36,plants_m2,Plant density (plants m−2)
LN2023,Fm177,3,36,plants_m2,Plant density (plants m−2)
LN2023,Fm180,1,60,plants_m2,Plant density (plants m−2)
LN2023,Fm180,2,84,plants_m2,Plant density (plants m−2)
LN2023,Fm180,3,36,plants_m2,Plant density (plants m−2)
LN2023,Fm181,1,36,plants_m2,Plant density (plants m−2)
LN2023,Fm181,2,72,plants_m2,Plant density (plants m−2)
LN2023,Fm181,3,48,plants_m2,Plant density (plants m−2)
LN2023,Fm184,1,60,plants_m2,Plant density (plants m−2)
LN2023,Fm184,2,48,plants_m2,Plant density (plants m−2)
LN2023,Fm184,3,84,plants_m2,Plant density (plants m−2)
LN2023,Fm185,1,108,plants_m2,Plant density (plants m−2)
LN2023,Fm185,2,72,plants_m2,Plant density (plants m−2)
LN2023,Fm185,3,84,plants_m2,Plant density (plants m−2)
LN2023,Fm190,1,36,plants_m2,Plant density (plants m−2)
LN2023,Fm190,2,36,plants_m2,Plant density (plants m−2)
LN2023,Fm190,3,36,plants_m2,Plant density (plants m−2)
LN2023,Fm191,1,12,plants_m2,Plant density (plants m−2)
LN2023,Fm191,2,36,plants_m2,Plant density (plants m−2)
LN2023,Fm191,3,0,plants_m2,Plant density (plants m−2)
LN2023,Fm193,1,72,plants_m2,Plant density (plants m−2)
LN2023,Fm193,2,72,plants_m2,Plant density (plants m−2)
LN2023,Fm193,3,60,plants_m2,Plant density (plants m−2)
LN2023,Fm194,1,48,plants_m2,Plant density (plants m−2)
LN2023,Fm194,2,72,plants_m2,Plant density (plants m−2)
LN2023,Fm194,3,96,plants_m2,Plant density (plants m−2)
LN2023,Fm195,1,72,plants_m2,Plant density (plants m−2)
LN2023,Fm195,2,48,plants_m2,Plant density (plants m−2)
LN2023,Fm195,3,72,plants_m2,Plant density (plants m−2)
LN2023,Fm203,1,84,plants_m2,Plant density (plants m−2)
LN2023,Fm203,2,84,plants_m2,Plant density (plants m−2)
LN2023,Fm203,3,60,plants_m2,Plant density (plants m−2)
LN2023,Fm205,1,72,plants_m2,Plant density (plants m−2)
LN2023,Fm205,2,60,plants_m2,Plant density (plants m−2)
LN2023,Fm205,3,36,plants_m2,Plant density (plants m−2)
LN2023,Fm206,1,36,plants_m2,Plant density (plants m−2)
LN2023,Fm206,2,12,plants_m2,Plant density (plants m−2)
LN2023,Fm206,3,48,plants_m2,Plant density (plants m−2)
LN2023,Fm207,1,54,plants_m2,Plant density (plants m−2)
LN2023,Fm207,2,48,plants_m2,Plant density (plants m−2)
LN2023,Fm207,3,60,plants_m2,Plant density (plants m−2)
LN2023,Fm208,1,36,plants_m2,Plant density (plants m−2)
LN2023,Fm208,2,48,plants_m2,Plant density (plants m−2)
LN2023,Fm208,3,12,plants_m2,Plant density (plants m−2)
LN2023,Fm214,1,24,plants_m2,Plant density (plants m−2)
LN2023,Fm214,2,48,plants_m2,Plant density (plants m−2)
LN2023,Fm214,3,48,plants_m2,Plant density (plants m−2)
LN2023,Fm215,1,108,plants_m2,Plant density (plants m−2)
LN2023,Fm215,2,84,plants_m2,Plant density (plants m−2)
LN2023,Fm215,3,72,plants_m2,Plant density (plants m−2)
LN2023,Fm216,1,24,plants_m2,Plant density (plants m−2)
LN2023,Fm216,2,12,plants_m2,Plant density (plants m−2)
LN2023,Fm216,3,24,plants_m2,Plant density (plants m−2)
LN2023,Fm219,1,48,plants_m2,Plant density (plants m−2)
LN2023,Fm219,2,48,plants_m2,Plant density (plants m−2)
LN2023,Fm219,3,72,plants_m2,Plant density (plants m−2)
LN2023,Fm220,1,84,plants_m2,Plant density (plants m−2)
LN2023,Fm220,2,72,plants_m2,Plant density (plants m−2)
LN2023,Fm220,3,48,plants_m2,Plant density (plants m−2)
LN2023,Fm221,1,48,plants_m2,Plant density (plants m−2)
LN2023,Fm221,2,66,plants_m2,Plant density (plants m−2)
LN2023,Fm221,3,48,plants_m2,Plant density (plants m−2)
LN2023,Fm225,1,60,plants_m2,Plant density (plants m−2)
LN2023,Fm225,2,72,plants_m2,Plant density (plants m−2)
LN2023,Fm225,3,72,plants_m2,Plant density (plants m−2)
LN2023,Fm227,1,72,plants_m2,Plant density (plants m−2)
LN2023,Fm227,2,36,plants_m2,Plant density (plants m−2)
LN2023,Fm227,3,36,plants_m2,Plant density (plants m−2)
LN2023,Fm228,1,84,plants_m2,Plant density (plants m−2)
LN2023,Fm228,2,48,plants_m2,Plant density (plants m−2)
LN2023,Fm228,3,84,plants_m2,Plant density (plants m−2)
LN2023,Fm232,1,60,plants_m2,Plant density (plants m−2)
LN2023,Fm232,2,60,plants_m2,Plant density (plants m−2)
LN2023,Fm232,3,84,plants_m2,Plant density (plants m−2)
LN2023,Fm233,1,60,plants_m2,Plant density (plants m−2)
LN2023,Fm233,2,48,plants_m2,Plant density (plants m−2)
LN2023,Fm233,3,48,plants_m2,Plant density (plants m−2)
LN2023,Fm234,1,48,plants_m2,Plant density (plants m−2)
LN2023,Fm234,2,72,plants_m2,Plant density (plants m−2)
LN2023,Fm234,3,72,plants_m2,Plant density (plants m−2)
LN2023,Fm235,1,54,plants_m2,Plant density (plants m−2)
LN2023,Fm235,2,60,plants_m2,Plant density (plants m−2)
LN2023,Fm235,3,48,plants_m2,Plant density (plants m−2)
LN2023,Fm236,1,36,plants_m2,Plant density (plants m−2)
LN2023,Fm236,2,36,plants_m2,Plant density (plants m−2)
LN2023,Fm236,3,36,plants_m2,Plant density (plants m−2)
LN2023,Fm238,1,72,plants_m2,Plant density (plants m−2)
LN2023,Fm238,2,84,plants_m2,Plant density (plants m−2)
LN2023,Fm238,3,36,plants_m2,Plant density (plants m−2)
LN2023,Fm245,1,48,plants_m2,Plant density (plants m−2)
LN2023,Fm245,2,72,plants_m2,Plant density (plants m−2)
LN2023,Fm245,3,24,plants_m2,Plant density (plants m−2)
LN2023,Fm246,1,96,plants_m2,Plant density (plants m−2)
LN2023,Fm246,2,60,plants_m2,Plant density (plants m−2)
LN2023,Fm246,3,60,plants_m2,Plant density (plants m−2)
LN2023,Fm249,1,84,plants_m2,Plant density (plants m−2)
LN2023,Fm249,2,60,plants_m2,Plant density (plants m−2)
LN2023,Fm249,3,48,plants_m2,Plant density (plants m−2)
LN2023,Fm250,1,48,plants_m2,Plant density (plants m−2)
LN2023,Fm250,2,36,plants_m2,Plant density (plants m−2)
LN2023,Fm250,3,24,plants_m2,Plant density (plants m−2)
LN2023,Fm251,1,108,plants_m2,Plant density (plants m−2)
LN2023,Fm251,2,72,plants_m2,Plant density (plants m−2)
LN2023,Fm251,3,72,plants_m2,Plant density (plants m−2)
LN2023,Fm255,1,60,plants_m2,Plant density (plants m−2)
LN2023,Fm255,2,60,plants_m2,Plant density (plants m−2)
LN2023,Fm255,3,96,plants_m2,Plant density (plants m−2)
LN2023,Fm28,1,36,plants_m2,Plant density (plants m−2)
LN2023,Fm28,2,36,plants_m2,Plant density (plants m−2)
LN2023,Fm28,3,36,plants_m2,Plant density (plants m−2)
LN2023,Fm3,1,48,plants_m2,Plant density (plants m−2)
LN2023,Fm3,2,60,plants_m2,Plant density (plants m−2)
LN2023,Fm3,3,72,plants_m2,Plant density (plants m−2)
LN2023,Fm30,1,108,plants_m2,Plant density (plants m−2)
LN2023,Fm30,2,60,plants_m2,Plant density (plants m−2)
LN2023,Fm30,3,84,plants_m2,Plant density (plants m−2)
LN2023,Fm31,1,108,plants_m2,Plant density (plants m−2)
LN2023,Fm31,2,60,plants_m2,Plant density (plants m−2)
LN2023,Fm31,3,72,plants_m2,Plant density (plants m−2)
LN2023,Fm321,1,72,plants_m2,Plant density (plants m−2)
LN2023,Fm321,2,72,plants_m2,Plant density (plants m−2)
LN2023,Fm321,3,84,plants_m2,Plant density (plants m−2)
LN2023,Fm322,1,48,plants_m2,Plant density (plants m−2)
LN2023,Fm322,2,48,plants_m2,Plant density (plants m−2)
LN2023,Fm322,3,96,plants_m2,Plant density (plants m−2)
LN2023,Fm324,1,36,plants_m2,Plant density (plants m−2)
LN2023,Fm324,2,36,plants_m2,Plant density (plants m−2)
LN2023,Fm324,3,36,plants_m2,Plant density (plants m−2)
LN2023,Fm325,1,84,plants_m2,Plant density (plants m−2)
LN2023,Fm325,2,84,plants_m2,Plant density (plants m−2)
LN2023,Fm325,3,48,plants_m2,Plant density (plants m−2)
LN2023,Fm328,1,48,plants_m2,Plant density (plants m−2)
LN2023,Fm328,2,60,plants_m2,Plant density (plants m−2)
LN2023,Fm328,3,48,plants_m2,Plant density (plants m−2)
LN2023,Fm332,1,48,plants_m2,Plant density (plants m−2)
LN2023,Fm332,2,36,plants_m2,Plant density (plants m−2)
LN2023,Fm332,3,48,plants_m2,Plant density (plants m−2)
LN2023,Fm334,1,60,plants_m2,Plant density (plants m−2)
LN2023,Fm334,2,48,plants_m2,Plant density (plants m−2)
LN2023,Fm334,3,48,plants_m2,Plant density (plants m−2)
LN2023,Fm336,1,54,plants_m2,Plant density (plants m−2)
LN2023,Fm336,2,48,plants_m2,Plant density (plants m−2)
LN2023,Fm336,3,48,plants_m2,Plant density (plants m−2)
LN2023,Fm337,1,36,plants_m2,Plant density (plants m−2)
LN2023,Fm337,2,48,plants_m2,Plant density (plants m−2)
LN2023,Fm337,3,24,plants_m2,Plant density (plants m−2)
LN2023,Fm341,1,36,plants_m2,Plant density (plants m−2)
LN2023,Fm341,2,36,plants_m2,Plant density (plants m−2)
LN2023,Fm341,3,36,plants_m2,Plant density (plants m−2)
LN2023,Fm343,1,58,plants_m2,Plant density (plants m−2)
LN2023,Fm343,2,36,plants_m2,Plant density (plants m−2)
LN2023,Fm343,3,72,plants_m2,Plant density (plants m−2)
LN2023,Fm344,1,48,plants_m2,Plant density (plants m−2)
LN2023,Fm344,2,36,plants_m2,Plant density (plants m−2)
LN2023,Fm344,3,36,plants_m2,Plant density (plants m−2)
LN2023,Fm345,1,60,plants_m2,Plant density (plants m−2)
LN2023,Fm345,2,84,plants_m2,Plant density (plants m−2)
LN2023,Fm345,3,48,plants_m2,Plant density (plants m−2)
LN2023,Fm346,1,24,plants_m2,Plant density (plants m−2)
LN2023,Fm346,2,0,plants_m2,Plant density (plants m−2)
LN2023,Fm346,3,12,plants_m2,Plant density (plants m−2)
LN2023,Fm347,1,108,plants_m2,Plant density (plants m−2)
LN2023,Fm347,2,96,plants_m2,Plant density (plants m−2)
LN2023,Fm347,3,60,plants_m2,Plant density (plants m−2)
LN2023,Fm349,1,60,plants_m2,Plant density (plants m−2)
LN2023,Fm349,2,60,plants_m2,Plant density (plants m−2)
LN2023,Fm349,3,48,plants_m2,Plant density (plants m−2)
LN2023,Fm351,1,96,plants_m2,Plant density (plants m−2)
LN2023,Fm351,2,72,plants_m2,Plant density (plants m−2)
LN2023,Fm351,3,84,plants_m2,Plant density (plants m−2)
LN2023,Fm352,1,36,plants_m2,Plant density (plants m−2)
LN2023,Fm352,2,12,plants_m2,Plant density (plants m−2)
LN2023,Fm352,3,24,plants_m2,Plant density (plants m−2)
LN2023,Fm354,1,84,plants_m2,Plant density (plants m−2)
LN2023,Fm354,2,54,plants_m2,Plant density (plants m−2)
LN2023,Fm354,3,48,plants_m2,Plant density (plants m−2)
LN2023,Fm355,1,36,plants_m2,Plant density (plants m−2)
LN2023,Fm355,2,48,plants_m2,Plant density (plants m−2)
LN2023,Fm355,3,72,plants_m2,Plant density (plants m−2)
LN2023,Fm356,1,72,plants_m2,Plant density (plants m−2)
LN2023,Fm356,2,84,plants_m2,Plant density (plants m−2)
LN2023,Fm356,3,60,plants_m2,Plant density (plants m−2)
LN2023,Fm357,1,108,plants_m2,Plant density (plants m−2)
LN2023,Fm357,2,72,plants_m2,Plant density (plants m−2)
LN2023,Fm357,3,72,plants_m2,Plant density (plants m−2)
LN2023,Fm358,1,96,plants_m2,Plant density (plants m−2)
LN2023,Fm358,2,96,plants_m2,Plant density (plants m−2)
LN2023,Fm358,3,72,plants_m2,Plant density (plants m−2)
LN2023,Fm359,1,84,plants_m2,Plant density (plants m−2)
LN2023,Fm359,2,96,plants_m2,Plant density (plants m−2)
LN2023,Fm359,3,108,plants_m2,Plant density (plants m−2)
LN2023,Fm36,1,84,plants_m2,Plant density (plants m−2)
LN2023,Fm36,2,96,plants_m2,Plant density (plants m−2)
LN2023,Fm36,3,48,plants_m2,Plant density (plants m−2)
LN2023,Fm361,1,120,plants_m2,Plant density (plants m−2)
LN2023,Fm361,2,96,plants_m2,Plant density (plants m−2)
LN2023,Fm361,3,72,plants_m2,Plant density (plants m−2)
LN2023,Fm362,1,72,plants_m2,Plant density (plants m−2)
LN2023,Fm362,2,96,plants_m2,Plant density (plants m−2)
LN2023,Fm362,3,60,plants_m2,Plant density (plants m−2)
LN2023,Fm363,1,72,plants_m2,Plant density (plants m−2)
LN2023,Fm363,2,24,plants_m2,Plant density (plants m−2)
LN2023,Fm363,3,36,plants_m2,Plant density (plants m−2)
LN2023,Fm364,1,72,plants_m2,Plant density (plants m−2)
LN2023,Fm364,2,60,plants_m2,Plant density (plants m−2)
LN2023,Fm364,3,72,plants_m2,Plant density (plants m−2)
LN2023,Fm365,1,96,plants_m2,Plant density (plants m−2)
LN2023,Fm365,2,72,plants_m2,Plant density (plants m−2)
LN2023,Fm365,3,60,plants_m2,Plant density (plants m−2)
LN2023,Fm366,1,72,plants_m2,Plant density (plants m−2)
LN2023,Fm366,2,84,plants_m2,Plant density (plants m−2)
LN2023,Fm366,3,48,plants_m2,Plant density (plants m−2)
LN2023,Fm368,1,96,plants_m2,Plant density (plants m−2)
LN2023,Fm368,2,72,plants_m2,Plant density (plants m−2)
LN2023,Fm368,3,48,plants_m2,Plant density (plants m−2)
LN2023,Fm369,1,84,plants_m2,Plant density (plants m−2)
LN2023,Fm369,2,72,plants_m2,Plant density (plants m−2)
LN2023,Fm369,3,60,plants_m2,Plant density (plants m−2)
LN2023,Fm370,1,96,plants_m2,Plant density (plants m−2)
LN2023,Fm370,2,60,plants_m2,Plant density (plants m−2)
LN2023,Fm370,3,60,plants_m2,Plant density (plants m−2)
LN2023,Fm372,1,48,plants_m2,Plant density (plants m−2)
LN2023,Fm372,2,36,plants_m2,Plant density (plants m−2)
LN2023,Fm372,3,48,plants_m2,Plant density (plants m−2)
LN2023,Fm375,1,60,plants_m2,Plant density (plants m−2)
LN2023,Fm375,2,60,plants_m2,Plant density (plants m−2)
LN2023,Fm375,3,36,plants_m2,Plant density (plants m−2)
LN2023,Fm376,1,96,plants_m2,Plant density (plants m−2)
LN2023,Fm376,2,72,plants_m2,Plant density (plants m−2)
LN2023,Fm376,3,72,plants_m2,Plant density (plants m−2)
LN2023,Fm377,1,60,plants_m2,Plant density (plants m−2)
LN2023,Fm377,2,72,plants_m2,Plant density (plants m−2)
LN2023,Fm377,3,36,plants_m2,Plant density (plants m−2)
LN2023,Fm378,1,48,plants_m2,Plant density (plants m−2)
LN2023,Fm378,2,84,plants_m2,Plant density (plants m−2)
LN2023,Fm378,3,48,plants_m2,Plant density (plants m−2)
LN2023,Fm379,1,84,plants_m2,Plant density (plants m−2)
LN2023,Fm379,2,72,plants_m2,Plant density (plants m−2)
LN2023,Fm379,3,48,plants_m2,Plant density (plants m−2)
LN2023,Fm380,1,36,plants_m2,Plant density (plants m−2)
LN2023,Fm380,2,48,plants_m2,Plant density (plants m−2)
LN2023,Fm380,3,48,plants_m2,Plant density (plants m−2)
LN2023,Fm381,1,60,plants_m2,Plant density (plants m−2)
LN2023,Fm381,2,48,plants_m2,Plant density (plants m−2)
LN2023,Fm381,3,72,plants_m2,Plant density (plants m−2)
LN2023,Fm382,1,36,plants_m2,Plant density (plants m−2)
LN2023,Fm382,2,60,plants_m2,Plant density (plants m−2)
LN2023,Fm382,3,60,plants_m2,Plant density (plants m−2)
LN2023,Fm383,1,84,plants_m2,Plant density (plants m−2)
LN2023,Fm383,2,48,plants_m2,Plant density (plants m−2)
LN2023,Fm383,3,96,plants_m2,Plant density (plants m−2)
LN2023,Fm384,1,60,plants_m2,Plant density (plants m−2)
LN2023,Fm384,2,72,plants_m2,Plant density (plants m−2)
LN2023,Fm384,3,48,plants_m2,Plant density (plants m−2)
LN2023,Fm387,1,60,plants_m2,Plant density (plants m−2)
LN2023,Fm387,2,60,plants_m2,Plant density (plants m−2)
LN2023,Fm387,3,84,plants_m2,Plant density (plants m−2)
LN2023,Fm388,1,60,plants_m2,Plant density (plants m−2)
LN2023,Fm388,2,48,plants_m2,Plant density (plants m−2)
LN2023,Fm388,3,60,plants_m2,Plant density (plants m−2)
LN2023,Fm389,1,66,plants_m2,Plant density (plants m−2)
LN2023,Fm389,2,60,plants_m2,Plant density (plants m−2)
LN2023,Fm389,3,96,plants_m2,Plant density (plants m−2)
LN2023,Fm39,1,36,plants_m2,Plant density (plants m−2)
LN2023,Fm39,2,24,plants_m2,Plant density (plants m−2)
LN2023,Fm39,3,48,plants_m2,Plant density (plants m−2)
LN2023,Fm390,1,36,plants_m2,Plant density (plants m−2)
LN2023,Fm390,2,60,plants_m2,Plant density (plants m−2)
LN2023,Fm390,3,48,plants_m2,Plant density (plants m−2)
LN2023,Fm391,1,48,plants_m2,Plant density (plants m−2)
LN2023,Fm391,2,24,plants_m2,Plant density (plants m−2)
LN2023,Fm391,3,72,plants_m2,Plant density (plants m−2)
LN2023,Fm392,1,48,plants_m2,Plant density (plants m−2)
LN2023,Fm392,2,72,plants_m2,Plant density (plants m−2)
LN2023,Fm392,3,36,plants_m2,Plant density (plants m−2)
LN2023,Fm394,1,72,plants_m2,Plant density (plants m−2)
LN2023,Fm394,2,84,plants_m2,Plant density (plants m−2)
LN2023,Fm394,3,84,plants_m2,Plant density (plants m−2)
LN2023,Fm395,1,60,plants_m2,Plant density (plants m−2)
LN2023,Fm395,2,60,plants_m2,Plant density (plants m−2)
LN2023,Fm395,3,36,plants_m2,Plant density (plants m−2)
LN2023,Fm396,1,48,plants_m2,Plant density (plants m−2)
LN2023,Fm396,2,24,plants_m2,Plant density (plants m−2)
LN2023,Fm396,3,48,plants_m2,Plant density (plants m−2)
LN2023,Fm398,1,60,plants_m2,Plant density (plants m−2)
LN2023,Fm398,2,24,plants_m2,Plant density (plants m−2)
LN2023,Fm398,3,48,plants_m2,Plant density (plants m−2)
LN2023,Fm400,1,84,plants_m2,Plant density (plants m−2)
LN2023,Fm400,2,72,plants_m2,Plant density (plants m−2)
LN2023,Fm400,3,72,plants_m2,Plant density (plants m−2)
LN2023,Fm401,1,60,plants_m2,Plant density (plants m−2)
LN2023,Fm401,2,72,plants_m2,Plant density (plants m−2)
LN2023,Fm401,3,84,plants_m2,Plant density (plants m−2)
LN2023,Fm402,1,60,plants_m2,Plant density (plants m−2)
LN2023,Fm402,2,48,plants_m2,Plant density (plants m−2)
LN2023,Fm402,3,60,plants_m2,Plant density (plants m−2)
LN2023,Fm403,1,120,plants_m2,Plant density (plants m−2)
LN2023,Fm403,2,96,plants_m2,Plant density (plants m−2)
LN2023,Fm403,3,84,plants_m2,Plant density (plants m−2)
LN2023,Fm404,1,36,plants_m2,Plant density (plants m−2)
LN2023,Fm404,2,48,plants_m2,Plant density (plants m−2)
LN2023,Fm404,3,48,plants_m2,Plant density (plants m−2)
LN2023,Fm405,1,54,plants_m2,Plant density (plants m−2)
LN2023,Fm405,2,84,plants_m2,Plant density (plants m−2)
LN2023,Fm405,3,24,plants_m2,Plant density (plants m−2)
LN2023,Fm406,1,48,plants_m2,Plant density (plants m−2)
LN2023,Fm406,2,36,plants_m2,Plant density (plants m−2)
LN2023,Fm406,3,24,plants_m2,Plant density (plants m−2)
LN2023,Fm407,1,66,plants_m2,Plant density (plants m−2)
LN2023,Fm407,2,72,plants_m2,Plant density (plants m−2)
LN2023,Fm407,3,60,plants_m2,Plant density (plants m−2)
LN2023,Fm409,1,36,plants_m2,Plant density (plants m−2)
LN2023,Fm409,2,72,plants_m2,Plant density (plants m−2)
LN2023,Fm409,3,24,plants_m2,Plant density (plants m−2)
LN2023,Fm41,1,60,plants_m2,Plant density (plants m−2)
LN2023,Fm41,2,84,plants_m2,Plant density (plants m−2)
LN2023,Fm41,3,48,plants_m2,Plant density (plants m−2)
LN2023,Fm410,1,96,plants_m2,Plant density (plants m−2)
LN2023,Fm410,2,60,plants_m2,Plant density (plants m−2)
LN2023,Fm410,3,60,plants_m2,Plant density (plants m−2)
LN2023,Fm411,1,60,plants_m2,Plant density (plants m−2)
LN2023,Fm411,2,36,plants_m2,Plant density (plants m−2)
LN2023,Fm411,3,84,plants_m2,Plant density (plants m−2)
LN2023,Fm412,1,60,plants_m2,Plant density (plants m−2)
LN2023,Fm412,2,36,plants_m2,Plant density (plants m−2)
LN2023,Fm412,3,36,plants_m2,Plant density (plants m−2)
LN2023,Fm413,1,48,plants_m2,Plant density (plants m−2)
LN2023,Fm413,2,60,plants_m2,Plant density (plants m−2)
LN2023,Fm413,3,60,plants_m2,Plant density (plants m−2)
LN2023,Fm414,1,60,plants_m2,Plant density (plants m−2)
LN2023,Fm414,2,84,plants_m2,Plant density (plants m−2)
LN2023,Fm414,3,96,plants_m2,Plant density (plants m−2)
LN2023,Fm415,1,96,plants_m2,Plant density (plants m−2)
LN2023,Fm415,2,72,plants_m2,Plant density (plants m−2)
LN2023,Fm415,3,60,plants_m2,Plant density (plants m−2)
LN2023,Fm416,1,120,plants_m2,Plant density (plants m−2)
LN2023,Fm416,2,84,plants_m2,Plant density (plants m−2)
LN2023,Fm416,3,72,plants_m2,Plant density (plants m−2)
LN2023,Fm417,1,48,plants_m2,Plant density (plants m−2)
LN2023,Fm417,2,60,plants_m2,Plant density (plants m−2)
LN2023,Fm417,3,84,plants_m2,Plant density (plants m−2)
LN2023,Fm418,1,96,plants_m2,Plant density (plants m−2)
LN2023,Fm418,2,72,plants_m2,Plant density (plants m−2)
LN2023,Fm418,3,108,plants_m2,Plant density (plants m−2)
LN2023,Fm419,1,60,plants_m2,Plant density (plants m−2)
LN2023,Fm419,2,72,plants_m2,Plant density (plants m−2)
LN2023,Fm419,3,60,plants_m2,Plant density (plants m−2)
LN2023,Fm420,1,60,plants_m2,Plant density (plants m−2)
LN2023,Fm420,2,72,plants_m2,Plant density (plants m−2)
LN2023,Fm420,3,108,plants_m2,Plant density (plants m−2)
LN2023,Fm421,1,60,plants_m2,Plant density (plants m−2)
LN2023,Fm421,2,60,plants_m2,Plant density (plants m−2)
LN2023,Fm421,3,48,plants_m2,Plant density (plants m−2)
LN2023,Fm428,1,36,plants_m2,Plant density (plants m−2)
LN2023,Fm428,2,48,plants_m2,Plant density (plants m−2)
LN2023,Fm428,3,24,plants_m2,Plant density (plants m−2)
LN2023,Fm429,1,96,plants_m2,Plant density (plants m−2)
LN2023,Fm429,2,48,plants_m2,Plant density (plants m−2)
LN2023,Fm429,3,84,plants_m2,Plant density (plants m−2)
LN2023,Fm43,1,60,plants_m2,Plant density (plants m−2)
LN2023,Fm43,2,84,plants_m2,Plant density (plants m−2)
LN2023,Fm43,3,60,plants_m2,Plant density (plants m−2)
LN2023,Fm44,1,48,plants_m2,Plant density (plants m−2)
LN2023,Fm44,2,84,plants_m2,Plant density (plants m−2)
LN2023,Fm44,3,72,plants_m2,Plant density (plants m−2)
LN2023,Fm442,1,60,plants_m2,Plant density (plants m−2)
LN2023,Fm442,2,96,plants_m2,Plant density (plants m−2)
LN2023,Fm442,3,72,plants_m2,Plant density (plants m−2)
LN2023,Fm443,1,60,plants_m2,Plant density (plants m−2)
LN2023,Fm443,2,60,plants_m2,Plant density (plants m−2)
LN2023,Fm443,3,72,plants_m2,Plant density (plants m−2)
LN2023,Fm444,1,96,plants_m2,Plant density (plants m−2)
LN2023,Fm444,2,120,plants_m2,Plant density (plants m−2)
LN2023,Fm444,3,96,plants_m2,Plant density (plants m−2)
LN2023,Fm446,1,72,plants_m2,Plant density (plants m−2)
LN2023,Fm446,2,108,plants_m2,Plant density (plants m−2)
LN2023,Fm446,3,84,plants_m2,Plant density (plants m−2)
LN2023,Fm45,1,60,plants_m2,Plant density (plants m−2)
LN2023,Fm45,2,48,plants_m2,Plant density (plants m−2)
LN2023,Fm45,3,72,plants_m2,Plant density (plants m−2)
LN2023,Fm458,1,96,plants_m2,Plant density (plants m−2)
LN2023,Fm458,2,96,plants_m2,Plant density (plants m−2)
LN2023,Fm458,3,72,plants_m2,Plant density (plants m−2)
LN2023,Fm46,1,96,plants_m2,Plant density (plants m−2)
LN2023,Fm46,2,96,plants_m2,Plant density (plants m−2)
LN2023,Fm46,3,72,plants_m2,Plant density (plants m−2)
LN2023,Fm461,1,48,plants_m2,Plant density (plants m−2)
LN2023,Fm461,2,60,plants_m2,Plant density (plants m−2)
LN2023,Fm461,3,96,plants_m2,Plant density (plants m−2)
LN2023,Fm463,1,96,plants_m2,Plant density (plants m−2)
LN2023,Fm463,2,84,plants_m2,Plant density (plants m−2)
LN2023,Fm463,3,84,plants_m2,Plant density (plants m−2)
LN2023,Fm464,1,48,plants_m2,Plant density (plants m−2)
LN2023,Fm464,2,60,plants_m2,Plant density (plants m−2)
LN2023,Fm464,3,60,plants_m2,Plant density (plants m−2)
LN2023,Fm468,1,36,plants_m2,Plant density (plants m−2)
LN2023,Fm468,2,36,plants_m2,Plant density (plants m−2)
LN2023,Fm468,3,36,plants_m2,Plant density (plants m−2)
LN2023,Fm474,1,24,plants_m2,Plant density (plants m−2)
LN2023,Fm474,2,60,plants_m2,Plant density (plants m−2)
LN2023,Fm474,3,60,plants_m2,Plant density (plants m−2)
LN2023,Fm475,1,84,plants_m2,Plant density (plants m−2)
LN2023,Fm475,2,84,plants_m2,Plant density (plants m−2)
LN2023,Fm475,3,72,plants_m2,Plant density (plants m−2)
LN2023,Fm476,1,48,plants_m2,Plant density (plants m−2)
LN2023,Fm476,2,60,plants_m2,Plant density (plants m−2)
LN2023,Fm476,3,96,plants_m2,Plant density (plants m−2)
LN2023,Fm477,1,24,plants_m2,Plant density (plants m−2)
LN2023,Fm477,2,36,plants_m2,Plant density (plants m−2)
LN2023,Fm477,3,36,plants_m2,Plant density (plants m−2)
LN2023,Fm478,1,108,plants_m2,Plant density (plants m−2)
LN2023,Fm478,2,98,plants_m2,Plant density (plants m−2)
LN2023,Fm478,3,96,plants_m2,Plant density (plants m−2)
LN2023,Fm480,1,84,plants_m2,Plant density (plants m−2)
LN2023,Fm480,2,60,plants_m2,Plant density (plants m−2)
LN2023,Fm480,3,60,plants_m2,Plant density (plants m−2)
LN2023,Fm482,1,84,plants_m2,Plant density (plants m−2)
LN2023,Fm482,2,96,plants_m2,Plant density (plants m−2)
LN2023,Fm482,3,60,plants_m2,Plant density (plants m−2)
LN2023,Fm484,1,48,plants_m2,Plant density (plants m−2)
LN2023,Fm484,2,24,plants_m2,Plant density (plants m−2)
LN2023,Fm484,3,54,plants_m2,Plant density (plants m−2)
LN2023,Fm489,1,84,plants_m2,Plant density (plants m−2)
LN2023,Fm489,2,48,plants_m2,Plant density (plants m−2)
LN2023,Fm489,3,60,plants_m2,Plant density (plants m−2)
LN2023,Fm491,1,60,plants_m2,Plant density (plants m−2)
LN2023,Fm491,2,36,plants_m2,Plant density (plants m−2)
LN2023,Fm491,3,48,plants_m2,Plant density (plants m−2)
LN2023,Fm492,1,108,plants_m2,Plant density (plants m−2)
LN2023,Fm492,2,72,plants_m2,Plant density (plants m−2)
LN2023,Fm492,3,60,plants_m2,Plant density (plants m−2)
LN2023,Fm496,1,60,plants_m2,Plant density (plants m−2)
LN2023,Fm496,2,48,plants_m2,Plant density (plants m−2)
LN2023,Fm496,3,48,plants_m2,Plant density (plants m−2)
LN2023,Fm505,1,48,plants_m2,Plant density (plants m−2)
LN2023,Fm505,2,60,plants_m2,Plant density (plants m−2)
LN2023,Fm505,3,84,plants_m2,Plant density (plants m−2)
LN2023,Fm507,1,48,plants_m2,Plant density (plants m−2)
LN2023,Fm507,2,12,plants_m2,Plant density (plants m−2)
LN2023,Fm507,3,36,plants_m2,Plant density (plants m−2)
LN2023,Fm510,1,36,plants_m2,Plant density (plants m−2)
LN2023,Fm510,2,72,plants_m2,Plant density (plants m−2)
LN2023,Fm510,3,48,plants_m2,Plant density (plants m−2)
LN2023,Fm518,1,36,plants_m2,Plant density (plants m−2)
LN2023,Fm518,2,48,plants_m2,Plant density (plants m−2)
LN2023,Fm518,3,72,plants_m2,Plant density (plants m−2)
LN2023,Fm519,1,72,plants_m2,Plant density (plants m−2)
LN2023,Fm519,2,96,plants_m2,Plant density (plants m−2)
LN2023,Fm519,3,48,plants_m2,Plant density (plants m−2)
LN2023,Fm522,1,108,plants_m2,Plant density (plants m−2)
LN2023,Fm522,2,60,plants_m2,Plant density (plants m−2)
LN2023,Fm522,3,72,plants_m2,Plant density (plants m−2)
LN2023,Fm523,1,108,plants_m2,Plant density (plants m−2)
LN2023,Fm523,2,108,plants_m2,Plant density (plants m−2)
LN2023,Fm523,3,72,plants_m2,Plant density (plants m−2)
LN2023,Fm524,1,84,plants_m2,Plant density (plants m−2)
LN2023,Fm524,2,72,plants_m2,Plant density (plants m−2)
LN2023,Fm524,3,48,plants_m2,Plant density (plants m−2)
LN2023,Fm537,1,84,plants_m2,Plant density (plants m−2)
LN2023,Fm537,2,96,plants_m2,Plant density (plants m−2)
LN2023,Fm537,3,60,plants_m2,Plant density (plants m−2)
LN2023,Fm54,1,96,plants_m2,Plant density (plants m−2)
LN2023,Fm54,2,48,plants_m2,Plant density (plants m−2)
LN2023,Fm54,3,48,plants_m2,Plant density (plants m−2)
LN2023,Fm55,1,96,plants_m2,Plant density (plants m−2)
LN2023,Fm55,2,96,plants_m2,Plant density (plants m−2)
LN2023,Fm55,3,84,plants_m2,Plant density (plants m−2)
LN2023,Fm552,1,72,plants_m2,Plant density (plants m−2)
LN2023,Fm552,2,60,plants_m2,Plant density (plants m−2)
LN2023,Fm552,3,96,plants_m2,Plant density (plants m−2)
LN2023,Fm559,1,60,plants_m2,Plant density (plants m−2)
LN2023,Fm559,2,72,plants_m2,Plant density (plants m−2)
LN2023,Fm559,3,72,plants_m2,Plant density (plants m−2)
LN2023,Fm56,1,60,plants_m2,Plant density (plants m−2)
LN2023,Fm56,2,60,plants_m2,Plant density (plants m−2)
LN2023,Fm56,3,84,plants_m2,Plant density (plants m−2)
LN2023,Fm560,1,72,plants_m2,Plant density (plants m−2)
LN2023,Fm560,2,84,plants_m2,Plant density (plants m−2)
LN2023,Fm560,3,84,plants_m2,Plant density (plants m−2)
LN2023,Fm566,1,96,plants_m2,Plant density (plants m−2)
LN2023,Fm566,2,72,plants_m2,Plant density (plants m−2)
LN2023,Fm566,3,48,plants_m2,Plant density (plants m−2)
LN2023,Fm569,1,72,plants_m2,Plant density (plants m−2)
LN2023,Fm569,2,60,plants_m2,Plant density (plants m−2)
LN2023,Fm569,3,72,plants_m2,Plant density (plants m−2)
LN2023,Fm57,1,78,plants_m2,Plant density (plants m−2)
LN2023,Fm57,2,96,plants_m2,Plant density (plants m−2)
LN2023,Fm57,3,72,plants_m2,Plant density (plants m−2)
LN2023,Fm573,1,108,plants_m2,Plant density (plants m−2)
LN2023,Fm573,2,96,plants_m2,Plant density (plants m−2)
LN2023,Fm573,3,96,plants_m2,Plant density (plants m−2)
LN2023,Fm585,1,24,plants_m2,Plant density (plants m−2)
LN2023,Fm585,2,12,plants_m2,Plant density (plants m−2)
LN2023,Fm585,3,24,plants_m2,Plant density (plants m−2)
LN2023,Fm589,1,96,plants_m2,Plant density (plants m−2)
LN2023,Fm589,2,108,plants_m2,Plant density (plants m−2)
LN2023,Fm589,3,84,plants_m2,Plant density (plants m−2)
LN2023,Fm590,1,108,plants_m2,Plant density (plants m−2)
LN2023,Fm590,2,96,plants_m2,Plant density (plants m−2)
LN2023,Fm590,3,84,plants_m2,Plant density (plants m−2)
LN2023,Fm592,1,96,plants_m2,Plant density (plants m−2)
LN2023,Fm592,2,108,plants_m2,Plant density (plants m−2)
LN2023,Fm592,3,60,plants_m2,Plant density (plants m−2)
LN2023,Fm595,1,108,plants_m2,Plant density (plants m−2)
LN2023,Fm595,2,60,plants_m2,Plant density (plants m−2)
LN2023,Fm595,3,72,plants_m2,Plant density (plants m−2)
LN2023,Fm597,1,78,plants_m2,Plant density (plants m−2)
LN2023,Fm597,2,84,plants_m2,Plant density (plants m−2)
LN2023,Fm597,3,84,plants_m2,Plant density (plants m−2)
LN2023,Fm599,1,84,plants_m2,Plant density (plants m−2)
LN2023,Fm599,2,84,plants_m2,Plant density (plants m−2)
LN2023,Fm599,3,84,plants_m2,Plant density (plants m−2)
LN2023,Fm60,1,96,plants_m2,Plant density (plants m−2)
LN2023,Fm60,2,84,plants_m2,Plant density (plants m−2)
LN2023,Fm60,3,48,plants_m2,Plant density (plants m−2)
LN2023,Fm600,1,84,plants_m2,Plant density (plants m−2)
LN2023,Fm600,2,60,plants_m2,Plant density (plants m−2)
LN2023,Fm600,3,72,plants_m2,Plant density (plants m−2)
LN2023,Fm601,1,132,plants_m2,Plant density (plants m−2)
LN2023,Fm601,2,84,plants_m2,Plant density (plants m−2)
LN2023,Fm601,3,84,plants_m2,Plant density (plants m−2)
LN2023,Fm603,1,60,plants_m2,Plant density (plants m−2)
LN2023,Fm603,2,48,plants_m2,Plant density (plants m−2)
LN2023,Fm603,3,36,plants_m2,Plant density (plants m−2)
LN2023,Fm609,1,48,plants_m2,Plant density (plants m−2)
LN2023,Fm609,2,48,plants_m2,Plant density (plants m−2)
LN2023,Fm609,3,60,plants_m2,Plant density (plants m−2)
LN2023,Fm610,1,96,plants_m2,Plant density (plants m−2)
LN2023,Fm610,2,72,plants_m2,Plant density (plants m−2)
LN2023,Fm610,3,84,plants_m2,Plant density (plants m−2)
LN2023,Fm611,1,108,plants_m2,Plant density (plants m−2)
LN2023,Fm611,2,96,plants_m2,Plant density (plants m−2)
LN2023,Fm611,3,132,plants_m2,Plant density (plants m−2)
LN2023,Fm612,1,72,plants_m2,Plant density (plants m−2)
LN2023,Fm612,2,48,plants_m2,Plant density (plants m−2)
LN2023,Fm612,3,84,plants_m2,Plant density (plants m−2)
LN2023,Fm614,1,120,plants_m2,Plant density (plants m−2)
LN2023,Fm614,2,72,plants_m2,Plant density (plants m−2)
LN2023,Fm614,3,72,plants_m2,Plant density (plants m−2)
LN2023,Fm615,1,60,plants_m2,Plant density (plants m−2)
LN2023,Fm615,2,84,plants_m2,Plant density (plants m−2)
LN2023,Fm615,3,96,plants_m2,Plant density (plants m−2)
LN2023,Fm616,1,84,plants_m2,Plant density (plants m−2)
LN2023,Fm616,2,96,plants_m2,Plant density (plants m−2)
LN2023,Fm616,3,96,plants_m2,Plant density (plants m−2)
LN2023,Fm620,1,108,plants_m2,Plant density (plants m−2)
LN2023,Fm620,2,96,plants_m2,Plant density (plants m−2)
LN2023,Fm620,3,60,plants_m2,Plant density (plants m−2)
LN2023,Fm621,1,72,plants_m2,Plant density (plants m−2)
LN2023,Fm621,2,60,plants_m2,Plant density (plants m−2)
LN2023,Fm621,3,96,plants_m2,Plant density (plants m−2)
LN2023,Fm63,1,84,plants_m2,Plant density (plants m−2)
LN2023,Fm63,2,72,plants_m2,Plant density (plants m−2)
LN2023,Fm63,3,48,plants_m2,Plant density (plants m−2)
LN2023,Fm65,1,108,plants_m2,Plant density (plants m−2)
LN2023,Fm65,2,84,plants_m2,Plant density (plants m−2)
LN2023,Fm65,3,84,plants_m2,Plant density (plants m−2)
LN2023,Fm74,1,84,plants_m2,Plant density (plants m−2)
LN2023,Fm74,2,48,plants_m2,Plant density (plants m−2)
LN2023,Fm74,3,36,plants_m2,Plant density (plants m−2)
LN2023,Fm78,1,48,plants_m2,Plant density (plants m−2)
LN2023,Fm78,2,36,plants_m2,Plant density (plants m−2)
LN2023,Fm78,3,12,plants_m2,Plant density (plants m−2)
LN2023,Fm79,1,48,plants_m2,Plant density (plants m−2)
LN2023,Fm79,2,36,plants_m2,Plant density (plants m−2)
LN2023,Fm79,3,36,plants_m2,Plant density (plants m−2)
LN2023,Fm81,1,96,plants_m2,Plant density (plants m−2)
LN2023,Fm81,2,48,plants_m2,Plant density (plants m−2)
LN2023,Fm81,3,84,plants_m2,Plant density (plants m−2)
LN2023,Fm83,1,60,plants_m2,Plant density (plants m−2)
LN2023,Fm83,2,36,plants_m2,Plant density (plants m−2)
LN2023,Fm83,3,60,plants_m2,Plant density (plants m−2)
LN2023,Fm84,1,84,plants_m2,Plant density (plants m−2)
LN2023,Fm84,2,72,plants_m2,Plant density (plants m−2)
LN2023,Fm84,3,60,plants_m2,Plant density (plants m−2)
LN2023,Fm86,1,60,plants_m2,Plant density (plants m−2)
LN2023,Fm86,2,60,plants_m2,Plant density (plants m−2)
LN2023,Fm86,3,96,plants_m2,Plant density (plants m−2)
LN2023,Fm87,1,48,plants_m2,Plant density (plants m−2)
LN2023,Fm87,2,60,plants_m2,Plant density (plants m−2)
LN2023,Fm87,3,36,plants_m2,Plant density (plants m−2)
LN2023,Fm88,1,54,plants_m2,Plant density (plants m−2)
LN2023,Fm88,2,60,plants_m2,Plant density (plants m−2)
LN2023,Fm88,3,48,plants_m2,Plant density (plants m−2)
LN2023,Fm91,1,72,plants_m2,Plant density (plants m−2)
LN2023,Fm91,2,72,plants_m2,Plant density (plants m−2)
LN2023,Fm91,3,48,plants_m2,Plant density (plants m−2)
LN2023,Fm96,1,96,plants_m2,Plant density (plants m−2)
LN2023,Fm96,2,96,plants_m2,Plant density (plants m−2)
LN2023,Fm96,3,132,plants_m2,Plant density (plants m−2)
LN2023,Fm97,1,48,plants_m2,Plant density (plants m−2)
LN2023,Fm97,2,84,plants_m2,Plant density (plants m−2)
LN2023,Fm97,3,72,plants_m2,Plant density (plants m−2)
LN2023,Fm170,1,0.817518248175183,thousand_seed_weight_g,Thousand-seed weight (g)
LN2023,Fm170,2,1.46268656716418,thousand_seed_weight_g,Thousand-seed weight (g)
LN2023,Fm170,3,1.87872763419483,thousand_seed_weight_g,Thousand-seed weight (g)
LN2023,Fm173,1,2.8952912142152,thousand_seed_weight_g,Thousand-seed weight (g)
LN2023,Fm173,2,2.40121421520237,thousand_seed_weight_g,Thousand-seed weight (g)
LN2023,Fm173,3,0.4,thousand_seed_weight_g,Thousand-seed weight (g)
LN2023,Fm174,1,2.46147540983606,thousand_seed_weight_g,Thousand-seed weight (g)
LN2023,Fm174,2,1.26462585034014,thousand_seed_weight_g,Thousand-seed weight (g)
LN2023,Fm174,3,2.05766633565045,thousand_seed_weight_g,Thousand-seed weight (g)
LN2023,Fm176,1,2.29801556420234,thousand_seed_weight_g,Thousand-seed weight (g)
LN2023,Fm176,2,1.81479007633588,thousand_seed_weight_g,Thousand-seed weight (g)
LN2023,Fm176,3,1.77747663551402,thousand_seed_weight_g,Thousand-seed weight (g)
LN2023,Fm181,1,2.10062068965517,thousand_seed_weight_g,Thousand-seed weight (g)
LN2023,Fm181,2,1.81382751937985,thousand_seed_weight_g,Thousand-seed weight (g)
LN2023,Fm181,3,2.03297872340425,thousand_seed_weight_g,Thousand-seed weight (g)
LN2023,Fm185,1,0.997637178051512,thousand_seed_weight_g,Thousand-seed weight (g)
LN2023,Fm185,2,1.20647834274953,thousand_seed_weight_g,Thousand-seed weight (g)
LN2023,Fm185,3,1.30565217391304,thousand_seed_weight_g,Thousand-seed weight (g)
LN2023,Fm190,1,3.10758208955224,thousand_seed_weight_g,Thousand-seed weight (g)
LN2023,Fm190,2,2.65028543307087,thousand_seed_weight_g,Thousand-seed weight (g)
LN2023,Fm190,3,2.97326732673267,thousand_seed_weight_g,Thousand-seed weight (g)
LN2023,Fm193,1,2.02182178217822,thousand_seed_weight_g,Thousand-seed weight (g)
LN2023,Fm193,2,1.92726915520629,thousand_seed_weight_g,Thousand-seed weight (g)
LN2023,Fm193,3,1.886650390625,thousand_seed_weight_g,Thousand-seed weight (g)
LN2023,Fm194,1,2.95817910447761,thousand_seed_weight_g,Thousand-seed weight (g)
LN2023,Fm194,2,2.73613089509143,thousand_seed_weight_g,Thousand-seed weight (g)
LN2023,Fm194,3,2.89457446808511,thousand_seed_weight_g,Thousand-seed weight (g)
LN2023,Fm195,1,2.08334985133796,thousand_seed_weight_g,Thousand-seed weight (g)
LN2023,Fm195,2,2.53493519441675,thousand_seed_weight_g,Thousand-seed weight (g)
LN2023,Fm195,3,2.32858108108108,thousand_seed_weight_g,Thousand-seed weight (g)
LN2023,Fm203,1,1.97284466019417,thousand_seed_weight_g,Thousand-seed weight (g)
LN2023,Fm203,2,1.87808510638298,thousand_seed_weight_g,Thousand-seed weight (g)
LN2023,Fm203,3,2.09193359375,thousand_seed_weight_g,Thousand-seed weight (g)
LN2023,Fm208,1,1.89913043478261,thousand_seed_weight_g,Thousand-seed weight (g)
LN2023,Fm208,2,1.55885406464251,thousand_seed_weight_g,Thousand-seed weight (g)
LN2023,Fm208,3,0.405944609297725,thousand_seed_weight_g,Thousand-seed weight (g)
LN2023,Fm214,1,1.95012476007678,thousand_seed_weight_g,Thousand-seed weight (g)
LN2023,Fm214,2,2.63108695652174,thousand_seed_weight_g,Thousand-seed weight (g)
LN2023,Fm214,3,1.98064015518914,thousand_seed_weight_g,Thousand-seed weight (g)
LN2023,Fm215,1,2.42368110236221,thousand_seed_weight_g,Thousand-seed weight (g)
LN2023,Fm215,2,2.610029296875,thousand_seed_weight_g,Thousand-seed weight (g)
LN2023,Fm215,3,2.10426326129666,thousand_seed_weight_g,Thousand-seed weight (g)
LN2023,Fm216,1,3.83383,thousand_seed_weight_g,Thousand-seed weight (g)
LN2023,Fm216,2,3.16419483101392,thousand_seed_weight_g,Thousand-seed weight (g)
LN2023,Fm216,3,3.88388,thousand_seed_weight_g,Thousand-seed weight (g)
LN2023,Fm219,1,2.22222,thousand_seed_weight_g,Thousand-seed weight (g)
LN2023,Fm219,2,2.17479166666667,thousand_seed_weight_g,Thousand-seed weight (g)
LN2023,Fm219,3,2.17523107177974,thousand_seed_weight_g,Thousand-seed weight (g)
LN2023,Fm221,1,1.5558064516129,thousand_seed_weight_g,Thousand-seed weight (g)
LN2023,Fm221,2,1.67636188642926,thousand_seed_weight_g,Thousand-seed weight (g)
LN2023,Fm221,3,1.86324752475248,thousand_seed_weight_g,Thousand-seed weight (g)
LN2023,Fm225,1,2.05536031589339,thousand_seed_weight_g,Thousand-seed weight (g)
LN2023,Fm225,2,2.02172413793103,thousand_seed_weight_g,Thousand-seed weight (g)
LN2023,Fm225,3,2.03760869565217,thousand_seed_weight_g,Thousand-seed weight (g)
LN2023,Fm227,1,2.34593843098312,thousand_seed_weight_g,Thousand-seed weight (g)
LN2023,Fm227,2,2.18689175769613,thousand_seed_weight_g,Thousand-seed weight (g)
LN2023,Fm227,3,2.39772151898734,thousand_seed_weight_g,Thousand-seed weight (g)
LN2023,Fm228,1,2.53732604373758,thousand_seed_weight_g,Thousand-seed weight (g)
LN2023,Fm228,2,2.69461615154536,thousand_seed_weight_g,Thousand-seed weight (g)
LN2023,Fm228,3,2.81034722222222,thousand_seed_weight_g,Thousand-seed weight (g)
LN2023,Fm232,1,2.42515453639083,thousand_seed_weight_g,Thousand-seed weight (g)
LN2023,Fm232,2,2.78709803921569,thousand_seed_weight_g,Thousand-seed weight (g)
LN2023,Fm232,3,2.49521823472357,thousand_seed_weight_g,Thousand-seed weight (g)
LN2023,Fm233,1,1.97630799605133,thousand_seed_weight_g,Thousand-seed weight (g)
LN2023,Fm233,2,1.85476599808978,thousand_seed_weight_g,Thousand-seed weight (g)
LN2023,Fm233,3,1.94638888888889,thousand_seed_weight_g,Thousand-seed weight (g)
LN2023,Fm235,1,2.87415841584158,thousand_seed_weight_g,Thousand-seed weight (g)
LN2023,Fm235,2,2.17904761904762,thousand_seed_weight_g,Thousand-seed weight (g)
LN2023,Fm235,3,2.40279880478088,thousand_seed_weight_g,Thousand-seed weight (g)
LN2023,Fm236,1,0.803510638297872,thousand_seed_weight_g,Thousand-seed weight (g)
LN2023,Fm236,2,2.41620689655172,thousand_seed_weight_g,Thousand-seed weight (g)
LN2023,Fm236,3,2.234375,thousand_seed_weight_g,Thousand-seed weight (g)
LN2023,Fm238,1,2.66733532934132,thousand_seed_weight_g,Thousand-seed weight (g)
LN2023,Fm238,2,2.46385135135135,thousand_seed_weight_g,Thousand-seed weight (g)
LN2023,Fm238,3,0.806948176583494,thousand_seed_weight_g,Thousand-seed weight (g)
LN2023,Fm245,1,1.72853092783505,thousand_seed_weight_g,Thousand-seed weight (g)
LN2023,Fm245,2,1.8426368159204,thousand_seed_weight_g,Thousand-seed weight (g)
LN2023,Fm245,3,1.7212962962963,thousand_seed_weight_g,Thousand-seed weight (g)
LN2023,Fm249,1,1.78643070787637,thousand_seed_weight_g,Thousand-seed weight (g)
LN2023,Fm249,2,1.40420841683367,thousand_seed_weight_g,Thousand-seed weight (g)
LN2023,Fm249,3,1.92425242718447,thousand_seed_weight_g,Thousand-seed weight (g)
LN2023,Fm250,1,1.65010923535253,thousand_seed_weight_g,Thousand-seed weight (g)
LN2023,Fm250,2,1.74386811023622,thousand_seed_weight_g,Thousand-seed weight (g)
LN2023,Fm250,3,1.6568275862069,thousand_seed_weight_g,Thousand-seed weight (g)
LN2023,Fm255,1,2.80827956989247,thousand_seed_weight_g,Thousand-seed weight (g)
LN2023,Fm255,2,2.94469891411649,thousand_seed_weight_g,Thousand-seed weight (g)
LN2023,Fm255,3,3.03963402571711,thousand_seed_weight_g,Thousand-seed weight (g)
LN2023,Fm3,1,2.16,thousand_seed_weight_g,Thousand-seed weight (g)
LN2023,Fm3,2,1.97590316573557,thousand_seed_weight_g,Thousand-seed weight (g)
LN2023,Fm3,3,2.27635551142006,thousand_seed_weight_g,Thousand-seed weight (g)
LN2023,Fm321,1,1.2782,thousand_seed_weight_g,Thousand-seed weight (g)
LN2023,Fm321,2,1.6588,thousand_seed_weight_g,Thousand-seed weight (g)
LN2023,Fm321,3,1.74086956521739,thousand_seed_weight_g,Thousand-seed weight (g)
LN2023,Fm322,1,2.10890291262136,thousand_seed_weight_g,Thousand-seed weight (g)
LN2023,Fm322,2,2.29366336633663,thousand_seed_weight_g,Thousand-seed weight (g)
LN2023,Fm322,3,2.63629702970297,thousand_seed_weight_g,Thousand-seed weight (g)
LN2023,Fm324,1,2.64043307086614,thousand_seed_weight_g,Thousand-seed weight (g)
LN2023,Fm324,2,2.43908382066277,thousand_seed_weight_g,Thousand-seed weight (g)
LN2023,Fm324,3,2.79705263157895,thousand_seed_weight_g,Thousand-seed weight (g)
LN2023,Fm325,1,2.4558390578999,thousand_seed_weight_g,Thousand-seed weight (g)
LN2023,Fm325,2,2.11451550387597,thousand_seed_weight_g,Thousand-seed weight (g)
LN2023,Fm325,3,1.9769267822736,thousand_seed_weight_g,Thousand-seed weight (g)
LN2023,Fm328,1,2.60707482993197,thousand_seed_weight_g,Thousand-seed weight (g)
LN2023,Fm328,2,2.48792233009709,thousand_seed_weight_g,Thousand-seed weight (g)
LN2023,Fm328,3,2.57345935727788,thousand_seed_weight_g,Thousand-seed weight (g)
LN2023,Fm336,1,2.04727630285152,thousand_seed_weight_g,Thousand-seed weight (g)
LN2023,Fm336,2,2.16965517241379,thousand_seed_weight_g,Thousand-seed weight (g)
LN2023,Fm336,3,2.85168604651163,thousand_seed_weight_g,Thousand-seed weight (g)
LN2023,Fm337,1,2.84588351431392,thousand_seed_weight_g,Thousand-seed weight (g)
LN2023,Fm337,2,2.58322580645161,thousand_seed_weight_g,Thousand-seed weight (g)
LN2023,Fm337,3,2.82658227848101,thousand_seed_weight_g,Thousand-seed weight (g)
LN2023,Fm341,1,2.38285856573705,thousand_seed_weight_g,Thousand-seed weight (g)
LN2023,Fm341,2,2.64711067580803,thousand_seed_weight_g,Thousand-seed weight (g)
LN2023,Fm341,3,2.59809010773751,thousand_seed_weight_g,Thousand-seed weight (g)
LN2023,Fm343,1,2.32515748031496,thousand_seed_weight_g,Thousand-seed weight (g)
LN2023,Fm343,2,2.12453109575518,thousand_seed_weight_g,Thousand-seed weight (g)
LN2023,Fm343,3,2.48017839444995,thousand_seed_weight_g,Thousand-seed weight (g)
LN2023,Fm344,1,2.29416258570029,thousand_seed_weight_g,Thousand-seed weight (g)
LN2023,Fm344,2,2.41884431709647,thousand_seed_weight_g,Thousand-seed weight (g)
LN2023,Fm344,3,2.20692913385827,thousand_seed_weight_g,Thousand-seed weight (g)
LN2023,Fm345,1,2.80041666666667,thousand_seed_weight_g,Thousand-seed weight (g)
LN2023,Fm345,2,2.90643744030564,thousand_seed_weight_g,Thousand-seed weight (g)
LN2023,Fm345,3,2.93046376811594,thousand_seed_weight_g,Thousand-seed weight (g)
LN2023,Fm346,1,2.61388724035608,thousand_seed_weight_g,Thousand-seed weight (g)
LN2023,Fm346,2,3.11377866400798,thousand_seed_weight_g,Thousand-seed weight (g)
LN2023,Fm346,3,3.1454347826087,thousand_seed_weight_g,Thousand-seed weight (g)
LN2023,Fm347,1,2.50492725509214,thousand_seed_weight_g,Thousand-seed weight (g)
LN2023,Fm347,2,2.4486301369863,thousand_seed_weight_g,Thousand-seed weight (g)
LN2023,Fm347,3,2.55327536231884,thousand_seed_weight_g,Thousand-seed weight (g)
LN2023,Fm349,1,2.63215053763441,thousand_seed_weight_g,Thousand-seed weight (g)
LN2023,Fm349,2,2.42336956521739,thousand_seed_weight_g,Thousand-seed weight (g)
LN2023,Fm349,3,2.40981481481481,thousand_seed_weight_g,Thousand-seed weight (g)
LN2023,Fm351,1,2.52197470817121,thousand_seed_weight_g,Thousand-seed weight (g)
LN2023,Fm351,2,2.39220372184133,thousand_seed_weight_g,Thousand-seed weight (g)
LN2023,Fm351,3,2.62714559386973,thousand_seed_weight_g,Thousand-seed weight (g)
LN2023,Fm352,1,2.80478217821782,thousand_seed_weight_g,Thousand-seed weight (g)
LN2023,Fm352,2,3.09809990205681,thousand_seed_weight_g,Thousand-seed weight (g)
LN2023,Fm352,3,3.12516556291391,thousand_seed_weight_g,Thousand-seed weight (g)
LN2023,Fm354,1,2.45062191510365,thousand_seed_weight_g,Thousand-seed weight (g)
LN2023,Fm354,2,2.73989130434783,thousand_seed_weight_g,Thousand-seed weight (g)
LN2023,Fm355,1,2.53941002949852,thousand_seed_weight_g,Thousand-seed weight (g)
LN2023,Fm355,2,2.61513698630137,thousand_seed_weight_g,Thousand-seed weight (g)
LN2023,Fm355,3,2.38473529411765,thousand_seed_weight_g,Thousand-seed weight (g)
LN2023,Fm356,1,2.46083251714006,thousand_seed_weight_g,Thousand-seed weight (g)
LN2023,Fm356,2,2.51986124876115,thousand_seed_weight_g,Thousand-seed weight (g)
LN2023,Fm356,3,2.57119607843137,thousand_seed_weight_g,Thousand-seed weight (g)
LN2023,Fm357,1,2.19636893203883,thousand_seed_weight_g,Thousand-seed weight (g)
LN2023,Fm357,2,2.03158620689655,thousand_seed_weight_g,Thousand-seed weight (g)
LN2023,Fm357,3,2.39454901960784,thousand_seed_weight_g,Thousand-seed weight (g)
LN2023,Fm358,1,2.56092412451362,thousand_seed_weight_g,Thousand-seed weight (g)
LN2023,Fm358,2,2.25847036328872,thousand_seed_weight_g,Thousand-seed weight (g)
LN2023,Fm358,3,2.25200198216056,thousand_seed_weight_g,Thousand-seed weight (g)
LN2023,Fm359,1,2.42097729516288,thousand_seed_weight_g,Thousand-seed weight (g)
LN2023,Fm359,2,1.98649564375605,thousand_seed_weight_g,Thousand-seed weight (g)
LN2023,Fm359,3,2.28936842105263,thousand_seed_weight_g,Thousand-seed weight (g)
LN2023,Fm36,1,2.13863501483679,thousand_seed_weight_g,Thousand-seed weight (g)
LN2023,Fm36,2,2.35413043478261,thousand_seed_weight_g,Thousand-seed weight (g)
LN2023,Fm36,3,2.069662027833,thousand_seed_weight_g,Thousand-seed weight (g)
LN2023,Fm361,1,2.97141025641026,thousand_seed_weight_g,Thousand-seed weight (g)
LN2023,Fm361,2,2.45790099009901,thousand_seed_weight_g,Thousand-seed weight (g)
LN2023,Fm361,3,2.9236170212766,thousand_seed_weight_g,Thousand-seed weight (g)
LN2023,Fm362,1,2.56841951219512,thousand_seed_weight_g,Thousand-seed weight (g)
LN2023,Fm362,2,0.772255859375,thousand_seed_weight_g,Thousand-seed weight (g)
LN2023,Fm362,3,2.77728431372549,thousand_seed_weight_g,Thousand-seed weight (g)
LN2023,Fm363,1,2.64487945998071,thousand_seed_weight_g,Thousand-seed weight (g)
LN2023,Fm363,2,2.78821850393701,thousand_seed_weight_g,Thousand-seed weight (g)
LN2023,Fm363,3,2.66285436893204,thousand_seed_weight_g,Thousand-seed weight (g)
LN2023,Fm364,1,2.55909537856441,thousand_seed_weight_g,Thousand-seed weight (g)
LN2023,Fm364,2,2.46609117361785,thousand_seed_weight_g,Thousand-seed weight (g)
LN2023,Fm364,3,2.63629702970297,thousand_seed_weight_g,Thousand-seed weight (g)
LN2023,Fm365,1,2.39648275862069,thousand_seed_weight_g,Thousand-seed weight (g)
LN2023,Fm365,2,2.35529411764706,thousand_seed_weight_g,Thousand-seed weight (g)
LN2023,Fm365,3,2.47305882352941,thousand_seed_weight_g,Thousand-seed weight (g)
LN2023,Fm366,1,1.81558680892338,thousand_seed_weight_g,Thousand-seed weight (g)
LN2023,Fm366,2,1.71938795656466,thousand_seed_weight_g,Thousand-seed weight (g)
LN2023,Fm366,3,2.08128712871287,thousand_seed_weight_g,Thousand-seed weight (g)
LN2023,Fm368,1,2.84186341463415,thousand_seed_weight_g,Thousand-seed weight (g)
LN2023,Fm368,2,2.66212953876349,thousand_seed_weight_g,Thousand-seed weight (g)
LN2023,Fm368,3,3.28116438356164,thousand_seed_weight_g,Thousand-seed weight (g)
LN2023,Fm369,1,2.15825365853659,thousand_seed_weight_g,Thousand-seed weight (g)
LN2023,Fm369,2,2.23315068493151,thousand_seed_weight_g,Thousand-seed weight (g)
LN2023,Fm369,3,2.5570099009901,thousand_seed_weight_g,Thousand-seed weight (g)
LN2023,Fm370,1,2.1782393669634,thousand_seed_weight_g,Thousand-seed weight (g)
LN2023,Fm370,2,2.24089743589744,thousand_seed_weight_g,Thousand-seed weight (g)
LN2023,Fm370,3,2.21807067812798,thousand_seed_weight_g,Thousand-seed weight (g)
LN2023,Fm372,1,2.86986206896552,thousand_seed_weight_g,Thousand-seed weight (g)
LN2023,Fm372,2,2.92525242718447,thousand_seed_weight_g,Thousand-seed weight (g)
LN2023,Fm372,3,3.02741463414634,thousand_seed_weight_g,Thousand-seed weight (g)
LN2023,Fm375,1,2.41389473684211,thousand_seed_weight_g,Thousand-seed weight (g)
LN2023,Fm375,2,2.46691943127962,thousand_seed_weight_g,Thousand-seed weight (g)
LN2023,Fm375,3,2.5737193326791,thousand_seed_weight_g,Thousand-seed weight (g)
LN2023,Fm376,1,2.29025641025641,thousand_seed_weight_g,Thousand-seed weight (g)
LN2023,Fm376,2,2.35700581395349,thousand_seed_weight_g,Thousand-seed weight (g)
LN2023,Fm376,3,2.45062191510365,thousand_seed_weight_g,Thousand-seed weight (g)
LN2023,Fm377,1,2.5540726202159,thousand_seed_weight_g,Thousand-seed weight (g)
LN2023,Fm377,2,2.38473529411765,thousand_seed_weight_g,Thousand-seed weight (g)
LN2023,Fm377,3,2.45825147347741,thousand_seed_weight_g,Thousand-seed weight (g)
LN2023,Fm378,1,2.57173913043478,thousand_seed_weight_g,Thousand-seed weight (g)
LN2023,Fm378,2,1.87202519379845,thousand_seed_weight_g,Thousand-seed weight (g)
LN2023,Fm378,3,2.40558093346574,thousand_seed_weight_g,Thousand-seed weight (g)
LN2023,Fm379,1,2.3485,thousand_seed_weight_g,Thousand-seed weight (g)
LN2023,Fm379,2,2.48294921875,thousand_seed_weight_g,Thousand-seed weight (g)
LN2023,Fm379,3,2.35992141453831,thousand_seed_weight_g,Thousand-seed weight (g)
LN2023,Fm380,1,2.68037974683544,thousand_seed_weight_g,Thousand-seed weight (g)
LN2023,Fm380,2,3.06188235294118,thousand_seed_weight_g,Thousand-seed weight (g)
LN2023,Fm380,3,2.34276595744681,thousand_seed_weight_g,Thousand-seed weight (g)
LN2023,Fm381,1,2.33961538461538,thousand_seed_weight_g,Thousand-seed weight (g)
LN2023,Fm381,2,2.18,thousand_seed_weight_g,Thousand-seed weight (g)
LN2023,Fm381,3,2.30925675675676,thousand_seed_weight_g,Thousand-seed weight (g)
LN2023,Fm382,1,2.88136454183267,thousand_seed_weight_g,Thousand-seed weight (g)
LN2023,Fm382,2,2.48078109932498,thousand_seed_weight_g,Thousand-seed weight (g)
LN2023,Fm382,3,2.81313803376365,thousand_seed_weight_g,Thousand-seed weight (g)
LN2023,Fm383,1,2.72912331406551,thousand_seed_weight_g,Thousand-seed weight (g)
LN2023,Fm383,2,2.85579411764706,thousand_seed_weight_g,Thousand-seed weight (g)
LN2023,Fm383,3,2.82612043435341,thousand_seed_weight_g,Thousand-seed weight (g)
LN2023,Fm384,1,2.2732261208577,thousand_seed_weight_g,Thousand-seed weight (g)
LN2023,Fm384,2,2.39282868525896,thousand_seed_weight_g,Thousand-seed weight (g)
LN2023,Fm384,3,2.38427165354331,thousand_seed_weight_g,Thousand-seed weight (g)
LN2023,Fm387,1,1.47410945273632,thousand_seed_weight_g,Thousand-seed weight (g)
LN2023,Fm387,2,1.93954022988506,thousand_seed_weight_g,Thousand-seed weight (g)
LN2023,Fm387,3,2.81346153846154,thousand_seed_weight_g,Thousand-seed weight (g)
LN2023,Fm388,1,2.64856031128405,thousand_seed_weight_g,Thousand-seed weight (g)
LN2023,Fm388,2,2.83283950617284,thousand_seed_weight_g,Thousand-seed weight (g)
LN2023,Fm388,3,2.66076086956522,thousand_seed_weight_g,Thousand-seed weight (g)
LN2023,Fm389,1,2.3622418879056,thousand_seed_weight_g,Thousand-seed weight (g)
LN2023,Fm389,2,2.52468965517241,thousand_seed_weight_g,Thousand-seed weight (g)
LN2023,Fm389,3,2.5748554336989,thousand_seed_weight_g,Thousand-seed weight (g)
LN2023,Fm391,1,2.02945151811949,thousand_seed_weight_g,Thousand-seed weight (g)
LN2023,Fm391,2,2.03708860759494,thousand_seed_weight_g,Thousand-seed weight (g)
LN2023,Fm391,3,2.35992141453831,thousand_seed_weight_g,Thousand-seed weight (g)
LN2023,Fm392,1,1.82978494623656,thousand_seed_weight_g,Thousand-seed weight (g)
LN2023,Fm392,2,1.67645569620253,thousand_seed_weight_g,Thousand-seed weight (g)
LN2023,Fm392,3,2.03576388888889,thousand_seed_weight_g,Thousand-seed weight (g)
LN2023,Fm394,1,2.5146835443038,thousand_seed_weight_g,Thousand-seed weight (g)
LN2023,Fm394,2,1.85009727626459,thousand_seed_weight_g,Thousand-seed weight (g)
LN2023,Fm394,3,2.49019665683382,thousand_seed_weight_g,Thousand-seed weight (g)
LN2023,Fm395,1,3.21150049358342,thousand_seed_weight_g,Thousand-seed weight (g)
LN2023,Fm395,2,3.02559371933268,thousand_seed_weight_g,Thousand-seed weight (g)
LN2023,Fm395,3,2.77951219512195,thousand_seed_weight_g,Thousand-seed weight (g)
LN2023,Fm396,1,2.41552135054618,thousand_seed_weight_g,Thousand-seed weight (g)
LN2023,Fm396,2,2.40634482758621,thousand_seed_weight_g,Thousand-seed weight (g)
LN2023,Fm396,3,2.37796244131455,thousand_seed_weight_g,Thousand-seed weight (g)
LN2023,Fm398,1,2.55434086629002,thousand_seed_weight_g,Thousand-seed weight (g)
LN2023,Fm398,2,2.68939864209505,thousand_seed_weight_g,Thousand-seed weight (g)
LN2023,Fm398,3,3.02765517241379,thousand_seed_weight_g,Thousand-seed weight (g)
LN2023,Fm400,1,2.17774809160305,thousand_seed_weight_g,Thousand-seed weight (g)
LN2023,Fm400,2,2.77230464886251,thousand_seed_weight_g,Thousand-seed weight (g)
LN2023,Fm400,3,2.8544894026975,thousand_seed_weight_g,Thousand-seed weight (g)
LN2023,Fm401,1,2.83451485148515,thousand_seed_weight_g,Thousand-seed weight (g)
LN2023,Fm401,2,2.71373386295929,thousand_seed_weight_g,Thousand-seed weight (g)
LN2023,Fm401,3,2.25031007751938,thousand_seed_weight_g,Thousand-seed weight (g)
LN2023,Fm402,1,2.07884842519685,thousand_seed_weight_g,Thousand-seed weight (g)
LN2023,Fm402,2,2.81136054421769,thousand_seed_weight_g,Thousand-seed weight (g)
LN2023,Fm402,3,2.41754607177498,thousand_seed_weight_g,Thousand-seed weight (g)
LN2023,Fm403,1,2.32585294117647,thousand_seed_weight_g,Thousand-seed weight (g)
LN2023,Fm403,2,2.35697807435653,thousand_seed_weight_g,Thousand-seed weight (g)
LN2023,Fm403,3,2.41347826086956,thousand_seed_weight_g,Thousand-seed weight (g)
LN2023,Fm404,1,2.33696498054475,thousand_seed_weight_g,Thousand-seed weight (g)
LN2023,Fm404,2,2.21128205128205,thousand_seed_weight_g,Thousand-seed weight (g)
LN2023,Fm404,3,2.5148275862069,thousand_seed_weight_g,Thousand-seed weight (g)
LN2023,Fm405,1,2.8274691943128,thousand_seed_weight_g,Thousand-seed weight (g)
LN2023,Fm405,2,2.51658536585366,thousand_seed_weight_g,Thousand-seed weight (g)
LN2023,Fm405,3,2.73957894736842,thousand_seed_weight_g,Thousand-seed weight (g)
LN2023,Fm406,1,2.42751872659176,thousand_seed_weight_g,Thousand-seed weight (g)
LN2023,Fm406,2,2.61513698630137,thousand_seed_weight_g,Thousand-seed weight (g)
LN2023,Fm406,3,2.67195289499509,thousand_seed_weight_g,Thousand-seed weight (g)
LN2023,Fm407,1,2.42161606268364,thousand_seed_weight_g,Thousand-seed weight (g)
LN2023,Fm407,2,2.55595145631068,thousand_seed_weight_g,Thousand-seed weight (g)
LN2023,Fm407,3,2.62051973051011,thousand_seed_weight_g,Thousand-seed weight (g)
LN2023,Fm409,1,3.11161290322581,thousand_seed_weight_g,Thousand-seed weight (g)
LN2023,Fm409,2,2.82333333333333,thousand_seed_weight_g,Thousand-seed weight (g)
LN2023,Fm409,3,1.88793713163065,thousand_seed_weight_g,Thousand-seed weight (g)
LN2023,Fm41,1,2.70032608695652,thousand_seed_weight_g,Thousand-seed weight (g)
LN2023,Fm41,2,1.96274509803922,thousand_seed_weight_g,Thousand-seed weight (g)
LN2023,Fm41,3,2.206772591857,thousand_seed_weight_g,Thousand-seed weight (g)
LN2023,Fm410,1,2.84741935483871,thousand_seed_weight_g,Thousand-seed weight (g)
LN2023,Fm410,2,2.531826171875,thousand_seed_weight_g,Thousand-seed weight (g)
LN2023,Fm410,3,2.64999033816425,thousand_seed_weight_g,Thousand-seed weight (g)
LN2023,Fm411,1,2.63368941641939,thousand_seed_weight_g,Thousand-seed weight (g)
LN2023,Fm411,2,2.67720747295969,thousand_seed_weight_g,Thousand-seed weight (g)
LN2023,Fm411,3,2.71124631992149,thousand_seed_weight_g,Thousand-seed weight (g)
LN2023,Fm412,1,2.55347235693501,thousand_seed_weight_g,Thousand-seed weight (g)
LN2023,Fm412,2,2.43298611111111,thousand_seed_weight_g,Thousand-seed weight (g)
LN2023,Fm412,3,2.49532951289398,thousand_seed_weight_g,Thousand-seed weight (g)
LN2023,Fm413,1,2.56790900290416,thousand_seed_weight_g,Thousand-seed weight (g)
LN2023,Fm413,2,2.88406930693069,thousand_seed_weight_g,Thousand-seed weight (g)
LN2023,Fm413,3,2.94749521988528,thousand_seed_weight_g,Thousand-seed weight (g)
LN2023,Fm414,1,1.889046692607,thousand_seed_weight_g,Thousand-seed weight (g)
LN2023,Fm414,2,2.53691552062868,thousand_seed_weight_g,Thousand-seed weight (g)
LN2023,Fm414,3,2.02771739130435,thousand_seed_weight_g,Thousand-seed weight (g)
LN2023,Fm415,1,2.02079812206573,thousand_seed_weight_g,Thousand-seed weight (g)
LN2023,Fm415,2,1.48535483870968,thousand_seed_weight_g,Thousand-seed weight (g)
LN2023,Fm415,3,1.91280198019802,thousand_seed_weight_g,Thousand-seed weight (g)
LN2023,Fm416,1,2.50009606147935,thousand_seed_weight_g,Thousand-seed weight (g)
LN2023,Fm416,2,2.55215277777778,thousand_seed_weight_g,Thousand-seed weight (g)
LN2023,Fm416,3,2.24614634146341,thousand_seed_weight_g,Thousand-seed weight (g)
LN2023,Fm417,1,2.39454901960784,thousand_seed_weight_g,Thousand-seed weight (g)
LN2023,Fm417,2,2.29641176470588,thousand_seed_weight_g,Thousand-seed weight (g)
LN2023,Fm417,3,2.45825147347741,thousand_seed_weight_g,Thousand-seed weight (g)
LN2023,Fm418,1,2.66150537634409,thousand_seed_weight_g,Thousand-seed weight (g)
LN2023,Fm418,2,2.61344827586207,thousand_seed_weight_g,Thousand-seed weight (g)
LN2023,Fm418,3,2.60534246575342,thousand_seed_weight_g,Thousand-seed weight (g)
LN2023,Fm419,1,1.82628205128205,thousand_seed_weight_g,Thousand-seed weight (g)
LN2023,Fm419,2,1.94051823416507,thousand_seed_weight_g,Thousand-seed weight (g)
LN2023,Fm419,3,1.99607107601185,thousand_seed_weight_g,Thousand-seed weight (g)
LN2023,Fm420,1,2.68,thousand_seed_weight_g,Thousand-seed weight (g)
LN2023,Fm420,2,2.08541666666667,thousand_seed_weight_g,Thousand-seed weight (g)
LN2023,Fm420,3,2.55615984405458,thousand_seed_weight_g,Thousand-seed weight (g)
LN2023,Fm421,1,2.91958333333333,thousand_seed_weight_g,Thousand-seed weight (g)
LN2023,Fm421,2,3.04138643067847,thousand_seed_weight_g,Thousand-seed weight (g)
LN2023,Fm421,3,3.05389830508475,thousand_seed_weight_g,Thousand-seed weight (g)
LN2023,Fm428,1,2.37958742632613,thousand_seed_weight_g,Thousand-seed weight (g)
LN2023,Fm428,2,2.08989268292683,thousand_seed_weight_g,Thousand-seed weight (g)
LN2023,Fm428,3,3.08756385068762,thousand_seed_weight_g,Thousand-seed weight (g)
LN2023,Fm429,1,2.34838709677419,thousand_seed_weight_g,Thousand-seed weight (g)
LN2023,Fm429,2,2.17026743075454,thousand_seed_weight_g,Thousand-seed weight (g)
LN2023,Fm429,3,2.41688172043011,thousand_seed_weight_g,Thousand-seed weight (g)
LN2023,Fm43,1,2.11451550387597,thousand_seed_weight_g,Thousand-seed weight (g)
LN2023,Fm43,2,2.23,thousand_seed_weight_g,Thousand-seed weight (g)
LN2023,Fm43,3,1.19684782608696,thousand_seed_weight_g,Thousand-seed weight (g)
LN2023,Fm44,1,2.58608055009823,thousand_seed_weight_g,Thousand-seed weight (g)
LN2023,Fm44,2,2.27950495049505,thousand_seed_weight_g,Thousand-seed weight (g)
LN2023,Fm44,3,1.22671568627451,thousand_seed_weight_g,Thousand-seed weight (g)
LN2023,Fm442,1,2.52197470817121,thousand_seed_weight_g,Thousand-seed weight (g)
LN2023,Fm442,2,2.43858546168959,thousand_seed_weight_g,Thousand-seed weight (g)
LN2023,Fm442,3,2.25467961165049,thousand_seed_weight_g,Thousand-seed weight (g)
LN2023,Fm443,1,1.79167315175097,thousand_seed_weight_g,Thousand-seed weight (g)
LN2023,Fm443,2,2.12811023622047,thousand_seed_weight_g,Thousand-seed weight (g)
LN2023,Fm443,3,2.26214689265537,thousand_seed_weight_g,Thousand-seed weight (g)
LN2023,Fm444,1,2.39731182795699,thousand_seed_weight_g,Thousand-seed weight (g)
LN2023,Fm444,2,2.17608695652174,thousand_seed_weight_g,Thousand-seed weight (g)
LN2023,Fm444,3,2.25591219512195,thousand_seed_weight_g,Thousand-seed weight (g)
LN2023,Fm446,1,2.64208167330677,thousand_seed_weight_g,Thousand-seed weight (g)
LN2023,Fm446,2,2.59949612403101,thousand_seed_weight_g,Thousand-seed weight (g)
LN2023,Fm446,3,2.05082926829268,thousand_seed_weight_g,Thousand-seed weight (g)
LN2023,Fm461,1,2.27544390243902,thousand_seed_weight_g,Thousand-seed weight (g)
LN2023,Fm461,2,2.17398648648649,thousand_seed_weight_g,Thousand-seed weight (g)
LN2023,Fm461,3,1.66671829622459,thousand_seed_weight_g,Thousand-seed weight (g)
LN2023,Fm474,1,1.13465898174832,thousand_seed_weight_g,Thousand-seed weight (g)
LN2023,Fm474,2,2.12833980582524,thousand_seed_weight_g,Thousand-seed weight (g)
LN2023,Fm474,3,2.34255653883972,thousand_seed_weight_g,Thousand-seed weight (g)
LN2023,Fm475,1,3.00597621407334,thousand_seed_weight_g,Thousand-seed weight (g)
LN2023,Fm475,2,3.14175247524752,thousand_seed_weight_g,Thousand-seed weight (g)
LN2023,Fm475,3,3.42316051844467,thousand_seed_weight_g,Thousand-seed weight (g)
LN2023,Fm476,1,3.00008729388943,thousand_seed_weight_g,Thousand-seed weight (g)
LN2023,Fm476,2,3.177001953125,thousand_seed_weight_g,Thousand-seed weight (g)
LN2023,Fm476,3,3.38559139784946,thousand_seed_weight_g,Thousand-seed weight (g)
LN2023,Fm477,1,3.02170108161259,thousand_seed_weight_g,Thousand-seed weight (g)
LN2023,Fm477,2,2.47025768087215,thousand_seed_weight_g,Thousand-seed weight (g)
LN2023,Fm477,3,3.05423228346457,thousand_seed_weight_g,Thousand-seed weight (g)
LN2023,Fm478,1,1.92425242718447,thousand_seed_weight_g,Thousand-seed weight (g)
LN2023,Fm478,2,2.01964740450539,thousand_seed_weight_g,Thousand-seed weight (g)
LN2023,Fm478,3,1.91324137931034,thousand_seed_weight_g,Thousand-seed weight (g)
LN2023,Fm480,1,2.03073684210526,thousand_seed_weight_g,Thousand-seed weight (g)
LN2023,Fm480,2,1.98,thousand_seed_weight_g,Thousand-seed weight (g)
LN2023,Fm480,3,2.58194444444444,thousand_seed_weight_g,Thousand-seed weight (g)
LN2023,Fm482,1,1.76939424031778,thousand_seed_weight_g,Thousand-seed weight (g)
LN2023,Fm482,2,1.80043010752688,thousand_seed_weight_g,Thousand-seed weight (g)
LN2023,Fm482,3,1.96521276595745,thousand_seed_weight_g,Thousand-seed weight (g)
LN2023,Fm484,1,2.75866141732283,thousand_seed_weight_g,Thousand-seed weight (g)
LN2023,Fm484,2,2.238564453125,thousand_seed_weight_g,Thousand-seed weight (g)
LN2023,Fm484,3,3.70192307692308,thousand_seed_weight_g,Thousand-seed weight (g)
LN2023,Fm489,1,2.60547368421053,thousand_seed_weight_g,Thousand-seed weight (g)
LN2023,Fm489,2,2.43353346456693,thousand_seed_weight_g,Thousand-seed weight (g)
LN2023,Fm489,3,2.4630905511811,thousand_seed_weight_g,Thousand-seed weight (g)
LN2023,Fm491,1,3.14460487804878,thousand_seed_weight_g,Thousand-seed weight (g)
LN2023,Fm491,2,2.71913432835821,thousand_seed_weight_g,Thousand-seed weight (g)
LN2023,Fm491,3,2.91708582834331,thousand_seed_weight_g,Thousand-seed weight (g)
LN2023,Fm510,1,1.91784946236559,thousand_seed_weight_g,Thousand-seed weight (g)
LN2023,Fm510,2,0.352602739726027,thousand_seed_weight_g,Thousand-seed weight (g)
LN2023,Fm510,3,1.89663157894737,thousand_seed_weight_g,Thousand-seed weight (g)
LN2023,Fm518,1,2.04068599033816,thousand_seed_weight_g,Thousand-seed weight (g)
LN2023,Fm518,2,2.08128712871287,thousand_seed_weight_g,Thousand-seed weight (g)
LN2023,Fm518,3,2.33731034482759,thousand_seed_weight_g,Thousand-seed weight (g)
LN2023,Fm519,1,2.41347826086956,thousand_seed_weight_g,Thousand-seed weight (g)
LN2023,Fm519,2,1.90947885939036,thousand_seed_weight_g,Thousand-seed weight (g)
LN2023,Fm519,3,2.33016488845781,thousand_seed_weight_g,Thousand-seed weight (g)
LN2023,Fm522,1,1.86209645669291,thousand_seed_weight_g,Thousand-seed weight (g)
LN2023,Fm522,2,1.92349019607843,thousand_seed_weight_g,Thousand-seed weight (g)
LN2023,Fm522,3,0.548097982708934,thousand_seed_weight_g,Thousand-seed weight (g)
LN2023,Fm523,1,2.97828395061728,thousand_seed_weight_g,Thousand-seed weight (g)
LN2023,Fm523,2,2.43326086956522,thousand_seed_weight_g,Thousand-seed weight (g)
LN2023,Fm523,3,2.63108695652174,thousand_seed_weight_g,Thousand-seed weight (g)
LN2023,Fm524,1,2.62917860553964,thousand_seed_weight_g,Thousand-seed weight (g)
LN2023,Fm524,2,2.76604830917874,thousand_seed_weight_g,Thousand-seed weight (g)
LN2023,Fm524,3,3.14846080305927,thousand_seed_weight_g,Thousand-seed weight (g)
LN2023,Fm537,1,1.76129032258065,thousand_seed_weight_g,Thousand-seed weight (g)
LN2023,Fm537,2,1.70198847262248,thousand_seed_weight_g,Thousand-seed weight (g)
LN2023,Fm537,3,1.66668965517241,thousand_seed_weight_g,Thousand-seed weight (g)
LN2023,Fm56,1,2.21565217391304,thousand_seed_weight_g,Thousand-seed weight (g)
LN2023,Fm56,2,2.72031914893617,thousand_seed_weight_g,Thousand-seed weight (g)
LN2023,Fm56,3,0.971844660194175,thousand_seed_weight_g,Thousand-seed weight (g)
LN2023,Fm566,1,2.50004897159647,thousand_seed_weight_g,Thousand-seed weight (g)
LN2023,Fm566,2,2.41347826086956,thousand_seed_weight_g,Thousand-seed weight (g)
LN2023,Fm566,3,2.58575342465753,thousand_seed_weight_g,Thousand-seed weight (g)
LN2023,Fm569,1,2.86138565891473,thousand_seed_weight_g,Thousand-seed weight (g)
LN2023,Fm569,2,2.64677932405567,thousand_seed_weight_g,Thousand-seed weight (g)
LN2023,Fm569,3,3.01160458452722,thousand_seed_weight_g,Thousand-seed weight (g)
LN2023,Fm585,1,2.26827586206897,thousand_seed_weight_g,Thousand-seed weight (g)
LN2023,Fm585,2,2.1379625984252,thousand_seed_weight_g,Thousand-seed weight (g)
LN2023,Fm585,3,2.37208456243854,thousand_seed_weight_g,Thousand-seed weight (g)
LN2023,Fm589,1,2.277666015625,thousand_seed_weight_g,Thousand-seed weight (g)
LN2023,Fm589,2,2.16146833013436,thousand_seed_weight_g,Thousand-seed weight (g)
LN2023,Fm589,3,2.36402173913044,thousand_seed_weight_g,Thousand-seed weight (g)
LN2023,Fm590,1,2.09742800397219,thousand_seed_weight_g,Thousand-seed weight (g)
LN2023,Fm590,2,2.5147311827957,thousand_seed_weight_g,Thousand-seed weight (g)
LN2023,Fm590,3,2.15707050645482,thousand_seed_weight_g,Thousand-seed weight (g)
LN2023,Fm592,1,2.79257367387033,thousand_seed_weight_g,Thousand-seed weight (g)
LN2023,Fm592,2,2.83041379310345,thousand_seed_weight_g,Thousand-seed weight (g)
LN2023,Fm592,3,2.7532416502947,thousand_seed_weight_g,Thousand-seed weight (g)
LN2023,Fm600,1,2.82612043435341,thousand_seed_weight_g,Thousand-seed weight (g)
LN2023,Fm600,2,2.72645914396887,thousand_seed_weight_g,Thousand-seed weight (g)
LN2023,Fm600,3,2.95377049180328,thousand_seed_weight_g,Thousand-seed weight (g)
LN2023,Fm601,1,2.52486593843098,thousand_seed_weight_g,Thousand-seed weight (g)
LN2023,Fm601,2,2.01384615384615,thousand_seed_weight_g,Thousand-seed weight (g)
LN2023,Fm601,3,2.5,thousand_seed_weight_g,Thousand-seed weight (g)
LN2023,Fm603,1,2.39412401574803,thousand_seed_weight_g,Thousand-seed weight (g)
LN2023,Fm603,2,2.17479166666667,thousand_seed_weight_g,Thousand-seed weight (g)
LN2023,Fm603,3,2.33109589041096,thousand_seed_weight_g,Thousand-seed weight (g)
LN2023,Fm610,1,2.47569620253165,thousand_seed_weight_g,Thousand-seed weight (g)
LN2023,Fm610,2,2.24089743589744,thousand_seed_weight_g,Thousand-seed weight (g)
LN2023,Fm610,3,2.36795698924731,thousand_seed_weight_g,Thousand-seed weight (g)
LN2023,Fm611,1,2.49014807502468,thousand_seed_weight_g,Thousand-seed weight (g)
LN2023,Fm611,2,2.52967423494571,thousand_seed_weight_g,Thousand-seed weight (g)
LN2023,Fm611,3,2.37870999030068,thousand_seed_weight_g,Thousand-seed weight (g)
LN2023,Fm612,1,2.12421511627907,thousand_seed_weight_g,Thousand-seed weight (g)
LN2023,Fm612,2,2.52978196233895,thousand_seed_weight_g,Thousand-seed weight (g)
LN2023,Fm612,3,2.62638613861386,thousand_seed_weight_g,Thousand-seed weight (g)
LN2023,Fm614,1,1.75785365853659,thousand_seed_weight_g,Thousand-seed weight (g)
LN2023,Fm614,2,2.0813829787234,thousand_seed_weight_g,Thousand-seed weight (g)
LN2023,Fm614,3,2.01157894736842,thousand_seed_weight_g,Thousand-seed weight (g)
LN2023,Fm615,1,2.01751937984496,thousand_seed_weight_g,Thousand-seed weight (g)
LN2023,Fm615,2,1.63487106017192,thousand_seed_weight_g,Thousand-seed weight (g)
LN2023,Fm616,1,2.85145418326693,thousand_seed_weight_g,Thousand-seed weight (g)
LN2023,Fm616,2,2.4078370514064,thousand_seed_weight_g,Thousand-seed weight (g)
LN2023,Fm616,3,3.06933728981207,thousand_seed_weight_g,Thousand-seed weight (g)
LN2023,Fm620,1,1.671591796875,thousand_seed_weight_g,Thousand-seed weight (g)
LN2023,Fm620,2,1.71119565217391,thousand_seed_weight_g,Thousand-seed weight (g)
LN2023,Fm620,3,1.67797687861272,thousand_seed_weight_g,Thousand-seed weight (g)
LN2023,Fm621,1,2.75495592556317,thousand_seed_weight_g,Thousand-seed weight (g)
LN2023,Fm621,2,2.7417828685259,thousand_seed_weight_g,Thousand-seed weight (g)
LN2023,Fm621,3,3.17148514851485,thousand_seed_weight_g,Thousand-seed weight (g)
LN2023,Fm78,1,2.45638215324927,thousand_seed_weight_g,Thousand-seed weight (g)
LN2023,Fm78,2,2.08689045936396,thousand_seed_weight_g,Thousand-seed weight (g)
LN2023,Fm78,3,2.27280193236715,thousand_seed_weight_g,Thousand-seed weight (g)
LN2023,Fm86,1,1.73231071779744,thousand_seed_weight_g,Thousand-seed weight (g)
LN2023,Fm86,2,1.39285714285714,thousand_seed_weight_g,Thousand-seed weight (g)
LN2023,Fm86,3,0.337304261645193,thousand_seed_weight_g,Thousand-seed weight (g)
LN2023,Fm146,1,19.9234275817871,protein_pct,Seed protein concentration (%)
LN2023,Fm146,2,17.6102428436279,protein_pct,Seed protein concentration (%)
LN2023,Fm146,3,16.9955158233643,protein_pct,Seed protein concentration (%)
LN2023,Fm174,1,18.6631507873535,protein_pct,Seed protein concentration (%)
LN2023,Fm174,2,16.2170639038086,protein_pct,Seed protein concentration (%)
LN2023,Fm174,3,14.7330436706543,protein_pct,Seed protein concentration (%)
LN2023,Fm181,1,15.2718200683594,protein_pct,Seed protein concentration (%)
LN2023,Fm181,2,15.6909704208374,protein_pct,Seed protein concentration (%)
LN2023,Fm181,3,14.7288084030151,protein_pct,Seed protein concentration (%)
LN2023,Fm190,1,14.079517364502,protein_pct,Seed protein concentration (%)
LN2023,Fm190,2,14.7885341644287,protein_pct,Seed protein concentration (%)
LN2023,Fm190,3,15.5234708786011,protein_pct,Seed protein concentration (%)
LN2023,Fm193,1,13.4754610061646,protein_pct,Seed protein concentration (%)
LN2023,Fm193,2,14.5852403640747,protein_pct,Seed protein concentration (%)
LN2023,Fm193,3,16.9104461669922,protein_pct,Seed protein concentration (%)
LN2023,Fm194,1,16.7795906066895,protein_pct,Seed protein concentration (%)
LN2023,Fm194,2,16.8131046295166,protein_pct,Seed protein concentration (%)
LN2023,Fm194,3,13.8611841201782,protein_pct,Seed protein concentration (%)
LN2023,Fm195,1,19.1510982513428,protein_pct,Seed protein concentration (%)
LN2023,Fm195,2,16.1606254577637,protein_pct,Seed protein concentration (%)
LN2023,Fm195,3,19.4800682067871,protein_pct,Seed protein concentration (%)
LN2023,Fm208,1,13.4706344604492,protein_pct,Seed protein concentration (%)
LN2023,Fm208,2,17.7887077331543,protein_pct,Seed protein concentration (%)
LN2023,Fm208,3,16.1519908905029,protein_pct,Seed protein concentration (%)
LN2023,Fm214,1,11.2388353347778,protein_pct,Seed protein concentration (%)
LN2023,Fm214,2,12.2196044921875,protein_pct,Seed protein concentration (%)
LN2023,Fm214,3,12.2130479812622,protein_pct,Seed protein concentration (%)
LN2023,Fm215,1,13.1135387420654,protein_pct,Seed protein concentration (%)
LN2023,Fm215,2,15.6782197952271,protein_pct,Seed protein concentration (%)
LN2023,Fm215,3,13.3415241241455,protein_pct,Seed protein concentration (%)
LN2023,Fm216,1,13.3866090774536,protein_pct,Seed protein concentration (%)
LN2023,Fm216,2,12.9216270446777,protein_pct,Seed protein concentration (%)
LN2023,Fm216,3,13.4090785980225,protein_pct,Seed protein concentration (%)
LN2023,Fm219,1,14.2234296798706,protein_pct,Seed protein concentration (%)
LN2023,Fm219,2,13.9485521316528,protein_pct,Seed protein concentration (%)
LN2023,Fm219,3,14.1657562255859,protein_pct,Seed protein concentration (%)
LN2023,Fm221,1,13.3909358978272,protein_pct,Seed protein concentration (%)
LN2023,Fm221,2,14.0378952026367,protein_pct,Seed protein concentration (%)
LN2023,Fm221,3,14.0501651763916,protein_pct,Seed protein concentration (%)
LN2023,Fm225,1,17.0132446289063,protein_pct,Seed protein concentration (%)
LN2023,Fm225,2,17.7491111755371,protein_pct,Seed protein concentration (%)
LN2023,Fm225,3,16.7540283203125,protein_pct,Seed protein concentration (%)
LN2023,Fm233,1,12.9814777374268,protein_pct,Seed protein concentration (%)
LN2023,Fm233,2,15.1672019958496,protein_pct,Seed protein concentration (%)
LN2023,Fm233,3,13.5015850067139,protein_pct,Seed protein concentration (%)
LN2023,Fm235,1,15.3531494140625,protein_pct,Seed protein concentration (%)
LN2023,Fm235,2,15.2297286987305,protein_pct,Seed protein concentration (%)
LN2023,Fm235,3,15.2732629776001,protein_pct,Seed protein concentration (%)
LN2023,Fm236,1,16.5149536132813,protein_pct,Seed protein concentration (%)
LN2023,Fm236,2,17.5811557769775,protein_pct,Seed protein concentration (%)
LN2023,Fm236,3,17.227746963501,protein_pct,Seed protein concentration (%)
LN2023,Fm238,1,18.4670639038086,protein_pct,Seed protein concentration (%)
LN2023,Fm238,2,20.4355735778809,protein_pct,Seed protein concentration (%)
LN2023,Fm238,3,17.5309829711914,protein_pct,Seed protein concentration (%)
LN2023,Fm250,1,17.7365531921387,protein_pct,Seed protein concentration (%)
LN2023,Fm250,2,16.1242179870605,protein_pct,Seed protein concentration (%)
LN2023,Fm250,3,15.6735811233521,protein_pct,Seed protein concentration (%)
LN2023,Fm255,1,15.5460443496704,protein_pct,Seed protein concentration (%)
LN2023,Fm255,2,15.8814611434937,protein_pct,Seed protein concentration (%)
LN2023,Fm255,3,17.2431774139404,protein_pct,Seed protein concentration (%)
LN2023,Fm321,1,17.2696552276611,protein_pct,Seed protein concentration (%)
LN2023,Fm321,2,19.3143825531006,protein_pct,Seed protein concentration (%)
LN2023,Fm321,3,21.8810405731201,protein_pct,Seed protein concentration (%)
LN2023,Fm322,1,14.9032096862793,protein_pct,Seed protein concentration (%)
LN2023,Fm322,2,15.2170543670654,protein_pct,Seed protein concentration (%)
LN2023,Fm322,3,15.9334096908569,protein_pct,Seed protein concentration (%)
LN2023,Fm324,1,15.4372301101685,protein_pct,Seed protein concentration (%)
LN2023,Fm324,2,14.3555774688721,protein_pct,Seed protein concentration (%)
LN2023,Fm324,3,12.9683361053467,protein_pct,Seed protein concentration (%)
LN2023,Fm325,1,13.3639354705811,protein_pct,Seed protein concentration (%)
LN2023,Fm325,2,12.2978429794312,protein_pct,Seed protein concentration (%)
LN2023,Fm325,3,13.658634185791,protein_pct,Seed protein concentration (%)
LN2023,Fm328,1,13.0342884063721,protein_pct,Seed protein concentration (%)
LN2023,Fm328,2,15.9175987243652,protein_pct,Seed protein concentration (%)
LN2023,Fm328,3,14.4548606872559,protein_pct,Seed protein concentration (%)
LN2023,Fm332,1,14.3361806869507,protein_pct,Seed protein concentration (%)
LN2023,Fm332,2,16.2035427093506,protein_pct,Seed protein concentration (%)
LN2023,Fm332,3,14.7275943756104,protein_pct,Seed protein concentration (%)
LN2023,Fm337,1,14.4120874404907,protein_pct,Seed protein concentration (%)
LN2023,Fm337,2,13.5123510360718,protein_pct,Seed protein concentration (%)
LN2023,Fm337,3,11.643946647644,protein_pct,Seed protein concentration (%)
LN2023,Fm341,1,16.1692752838135,protein_pct,Seed protein concentration (%)
LN2023,Fm341,2,15.1180858612061,protein_pct,Seed protein concentration (%)
LN2023,Fm341,3,13.9789218902588,protein_pct,Seed protein concentration (%)
LN2023,Fm343,1,14.0224342346191,protein_pct,Seed protein concentration (%)
LN2023,Fm343,2,13.7885684967041,protein_pct,Seed protein concentration (%)
LN2023,Fm343,3,13.4904947280884,protein_pct,Seed protein concentration (%)
LN2023,Fm344,1,20.1374835968018,protein_pct,Seed protein concentration (%)
LN2023,Fm344,2,16.3937072753906,protein_pct,Seed protein concentration (%)
LN2023,Fm344,3,12.9331140518189,protein_pct,Seed protein concentration (%)
LN2023,Fm347,1,9.03381252288818,protein_pct,Seed protein concentration (%)
LN2023,Fm347,2,9.39041042327881,protein_pct,Seed protein concentration (%)
LN2023,Fm347,3,13.1146450042725,protein_pct,Seed protein concentration (%)
LN2023,Fm349,1,10.7998952865601,protein_pct,Seed protein concentration (%)
LN2023,Fm349,2,11.9894351959229,protein_pct,Seed protein concentration (%)
LN2023,Fm349,3,14.7023601531982,protein_pct,Seed protein concentration (%)
LN2023,Fm351,1,14.579607963562,protein_pct,Seed protein concentration (%)
LN2023,Fm351,2,15.2013282775879,protein_pct,Seed protein concentration (%)
LN2023,Fm351,3,15.8358917236328,protein_pct,Seed protein concentration (%)
LN2023,Fm352,1,13.840368270874,protein_pct,Seed protein concentration (%)
LN2023,Fm352,2,16.6788749694824,protein_pct,Seed protein concentration (%)
LN2023,Fm352,3,14.7899303436279,protein_pct,Seed protein concentration (%)
LN2023,Fm354,1,10.8194103240967,protein_pct,Seed protein concentration (%)
LN2023,Fm354,2,12.1659269332886,protein_pct,Seed protein concentration (%)
LN2023,Fm354,3,11.1960000991821,protein_pct,Seed protein concentration (%)
LN2023,Fm355,1,13.2636833190918,protein_pct,Seed protein concentration (%)
LN2023,Fm355,2,13.251766204834,protein_pct,Seed protein concentration (%)
LN2023,Fm355,3,14.1882228851318,protein_pct,Seed protein concentration (%)
LN2023,Fm356,1,15.8690776824951,protein_pct,Seed protein concentration (%)
LN2023,Fm356,2,15.5542488098145,protein_pct,Seed protein concentration (%)
LN2023,Fm356,3,12.593786239624,protein_pct,Seed protein concentration (%)
LN2023,Fm357,1,15.8117504119873,protein_pct,Seed protein concentration (%)
LN2023,Fm357,2,16.1308994293213,protein_pct,Seed protein concentration (%)
LN2023,Fm357,3,15.1920318603516,protein_pct,Seed protein concentration (%)
LN2023,Fm358,1,16.5699596405029,protein_pct,Seed protein concentration (%)
LN2023,Fm358,2,16.7865238189697,protein_pct,Seed protein concentration (%)
LN2023,Fm358,3,14.5761804580689,protein_pct,Seed protein concentration (%)
LN2023,Fm359,1,14.5619211196899,protein_pct,Seed protein concentration (%)
LN2023,Fm359,2,17.1400814056397,protein_pct,Seed protein concentration (%)
LN2023,Fm359,3,15.678318977356,protein_pct,Seed protein concentration (%)
LN2023,Fm36,1,16.3146514892578,protein_pct,Seed protein concentration (%)
LN2023,Fm36,2,18.4248504638672,protein_pct,Seed protein concentration (%)
LN2023,Fm36,3,19.1637954711914,protein_pct,Seed protein concentration (%)
LN2023,Fm361,1,16.6568222045898,protein_pct,Seed protein concentration (%)
LN2023,Fm361,2,15.2910184860229,protein_pct,Seed protein concentration (%)
LN2023,Fm361,3,15.3998212814331,protein_pct,Seed protein concentration (%)
LN2023,Fm362,1,15.5658617019653,protein_pct,Seed protein concentration (%)
LN2023,Fm362,2,14.0818462371826,protein_pct,Seed protein concentration (%)
LN2023,Fm362,3,14.2149925231934,protein_pct,Seed protein concentration (%)
LN2023,Fm363,1,14.3604278564453,protein_pct,Seed protein concentration (%)
LN2023,Fm363,2,11.5909690856934,protein_pct,Seed protein concentration (%)
LN2023,Fm363,3,13.122127532959,protein_pct,Seed protein concentration (%)
LN2023,Fm364,1,14.1956253051758,protein_pct,Seed protein concentration (%)
LN2023,Fm364,2,16.0763645172119,protein_pct,Seed protein concentration (%)
LN2023,Fm364,3,12.319354057312,protein_pct,Seed protein concentration (%)
LN2023,Fm366,1,12.4806079864502,protein_pct,Seed protein concentration (%)
LN2023,Fm366,2,12.0140333175659,protein_pct,Seed protein concentration (%)
LN2023,Fm366,3,11.4080171585083,protein_pct,Seed protein concentration (%)
LN2023,Fm368,1,14.1728000640869,protein_pct,Seed protein concentration (%)
LN2023,Fm368,2,13.3650007247925,protein_pct,Seed protein concentration (%)
LN2023,Fm368,3,12.7708988189697,protein_pct,Seed protein concentration (%)
LN2023,Fm369,1,14.7902040481567,protein_pct,Seed protein concentration (%)
LN2023,Fm369,2,13.6633949279785,protein_pct,Seed protein concentration (%)
LN2023,Fm369,3,15.4869031906128,protein_pct,Seed protein concentration (%)
LN2023,Fm370,1,14.4982595443726,protein_pct,Seed protein concentration (%)
LN2023,Fm370,2,13.568021774292,protein_pct,Seed protein concentration (%)
LN2023,Fm370,3,15.8590641021729,protein_pct,Seed protein concentration (%)
LN2023,Fm375,1,15.8558502197266,protein_pct,Seed protein concentration (%)
LN2023,Fm375,2,15.0486631393433,protein_pct,Seed protein concentration (%)
LN2023,Fm375,3,15.1291923522949,protein_pct,Seed protein concentration (%)
LN2023,Fm376,1,17.0719165802002,protein_pct,Seed protein concentration (%)
LN2023,Fm376,2,15.6785402297974,protein_pct,Seed protein concentration (%)
LN2023,Fm376,3,15.9279632568359,protein_pct,Seed protein concentration (%)
LN2023,Fm377,1,15.1161727905273,protein_pct,Seed protein concentration (%)
LN2023,Fm377,2,13.5695352554321,protein_pct,Seed protein concentration (%)
LN2023,Fm377,3,15.6572389602661,protein_pct,Seed protein concentration (%)
LN2023,Fm379,1,16.5859699249268,protein_pct,Seed protein concentration (%)
LN2023,Fm379,2,15.6893701553345,protein_pct,Seed protein concentration (%)
LN2023,Fm379,3,14.7564430236816,protein_pct,Seed protein concentration (%)
LN2023,Fm380,1,14.7822513580322,protein_pct,Seed protein concentration (%)
LN2023,Fm380,2,15.3118190765381,protein_pct,Seed protein concentration (%)
LN2023,Fm380,3,13.8905372619629,protein_pct,Seed protein concentration (%)
LN2023,Fm381,1,14.5725440979004,protein_pct,Seed protein concentration (%)
LN2023,Fm381,2,15.3005065917969,protein_pct,Seed protein concentration (%)
LN2023,Fm381,3,13.1978693008423,protein_pct,Seed protein concentration (%)
LN2023,Fm383,1,17.0639667510986,protein_pct,Seed protein concentration (%)
LN2023,Fm383,2,14.9952812194824,protein_pct,Seed protein concentration (%)
LN2023,Fm383,3,16.4636821746826,protein_pct,Seed protein concentration (%)
LN2023,Fm384,1,15.0510807037354,protein_pct,Seed protein concentration (%)
LN2023,Fm384,2,14.5280208587647,protein_pct,Seed protein concentration (%)
LN2023,Fm384,3,15.5182180404663,protein_pct,Seed protein concentration (%)
LN2023,Fm387,1,13.627857208252,protein_pct,Seed protein concentration (%)
LN2023,Fm387,2,13.1988983154297,protein_pct,Seed protein concentration (%)
LN2023,Fm387,3,11.6854076385498,protein_pct,Seed protein concentration (%)
LN2023,Fm388,1,16.351001739502,protein_pct,Seed protein concentration (%)
LN2023,Fm388,2,14.5065860748291,protein_pct,Seed protein concentration (%)
LN2023,Fm388,3,15.4230089187622,protein_pct,Seed protein concentration (%)
LN2023,Fm389,1,13.4966135025024,protein_pct,Seed protein concentration (%)
LN2023,Fm389,2,15.1025266647339,protein_pct,Seed protein concentration (%)
LN2023,Fm389,3,13.5039539337158,protein_pct,Seed protein concentration (%)
LN2023,Fm391,1,12.8255996704102,protein_pct,Seed protein concentration (%)
LN2023,Fm391,2,13.7756299972534,protein_pct,Seed protein concentration (%)
LN2023,Fm391,3,13.6154737472534,protein_pct,Seed protein concentration (%)
LN2023,Fm392,1,15.9962863922119,protein_pct,Seed protein concentration (%)
LN2023,Fm392,2,13.4227752685547,protein_pct,Seed protein concentration (%)
LN2023,Fm392,3,15.611421585083,protein_pct,Seed protein concentration (%)
LN2023,Fm394,1,13.8489542007446,protein_pct,Seed protein concentration (%)
LN2023,Fm394,2,14.8955526351929,protein_pct,Seed protein concentration (%)
LN2023,Fm394,3,12.7573776245117,protein_pct,Seed protein concentration (%)
LN2023,Fm395,1,12.5688581466675,protein_pct,Seed protein concentration (%)
LN2023,Fm395,2,16.9168338775635,protein_pct,Seed protein concentration (%)
LN2023,Fm395,3,16.3291015625,protein_pct,Seed protein concentration (%)
LN2023,Fm396,1,19.227861404419,protein_pct,Seed protein concentration (%)
LN2023,Fm396,2,16.1921100616455,protein_pct,Seed protein concentration (%)
LN2023,Fm396,3,16.1369152069092,protein_pct,Seed protein concentration (%)
LN2023,Fm400,1,13.453595161438,protein_pct,Seed protein concentration (%)
LN2023,Fm400,2,15.401801109314,protein_pct,Seed protein concentration (%)
LN2023,Fm400,3,17.1017532348633,protein_pct,Seed protein concentration (%)
LN2023,Fm401,1,15.3218050003052,protein_pct,Seed protein concentration (%)
LN2023,Fm401,2,14.984748840332,protein_pct,Seed protein concentration (%)
LN2023,Fm401,3,14.470739364624,protein_pct,Seed protein concentration (%)
LN2023,Fm403,1,16.2543983459473,protein_pct,Seed protein concentration (%)
LN2023,Fm403,2,16.0464839935303,protein_pct,Seed protein concentration (%)
LN2023,Fm403,3,16.1037540435791,protein_pct,Seed protein concentration (%)
LN2023,Fm404,1,15.38365650177,protein_pct,Seed protein concentration (%)
LN2023,Fm404,2,14.0327053070068,protein_pct,Seed protein concentration (%)
LN2023,Fm404,3,13.5836172103882,protein_pct,Seed protein concentration (%)
LN2023,Fm405,1,17.046968460083,protein_pct,Seed protein concentration (%)
LN2023,Fm405,2,16.2442169189453,protein_pct,Seed protein concentration (%)
LN2023,Fm405,3,15.5626907348633,protein_pct,Seed protein concentration (%)
LN2023,Fm406,1,14.2339963912964,protein_pct,Seed protein concentration (%)
LN2023,Fm406,2,13.9897451400757,protein_pct,Seed protein concentration (%)
LN2023,Fm406,3,12.2254867553711,protein_pct,Seed protein concentration (%)
LN2023,Fm407,1,14.7222261428833,protein_pct,Seed protein concentration (%)
LN2023,Fm407,2,13.0094137191772,protein_pct,Seed protein concentration (%)
LN2023,Fm407,3,11.878755569458,protein_pct,Seed protein concentration (%)
LN2023,Fm409,1,14.1984853744507,protein_pct,Seed protein concentration (%)
LN2023,Fm409,2,15.7598781585693,protein_pct,Seed protein concentration (%)
LN2023,Fm409,3,17.3797416687012,protein_pct,Seed protein concentration (%)
LN2023,Fm41,1,17.0140132904053,protein_pct,Seed protein concentration (%)
LN2023,Fm41,2,17.3804531097412,protein_pct,Seed protein concentration (%)
LN2023,Fm41,3,15.7067403793335,protein_pct,Seed protein concentration (%)
LN2023,Fm410,1,14.9010944366455,protein_pct,Seed protein concentration (%)
LN2023,Fm410,2,16.0926456451416,protein_pct,Seed protein concentration (%)
LN2023,Fm410,3,18.6985473632812,protein_pct,Seed protein concentration (%)
LN2023,Fm411,1,14.3098545074463,protein_pct,Seed protein concentration (%)
LN2023,Fm411,2,14.7964191436768,protein_pct,Seed protein concentration (%)
LN2023,Fm411,3,12.2599992752075,protein_pct,Seed protein concentration (%)
LN2023,Fm413,1,14.2869081497192,protein_pct,Seed protein concentration (%)
LN2023,Fm413,2,14.6338834762573,protein_pct,Seed protein concentration (%)
LN2023,Fm413,3,17.0549564361572,protein_pct,Seed protein concentration (%)
LN2023,Fm415,1,18.8959083557129,protein_pct,Seed protein concentration (%)
LN2023,Fm415,2,17.6986980438232,protein_pct,Seed protein concentration (%)
LN2023,Fm415,3,17.4894294738769,protein_pct,Seed protein concentration (%)
LN2023,Fm416,1,17.4389324188232,protein_pct,Seed protein concentration (%)
LN2023,Fm416,2,15.4271783828735,protein_pct,Seed protein concentration (%)
LN2023,Fm416,3,14.4151802062988,protein_pct,Seed protein concentration (%)
LN2023,Fm417,1,18.3818111419678,protein_pct,Seed protein concentration (%)
LN2023,Fm417,2,18.5113468170166,protein_pct,Seed protein concentration (%)
LN2023,Fm417,3,20.2739295959473,protein_pct,Seed protein concentration (%)
LN2023,Fm418,1,14.7663087844849,protein_pct,Seed protein concentration (%)
LN2023,Fm418,2,16.8742141723633,protein_pct,Seed protein concentration (%)
LN2023,Fm418,3,15.5744342803955,protein_pct,Seed protein concentration (%)
LN2023,Fm419,1,12.8859300613403,protein_pct,Seed protein concentration (%)
LN2023,Fm419,2,14.3740978240967,protein_pct,Seed protein concentration (%)
LN2023,Fm419,3,14.1551885604858,protein_pct,Seed protein concentration (%)
LN2023,Fm420,1,12.6816005706787,protein_pct,Seed protein concentration (%)
LN2023,Fm420,2,11.1706581115723,protein_pct,Seed protein concentration (%)
LN2023,Fm420,3,13.5473337173462,protein_pct,Seed protein concentration (%)
LN2023,Fm421,1,15.0316123962402,protein_pct,Seed protein concentration (%)
LN2023,Fm421,2,14.8763551712036,protein_pct,Seed protein concentration (%)
LN2023,Fm421,3,12.9485502243042,protein_pct,Seed protein concentration (%)
LN2023,Fm429,1,15.7125339508057,protein_pct,Seed protein concentration (%)
LN2023,Fm429,2,18.3121643066406,protein_pct,Seed protein concentration (%)
LN2023,Fm429,3,14.2990379333496,protein_pct,Seed protein concentration (%)
LN2023,Fm44,1,21.0016231536865,protein_pct,Seed protein concentration (%)
LN2023,Fm44,2,19.4480667114258,protein_pct,Seed protein concentration (%)
LN2023,Fm44,3,16.9074649810791,protein_pct,Seed protein concentration (%)
LN2023,Fm442,1,14.4621315002441,protein_pct,Seed protein concentration (%)
LN2023,Fm442,2,14.2604560852051,protein_pct,Seed protein concentration (%)
LN2023,Fm442,3,16.2821483612061,protein_pct,Seed protein concentration (%)
LN2023,Fm443,1,12.6184892654419,protein_pct,Seed protein concentration (%)
LN2023,Fm443,2,13.6010513305664,protein_pct,Seed protein concentration (%)
LN2023,Fm443,3,13.9383058547974,protein_pct,Seed protein concentration (%)
LN2023,Fm446,1,12.0777101516724,protein_pct,Seed protein concentration (%)
LN2023,Fm446,2,14.2497453689575,protein_pct,Seed protein concentration (%)
LN2023,Fm446,3,14.2113075256348,protein_pct,Seed protein concentration (%)
LN2023,Fm461,1,15.3179750442505,protein_pct,Seed protein concentration (%)
LN2023,Fm461,2,13.9903593063355,protein_pct,Seed protein concentration (%)
LN2023,Fm461,3,14.3843650817871,protein_pct,Seed protein concentration (%)
LN2023,Fm474,1,16.5009517669678,protein_pct,Seed protein concentration (%)
LN2023,Fm474,2,19.4252758026123,protein_pct,Seed protein concentration (%)
LN2023,Fm474,3,13.3645963668823,protein_pct,Seed protein concentration (%)
LN2023,Fm475,1,13.9786195755005,protein_pct,Seed protein concentration (%)
LN2023,Fm475,2,13.6162071228027,protein_pct,Seed protein concentration (%)
LN2023,Fm475,3,13.3528385162354,protein_pct,Seed protein concentration (%)
LN2023,Fm476,1,14.8821439743042,protein_pct,Seed protein concentration (%)
LN2023,Fm476,2,13.2011413574219,protein_pct,Seed protein concentration (%)
LN2023,Fm476,3,13.2974548339844,protein_pct,Seed protein concentration (%)
LN2023,Fm477,1,11.8208770751953,protein_pct,Seed protein concentration (%)
LN2023,Fm477,2,13.3614511489868,protein_pct,Seed protein concentration (%)
LN2023,Fm477,3,11.3407363891602,protein_pct,Seed protein concentration (%)
LN2023,Fm480,1,12.3104209899902,protein_pct,Seed protein concentration (%)
LN2023,Fm480,2,12.9640235900879,protein_pct,Seed protein concentration (%)
LN2023,Fm480,3,13.5148706436157,protein_pct,Seed protein concentration (%)
LN2023,Fm482,1,12.7506141662598,protein_pct,Seed protein concentration (%)
LN2023,Fm482,2,13.4838180541992,protein_pct,Seed protein concentration (%)
LN2023,Fm482,3,13.5616092681885,protein_pct,Seed protein concentration (%)
LN2023,Fm484,1,14.3578109741211,protein_pct,Seed protein concentration (%)
LN2023,Fm484,2,14.2101240158081,protein_pct,Seed protein concentration (%)
LN2023,Fm484,3,13.0384979248047,protein_pct,Seed protein concentration (%)
LN2023,Fm489,1,10.8681182861328,protein_pct,Seed protein concentration (%)
LN2023,Fm489,2,14.6252946853638,protein_pct,Seed protein concentration (%)
LN2023,Fm489,3,13.7626914978027,protein_pct,Seed protein concentration (%)
LN2023,Fm492,1,13.1777658462524,protein_pct,Seed protein concentration (%)
LN2023,Fm492,2,16.6746311187744,protein_pct,Seed protein concentration (%)
LN2023,Fm492,3,11.0488433837891,protein_pct,Seed protein concentration (%)
LN2023,Fm518,1,12.8356142044067,protein_pct,Seed protein concentration (%)
LN2023,Fm518,2,13.0893812179565,protein_pct,Seed protein concentration (%)
LN2023,Fm518,3,8.64608097076416,protein_pct,Seed protein concentration (%)
LN2023,Fm519,1,14.0453863143921,protein_pct,Seed protein concentration (%)
LN2023,Fm519,2,13.4736585617065,protein_pct,Seed protein concentration (%)
LN2023,Fm519,3,12.3958539962769,protein_pct,Seed protein concentration (%)
LN2023,Fm523,1,15.5820760726929,protein_pct,Seed protein concentration (%)
LN2023,Fm523,2,15.5581283569336,protein_pct,Seed protein concentration (%)
LN2023,Fm523,3,14.6370620727539,protein_pct,Seed protein concentration (%)
LN2023,Fm524,1,15.7653999328613,protein_pct,Seed protein concentration (%)
LN2023,Fm524,2,16.515905380249,protein_pct,Seed protein concentration (%)
LN2023,Fm524,3,13.861590385437,protein_pct,Seed protein concentration (%)
LN2023,Fm537,1,16.1678695678711,protein_pct,Seed protein concentration (%)
LN2023,Fm537,2,15.6812171936035,protein_pct,Seed protein concentration (%)
LN2023,Fm537,3,17.1758880615234,protein_pct,Seed protein concentration (%)
LN2023,Fm560,1,14.4384746551514,protein_pct,Seed protein concentration (%)
LN2023,Fm560,2,15.7462310791016,protein_pct,Seed protein concentration (%)
LN2023,Fm560,3,18.4494495391846,protein_pct,Seed protein concentration (%)
LN2023,Fm566,1,17.4134311676025,protein_pct,Seed protein concentration (%)
LN2023,Fm566,2,18.0622863769531,protein_pct,Seed protein concentration (%)
LN2023,Fm566,3,16.8808479309082,protein_pct,Seed protein concentration (%)
LN2023,Fm569,1,17.3003921508789,protein_pct,Seed protein concentration (%)
LN2023,Fm569,2,14.4524383544922,protein_pct,Seed protein concentration (%)
LN2023,Fm569,3,15.063982963562,protein_pct,Seed protein concentration (%)
LN2023,Fm585,1,14.4705991744995,protein_pct,Seed protein concentration (%)
LN2023,Fm585,2,14.8302869796753,protein_pct,Seed protein concentration (%)
LN2023,Fm585,3,16.6495189666748,protein_pct,Seed protein concentration (%)
LN2023,Fm589,1,14.8012771606445,protein_pct,Seed protein concentration (%)
LN2023,Fm589,2,14.34840965271,protein_pct,Seed protein concentration (%)
LN2023,Fm589,3,12.8816738128662,protein_pct,Seed protein concentration (%)
LN2023,Fm590,1,15.3488788604736,protein_pct,Seed protein concentration (%)
LN2023,Fm590,2,16.3866767883301,protein_pct,Seed protein concentration (%)
LN2023,Fm590,3,17.2975597381592,protein_pct,Seed protein concentration (%)
LN2023,Fm592,1,19.0493755340576,protein_pct,Seed protein concentration (%)
LN2023,Fm592,2,19.2957019805908,protein_pct,Seed protein concentration (%)
LN2023,Fm592,3,18.28684425354,protein_pct,Seed protein concentration (%)
LN2023,Fm600,1,16.7032413482666,protein_pct,Seed protein concentration (%)
LN2023,Fm600,2,14.2710628509521,protein_pct,Seed protein concentration (%)
LN2023,Fm600,3,16.0722789764404,protein_pct,Seed protein concentration (%)
LN2023,Fm601,1,17.9176540374756,protein_pct,Seed protein concentration (%)
LN2023,Fm601,2,17.567590713501,protein_pct,Seed protein concentration (%)
LN2023,Fm601,3,13.9802770614624,protein_pct,Seed protein concentration (%)
LN2023,Fm603,1,13.9393615722656,protein_pct,Seed protein concentration (%)
LN2023,Fm603,2,18.3478450775146,protein_pct,Seed protein concentration (%)
LN2023,Fm603,3,16.3343410491943,protein_pct,Seed protein concentration (%)
LN2023,Fm610,1,19.3136730194092,protein_pct,Seed protein concentration (%)
LN2023,Fm610,2,21.9900856018066,protein_pct,Seed protein concentration (%)
LN2023,Fm610,3,18.1182994842529,protein_pct,Seed protein concentration (%)
LN2023,Fm611,1,18.2902526855469,protein_pct,Seed protein concentration (%)
LN2023,Fm611,2,19.1174411773682,protein_pct,Seed protein concentration (%)
LN2023,Fm611,3,19.7991905212402,protein_pct,Seed protein concentration (%)
LN2023,Fm612,1,17.183443069458,protein_pct,Seed protein concentration (%)
LN2023,Fm612,2,16.8481369018555,protein_pct,Seed protein concentration (%)
LN2023,Fm612,3,19.1766872406006,protein_pct,Seed protein concentration (%)
LN2023,Fm614,1,16.4938182830811,protein_pct,Seed protein concentration (%)
LN2023,Fm614,2,16.9176349639893,protein_pct,Seed protein concentration (%)
LN2023,Fm614,3,15.7833118438721,protein_pct,Seed protein concentration (%)
LN2023,Fm615,1,16.8206462860107,protein_pct,Seed protein concentration (%)
LN2023,Fm615,2,18.2072105407715,protein_pct,Seed protein concentration (%)
LN2023,Fm615,3,22.4558029174805,protein_pct,Seed protein concentration (%)
LN2023,Fm616,1,17.0694789886475,protein_pct,Seed protein concentration (%)
LN2023,Fm616,2,16.5793380737305,protein_pct,Seed protein concentration (%)
LN2023,Fm616,3,19.4703578948975,protein_pct,Seed protein concentration (%)
LN2023,Fm621,1,14.5829124450684,protein_pct,Seed protein concentration (%)
LN2023,Fm621,2,14.9798078536987,protein_pct,Seed protein concentration (%)
LN2023,Fm621,3,14.1294507980347,protein_pct,Seed protein concentration (%)
LN2023,Fm65,1,19.4806976318359,protein_pct,Seed protein concentration (%)
LN2023,Fm65,2,19.2478942871094,protein_pct,Seed protein concentration (%)
LN2023,Fm65,3,20.6461181640625,protein_pct,Seed protein concentration (%)
LN2023,Fm78,1,19.4410095214844,protein_pct,Seed protein concentration (%)
LN2023,Fm78,2,21.2603282928467,protein_pct,Seed protein concentration (%)
LN2023,Fm78,3,19.3054466247559,protein_pct,Seed protein concentration (%)
LN2023,Fm181,1,4.55310396409841,fat_pct,Seed fat concentration (%)
LN2023,Fm181,2,4.28199956256587,fat_pct,Seed fat concentration (%)
LN2023,Fm181,3,4.78044149062442,fat_pct,Seed fat concentration (%)
LN2023,Fm190,1,5.17056530214484,fat_pct,Seed fat concentration (%)
LN2023,Fm190,2,4.77460721452686,fat_pct,Seed fat concentration (%)
LN2023,Fm190,3,4.5175316631694,fat_pct,Seed fat concentration (%)
LN2023,Fm193,1,4.18440982227071,fat_pct,Seed fat concentration (%)
LN2023,Fm193,2,3.6687471456842,fat_pct,Seed fat concentration (%)
LN2023,Fm193,3,3.72609500308477,fat_pct,Seed fat concentration (%)
LN2023,Fm194,1,3.10664120107348,fat_pct,Seed fat concentration (%)
LN2023,Fm194,2,2.89095160490326,fat_pct,Seed fat concentration (%)
LN2023,Fm194,3,3.29371736408088,fat_pct,Seed fat concentration (%)
LN2023,Fm195,1,4.27504816955706,fat_pct,Seed fat concentration (%)
LN2023,Fm195,2,4.31737168781336,fat_pct,Seed fat concentration (%)
LN2023,Fm195,3,4.79434960567063,fat_pct,Seed fat concentration (%)
LN2023,Fm214,1,3.07249514157085,fat_pct,Seed fat concentration (%)
LN2023,Fm214,2,3.25909324368496,fat_pct,Seed fat concentration (%)
LN2023,Fm214,3,3.1518284874064,fat_pct,Seed fat concentration (%)
LN2023,Fm215,1,4.51984291533557,fat_pct,Seed fat concentration (%)
LN2023,Fm215,2,4.5141144141894,fat_pct,Seed fat concentration (%)
LN2023,Fm215,3,3.32399929994805,fat_pct,Seed fat concentration (%)
LN2023,Fm216,1,4.62864990206903,fat_pct,Seed fat concentration (%)
LN2023,Fm216,2,4.17071748007029,fat_pct,Seed fat concentration (%)
LN2023,Fm216,3,4.50214387803699,fat_pct,Seed fat concentration (%)
LN2023,Fm219,1,4.13575223780564,fat_pct,Seed fat concentration (%)
LN2023,Fm219,2,3.91203926474828,fat_pct,Seed fat concentration (%)
LN2023,Fm219,3,4.36494267014433,fat_pct,Seed fat concentration (%)
LN2023,Fm221,1,3.04810870363599,fat_pct,Seed fat concentration (%)
LN2023,Fm221,2,3.16684474958491,fat_pct,Seed fat concentration (%)
LN2023,Fm221,3,2.35743720791005,fat_pct,Seed fat concentration (%)
LN2023,Fm233,1,3.67745642597231,fat_pct,Seed fat concentration (%)
LN2023,Fm233,2,3.39371427193085,fat_pct,Seed fat concentration (%)
LN2023,Fm233,3,3.57611783523118,fat_pct,Seed fat concentration (%)
LN2023,Fm236,1,1.84510427164926,fat_pct,Seed fat concentration (%)
LN2023,Fm236,2,2.90382437284605,fat_pct,Seed fat concentration (%)
LN2023,Fm236,3,3.14989947129362,fat_pct,Seed fat concentration (%)
LN2023,Fm238,1,3.76597861863117,fat_pct,Seed fat concentration (%)
LN2023,Fm238,2,3.63209876543197,fat_pct,Seed fat concentration (%)
LN2023,Fm238,3,2.68010144629548,fat_pct,Seed fat concentration (%)
LN2023,Fm250,1,3.52189092281521,fat_pct,Seed fat concentration (%)
LN2023,Fm250,2,4.30663221360864,fat_pct,Seed fat concentration (%)
LN2023,Fm250,3,3.90987745160226,fat_pct,Seed fat concentration (%)
LN2023,Fm255,1,4.30504945340982,fat_pct,Seed fat concentration (%)
LN2023,Fm255,2,5.03755963861526,fat_pct,Seed fat concentration (%)
LN2023,Fm255,3,3.7476592944987,fat_pct,Seed fat concentration (%)
LN2023,Fm322,1,2.50794930359674,fat_pct,Seed fat concentration (%)
LN2023,Fm322,2,3.34981402521968,fat_pct,Seed fat concentration (%)
LN2023,Fm322,3,3.04690174597708,fat_pct,Seed fat concentration (%)
LN2023,Fm324,1,3.69030572512342,fat_pct,Seed fat concentration (%)
LN2023,Fm324,2,4.00355871886118,fat_pct,Seed fat concentration (%)
LN2023,Fm324,3,3.98681284980464,fat_pct,Seed fat concentration (%)
LN2023,Fm325,1,4.25444876252838,fat_pct,Seed fat concentration (%)
LN2023,Fm325,2,4.04780449810092,fat_pct,Seed fat concentration (%)
LN2023,Fm325,3,3.97969126621898,fat_pct,Seed fat concentration (%)
LN2023,Fm328,1,4.65684495730207,fat_pct,Seed fat concentration (%)
LN2023,Fm328,2,4.36859214803704,fat_pct,Seed fat concentration (%)
LN2023,Fm328,3,4.46749790547517,fat_pct,Seed fat concentration (%)
LN2023,Fm332,1,4.05882964348853,fat_pct,Seed fat concentration (%)
LN2023,Fm332,2,3.85063881565636,fat_pct,Seed fat concentration (%)
LN2023,Fm332,3,4.18185016712347,fat_pct,Seed fat concentration (%)
LN2023,Fm337,1,4.77157360406124,fat_pct,Seed fat concentration (%)
LN2023,Fm337,2,4.17138275797061,fat_pct,Seed fat concentration (%)
LN2023,Fm337,3,3.95913767055935,fat_pct,Seed fat concentration (%)
LN2023,Fm341,1,3.96489540754962,fat_pct,Seed fat concentration (%)
LN2023,Fm341,2,3.81376292961746,fat_pct,Seed fat concentration (%)
LN2023,Fm341,3,4.11095233234675,fat_pct,Seed fat concentration (%)
LN2023,Fm344,1,4.2188040951582,fat_pct,Seed fat concentration (%)
LN2023,Fm344,2,3.9041321476527,fat_pct,Seed fat concentration (%)
LN2023,Fm344,3,4.23546302943277,fat_pct,Seed fat concentration (%)
LN2023,Fm345,1,3.88451971155095,fat_pct,Seed fat concentration (%)
LN2023,Fm345,2,4.23846057099794,fat_pct,Seed fat concentration (%)
LN2023,Fm345,3,3.75363074402296,fat_pct,Seed fat concentration (%)
LN2023,Fm347,1,3.25278358535468,fat_pct,Seed fat concentration (%)
LN2023,Fm347,2,3.0354372986521,fat_pct,Seed fat concentration (%)
LN2023,Fm347,3,3.45503032591508,fat_pct,Seed fat concentration (%)
LN2023,Fm349,1,2.83207409212752,fat_pct,Seed fat concentration (%)
LN2023,Fm349,2,2.67260579064612,fat_pct,Seed fat concentration (%)
LN2023,Fm349,3,2.7146052754218,fat_pct,Seed fat concentration (%)
LN2023,Fm351,1,4.7601274012146,fat_pct,Seed fat concentration (%)
LN2023,Fm351,2,4.00384292062015,fat_pct,Seed fat concentration (%)
LN2023,Fm351,3,3.73155039737588,fat_pct,Seed fat concentration (%)
LN2023,Fm352,1,4.08013624107066,fat_pct,Seed fat concentration (%)
LN2023,Fm352,2,4.05235278747731,fat_pct,Seed fat concentration (%)
LN2023,Fm352,3,3.55489342195747,fat_pct,Seed fat concentration (%)
LN2023,Fm354,1,3.92590419891263,fat_pct,Seed fat concentration (%)
LN2023,Fm354,2,3.35982743663714,fat_pct,Seed fat concentration (%)
LN2023,Fm354,3,3.53477229490153,fat_pct,Seed fat concentration (%)
LN2023,Fm355,1,3.61499887732901,fat_pct,Seed fat concentration (%)
LN2023,Fm355,2,3.39614319668709,fat_pct,Seed fat concentration (%)
LN2023,Fm355,3,3.445970272077,fat_pct,Seed fat concentration (%)
LN2023,Fm356,1,3.52722772277212,fat_pct,Seed fat concentration (%)
LN2023,Fm356,2,3.24895494658643,fat_pct,Seed fat concentration (%)
LN2023,Fm356,3,3.23349138429532,fat_pct,Seed fat concentration (%)
LN2023,Fm357,1,4.23249299719927,fat_pct,Seed fat concentration (%)
LN2023,Fm357,2,3.79666941787617,fat_pct,Seed fat concentration (%)
LN2023,Fm357,3,4.4458329328079,fat_pct,Seed fat concentration (%)
LN2023,Fm358,1,3.66143010564716,fat_pct,Seed fat concentration (%)
LN2023,Fm358,2,3.38879092233446,fat_pct,Seed fat concentration (%)
LN2023,Fm358,3,3.49544072948367,fat_pct,Seed fat concentration (%)
LN2023,Fm359,1,3.92348576012821,fat_pct,Seed fat concentration (%)
LN2023,Fm359,2,2.933399850337,fat_pct,Seed fat concentration (%)
LN2023,Fm359,3,3.74081332680083,fat_pct,Seed fat concentration (%)
LN2023,Fm361,1,3.88808052858839,fat_pct,Seed fat concentration (%)
LN2023,Fm361,2,3.48300355149697,fat_pct,Seed fat concentration (%)
LN2023,Fm361,3,3.7503053994627,fat_pct,Seed fat concentration (%)
LN2023,Fm362,1,4.07112539869929,fat_pct,Seed fat concentration (%)
LN2023,Fm362,2,3.83599154496509,fat_pct,Seed fat concentration (%)
LN2023,Fm362,3,2.3713668499613,fat_pct,Seed fat concentration (%)
LN2023,Fm363,1,3.40129188534478,fat_pct,Seed fat concentration (%)
LN2023,Fm363,2,3.69806875904887,fat_pct,Seed fat concentration (%)
LN2023,Fm363,3,3.66267643380354,fat_pct,Seed fat concentration (%)
LN2023,Fm364,1,3.71056685494862,fat_pct,Seed fat concentration (%)
LN2023,Fm364,2,2.98904096702913,fat_pct,Seed fat concentration (%)
LN2023,Fm364,3,3.39896574328133,fat_pct,Seed fat concentration (%)
LN2023,Fm365,1,3.82029114017598,fat_pct,Seed fat concentration (%)
LN2023,Fm365,2,3.74102531805045,fat_pct,Seed fat concentration (%)
LN2023,Fm365,3,3.87384133863002,fat_pct,Seed fat concentration (%)
LN2023,Fm366,1,3.35984379464698,fat_pct,Seed fat concentration (%)
LN2023,Fm366,2,3.45969560315674,fat_pct,Seed fat concentration (%)
LN2023,Fm366,3,3.09129957960156,fat_pct,Seed fat concentration (%)
LN2023,Fm368,1,4.55140492776622,fat_pct,Seed fat concentration (%)
LN2023,Fm368,2,3.52904806068776,fat_pct,Seed fat concentration (%)
LN2023,Fm368,3,3.38493340536939,fat_pct,Seed fat concentration (%)
LN2023,Fm369,1,3.53265273051319,fat_pct,Seed fat concentration (%)
LN2023,Fm369,2,3.36751729072258,fat_pct,Seed fat concentration (%)
LN2023,Fm369,3,3.93523668273386,fat_pct,Seed fat concentration (%)
LN2023,Fm370,1,3.46539182945237,fat_pct,Seed fat concentration (%)
LN2023,Fm370,2,2.9806924413963,fat_pct,Seed fat concentration (%)
LN2023,Fm370,3,3.50889679715353,fat_pct,Seed fat concentration (%)
LN2023,Fm375,1,4.42125428513804,fat_pct,Seed fat concentration (%)
LN2023,Fm375,2,4.02106854592936,fat_pct,Seed fat concentration (%)
LN2023,Fm375,3,5.19792182088103,fat_pct,Seed fat concentration (%)
LN2023,Fm376,1,3.98673526614809,fat_pct,Seed fat concentration (%)
LN2023,Fm376,2,4.64705296694549,fat_pct,Seed fat concentration (%)
LN2023,Fm376,3,4.59593835802806,fat_pct,Seed fat concentration (%)
LN2023,Fm377,1,4.78206724782015,fat_pct,Seed fat concentration (%)
LN2023,Fm377,2,5.06290507052969,fat_pct,Seed fat concentration (%)
LN2023,Fm377,3,4.98791102514504,fat_pct,Seed fat concentration (%)
LN2023,Fm379,1,4.05757625566476,fat_pct,Seed fat concentration (%)
LN2023,Fm379,2,3.84975865785644,fat_pct,Seed fat concentration (%)
LN2023,Fm379,3,4.12742648472012,fat_pct,Seed fat concentration (%)
LN2023,Fm380,1,3.53484101671974,fat_pct,Seed fat concentration (%)
LN2023,Fm380,2,3.39415204678328,fat_pct,Seed fat concentration (%)
LN2023,Fm380,3,3.1916603522303,fat_pct,Seed fat concentration (%)
LN2023,Fm381,1,4.06632355797286,fat_pct,Seed fat concentration (%)
LN2023,Fm381,2,4.15986545976121,fat_pct,Seed fat concentration (%)
LN2023,Fm381,3,3.94880987949425,fat_pct,Seed fat concentration (%)
LN2023,Fm383,1,4.4363818341049,fat_pct,Seed fat concentration (%)
LN2023,Fm383,2,4.12839530428827,fat_pct,Seed fat concentration (%)
LN2023,Fm383,3,3.82662040528972,fat_pct,Seed fat concentration (%)
LN2023,Fm384,1,3.85863502687338,fat_pct,Seed fat concentration (%)
LN2023,Fm384,2,3.79765761275854,fat_pct,Seed fat concentration (%)
LN2023,Fm384,3,3.92599059120236,fat_pct,Seed fat concentration (%)
LN2023,Fm388,1,4.75511057538614,fat_pct,Seed fat concentration (%)
LN2023,Fm388,2,4.55494492308409,fat_pct,Seed fat concentration (%)
LN2023,Fm388,3,4.97412305922977,fat_pct,Seed fat concentration (%)
LN2023,Fm389,1,3.80314809482685,fat_pct,Seed fat concentration (%)
LN2023,Fm389,2,3.49207120134046,fat_pct,Seed fat concentration (%)
LN2023,Fm389,3,3.45799302669923,fat_pct,Seed fat concentration (%)
LN2023,Fm391,1,4.02108618364633,fat_pct,Seed fat concentration (%)
LN2023,Fm391,2,3.71827411167521,fat_pct,Seed fat concentration (%)
LN2023,Fm391,3,4.13432835820904,fat_pct,Seed fat concentration (%)
LN2023,Fm392,1,3.83457336949759,fat_pct,Seed fat concentration (%)
LN2023,Fm392,2,3.84789377045682,fat_pct,Seed fat concentration (%)
LN2023,Fm392,3,3.65709316650149,fat_pct,Seed fat concentration (%)
LN2023,Fm394,1,3.99707285069016,fat_pct,Seed fat concentration (%)
LN2023,Fm394,2,3.8714154707912,fat_pct,Seed fat concentration (%)
LN2023,Fm394,3,4.03038615741703,fat_pct,Seed fat concentration (%)
LN2023,Fm395,1,3.88946267979972,fat_pct,Seed fat concentration (%)
LN2023,Fm395,2,3.79423119482573,fat_pct,Seed fat concentration (%)
LN2023,Fm395,3,3.24313763797996,fat_pct,Seed fat concentration (%)
LN2023,Fm396,1,3.87418391618996,fat_pct,Seed fat concentration (%)
LN2023,Fm396,2,3.95626664153195,fat_pct,Seed fat concentration (%)
LN2023,Fm396,3,3.80325291140471,fat_pct,Seed fat concentration (%)
LN2023,Fm398,1,3.91297963978127,fat_pct,Seed fat concentration (%)
LN2023,Fm398,2,3.95678870799284,fat_pct,Seed fat concentration (%)
LN2023,Fm398,3,4.21870131115358,fat_pct,Seed fat concentration (%)
LN2023,Fm400,1,3.57014342260851,fat_pct,Seed fat concentration (%)
LN2023,Fm400,2,3.95663685867014,fat_pct,Seed fat concentration (%)
LN2023,Fm400,3,3.93061587050932,fat_pct,Seed fat concentration (%)
LN2023,Fm401,1,4.03714790083682,fat_pct,Seed fat concentration (%)
LN2023,Fm401,2,3.67127573677832,fat_pct,Seed fat concentration (%)
LN2023,Fm401,3,3.40955596480436,fat_pct,Seed fat concentration (%)
LN2023,Fm403,1,4.26576344402719,fat_pct,Seed fat concentration (%)
LN2023,Fm403,2,4.31424766977373,fat_pct,Seed fat concentration (%)
LN2023,Fm403,3,4.05948747759583,fat_pct,Seed fat concentration (%)
LN2023,Fm404,1,4.14831800297049,fat_pct,Seed fat concentration (%)
LN2023,Fm404,2,4.31347531651805,fat_pct,Seed fat concentration (%)
LN2023,Fm404,3,4.35847579606547,fat_pct,Seed fat concentration (%)
LN2023,Fm405,1,4.31115276476138,fat_pct,Seed fat concentration (%)
LN2023,Fm405,2,4.46777047829162,fat_pct,Seed fat concentration (%)
LN2023,Fm405,3,4.37151671974538,fat_pct,Seed fat concentration (%)
LN2023,Fm406,1,4.15053189121876,fat_pct,Seed fat concentration (%)
LN2023,Fm406,2,4.10433893895713,fat_pct,Seed fat concentration (%)
LN2023,Fm406,3,3.90611781199374,fat_pct,Seed fat concentration (%)
LN2023,Fm407,1,3.96192180548319,fat_pct,Seed fat concentration (%)
LN2023,Fm407,2,4.10658077739521,fat_pct,Seed fat concentration (%)
LN2023,Fm407,3,3.85653495440747,fat_pct,Seed fat concentration (%)
LN2023,Fm409,1,4.08689160224468,fat_pct,Seed fat concentration (%)
LN2023,Fm409,2,3.78082472117103,fat_pct,Seed fat concentration (%)
LN2023,Fm409,3,4.20092689490203,fat_pct,Seed fat concentration (%)
LN2023,Fm410,1,3.62926408585662,fat_pct,Seed fat concentration (%)
LN2023,Fm410,2,4.04963253800458,fat_pct,Seed fat concentration (%)
LN2023,Fm410,3,3.49722229020331,fat_pct,Seed fat concentration (%)
LN2023,Fm411,1,3.8313094229503,fat_pct,Seed fat concentration (%)
LN2023,Fm411,2,3.36996853130471,fat_pct,Seed fat concentration (%)
LN2023,Fm411,3,4.09646040964617,fat_pct,Seed fat concentration (%)
LN2023,Fm413,1,4.29986868807405,fat_pct,Seed fat concentration (%)
LN2023,Fm413,2,4.07290216428295,fat_pct,Seed fat concentration (%)
LN2023,Fm413,3,3.8737483224943,fat_pct,Seed fat concentration (%)
LN2023,Fm415,1,4.64618638856822,fat_pct,Seed fat concentration (%)
LN2023,Fm415,2,4.14933674599458,fat_pct,Seed fat concentration (%)
LN2023,Fm415,3,4.45228791125697,fat_pct,Seed fat concentration (%)
LN2023,Fm416,1,3.36768032168852,fat_pct,Seed fat concentration (%)
LN2023,Fm416,2,3.75517294231828,fat_pct,Seed fat concentration (%)
LN2023,Fm416,3,3.78588166373766,fat_pct,Seed fat concentration (%)
LN2023,Fm417,1,3.38029016916515,fat_pct,Seed fat concentration (%)
LN2023,Fm417,2,4.73880317087152,fat_pct,Seed fat concentration (%)
LN2023,Fm417,3,3.99895699995262,fat_pct,Seed fat concentration (%)
LN2023,Fm418,1,3.21269012599805,fat_pct,Seed fat concentration (%)
LN2023,Fm418,2,3.55689756646745,fat_pct,Seed fat concentration (%)
LN2023,Fm418,3,3.85075519665054,fat_pct,Seed fat concentration (%)
LN2023,Fm419,1,2.70212816212743,fat_pct,Seed fat concentration (%)
LN2023,Fm419,2,4.0075779656075,fat_pct,Seed fat concentration (%)
LN2023,Fm419,3,2.8912605080099,fat_pct,Seed fat concentration (%)
LN2023,Fm420,1,2.72763363770074,fat_pct,Seed fat concentration (%)
LN2023,Fm420,2,3.27070285316611,fat_pct,Seed fat concentration (%)
LN2023,Fm420,3,3.46693875740337,fat_pct,Seed fat concentration (%)
LN2023,Fm421,1,3.25392350343064,fat_pct,Seed fat concentration (%)
LN2023,Fm421,2,2.88636581393103,fat_pct,Seed fat concentration (%)
LN2023,Fm421,3,3.46157335994934,fat_pct,Seed fat concentration (%)
LN2023,Fm429,1,3.28942947382506,fat_pct,Seed fat concentration (%)
LN2023,Fm429,2,3.33390406770554,fat_pct,Seed fat concentration (%)
LN2023,Fm429,3,3.43008562946262,fat_pct,Seed fat concentration (%)
LN2023,Fm442,1,3.67505776480637,fat_pct,Seed fat concentration (%)
LN2023,Fm442,2,3.7711474921126,fat_pct,Seed fat concentration (%)
LN2023,Fm442,3,3.44589086777161,fat_pct,Seed fat concentration (%)
LN2023,Fm443,1,4.31358293953707,fat_pct,Seed fat concentration (%)
LN2023,Fm443,2,3.48853665440186,fat_pct,Seed fat concentration (%)
LN2023,Fm443,3,3.724672228844,fat_pct,Seed fat concentration (%)
LN2023,Fm446,1,3.32874828060561,fat_pct,Seed fat concentration (%)
LN2023,Fm446,2,2.93259306712246,fat_pct,Seed fat concentration (%)
LN2023,Fm446,3,2.99597839278494,fat_pct,Seed fat concentration (%)
LN2023,Fm474,1,3.88435008071976,fat_pct,Seed fat concentration (%)
LN2023,Fm474,2,4.10462676126704,fat_pct,Seed fat concentration (%)
LN2023,Fm474,3,3.86756447966539,fat_pct,Seed fat concentration (%)
LN2023,Fm475,1,4.70187554693611,fat_pct,Seed fat concentration (%)
LN2023,Fm475,2,4.49559255631695,fat_pct,Seed fat concentration (%)
LN2023,Fm475,3,4.86281836955455,fat_pct,Seed fat concentration (%)
LN2023,Fm476,1,3.87313358051879,fat_pct,Seed fat concentration (%)
LN2023,Fm476,2,4.27501214492108,fat_pct,Seed fat concentration (%)
LN2023,Fm476,3,3.90485162505865,fat_pct,Seed fat concentration (%)
LN2023,Fm477,1,3.33223124881906,fat_pct,Seed fat concentration (%)
LN2023,Fm477,2,2.87137278742918,fat_pct,Seed fat concentration (%)
LN2023,Fm477,3,3.66798608612251,fat_pct,Seed fat concentration (%)
LN2023,Fm480,1,3.94386758023098,fat_pct,Seed fat concentration (%)
LN2023,Fm480,2,4.67366158016472,fat_pct,Seed fat concentration (%)
LN2023,Fm480,3,3.79160230304747,fat_pct,Seed fat concentration (%)
LN2023,Fm482,1,3.92107829653165,fat_pct,Seed fat concentration (%)
LN2023,Fm482,2,4.37136249269314,fat_pct,Seed fat concentration (%)
LN2023,Fm482,3,4.00070187752267,fat_pct,Seed fat concentration (%)
LN2023,Fm484,1,4.66683429720879,fat_pct,Seed fat concentration (%)
LN2023,Fm484,2,4.91318358905338,fat_pct,Seed fat concentration (%)
LN2023,Fm484,3,4.18199745088145,fat_pct,Seed fat concentration (%)
LN2023,Fm489,1,2.26013847675622,fat_pct,Seed fat concentration (%)
LN2023,Fm489,2,2.87980269361905,fat_pct,Seed fat concentration (%)
LN2023,Fm489,3,2.13799083364287,fat_pct,Seed fat concentration (%)
LN2023,Fm491,1,3.67132867132885,fat_pct,Seed fat concentration (%)
LN2023,Fm491,2,4.16013883197928,fat_pct,Seed fat concentration (%)
LN2023,Fm491,3,3.6188731103986,fat_pct,Seed fat concentration (%)
LN2023,Fm492,1,4.42457819189137,fat_pct,Seed fat concentration (%)
LN2023,Fm492,2,3.4237676729079,fat_pct,Seed fat concentration (%)
LN2023,Fm492,3,3.75778346285718,fat_pct,Seed fat concentration (%)
LN2023,Fm518,1,2.88581592028086,fat_pct,Seed fat concentration (%)
LN2023,Fm518,2,3.00139986238624,fat_pct,Seed fat concentration (%)
LN2023,Fm518,3,3.18369554528487,fat_pct,Seed fat concentration (%)
LN2023,Fm519,1,3.4246247968648,fat_pct,Seed fat concentration (%)
LN2023,Fm519,2,3.03941372668774,fat_pct,Seed fat concentration (%)
LN2023,Fm519,3,2.91912547160683,fat_pct,Seed fat concentration (%)
LN2023,Fm523,1,3.04860511935547,fat_pct,Seed fat concentration (%)
LN2023,Fm523,2,3.18928054080106,fat_pct,Seed fat concentration (%)
LN2023,Fm523,3,3.01298832057981,fat_pct,Seed fat concentration (%)
LN2023,Fm524,1,3.77998487029937,fat_pct,Seed fat concentration (%)
LN2023,Fm524,2,4.08870576829862,fat_pct,Seed fat concentration (%)
LN2023,Fm524,3,3.71058931391038,fat_pct,Seed fat concentration (%)
LN2023,Fm537,1,3.78017132489674,fat_pct,Seed fat concentration (%)
LN2023,Fm537,2,4.26510758614073,fat_pct,Seed fat concentration (%)
LN2023,Fm537,3,4.20560747663536,fat_pct,Seed fat concentration (%)
LN2023,Fm560,1,3.94496102659275,fat_pct,Seed fat concentration (%)
LN2023,Fm560,2,4.32888713884886,fat_pct,Seed fat concentration (%)
LN2023,Fm560,3,4.40814767055943,fat_pct,Seed fat concentration (%)
LN2023,Fm566,1,4.65488775535324,fat_pct,Seed fat concentration (%)
LN2023,Fm566,2,5.11243513357716,fat_pct,Seed fat concentration (%)
LN2023,Fm566,3,5.17119838872098,fat_pct,Seed fat concentration (%)
LN2023,Fm569,1,4.14620576211339,fat_pct,Seed fat concentration (%)
LN2023,Fm569,2,4.00641781888559,fat_pct,Seed fat concentration (%)
LN2023,Fm569,3,4.08792996220612,fat_pct,Seed fat concentration (%)
LN2023,Fm585,1,5.44438801422072,fat_pct,Seed fat concentration (%)
LN2023,Fm585,2,5.38048780487851,fat_pct,Seed fat concentration (%)
LN2023,Fm585,3,5.38031591737518,fat_pct,Seed fat concentration (%)
LN2023,Fm589,1,4.55621016032479,fat_pct,Seed fat concentration (%)
LN2023,Fm589,2,3.77593774940203,fat_pct,Seed fat concentration (%)
LN2023,Fm589,3,3.67869020209769,fat_pct,Seed fat concentration (%)
LN2023,Fm590,1,4.16033938342104,fat_pct,Seed fat concentration (%)
LN2023,Fm590,2,4.53251762202423,fat_pct,Seed fat concentration (%)
LN2023,Fm590,3,4.35117814291906,fat_pct,Seed fat concentration (%)
LN2023,Fm592,1,5.12113306000726,fat_pct,Seed fat concentration (%)
LN2023,Fm592,2,4.80048221820411,fat_pct,Seed fat concentration (%)
LN2023,Fm592,3,4.99744341882174,fat_pct,Seed fat concentration (%)
LN2023,Fm600,1,4.22013938956988,fat_pct,Seed fat concentration (%)
LN2023,Fm600,2,3.63349514563096,fat_pct,Seed fat concentration (%)
LN2023,Fm600,3,3.79642831251091,fat_pct,Seed fat concentration (%)
LN2023,Fm603,1,4.40350317690038,fat_pct,Seed fat concentration (%)
LN2023,Fm603,2,4.76930285319713,fat_pct,Seed fat concentration (%)
LN2023,Fm603,3,4.5834073547699,fat_pct,Seed fat concentration (%)
LN2023,Fm610,1,4.33690938141957,fat_pct,Seed fat concentration (%)
LN2023,Fm610,2,4.57794676806079,fat_pct,Seed fat concentration (%)
LN2023,Fm610,3,4.69058341344977,fat_pct,Seed fat concentration (%)
LN2023,Fm611,1,4.40374499300238,fat_pct,Seed fat concentration (%)
LN2023,Fm611,2,4.365379762806,fat_pct,Seed fat concentration (%)
LN2023,Fm611,3,4.39890027493167,fat_pct,Seed fat concentration (%)
LN2023,Fm612,1,4.78323956927895,fat_pct,Seed fat concentration (%)
LN2023,Fm612,2,4.66008639621631,fat_pct,Seed fat concentration (%)
LN2023,Fm612,3,4.47734570103476,fat_pct,Seed fat concentration (%)
LN2023,Fm614,1,3.29254727474943,fat_pct,Seed fat concentration (%)
LN2023,Fm614,2,4.06477028548011,fat_pct,Seed fat concentration (%)
LN2023,Fm614,3,3.54792419219194,fat_pct,Seed fat concentration (%)
LN2023,Fm615,1,4.23596804180761,fat_pct,Seed fat concentration (%)
LN2023,Fm615,2,3.98667743237755,fat_pct,Seed fat concentration (%)
LN2023,Fm615,3,4.432578636883,fat_pct,Seed fat concentration (%)
LN2023,Fm616,1,4.27123383432373,fat_pct,Seed fat concentration (%)
LN2023,Fm616,2,4.42366661639813,fat_pct,Seed fat concentration (%)
LN2023,Fm616,3,4.05883219564902,fat_pct,Seed fat concentration (%)
LN2023,Fm621,1,3.55322263160512,fat_pct,Seed fat concentration (%)
LN2023,Fm621,2,3.99840363173796,fat_pct,Seed fat concentration (%)
LN2023,Fm621,3,4.05381879678706,fat_pct,Seed fat concentration (%)
LN2023,Fm78,1,3.90380539012869,fat_pct,Seed fat concentration (%)
LN2023,Fm78,2,3.77401473156667,fat_pct,Seed fat concentration (%)
LN2023,Fm78,3,3.77954715103289,fat_pct,Seed fat concentration (%)
LN2023,Fm112,1,13,panicle_length_cm,Panicle length (cm)
LN2023,Fm112,2,12,panicle_length_cm,Panicle length (cm)
LN2023,Fm112,3,11,panicle_length_cm,Panicle length (cm)
LN2023,Fm113,1,12.5,panicle_length_cm,Panicle length (cm)
LN2023,Fm113,2,10,panicle_length_cm,Panicle length (cm)
LN2023,Fm113,3,10,panicle_length_cm,Panicle length (cm)
LN2023,Fm132,1,11.5,panicle_length_cm,Panicle length (cm)
LN2023,Fm132,2,10,panicle_length_cm,Panicle length (cm)
LN2023,Fm132,3,10.5,panicle_length_cm,Panicle length (cm)
LN2023,Fm134,1,8.5,panicle_length_cm,Panicle length (cm)
LN2023,Fm134,2,8.5,panicle_length_cm,Panicle length (cm)
LN2023,Fm134,3,8.5,panicle_length_cm,Panicle length (cm)
LN2023,Fm135,1,12,panicle_length_cm,Panicle length (cm)
LN2023,Fm135,2,8,panicle_length_cm,Panicle length (cm)
LN2023,Fm135,3,8,panicle_length_cm,Panicle length (cm)
LN2023,Fm136,1,10.5,panicle_length_cm,Panicle length (cm)
LN2023,Fm136,2,10.5,panicle_length_cm,Panicle length (cm)
LN2023,Fm136,3,10,panicle_length_cm,Panicle length (cm)
LN2023,Fm138,1,10,panicle_length_cm,Panicle length (cm)
LN2023,Fm138,2,10,panicle_length_cm,Panicle length (cm)
LN2023,Fm138,3,11,panicle_length_cm,Panicle length (cm)
LN2023,Fm139,1,10,panicle_length_cm,Panicle length (cm)
LN2023,Fm139,2,14.5,panicle_length_cm,Panicle length (cm)
LN2023,Fm139,3,13,panicle_length_cm,Panicle length (cm)
LN2023,Fm141,1,10,panicle_length_cm,Panicle length (cm)
LN2023,Fm141,2,10,panicle_length_cm,Panicle length (cm)
LN2023,Fm141,3,9.5,panicle_length_cm,Panicle length (cm)
LN2023,Fm146,1,11,panicle_length_cm,Panicle length (cm)
LN2023,Fm146,2,9,panicle_length_cm,Panicle length (cm)
LN2023,Fm146,3,13,panicle_length_cm,Panicle length (cm)
LN2023,Fm150,1,12,panicle_length_cm,Panicle length (cm)
LN2023,Fm150,2,11,panicle_length_cm,Panicle length (cm)
LN2023,Fm150,3,11,panicle_length_cm,Panicle length (cm)
LN2023,Fm170,1,11.5,panicle_length_cm,Panicle length (cm)
LN2023,Fm170,2,13,panicle_length_cm,Panicle length (cm)
LN2023,Fm170,3,12.5,panicle_length_cm,Panicle length (cm)
LN2023,Fm173,1,12,panicle_length_cm,Panicle length (cm)
LN2023,Fm173,2,12.5,panicle_length_cm,Panicle length (cm)
LN2023,Fm173,3,10,panicle_length_cm,Panicle length (cm)
LN2023,Fm174,1,11,panicle_length_cm,Panicle length (cm)
LN2023,Fm174,2,9.5,panicle_length_cm,Panicle length (cm)
LN2023,Fm174,3,12.5,panicle_length_cm,Panicle length (cm)
LN2023,Fm175,1,8.5,panicle_length_cm,Panicle length (cm)
LN2023,Fm175,2,10.5,panicle_length_cm,Panicle length (cm)
LN2023,Fm175,3,9.5,panicle_length_cm,Panicle length (cm)
LN2023,Fm176,1,13.5,panicle_length_cm,Panicle length (cm)
LN2023,Fm176,2,11,panicle_length_cm,Panicle length (cm)
LN2023,Fm176,3,11.5,panicle_length_cm,Panicle length (cm)
LN2023,Fm177,1,13,panicle_length_cm,Panicle length (cm)
LN2023,Fm177,2,11,panicle_length_cm,Panicle length (cm)
LN2023,Fm177,3,13,panicle_length_cm,Panicle length (cm)
LN2023,Fm180,1,10,panicle_length_cm,Panicle length (cm)
LN2023,Fm180,2,8.5,panicle_length_cm,Panicle length (cm)
LN2023,Fm180,3,12,panicle_length_cm,Panicle length (cm)
LN2023,Fm181,1,15,panicle_length_cm,Panicle length (cm)
LN2023,Fm181,2,15,panicle_length_cm,Panicle length (cm)
LN2023,Fm181,3,16,panicle_length_cm,Panicle length (cm)
LN2023,Fm184,1,13,panicle_length_cm,Panicle length (cm)
LN2023,Fm184,2,19,panicle_length_cm,Panicle length (cm)
LN2023,Fm184,3,11,panicle_length_cm,Panicle length (cm)
LN2023,Fm185,1,11,panicle_length_cm,Panicle length (cm)
LN2023,Fm185,2,11,panicle_length_cm,Panicle length (cm)
LN2023,Fm185,3,11,panicle_length_cm,Panicle length (cm)
LN2023,Fm190,1,21,panicle_length_cm,Panicle length (cm)
LN2023,Fm190,2,20,panicle_length_cm,Panicle length (cm)
LN2023,Fm190,3,22,panicle_length_cm,Panicle length (cm)
LN2023,Fm193,1,12.5,panicle_length_cm,Panicle length (cm)
LN2023,Fm193,2,16,panicle_length_cm,Panicle length (cm)
LN2023,Fm193,3,14,panicle_length_cm,Panicle length (cm)
LN2023,Fm194,1,10,panicle_length_cm,Panicle length (cm)
LN2023,Fm194,2,9,panicle_length_cm,Panicle length (cm)
LN2023,Fm194,3,10,panicle_length_cm,Panicle length (cm)
LN2023,Fm195,1,15,panicle_length_cm,Panicle length (cm)
LN2023,Fm195,2,20,panicle_length_cm,Panicle length (cm)
LN2023,Fm195,3,19,panicle_length_cm,Panicle length (cm)
LN2023,Fm203,1,19.5,panicle_length_cm,Panicle length (cm)
LN2023,Fm203,2,14.5,panicle_length_cm,Panicle length (cm)
LN2023,Fm203,3,12,panicle_length_cm,Panicle length (cm)
LN2023,Fm207,1,20,panicle_length_cm,Panicle length (cm)
LN2023,Fm207,2,15,panicle_length_cm,Panicle length (cm)
LN2023,Fm207,3,14,panicle_length_cm,Panicle length (cm)
LN2023,Fm208,1,19.5,panicle_length_cm,Panicle length (cm)
LN2023,Fm208,2,19,panicle_length_cm,Panicle length (cm)
LN2023,Fm208,3,21,panicle_length_cm,Panicle length (cm)
LN2023,Fm214,1,12,panicle_length_cm,Panicle length (cm)
LN2023,Fm214,2,12,panicle_length_cm,Panicle length (cm)
LN2023,Fm214,3,12.5,panicle_length_cm,Panicle length (cm)
LN2023,Fm215,1,18,panicle_length_cm,Panicle length (cm)
LN2023,Fm215,2,20,panicle_length_cm,Panicle length (cm)
LN2023,Fm215,3,19.5,panicle_length_cm,Panicle length (cm)
LN2023,Fm216,1,19.5,panicle_length_cm,Panicle length (cm)
LN2023,Fm216,2,19,panicle_length_cm,Panicle length (cm)
LN2023,Fm216,3,14.5,panicle_length_cm,Panicle length (cm)
LN2023,Fm219,1,13,panicle_length_cm,Panicle length (cm)
LN2023,Fm219,2,15,panicle_length_cm,Panicle length (cm)
LN2023,Fm219,3,16.5,panicle_length_cm,Panicle length (cm)
LN2023,Fm220,1,9,panicle_length_cm,Panicle length (cm)
LN2023,Fm220,2,16,panicle_length_cm,Panicle length (cm)
LN2023,Fm220,3,9,panicle_length_cm,Panicle length (cm)
LN2023,Fm221,1,11,panicle_length_cm,Panicle length (cm)
LN2023,Fm221,2,12,panicle_length_cm,Panicle length (cm)
LN2023,Fm221,3,12,panicle_length_cm,Panicle length (cm)
LN2023,Fm225,1,16,panicle_length_cm,Panicle length (cm)
LN2023,Fm225,2,17.5,panicle_length_cm,Panicle length (cm)
LN2023,Fm225,3,13.5,panicle_length_cm,Panicle length (cm)
LN2023,Fm227,1,14,panicle_length_cm,Panicle length (cm)
LN2023,Fm227,2,14,panicle_length_cm,Panicle length (cm)
LN2023,Fm227,3,15,panicle_length_cm,Panicle length (cm)
LN2023,Fm228,1,8,panicle_length_cm,Panicle length (cm)
LN2023,Fm228,2,9,panicle_length_cm,Panicle length (cm)
LN2023,Fm228,3,8,panicle_length_cm,Panicle length (cm)
LN2023,Fm232,1,10,panicle_length_cm,Panicle length (cm)
LN2023,Fm232,2,12,panicle_length_cm,Panicle length (cm)
LN2023,Fm232,3,10,panicle_length_cm,Panicle length (cm)
LN2023,Fm233,1,17,panicle_length_cm,Panicle length (cm)
LN2023,Fm233,2,12,panicle_length_cm,Panicle length (cm)
LN2023,Fm233,3,12,panicle_length_cm,Panicle length (cm)
LN2023,Fm234,1,12,panicle_length_cm,Panicle length (cm)
LN2023,Fm234,2,12,panicle_length_cm,Panicle length (cm)
LN2023,Fm234,3,10.5,panicle_length_cm,Panicle length (cm)
LN2023,Fm235,1,15,panicle_length_cm,Panicle length (cm)
LN2023,Fm235,2,13,panicle_length_cm,Panicle length (cm)
LN2023,Fm235,3,12,panicle_length_cm,Panicle length (cm)
LN2023,Fm236,1,11.5,panicle_length_cm,Panicle length (cm)
LN2023,Fm236,2,13,panicle_length_cm,Panicle length (cm)
LN2023,Fm236,3,16.5,panicle_length_cm,Panicle length (cm)
LN2023,Fm238,1,14,panicle_length_cm,Panicle length (cm)
LN2023,Fm238,2,10.5,panicle_length_cm,Panicle length (cm)
LN2023,Fm238,3,11,panicle_length_cm,Panicle length (cm)
LN2023,Fm245,1,15,panicle_length_cm,Panicle length (cm)
LN2023,Fm245,2,19.5,panicle_length_cm,Panicle length (cm)
LN2023,Fm245,3,16,panicle_length_cm,Panicle length (cm)
LN2023,Fm246,1,21,panicle_length_cm,Panicle length (cm)
LN2023,Fm246,2,19,panicle_length_cm,Panicle length (cm)
LN2023,Fm246,3,17,panicle_length_cm,Panicle length (cm)
LN2023,Fm249,1,20,panicle_length_cm,Panicle length (cm)
LN2023,Fm249,2,16,panicle_length_cm,Panicle length (cm)
LN2023,Fm249,3,19,panicle_length_cm,Panicle length (cm)
LN2023,Fm250,1,19.5,panicle_length_cm,Panicle length (cm)
LN2023,Fm250,2,16,panicle_length_cm,Panicle length (cm)
LN2023,Fm250,3,18.5,panicle_length_cm,Panicle length (cm)
LN2023,Fm251,1,10,panicle_length_cm,Panicle length (cm)
LN2023,Fm251,2,12.5,panicle_length_cm,Panicle length (cm)
LN2023,Fm251,3,12,panicle_length_cm,Panicle length (cm)
LN2023,Fm255,1,12,panicle_length_cm,Panicle length (cm)
LN2023,Fm255,2,12,panicle_length_cm,Panicle length (cm)
LN2023,Fm255,3,10,panicle_length_cm,Panicle length (cm)
LN2023,Fm28,1,10,panicle_length_cm,Panicle length (cm)
LN2023,Fm28,2,10.5,panicle_length_cm,Panicle length (cm)
LN2023,Fm28,3,11.5,panicle_length_cm,Panicle length (cm)
LN2023,Fm3,1,11.5,panicle_length_cm,Panicle length (cm)
LN2023,Fm3,2,9,panicle_length_cm,Panicle length (cm)
LN2023,Fm3,3,8,panicle_length_cm,Panicle length (cm)
LN2023,Fm30,1,13,panicle_length_cm,Panicle length (cm)
LN2023,Fm30,2,14,panicle_length_cm,Panicle length (cm)
LN2023,Fm30,3,10.5,panicle_length_cm,Panicle length (cm)
LN2023,Fm31,1,11,panicle_length_cm,Panicle length (cm)
LN2023,Fm31,2,9.5,panicle_length_cm,Panicle length (cm)
LN2023,Fm31,3,11,panicle_length_cm,Panicle length (cm)
LN2023,Fm321,1,10,panicle_length_cm,Panicle length (cm)
LN2023,Fm321,2,13,panicle_length_cm,Panicle length (cm)
LN2023,Fm321,3,10,panicle_length_cm,Panicle length (cm)
LN2023,Fm322,1,13.5,panicle_length_cm,Panicle length (cm)
LN2023,Fm322,2,14,panicle_length_cm,Panicle length (cm)
LN2023,Fm322,3,16.5,panicle_length_cm,Panicle length (cm)
LN2023,Fm324,1,12,panicle_length_cm,Panicle length (cm)
LN2023,Fm324,2,12,panicle_length_cm,Panicle length (cm)
LN2023,Fm324,3,12.5,panicle_length_cm,Panicle length (cm)
LN2023,Fm325,1,18,panicle_length_cm,Panicle length (cm)
LN2023,Fm325,2,11.5,panicle_length_cm,Panicle length (cm)
LN2023,Fm325,3,17,panicle_length_cm,Panicle length (cm)
LN2023,Fm328,1,10.5,panicle_length_cm,Panicle length (cm)
LN2023,Fm328,2,14,panicle_length_cm,Panicle length (cm)
LN2023,Fm328,3,14.5,panicle_length_cm,Panicle length (cm)
LN2023,Fm332,1,11.5,panicle_length_cm,Panicle length (cm)
LN2023,Fm332,2,12,panicle_length_cm,Panicle length (cm)
LN2023,Fm332,3,11.5,panicle_length_cm,Panicle length (cm)
LN2023,Fm334,1,12,panicle_length_cm,Panicle length (cm)
LN2023,Fm334,2,12,panicle_length_cm,Panicle length (cm)
LN2023,Fm334,3,14.5,panicle_length_cm,Panicle length (cm)
LN2023,Fm336,1,12,panicle_length_cm,Panicle length (cm)
LN2023,Fm336,2,12,panicle_length_cm,Panicle length (cm)
LN2023,Fm336,3,11.5,panicle_length_cm,Panicle length (cm)
LN2023,Fm337,1,15,panicle_length_cm,Panicle length (cm)
LN2023,Fm337,2,13.5,panicle_length_cm,Panicle length (cm)
LN2023,Fm337,3,14,panicle_length_cm,Panicle length (cm)
LN2023,Fm341,1,11.5,panicle_length_cm,Panicle length (cm)
LN2023,Fm341,2,14.5,panicle_length_cm,Panicle length (cm)
LN2023,Fm341,3,11,panicle_length_cm,Panicle length (cm)
LN2023,Fm343,1,11.5,panicle_length_cm,Panicle length (cm)
LN2023,Fm343,2,10,panicle_length_cm,Panicle length (cm)
LN2023,Fm343,3,11,panicle_length_cm,Panicle length (cm)
LN2023,Fm344,1,14.5,panicle_length_cm,Panicle length (cm)
LN2023,Fm344,2,12,panicle_length_cm,Panicle length (cm)
LN2023,Fm344,3,14,panicle_length_cm,Panicle length (cm)
LN2023,Fm345,1,21.5,panicle_length_cm,Panicle length (cm)
LN2023,Fm345,2,15,panicle_length_cm,Panicle length (cm)
LN2023,Fm345,3,21,panicle_length_cm,Panicle length (cm)
LN2023,Fm347,1,13,panicle_length_cm,Panicle length (cm)
LN2023,Fm347,2,15,panicle_length_cm,Panicle length (cm)
LN2023,Fm347,3,15.5,panicle_length_cm,Panicle length (cm)
LN2023,Fm349,1,19,panicle_length_cm,Panicle length (cm)
LN2023,Fm349,2,14.5,panicle_length_cm,Panicle length (cm)
LN2023,Fm349,3,13,panicle_length_cm,Panicle length (cm)
LN2023,Fm351,1,15,panicle_length_cm,Panicle length (cm)
LN2023,Fm351,2,14,panicle_length_cm,Panicle length (cm)
LN2023,Fm351,3,12.5,panicle_length_cm,Panicle length (cm)
LN2023,Fm352,1,11,panicle_length_cm,Panicle length (cm)
LN2023,Fm352,2,13.5,panicle_length_cm,Panicle length (cm)
LN2023,Fm352,3,11,panicle_length_cm,Panicle length (cm)
LN2023,Fm354,1,19,panicle_length_cm,Panicle length (cm)
LN2023,Fm354,2,16,panicle_length_cm,Panicle length (cm)
LN2023,Fm354,3,21,panicle_length_cm,Panicle length (cm)
LN2023,Fm355,1,15,panicle_length_cm,Panicle length (cm)
LN2023,Fm355,2,14.5,panicle_length_cm,Panicle length (cm)
LN2023,Fm355,3,10,panicle_length_cm,Panicle length (cm)
LN2023,Fm356,1,15,panicle_length_cm,Panicle length (cm)
LN2023,Fm356,2,16,panicle_length_cm,Panicle length (cm)
LN2023,Fm356,3,15,panicle_length_cm,Panicle length (cm)
LN2023,Fm357,1,11,panicle_length_cm,Panicle length (cm)
LN2023,Fm357,2,11,panicle_length_cm,Panicle length (cm)
LN2023,Fm357,3,10.5,panicle_length_cm,Panicle length (cm)
LN2023,Fm358,1,12,panicle_length_cm,Panicle length (cm)
LN2023,Fm358,2,11.5,panicle_length_cm,Panicle length (cm)
LN2023,Fm358,3,10.5,panicle_length_cm,Panicle length (cm)
LN2023,Fm359,1,17,panicle_length_cm,Panicle length (cm)
LN2023,Fm359,2,10,panicle_length_cm,Panicle length (cm)
LN2023,Fm359,3,16,panicle_length_cm,Panicle length (cm)
LN2023,Fm36,1,9,panicle_length_cm,Panicle length (cm)
LN2023,Fm36,2,13,panicle_length_cm,Panicle length (cm)
LN2023,Fm36,3,10,panicle_length_cm,Panicle length (cm)
LN2023,Fm361,1,12,panicle_length_cm,Panicle length (cm)
LN2023,Fm361,2,11,panicle_length_cm,Panicle length (cm)
LN2023,Fm361,3,15,panicle_length_cm,Panicle length (cm)
LN2023,Fm362,1,14.5,panicle_length_cm,Panicle length (cm)
LN2023,Fm362,2,11,panicle_length_cm,Panicle length (cm)
LN2023,Fm362,3,11,panicle_length_cm,Panicle length (cm)
LN2023,Fm363,1,18,panicle_length_cm,Panicle length (cm)
LN2023,Fm363,2,16,panicle_length_cm,Panicle length (cm)
LN2023,Fm363,3,18.5,panicle_length_cm,Panicle length (cm)
LN2023,Fm364,1,14,panicle_length_cm,Panicle length (cm)
LN2023,Fm364,2,14,panicle_length_cm,Panicle length (cm)
LN2023,Fm364,3,19,panicle_length_cm,Panicle length (cm)
LN2023,Fm365,1,14,panicle_length_cm,Panicle length (cm)
LN2023,Fm365,2,14,panicle_length_cm,Panicle length (cm)
LN2023,Fm365,3,15,panicle_length_cm,Panicle length (cm)
LN2023,Fm366,1,17,panicle_length_cm,Panicle length (cm)
LN2023,Fm366,2,20,panicle_length_cm,Panicle length (cm)
LN2023,Fm366,3,16,panicle_length_cm,Panicle length (cm)
LN2023,Fm368,1,11,panicle_length_cm,Panicle length (cm)
LN2023,Fm368,2,12.5,panicle_length_cm,Panicle length (cm)
LN2023,Fm368,3,12,panicle_length_cm,Panicle length (cm)
LN2023,Fm369,1,13.5,panicle_length_cm,Panicle length (cm)
LN2023,Fm369,2,16,panicle_length_cm,Panicle length (cm)
LN2023,Fm369,3,14,panicle_length_cm,Panicle length (cm)
LN2023,Fm370,1,12.5,panicle_length_cm,Panicle length (cm)
LN2023,Fm370,2,12.5,panicle_length_cm,Panicle length (cm)
LN2023,Fm370,3,16.5,panicle_length_cm,Panicle length (cm)
LN2023,Fm372,1,12,panicle_length_cm,Panicle length (cm)
LN2023,Fm372,2,11.5,panicle_length_cm,Panicle length (cm)
LN2023,Fm372,3,13,panicle_length_cm,Panicle length (cm)
LN2023,Fm375,1,10,panicle_length_cm,Panicle length (cm)
LN2023,Fm375,2,6,panicle_length_cm,Panicle length (cm)
LN2023,Fm375,3,9.5,panicle_length_cm,Panicle length (cm)
LN2023,Fm376,1,14,panicle_length_cm,Panicle length (cm)
LN2023,Fm376,2,13,panicle_length_cm,Panicle length (cm)
LN2023,Fm376,3,11,panicle_length_cm,Panicle length (cm)
LN2023,Fm377,1,11.5,panicle_length_cm,Panicle length (cm)
LN2023,Fm377,2,12,panicle_length_cm,Panicle length (cm)
LN2023,Fm377,3,12.5,panicle_length_cm,Panicle length (cm)
LN2023,Fm378,1,11.5,panicle_length_cm,Panicle length (cm)
LN2023,Fm378,2,13.5,panicle_length_cm,Panicle length (cm)
LN2023,Fm378,3,11,panicle_length_cm,Panicle length (cm)
LN2023,Fm379,1,9,panicle_length_cm,Panicle length (cm)
LN2023,Fm379,2,7,panicle_length_cm,Panicle length (cm)
LN2023,Fm379,3,9.5,panicle_length_cm,Panicle length (cm)
LN2023,Fm380,1,13,panicle_length_cm,Panicle length (cm)
LN2023,Fm380,2,9.5,panicle_length_cm,Panicle length (cm)
LN2023,Fm380,3,9,panicle_length_cm,Panicle length (cm)
LN2023,Fm381,1,10,panicle_length_cm,Panicle length (cm)
LN2023,Fm381,2,10,panicle_length_cm,Panicle length (cm)
LN2023,Fm381,3,13,panicle_length_cm,Panicle length (cm)
LN2023,Fm382,1,14.5,panicle_length_cm,Panicle length (cm)
LN2023,Fm382,2,12,panicle_length_cm,Panicle length (cm)
LN2023,Fm382,3,12.5,panicle_length_cm,Panicle length (cm)
LN2023,Fm383,1,13,panicle_length_cm,Panicle length (cm)
LN2023,Fm383,2,12,panicle_length_cm,Panicle length (cm)
LN2023,Fm383,3,10.5,panicle_length_cm,Panicle length (cm)
LN2023,Fm384,1,14,panicle_length_cm,Panicle length (cm)
LN2023,Fm384,2,11,panicle_length_cm,Panicle length (cm)
LN2023,Fm384,3,12,panicle_length_cm,Panicle length (cm)
LN2023,Fm387,1,13,panicle_length_cm,Panicle length (cm)
LN2023,Fm387,2,11.5,panicle_length_cm,Panicle length (cm)
LN2023,Fm387,3,14.5,panicle_length_cm,Panicle length (cm)
LN2023,Fm388,1,15,panicle_length_cm,Panicle length (cm)
LN2023,Fm388,2,14,panicle_length_cm,Panicle length (cm)
LN2023,Fm388,3,17,panicle_length_cm,Panicle length (cm)
LN2023,Fm389,1,13,panicle_length_cm,Panicle length (cm)
LN2023,Fm389,2,12,panicle_length_cm,Panicle length (cm)
LN2023,Fm389,3,12.5,panicle_length_cm,Panicle length (cm)
LN2023,Fm390,1,11.5,panicle_length_cm,Panicle length (cm)
LN2023,Fm390,2,10.5,panicle_length_cm,Panicle length (cm)
LN2023,Fm390,3,12,panicle_length_cm,Panicle length (cm)
LN2023,Fm391,1,11,panicle_length_cm,Panicle length (cm)
LN2023,Fm391,2,14,panicle_length_cm,Panicle length (cm)
LN2023,Fm391,3,10.5,panicle_length_cm,Panicle length (cm)
LN2023,Fm392,1,11,panicle_length_cm,Panicle length (cm)
LN2023,Fm392,2,9.5,panicle_length_cm,Panicle length (cm)
LN2023,Fm392,3,11,panicle_length_cm,Panicle length (cm)
LN2023,Fm394,1,14,panicle_length_cm,Panicle length (cm)
LN2023,Fm394,2,11.5,panicle_length_cm,Panicle length (cm)
LN2023,Fm394,3,14,panicle_length_cm,Panicle length (cm)
LN2023,Fm395,1,16,panicle_length_cm,Panicle length (cm)
LN2023,Fm395,2,16,panicle_length_cm,Panicle length (cm)
LN2023,Fm395,3,13,panicle_length_cm,Panicle length (cm)
LN2023,Fm396,1,12,panicle_length_cm,Panicle length (cm)
LN2023,Fm396,2,17.5,panicle_length_cm,Panicle length (cm)
LN2023,Fm396,3,14.5,panicle_length_cm,Panicle length (cm)
LN2023,Fm398,1,11,panicle_length_cm,Panicle length (cm)
LN2023,Fm398,2,9.5,panicle_length_cm,Panicle length (cm)
LN2023,Fm398,3,10.5,panicle_length_cm,Panicle length (cm)
LN2023,Fm400,1,17,panicle_length_cm,Panicle length (cm)
LN2023,Fm400,2,18,panicle_length_cm,Panicle length (cm)
LN2023,Fm400,3,14.5,panicle_length_cm,Panicle length (cm)
LN2023,Fm401,1,18.5,panicle_length_cm,Panicle length (cm)
LN2023,Fm401,2,11,panicle_length_cm,Panicle length (cm)
LN2023,Fm401,3,13.5,panicle_length_cm,Panicle length (cm)
LN2023,Fm403,1,15,panicle_length_cm,Panicle length (cm)
LN2023,Fm403,2,15,panicle_length_cm,Panicle length (cm)
LN2023,Fm403,3,19,panicle_length_cm,Panicle length (cm)
LN2023,Fm404,1,11,panicle_length_cm,Panicle length (cm)
LN2023,Fm404,2,12,panicle_length_cm,Panicle length (cm)
LN2023,Fm404,3,11,panicle_length_cm,Panicle length (cm)
LN2023,Fm405,1,13,panicle_length_cm,Panicle length (cm)
LN2023,Fm405,2,13,panicle_length_cm,Panicle length (cm)
LN2023,Fm405,3,13,panicle_length_cm,Panicle length (cm)
LN2023,Fm406,1,13,panicle_length_cm,Panicle length (cm)
LN2023,Fm406,2,13,panicle_length_cm,Panicle length (cm)
LN2023,Fm406,3,11,panicle_length_cm,Panicle length (cm)
LN2023,Fm407,1,16.5,panicle_length_cm,Panicle length (cm)
LN2023,Fm407,2,16,panicle_length_cm,Panicle length (cm)
LN2023,Fm407,3,16,panicle_length_cm,Panicle length (cm)
LN2023,Fm409,1,17,panicle_length_cm,Panicle length (cm)
LN2023,Fm409,2,21,panicle_length_cm,Panicle length (cm)
LN2023,Fm409,3,15,panicle_length_cm,Panicle length (cm)
LN2023,Fm41,1,14,panicle_length_cm,Panicle length (cm)
LN2023,Fm41,2,13,panicle_length_cm,Panicle length (cm)
LN2023,Fm41,3,12,panicle_length_cm,Panicle length (cm)
LN2023,Fm411,1,16,panicle_length_cm,Panicle length (cm)
LN2023,Fm411,2,21,panicle_length_cm,Panicle length (cm)
LN2023,Fm411,3,19,panicle_length_cm,Panicle length (cm)
LN2023,Fm412,1,13,panicle_length_cm,Panicle length (cm)
LN2023,Fm412,2,12,panicle_length_cm,Panicle length (cm)
LN2023,Fm412,3,12.5,panicle_length_cm,Panicle length (cm)
LN2023,Fm413,1,12.5,panicle_length_cm,Panicle length (cm)
LN2023,Fm413,2,14,panicle_length_cm,Panicle length (cm)
LN2023,Fm413,3,15,panicle_length_cm,Panicle length (cm)
LN2023,Fm414,1,14,panicle_length_cm,Panicle length (cm)
LN2023,Fm414,2,12,panicle_length_cm,Panicle length (cm)
LN2023,Fm414,3,13.5,panicle_length_cm,Panicle length (cm)
LN2023,Fm415,1,9,panicle_length_cm,Panicle length (cm)
LN2023,Fm415,2,9.5,panicle_length_cm,Panicle length (cm)
LN2023,Fm415,3,11,panicle_length_cm,Panicle length (cm)
LN2023,Fm416,1,12,panicle_length_cm,Panicle length (cm)
LN2023,Fm416,2,14,panicle_length_cm,Panicle length (cm)
LN2023,Fm416,3,14,panicle_length_cm,Panicle length (cm)
LN2023,Fm417,1,10,panicle_length_cm,Panicle length (cm)
LN2023,Fm417,2,9,panicle_length_cm,Panicle length (cm)
LN2023,Fm417,3,8.5,panicle_length_cm,Panicle length (cm)
LN2023,Fm418,1,10.5,panicle_length_cm,Panicle length (cm)
LN2023,Fm418,2,14,panicle_length_cm,Panicle length (cm)
LN2023,Fm418,3,12.5,panicle_length_cm,Panicle length (cm)
LN2023,Fm419,1,11,panicle_length_cm,Panicle length (cm)
LN2023,Fm419,2,9,panicle_length_cm,Panicle length (cm)
LN2023,Fm419,3,12.5,panicle_length_cm,Panicle length (cm)
LN2023,Fm43,1,13,panicle_length_cm,Panicle length (cm)
LN2023,Fm43,2,10,panicle_length_cm,Panicle length (cm)
LN2023,Fm43,3,9,panicle_length_cm,Panicle length (cm)
LN2023,Fm44,1,12,panicle_length_cm,Panicle length (cm)
LN2023,Fm44,2,10.5,panicle_length_cm,Panicle length (cm)
LN2023,Fm44,3,10,panicle_length_cm,Panicle length (cm)
LN2023,Fm45,1,13,panicle_length_cm,Panicle length (cm)
LN2023,Fm45,2,11,panicle_length_cm,Panicle length (cm)
LN2023,Fm45,3,8.5,panicle_length_cm,Panicle length (cm)
LN2023,Fm46,1,12,panicle_length_cm,Panicle length (cm)
LN2023,Fm46,2,11,panicle_length_cm,Panicle length (cm)
LN2023,Fm46,3,11,panicle_length_cm,Panicle length (cm)
LN2023,Fm54,1,7,panicle_length_cm,Panicle length (cm)
LN2023,Fm54,2,8.5,panicle_length_cm,Panicle length (cm)
LN2023,Fm54,3,10,panicle_length_cm,Panicle length (cm)
LN2023,Fm55,1,13.5,panicle_length_cm,Panicle length (cm)
LN2023,Fm55,2,11,panicle_length_cm,Panicle length (cm)
LN2023,Fm55,3,11.5,panicle_length_cm,Panicle length (cm)
LN2023,Fm56,1,12,panicle_length_cm,Panicle length (cm)
LN2023,Fm56,2,9.5,panicle_length_cm,Panicle length (cm)
LN2023,Fm56,3,10,panicle_length_cm,Panicle length (cm)
LN2023,Fm63,1,8,panicle_length_cm,Panicle length (cm)
LN2023,Fm63,2,12,panicle_length_cm,Panicle length (cm)
LN2023,Fm63,3,11,panicle_length_cm,Panicle length (cm)
LN2023,Fm65,1,12,panicle_length_cm,Panicle length (cm)
LN2023,Fm65,2,12,panicle_length_cm,Panicle length (cm)
LN2023,Fm65,3,10,panicle_length_cm,Panicle length (cm)
LN2023,Fm74,1,10,panicle_length_cm,Panicle length (cm)
LN2023,Fm74,2,9,panicle_length_cm,Panicle length (cm)
LN2023,Fm74,3,11,panicle_length_cm,Panicle length (cm)
LN2023,Fm78,1,11,panicle_length_cm,Panicle length (cm)
LN2023,Fm78,2,8.5,panicle_length_cm,Panicle length (cm)
LN2023,Fm78,3,11,panicle_length_cm,Panicle length (cm)
LN2023,Fm79,1,7,panicle_length_cm,Panicle length (cm)
LN2023,Fm79,2,9.5,panicle_length_cm,Panicle length (cm)
LN2023,Fm79,3,11,panicle_length_cm,Panicle length (cm)
LN2023,Fm81,1,10,panicle_length_cm,Panicle length (cm)
LN2023,Fm81,2,12,panicle_length_cm,Panicle length (cm)
LN2023,Fm81,3,11,panicle_length_cm,Panicle length (cm)
LN2023,Fm83,1,12.5,panicle_length_cm,Panicle length (cm)
LN2023,Fm83,2,11,panicle_length_cm,Panicle length (cm)
LN2023,Fm83,3,11,panicle_length_cm,Panicle length (cm)
LN2023,Fm84,1,7,panicle_length_cm,Panicle length (cm)
LN2023,Fm84,2,9,panicle_length_cm,Panicle length (cm)
LN2023,Fm84,3,10,panicle_length_cm,Panicle length (cm)
LN2023,Fm86,1,9,panicle_length_cm,Panicle length (cm)
LN2023,Fm86,2,7.5,panicle_length_cm,Panicle length (cm)
LN2023,Fm86,3,8.5,panicle_length_cm,Panicle length (cm)
LN2023,Fm87,1,9,panicle_length_cm,Panicle length (cm)
LN2023,Fm87,2,9.5,panicle_length_cm,Panicle length (cm)
LN2023,Fm87,3,9,panicle_length_cm,Panicle length (cm)
LN2023,Fm88,1,11,panicle_length_cm,Panicle length (cm)
LN2023,Fm88,2,11.5,panicle_length_cm,Panicle length (cm)
LN2023,Fm88,3,9,panicle_length_cm,Panicle length (cm)
LN2023,Fm91,1,12,panicle_length_cm,Panicle length (cm)
LN2023,Fm91,2,8.5,panicle_length_cm,Panicle length (cm)
LN2023,Fm91,3,9,panicle_length_cm,Panicle length (cm)
LN2023,Fm96,1,12.5,panicle_length_cm,Panicle length (cm)
LN2023,Fm96,2,9,panicle_length_cm,Panicle length (cm)
LN2023,Fm96,3,8,panicle_length_cm,Panicle length (cm)
LN2023,Fm97,1,11,panicle_length_cm,Panicle length (cm)
LN2023,Fm97,2,11,panicle_length_cm,Panicle length (cm)
LN2023,Fm97,3,12,panicle_length_cm,Panicle length (cm)
LN2023,Fm112,1,0.5,pedicel_length_cm,Pedicel length (cm)
LN2023,Fm112,2,3.5,pedicel_length_cm,Pedicel length (cm)
LN2023,Fm112,3,0.1,pedicel_length_cm,Pedicel length (cm)
LN2023,Fm113,1,3,pedicel_length_cm,Pedicel length (cm)
LN2023,Fm113,2,4,pedicel_length_cm,Pedicel length (cm)
LN2023,Fm113,3,4.5,pedicel_length_cm,Pedicel length (cm)
LN2023,Fm132,1,2.5,pedicel_length_cm,Pedicel length (cm)
LN2023,Fm132,2,5.3,pedicel_length_cm,Pedicel length (cm)
LN2023,Fm132,3,6,pedicel_length_cm,Pedicel length (cm)
LN2023,Fm134,1,5.5,pedicel_length_cm,Pedicel length (cm)
LN2023,Fm134,2,5.5,pedicel_length_cm,Pedicel length (cm)
LN2023,Fm134,3,9,pedicel_length_cm,Pedicel length (cm)
LN2023,Fm135,1,0.5,pedicel_length_cm,Pedicel length (cm)
LN2023,Fm135,2,0.5,pedicel_length_cm,Pedicel length (cm)
LN2023,Fm135,3,0.5,pedicel_length_cm,Pedicel length (cm)
LN2023,Fm136,1,0.2,pedicel_length_cm,Pedicel length (cm)
LN2023,Fm136,2,0.2,pedicel_length_cm,Pedicel length (cm)
LN2023,Fm136,3,1.5,pedicel_length_cm,Pedicel length (cm)
LN2023,Fm138,1,3,pedicel_length_cm,Pedicel length (cm)
LN2023,Fm138,2,1,pedicel_length_cm,Pedicel length (cm)
LN2023,Fm138,3,1,pedicel_length_cm,Pedicel length (cm)
LN2023,Fm139,1,1,pedicel_length_cm,Pedicel length (cm)
LN2023,Fm139,2,3,pedicel_length_cm,Pedicel length (cm)
LN2023,Fm139,3,4.5,pedicel_length_cm,Pedicel length (cm)
LN2023,Fm141,1,0.3,pedicel_length_cm,Pedicel length (cm)
LN2023,Fm141,2,0.5,pedicel_length_cm,Pedicel length (cm)
LN2023,Fm141,3,0.1,pedicel_length_cm,Pedicel length (cm)
LN2023,Fm146,1,1,pedicel_length_cm,Pedicel length (cm)
LN2023,Fm146,2,1,pedicel_length_cm,Pedicel length (cm)
LN2023,Fm146,3,1,pedicel_length_cm,Pedicel length (cm)
LN2023,Fm150,1,3.5,pedicel_length_cm,Pedicel length (cm)
LN2023,Fm150,2,0.7,pedicel_length_cm,Pedicel length (cm)
LN2023,Fm150,3,1.5,pedicel_length_cm,Pedicel length (cm)
LN2023,Fm170,1,4,pedicel_length_cm,Pedicel length (cm)
LN2023,Fm170,2,3,pedicel_length_cm,Pedicel length (cm)
LN2023,Fm170,3,3,pedicel_length_cm,Pedicel length (cm)
LN2023,Fm173,1,1,pedicel_length_cm,Pedicel length (cm)
LN2023,Fm173,2,0.5,pedicel_length_cm,Pedicel length (cm)
LN2023,Fm173,3,0.1,pedicel_length_cm,Pedicel length (cm)
LN2023,Fm174,1,2,pedicel_length_cm,Pedicel length (cm)
LN2023,Fm174,2,2,pedicel_length_cm,Pedicel length (cm)
LN2023,Fm174,3,0.5,pedicel_length_cm,Pedicel length (cm)
LN2023,Fm175,1,1,pedicel_length_cm,Pedicel length (cm)
LN2023,Fm175,2,0.1,pedicel_length_cm,Pedicel length (cm)
LN2023,Fm175,3,1,pedicel_length_cm,Pedicel length (cm)
LN2023,Fm176,1,7.5,pedicel_length_cm,Pedicel length (cm)
LN2023,Fm176,2,6,pedicel_length_cm,Pedicel length (cm)
LN2023,Fm176,3,6,pedicel_length_cm,Pedicel length (cm)
LN2023,Fm177,1,0.3,pedicel_length_cm,Pedicel length (cm)
LN2023,Fm177,2,1,pedicel_length_cm,Pedicel length (cm)
LN2023,Fm177,3,1.5,pedicel_length_cm,Pedicel length (cm)
LN2023,Fm180,1,4.5,pedicel_length_cm,Pedicel length (cm)
LN2023,Fm180,2,7,pedicel_length_cm,Pedicel length (cm)
LN2023,Fm180,3,10,pedicel_length_cm,Pedicel length (cm)
LN2023,Fm181,1,20,pedicel_length_cm,Pedicel length (cm)
LN2023,Fm181,2,10.5,pedicel_length_cm,Pedicel length (cm)
LN2023,Fm181,3,9,pedicel_length_cm,Pedicel length (cm)
LN2023,Fm184,1,5,pedicel_length_cm,Pedicel length (cm)
LN2023,Fm184,2,3,pedicel_length_cm,Pedicel length (cm)
LN2023,Fm184,3,2,pedicel_length_cm,Pedicel length (cm)
LN2023,Fm185,1,7,pedicel_length_cm,Pedicel length (cm)
LN2023,Fm185,2,5.5,pedicel_length_cm,Pedicel length (cm)
LN2023,Fm185,3,6,pedicel_length_cm,Pedicel length (cm)
LN2023,Fm190,1,4.5,pedicel_length_cm,Pedicel length (cm)
LN2023,Fm190,2,8.5,pedicel_length_cm,Pedicel length (cm)
LN2023,Fm190,3,4,pedicel_length_cm,Pedicel length (cm)
LN2023,Fm193,1,10,pedicel_length_cm,Pedicel length (cm)
LN2023,Fm193,2,4.5,pedicel_length_cm,Pedicel length (cm)
LN2023,Fm193,3,8,pedicel_length_cm,Pedicel length (cm)
LN2023,Fm194,1,2.5,pedicel_length_cm,Pedicel length (cm)
LN2023,Fm194,2,1.5,pedicel_length_cm,Pedicel length (cm)
LN2023,Fm194,3,2,pedicel_length_cm,Pedicel length (cm)
LN2023,Fm195,1,28,pedicel_length_cm,Pedicel length (cm)
LN2023,Fm195,2,14,pedicel_length_cm,Pedicel length (cm)
LN2023,Fm195,3,21,pedicel_length_cm,Pedicel length (cm)
LN2023,Fm203,1,6,pedicel_length_cm,Pedicel length (cm)
LN2023,Fm203,2,3.5,pedicel_length_cm,Pedicel length (cm)
LN2023,Fm203,3,7,pedicel_length_cm,Pedicel length (cm)
LN2023,Fm207,1,2,pedicel_length_cm,Pedicel length (cm)
LN2023,Fm207,2,2,pedicel_length_cm,Pedicel length (cm)
LN2023,Fm207,3,0.5,pedicel_length_cm,Pedicel length (cm)
LN2023,Fm208,1,1.5,pedicel_length_cm,Pedicel length (cm)
LN2023,Fm208,2,2,pedicel_length_cm,Pedicel length (cm)
LN2023,Fm208,3,4,pedicel_length_cm,Pedicel length (cm)
LN2023,Fm214,1,6,pedicel_length_cm,Pedicel length (cm)
LN2023,Fm214,2,3,pedicel_length_cm,Pedicel length (cm)
LN2023,Fm214,3,6,pedicel_length_cm,Pedicel length (cm)
LN2023,Fm215,1,5.5,pedicel_length_cm,Pedicel length (cm)
LN2023,Fm215,2,8.5,pedicel_length_cm,Pedicel length (cm)
LN2023,Fm215,3,11,pedicel_length_cm,Pedicel length (cm)
LN2023,Fm216,1,3.5,pedicel_length_cm,Pedicel length (cm)
LN2023,Fm216,2,5,pedicel_length_cm,Pedicel length (cm)
LN2023,Fm216,3,5,pedicel_length_cm,Pedicel length (cm)
LN2023,Fm219,1,12,pedicel_length_cm,Pedicel length (cm)
LN2023,Fm219,2,8,pedicel_length_cm,Pedicel length (cm)
LN2023,Fm219,3,9.5,pedicel_length_cm,Pedicel length (cm)
LN2023,Fm220,1,4,pedicel_length_cm,Pedicel length (cm)
LN2023,Fm220,2,2.5,pedicel_length_cm,Pedicel length (cm)
LN2023,Fm220,3,8,pedicel_length_cm,Pedicel length (cm)
LN2023,Fm221,1,9.5,pedicel_length_cm,Pedicel length (cm)
LN2023,Fm221,2,3.5,pedicel_length_cm,Pedicel length (cm)
LN2023,Fm221,3,9,pedicel_length_cm,Pedicel length (cm)
LN2023,Fm225,1,10,pedicel_length_cm,Pedicel length (cm)
LN2023,Fm225,2,8.5,pedicel_length_cm,Pedicel length (cm)
LN2023,Fm225,3,14,pedicel_length_cm,Pedicel length (cm)
LN2023,Fm227,1,9,pedicel_length_cm,Pedicel length (cm)
LN2023,Fm227,2,9.5,pedicel_length_cm,Pedicel length (cm)
LN2023,Fm227,3,8.5,pedicel_length_cm,Pedicel length (cm)
LN2023,Fm228,1,5.5,pedicel_length_cm,Pedicel length (cm)
LN2023,Fm228,2,6.5,pedicel_length_cm,Pedicel length (cm)
LN2023,Fm228,3,7,pedicel_length_cm,Pedicel length (cm)
LN2023,Fm232,1,9,pedicel_length_cm,Pedicel length (cm)
LN2023,Fm232,2,2,pedicel_length_cm,Pedicel length (cm)
LN2023,Fm232,3,4.5,pedicel_length_cm,Pedicel length (cm)
LN2023,Fm233,1,2,pedicel_length_cm,Pedicel length (cm)
LN2023,Fm233,2,4,pedicel_length_cm,Pedicel length (cm)
LN2023,Fm233,3,4,pedicel_length_cm,Pedicel length (cm)
LN2023,Fm234,1,1,pedicel_length_cm,Pedicel length (cm)
LN2023,Fm234,2,1.5,pedicel_length_cm,Pedicel length (cm)
LN2023,Fm234,3,1.2,pedicel_length_cm,Pedicel length (cm)
LN2023,Fm235,1,0.7,pedicel_length_cm,Pedicel length (cm)
LN2023,Fm235,2,2,pedicel_length_cm,Pedicel length (cm)
LN2023,Fm235,3,5,pedicel_length_cm,Pedicel length (cm)
LN2023,Fm236,1,10,pedicel_length_cm,Pedicel length (cm)
LN2023,Fm236,2,8,pedicel_length_cm,Pedicel length (cm)
LN2023,Fm236,3,11,pedicel_length_cm,Pedicel length (cm)
LN2023,Fm238,1,0.5,pedicel_length_cm,Pedicel length (cm)
LN2023,Fm238,2,0.3,pedicel_length_cm,Pedicel length (cm)
LN2023,Fm238,3,0.5,pedicel_length_cm,Pedicel length (cm)
LN2023,Fm245,1,2,pedicel_length_cm,Pedicel length (cm)
LN2023,Fm245,2,2.5,pedicel_length_cm,Pedicel length (cm)
LN2023,Fm245,3,6,pedicel_length_cm,Pedicel length (cm)
LN2023,Fm246,1,3,pedicel_length_cm,Pedicel length (cm)
LN2023,Fm246,2,3.5,pedicel_length_cm,Pedicel length (cm)
LN2023,Fm246,3,0.5,pedicel_length_cm,Pedicel length (cm)
LN2023,Fm249,1,12,pedicel_length_cm,Pedicel length (cm)
LN2023,Fm249,2,6,pedicel_length_cm,Pedicel length (cm)
LN2023,Fm249,3,9,pedicel_length_cm,Pedicel length (cm)
LN2023,Fm250,1,2,pedicel_length_cm,Pedicel length (cm)
LN2023,Fm250,2,5.5,pedicel_length_cm,Pedicel length (cm)
LN2023,Fm250,3,7,pedicel_length_cm,Pedicel length (cm)
LN2023,Fm251,1,1,pedicel_length_cm,Pedicel length (cm)
LN2023,Fm251,2,1,pedicel_length_cm,Pedicel length (cm)
LN2023,Fm251,3,2,pedicel_length_cm,Pedicel length (cm)
LN2023,Fm255,1,9,pedicel_length_cm,Pedicel length (cm)
LN2023,Fm255,2,6.5,pedicel_length_cm,Pedicel length (cm)
LN2023,Fm255,3,11,pedicel_length_cm,Pedicel length (cm)
LN2023,Fm28,1,6.5,pedicel_length_cm,Pedicel length (cm)
LN2023,Fm28,2,2.5,pedicel_length_cm,Pedicel length (cm)
LN2023,Fm28,3,1,pedicel_length_cm,Pedicel length (cm)
LN2023,Fm3,1,2.5,pedicel_length_cm,Pedicel length (cm)
LN2023,Fm3,2,1,pedicel_length_cm,Pedicel length (cm)
LN2023,Fm3,3,3,pedicel_length_cm,Pedicel length (cm)
LN2023,Fm30,1,3,pedicel_length_cm,Pedicel length (cm)
LN2023,Fm30,2,6,pedicel_length_cm,Pedicel length (cm)
LN2023,Fm30,3,6,pedicel_length_cm,Pedicel length (cm)
LN2023,Fm31,1,1,pedicel_length_cm,Pedicel length (cm)
LN2023,Fm31,2,0.5,pedicel_length_cm,Pedicel length (cm)
LN2023,Fm31,3,1.5,pedicel_length_cm,Pedicel length (cm)
LN2023,Fm321,1,10.5,pedicel_length_cm,Pedicel length (cm)
LN2023,Fm321,2,6,pedicel_length_cm,Pedicel length (cm)
LN2023,Fm321,3,8,pedicel_length_cm,Pedicel length (cm)
LN2023,Fm322,1,1,pedicel_length_cm,Pedicel length (cm)
LN2023,Fm322,2,0.5,pedicel_length_cm,Pedicel length (cm)
LN2023,Fm322,3,1.5,pedicel_length_cm,Pedicel length (cm)
LN2023,Fm324,1,5,pedicel_length_cm,Pedicel length (cm)
LN2023,Fm324,2,10.5,pedicel_length_cm,Pedicel length (cm)
LN2023,Fm324,3,12,pedicel_length_cm,Pedicel length (cm)
LN2023,Fm325,1,4,pedicel_length_cm,Pedicel length (cm)
LN2023,Fm325,2,5.5,pedicel_length_cm,Pedicel length (cm)
LN2023,Fm325,3,3.5,pedicel_length_cm,Pedicel length (cm)
LN2023,Fm328,1,7,pedicel_length_cm,Pedicel length (cm)
LN2023,Fm328,2,2,pedicel_length_cm,Pedicel length (cm)
LN2023,Fm328,3,2,pedicel_length_cm,Pedicel length (cm)
LN2023,Fm332,1,3,pedicel_length_cm,Pedicel length (cm)
LN2023,Fm332,2,1,pedicel_length_cm,Pedicel length (cm)
LN2023,Fm332,3,4.5,pedicel_length_cm,Pedicel length (cm)
LN2023,Fm334,1,0.5,pedicel_length_cm,Pedicel length (cm)
LN2023,Fm334,2,1,pedicel_length_cm,Pedicel length (cm)
LN2023,Fm334,3,1,pedicel_length_cm,Pedicel length (cm)
LN2023,Fm336,1,4.5,pedicel_length_cm,Pedicel length (cm)
LN2023,Fm336,2,8.5,pedicel_length_cm,Pedicel length (cm)
LN2023,Fm336,3,8,pedicel_length_cm,Pedicel length (cm)
LN2023,Fm337,1,3,pedicel_length_cm,Pedicel length (cm)
LN2023,Fm337,2,7,pedicel_length_cm,Pedicel length (cm)
LN2023,Fm337,3,3.5,pedicel_length_cm,Pedicel length (cm)
LN2023,Fm341,1,1.5,pedicel_length_cm,Pedicel length (cm)
LN2023,Fm341,2,3,pedicel_length_cm,Pedicel length (cm)
LN2023,Fm341,3,3.5,pedicel_length_cm,Pedicel length (cm)
LN2023,Fm343,1,3.5,pedicel_length_cm,Pedicel length (cm)
LN2023,Fm343,2,3,pedicel_length_cm,Pedicel length (cm)
LN2023,Fm343,3,4,pedicel_length_cm,Pedicel length (cm)
LN2023,Fm344,1,4,pedicel_length_cm,Pedicel length (cm)
LN2023,Fm344,2,5,pedicel_length_cm,Pedicel length (cm)
LN2023,Fm344,3,4,pedicel_length_cm,Pedicel length (cm)
LN2023,Fm345,1,2.5,pedicel_length_cm,Pedicel length (cm)
LN2023,Fm345,2,5,pedicel_length_cm,Pedicel length (cm)
LN2023,Fm345,3,9,pedicel_length_cm,Pedicel length (cm)
LN2023,Fm347,1,6,pedicel_length_cm,Pedicel length (cm)
LN2023,Fm347,2,10,pedicel_length_cm,Pedicel length (cm)
LN2023,Fm347,3,6.5,pedicel_length_cm,Pedicel length (cm)
LN2023,Fm349,1,1.5,pedicel_length_cm,Pedicel length (cm)
LN2023,Fm349,2,2.5,pedicel_length_cm,Pedicel length (cm)
LN2023,Fm349,3,0.5,pedicel_length_cm,Pedicel length (cm)
LN2023,Fm351,1,2.5,pedicel_length_cm,Pedicel length (cm)
LN2023,Fm351,2,1.5,pedicel_length_cm,Pedicel length (cm)
LN2023,Fm351,3,2,pedicel_length_cm,Pedicel length (cm)
LN2023,Fm352,1,3,pedicel_length_cm,Pedicel length (cm)
LN2023,Fm352,2,1,pedicel_length_cm,Pedicel length (cm)
LN2023,Fm352,3,7,pedicel_length_cm,Pedicel length (cm)
LN2023,Fm354,1,2,pedicel_length_cm,Pedicel length (cm)
LN2023,Fm354,2,2,pedicel_length_cm,Pedicel length (cm)
LN2023,Fm354,3,5.5,pedicel_length_cm,Pedicel length (cm)
LN2023,Fm355,1,3,pedicel_length_cm,Pedicel length (cm)
LN2023,Fm355,2,3,pedicel_length_cm,Pedicel length (cm)
LN2023,Fm355,3,6,pedicel_length_cm,Pedicel length (cm)
LN2023,Fm356,1,3.5,pedicel_length_cm,Pedicel length (cm)
LN2023,Fm356,2,4.5,pedicel_length_cm,Pedicel length (cm)
LN2023,Fm356,3,1,pedicel_length_cm,Pedicel length (cm)
LN2023,Fm357,1,8,pedicel_length_cm,Pedicel length (cm)
LN2023,Fm357,2,5,pedicel_length_cm,Pedicel length (cm)
LN2023,Fm357,3,9,pedicel_length_cm,Pedicel length (cm)
LN2023,Fm358,1,5.5,pedicel_length_cm,Pedicel length (cm)
LN2023,Fm358,2,4.5,pedicel_length_cm,Pedicel length (cm)
LN2023,Fm358,3,4.5,pedicel_length_cm,Pedicel length (cm)
LN2023,Fm359,1,5.5,pedicel_length_cm,Pedicel length (cm)
LN2023,Fm359,2,2.5,pedicel_length_cm,Pedicel length (cm)
LN2023,Fm359,3,7,pedicel_length_cm,Pedicel length (cm)
LN2023,Fm36,1,1.5,pedicel_length_cm,Pedicel length (cm)
LN2023,Fm36,2,3,pedicel_length_cm,Pedicel length (cm)
LN2023,Fm36,3,2,pedicel_length_cm,Pedicel length (cm)
LN2023,Fm361,1,2.5,pedicel_length_cm,Pedicel length (cm)
LN2023,Fm361,2,2.5,pedicel_length_cm,Pedicel length (cm)
LN2023,Fm361,3,2.5,pedicel_length_cm,Pedicel length (cm)
LN2023,Fm362,1,5,pedicel_length_cm,Pedicel length (cm)
LN2023,Fm362,2,3,pedicel_length_cm,Pedicel length (cm)
LN2023,Fm362,3,11,pedicel_length_cm,Pedicel length (cm)
LN2023,Fm363,1,6,pedicel_length_cm,Pedicel length (cm)
LN2023,Fm363,2,6.5,pedicel_length_cm,Pedicel length (cm)
LN2023,Fm363,3,4,pedicel_length_cm,Pedicel length (cm)
LN2023,Fm364,1,3,pedicel_length_cm,Pedicel length (cm)
LN2023,Fm364,2,2.5,pedicel_length_cm,Pedicel length (cm)
LN2023,Fm364,3,5,pedicel_length_cm,Pedicel length (cm)
LN2023,Fm365,1,4.5,pedicel_length_cm,Pedicel length (cm)
LN2023,Fm365,2,10,pedicel_length_cm,Pedicel length (cm)
LN2023,Fm365,3,10.5,pedicel_length_cm,Pedicel length (cm)
LN2023,Fm366,1,5.5,pedicel_length_cm,Pedicel length (cm)
LN2023,Fm366,2,6.5,pedicel_length_cm,Pedicel length (cm)
LN2023,Fm366,3,3.5,pedicel_length_cm,Pedicel length (cm)
LN2023,Fm368,1,2,pedicel_length_cm,Pedicel length (cm)
LN2023,Fm368,2,6.5,pedicel_length_cm,Pedicel length (cm)
LN2023,Fm368,3,2,pedicel_length_cm,Pedicel length (cm)
LN2023,Fm369,1,2.5,pedicel_length_cm,Pedicel length (cm)
LN2023,Fm369,2,5,pedicel_length_cm,Pedicel length (cm)
LN2023,Fm369,3,4.5,pedicel_length_cm,Pedicel length (cm)
LN2023,Fm370,1,5.5,pedicel_length_cm,Pedicel length (cm)
LN2023,Fm370,2,1.5,pedicel_length_cm,Pedicel length (cm)
LN2023,Fm370,3,4,pedicel_length_cm,Pedicel length (cm)
LN2023,Fm372,1,2,pedicel_length_cm,Pedicel length (cm)
LN2023,Fm372,2,1.5,pedicel_length_cm,Pedicel length (cm)
LN2023,Fm372,3,4,pedicel_length_cm,Pedicel length (cm)
LN2023,Fm375,1,4,pedicel_length_cm,Pedicel length (cm)
LN2023,Fm375,2,8.5,pedicel_length_cm,Pedicel length (cm)
LN2023,Fm375,3,5.5,pedicel_length_cm,Pedicel length (cm)
LN2023,Fm376,1,5,pedicel_length_cm,Pedicel length (cm)
LN2023,Fm376,2,4,pedicel_length_cm,Pedicel length (cm)
LN2023,Fm376,3,2.5,pedicel_length_cm,Pedicel length (cm)
LN2023,Fm377,1,4,pedicel_length_cm,Pedicel length (cm)
LN2023,Fm377,2,5.5,pedicel_length_cm,Pedicel length (cm)
LN2023,Fm377,3,1.5,pedicel_length_cm,Pedicel length (cm)
LN2023,Fm378,1,7,pedicel_length_cm,Pedicel length (cm)
LN2023,Fm378,2,8.5,pedicel_length_cm,Pedicel length (cm)
LN2023,Fm378,3,8,pedicel_length_cm,Pedicel length (cm)
LN2023,Fm379,1,5,pedicel_length_cm,Pedicel length (cm)
LN2023,Fm379,2,3,pedicel_length_cm,Pedicel length (cm)
LN2023,Fm379,3,4.5,pedicel_length_cm,Pedicel length (cm)
LN2023,Fm380,1,5,pedicel_length_cm,Pedicel length (cm)
LN2023,Fm380,2,5.5,pedicel_length_cm,Pedicel length (cm)
LN2023,Fm380,3,3,pedicel_length_cm,Pedicel length (cm)
LN2023,Fm381,1,9,pedicel_length_cm,Pedicel length (cm)
LN2023,Fm381,2,8,pedicel_length_cm,Pedicel length (cm)
LN2023,Fm381,3,4,pedicel_length_cm,Pedicel length (cm)
LN2023,Fm382,1,2.5,pedicel_length_cm,Pedicel length (cm)
LN2023,Fm382,2,4,pedicel_length_cm,Pedicel length (cm)
LN2023,Fm382,3,8,pedicel_length_cm,Pedicel length (cm)
LN2023,Fm383,1,5,pedicel_length_cm,Pedicel length (cm)
LN2023,Fm383,2,2.5,pedicel_length_cm,Pedicel length (cm)
LN2023,Fm383,3,2,pedicel_length_cm,Pedicel length (cm)
LN2023,Fm384,1,3,pedicel_length_cm,Pedicel length (cm)
LN2023,Fm384,2,1.5,pedicel_length_cm,Pedicel length (cm)
LN2023,Fm384,3,3,pedicel_length_cm,Pedicel length (cm)
LN2023,Fm387,1,1.5,pedicel_length_cm,Pedicel length (cm)
LN2023,Fm387,2,2.5,pedicel_length_cm,Pedicel length (cm)
LN2023,Fm387,3,2,pedicel_length_cm,Pedicel length (cm)
LN2023,Fm388,1,2,pedicel_length_cm,Pedicel length (cm)
LN2023,Fm388,2,3.5,pedicel_length_cm,Pedicel length (cm)
LN2023,Fm388,3,5,pedicel_length_cm,Pedicel length (cm)
LN2023,Fm389,1,2.5,pedicel_length_cm,Pedicel length (cm)
LN2023,Fm389,2,1,pedicel_length_cm,Pedicel length (cm)
LN2023,Fm389,3,2.5,pedicel_length_cm,Pedicel length (cm)
LN2023,Fm390,1,8,pedicel_length_cm,Pedicel length (cm)
LN2023,Fm390,2,1,pedicel_length_cm,Pedicel length (cm)
LN2023,Fm390,3,7.5,pedicel_length_cm,Pedicel length (cm)
LN2023,Fm391,1,8.5,pedicel_length_cm,Pedicel length (cm)
LN2023,Fm391,2,9.5,pedicel_length_cm,Pedicel length (cm)
LN2023,Fm391,3,7,pedicel_length_cm,Pedicel length (cm)
LN2023,Fm392,1,7,pedicel_length_cm,Pedicel length (cm)
LN2023,Fm392,2,7,pedicel_length_cm,Pedicel length (cm)
LN2023,Fm392,3,6,pedicel_length_cm,Pedicel length (cm)
LN2023,Fm394,1,6.5,pedicel_length_cm,Pedicel length (cm)
LN2023,Fm394,2,9,pedicel_length_cm,Pedicel length (cm)
LN2023,Fm394,3,5.5,pedicel_length_cm,Pedicel length (cm)
LN2023,Fm395,1,2.5,pedicel_length_cm,Pedicel length (cm)
LN2023,Fm395,2,4,pedicel_length_cm,Pedicel length (cm)
LN2023,Fm395,3,2,pedicel_length_cm,Pedicel length (cm)
LN2023,Fm396,1,1.5,pedicel_length_cm,Pedicel length (cm)
LN2023,Fm396,2,3.5,pedicel_length_cm,Pedicel length (cm)
LN2023,Fm396,3,4.5,pedicel_length_cm,Pedicel length (cm)
LN2023,Fm398,1,9,pedicel_length_cm,Pedicel length (cm)
LN2023,Fm398,2,6,pedicel_length_cm,Pedicel length (cm)
LN2023,Fm398,3,8.5,pedicel_length_cm,Pedicel length (cm)
LN2023,Fm400,1,4,pedicel_length_cm,Pedicel length (cm)
LN2023,Fm400,2,1,pedicel_length_cm,Pedicel length (cm)
LN2023,Fm400,3,1,pedicel_length_cm,Pedicel length (cm)
LN2023,Fm401,1,3,pedicel_length_cm,Pedicel length (cm)
LN2023,Fm401,2,5,pedicel_length_cm,Pedicel length (cm)
LN2023,Fm401,3,2.5,pedicel_length_cm,Pedicel length (cm)
LN2023,Fm403,1,4,pedicel_length_cm,Pedicel length (cm)
LN2023,Fm403,2,4,pedicel_length_cm,Pedicel length (cm)
LN2023,Fm403,3,3,pedicel_length_cm,Pedicel length (cm)
LN2023,Fm404,1,1,pedicel_length_cm,Pedicel length (cm)
LN2023,Fm404,2,2,pedicel_length_cm,Pedicel length (cm)
LN2023,Fm404,3,4,pedicel_length_cm,Pedicel length (cm)
LN2023,Fm405,1,4,pedicel_length_cm,Pedicel length (cm)
LN2023,Fm405,2,4.5,pedicel_length_cm,Pedicel length (cm)
LN2023,Fm405,3,8.5,pedicel_length_cm,Pedicel length (cm)
LN2023,Fm406,1,5,pedicel_length_cm,Pedicel length (cm)
LN2023,Fm406,2,7.5,pedicel_length_cm,Pedicel length (cm)
LN2023,Fm406,3,8.5,pedicel_length_cm,Pedicel length (cm)
LN2023,Fm407,1,9.5,pedicel_length_cm,Pedicel length (cm)
LN2023,Fm407,2,8,pedicel_length_cm,Pedicel length (cm)
LN2023,Fm407,3,9,pedicel_length_cm,Pedicel length (cm)
LN2023,Fm409,1,2.5,pedicel_length_cm,Pedicel length (cm)
LN2023,Fm409,2,2.5,pedicel_length_cm,Pedicel length (cm)
LN2023,Fm409,3,6.5,pedicel_length_cm,Pedicel length (cm)
LN2023,Fm41,1,4,pedicel_length_cm,Pedicel length (cm)
LN2023,Fm41,2,1.7,pedicel_length_cm,Pedicel length (cm)
LN2023,Fm41,3,2,pedicel_length_cm,Pedicel length (cm)
LN2023,Fm411,1,5,pedicel_length_cm,Pedicel length (cm)
LN2023,Fm411,2,5.5,pedicel_length_cm,Pedicel length (cm)
LN2023,Fm411,3,14,pedicel_length_cm,Pedicel length (cm)
LN2023,Fm412,1,5.5,pedicel_length_cm,Pedicel length (cm)
LN2023,Fm412,2,3,pedicel_length_cm,Pedicel length (cm)
LN2023,Fm412,3,2,pedicel_length_cm,Pedicel length (cm)
LN2023,Fm413,1,3.5,pedicel_length_cm,Pedicel length (cm)
LN2023,Fm413,2,3,pedicel_length_cm,Pedicel length (cm)
LN2023,Fm413,3,2.5,pedicel_length_cm,Pedicel length (cm)
LN2023,Fm414,1,6,pedicel_length_cm,Pedicel length (cm)
LN2023,Fm414,2,5.5,pedicel_length_cm,Pedicel length (cm)
LN2023,Fm414,3,6,pedicel_length_cm,Pedicel length (cm)
LN2023,Fm415,1,3,pedicel_length_cm,Pedicel length (cm)
LN2023,Fm415,2,4,pedicel_length_cm,Pedicel length (cm)
LN2023,Fm415,3,4,pedicel_length_cm,Pedicel length (cm)
LN2023,Fm416,1,4,pedicel_length_cm,Pedicel length (cm)
LN2023,Fm416,2,4.5,pedicel_length_cm,Pedicel length (cm)
LN2023,Fm416,3,6,pedicel_length_cm,Pedicel length (cm)
LN2023,Fm417,1,0.5,pedicel_length_cm,Pedicel length (cm)
LN2023,Fm417,2,4.5,pedicel_length_cm,Pedicel length (cm)
LN2023,Fm417,3,1,pedicel_length_cm,Pedicel length (cm)
LN2023,Fm418,1,4.5,pedicel_length_cm,Pedicel length (cm)
LN2023,Fm418,2,1.5,pedicel_length_cm,Pedicel length (cm)
LN2023,Fm418,3,0.7,pedicel_length_cm,Pedicel length (cm)
LN2023,Fm419,1,4,pedicel_length_cm,Pedicel length (cm)
LN2023,Fm419,2,3,pedicel_length_cm,Pedicel length (cm)
LN2023,Fm419,3,6,pedicel_length_cm,Pedicel length (cm)
LN2023,Fm43,1,2,pedicel_length_cm,Pedicel length (cm)
LN2023,Fm43,2,4.5,pedicel_length_cm,Pedicel length (cm)
LN2023,Fm43,3,3.5,pedicel_length_cm,Pedicel length (cm)
LN2023,Fm44,1,4,pedicel_length_cm,Pedicel length (cm)
LN2023,Fm44,2,1.5,pedicel_length_cm,Pedicel length (cm)
LN2023,Fm44,3,5.5,pedicel_length_cm,Pedicel length (cm)
LN2023,Fm45,1,1,pedicel_length_cm,Pedicel length (cm)
LN2023,Fm45,2,2.5,pedicel_length_cm,Pedicel length (cm)
LN2023,Fm45,3,0.5,pedicel_length_cm,Pedicel length (cm)
LN2023,Fm46,1,2.5,pedicel_length_cm,Pedicel length (cm)
LN2023,Fm46,2,3,pedicel_length_cm,Pedicel length (cm)
LN2023,Fm46,3,7.5,pedicel_length_cm,Pedicel length (cm)
LN2023,Fm54,1,1.5,pedicel_length_cm,Pedicel length (cm)
LN2023,Fm54,2,1,pedicel_length_cm,Pedicel length (cm)
LN2023,Fm54,3,2,pedicel_length_cm,Pedicel length (cm)
LN2023,Fm55,1,2.5,pedicel_length_cm,Pedicel length (cm)
LN2023,Fm55,2,3,pedicel_length_cm,Pedicel length (cm)
LN2023,Fm55,3,2.5,pedicel_length_cm,Pedicel length (cm)
LN2023,Fm56,1,6.5,pedicel_length_cm,Pedicel length (cm)
LN2023,Fm56,2,4.5,pedicel_length_cm,Pedicel length (cm)
LN2023,Fm56,3,1.5,pedicel_length_cm,Pedicel length (cm)
LN2023,Fm63,1,0.5,pedicel_length_cm,Pedicel length (cm)
LN2023,Fm63,2,0.5,pedicel_length_cm,Pedicel length (cm)
LN2023,Fm63,3,3,pedicel_length_cm,Pedicel length (cm)
LN2023,Fm65,1,1.2,pedicel_length_cm,Pedicel length (cm)
LN2023,Fm65,2,1.5,pedicel_length_cm,Pedicel length (cm)
LN2023,Fm65,3,1.5,pedicel_length_cm,Pedicel length (cm)
LN2023,Fm74,1,2,pedicel_length_cm,Pedicel length (cm)
LN2023,Fm74,2,0.5,pedicel_length_cm,Pedicel length (cm)
LN2023,Fm74,3,0.5,pedicel_length_cm,Pedicel length (cm)
LN2023,Fm78,1,9.5,pedicel_length_cm,Pedicel length (cm)
LN2023,Fm78,2,4.5,pedicel_length_cm,Pedicel length (cm)
LN2023,Fm78,3,6,pedicel_length_cm,Pedicel length (cm)
LN2023,Fm79,1,0.5,pedicel_length_cm,Pedicel length (cm)
LN2023,Fm79,2,4,pedicel_length_cm,Pedicel length (cm)
LN2023,Fm79,3,2,pedicel_length_cm,Pedicel length (cm)
LN2023,Fm81,1,2,pedicel_length_cm,Pedicel length (cm)
LN2023,Fm81,2,1,pedicel_length_cm,Pedicel length (cm)
LN2023,Fm81,3,1.5,pedicel_length_cm,Pedicel length (cm)
LN2023,Fm83,1,2,pedicel_length_cm,Pedicel length (cm)
LN2023,Fm83,2,2,pedicel_length_cm,Pedicel length (cm)
LN2023,Fm83,3,4,pedicel_length_cm,Pedicel length (cm)
LN2023,Fm84,1,1,pedicel_length_cm,Pedicel length (cm)
LN2023,Fm84,2,2,pedicel_length_cm,Pedicel length (cm)
LN2023,Fm84,3,1,pedicel_length_cm,Pedicel length (cm)
LN2023,Fm86,1,3.5,pedicel_length_cm,Pedicel length (cm)
LN2023,Fm86,2,0.5,pedicel_length_cm,Pedicel length (cm)
LN2023,Fm86,3,0.5,pedicel_length_cm,Pedicel length (cm)
LN2023,Fm87,1,0.2,pedicel_length_cm,Pedicel length (cm)
LN2023,Fm87,2,2,pedicel_length_cm,Pedicel length (cm)
LN2023,Fm87,3,1.5,pedicel_length_cm,Pedicel length (cm)
LN2023,Fm88,1,4.5,pedicel_length_cm,Pedicel length (cm)
LN2023,Fm88,2,3.5,pedicel_length_cm,Pedicel length (cm)
LN2023,Fm88,3,4,pedicel_length_cm,Pedicel length (cm)
LN2023,Fm91,1,0.5,pedicel_length_cm,Pedicel length (cm)
LN2023,Fm91,2,0.3,pedicel_length_cm,Pedicel length (cm)
LN2023,Fm91,3,1,pedicel_length_cm,Pedicel length (cm)
LN2023,Fm96,1,4,pedicel_length_cm,Pedicel length (cm)
LN2023,Fm96,2,2.5,pedicel_length_cm,Pedicel length (cm)
LN2023,Fm96,3,3,pedicel_length_cm,Pedicel length (cm)
LN2023,Fm97,1,2.5,pedicel_length_cm,Pedicel length (cm)
LN2023,Fm97,2,3.5,pedicel_length_cm,Pedicel length (cm)
LN2023,Fm97,3,1,pedicel_length_cm,Pedicel length (cm)
LN2024,Fm134,1,116,dtf,Days to flowering
LN2024,Fm134,2,106,dtf,Days to flowering
LN2024,Fm134,3,118,dtf,Days to flowering
LN2024,Fm170,1,130,dtf,Days to flowering
LN2024,Fm170,2,139,dtf,Days to flowering
LN2024,Fm170,3,138,dtf,Days to flowering
LN2024,Fm173,1,130,dtf,Days to flowering
LN2024,Fm173,2,125,dtf,Days to flowering
LN2024,Fm173,3,124,dtf,Days to flowering
LN2024,Fm174,1,139,dtf,Days to flowering
LN2024,Fm174,2,139,dtf,Days to flowering
LN2024,Fm174,3,139,dtf,Days to flowering
LN2024,Fm176,1,130,dtf,Days to flowering
LN2024,Fm176,2,122,dtf,Days to flowering
LN2024,Fm176,3,130,dtf,Days to flowering
LN2024,Fm181,1,78,dtf,Days to flowering
LN2024,Fm181,2,78,dtf,Days to flowering
LN2024,Fm181,3,83,dtf,Days to flowering
LN2024,Fm185,1,122,dtf,Days to flowering
LN2024,Fm185,2,121,dtf,Days to flowering
LN2024,Fm185,3,122,dtf,Days to flowering
LN2024,Fm190,1,99,dtf,Days to flowering
LN2024,Fm190,2,99,dtf,Days to flowering
LN2024,Fm190,3,98,dtf,Days to flowering
LN2024,Fm193,1,99,dtf,Days to flowering
LN2024,Fm193,2,95,dtf,Days to flowering
LN2024,Fm193,3,95,dtf,Days to flowering
LN2024,Fm194,1,100,dtf,Days to flowering
LN2024,Fm194,2,100,dtf,Days to flowering
LN2024,Fm194,3,92,dtf,Days to flowering
LN2024,Fm195,1,106,dtf,Days to flowering
LN2024,Fm195,2,106,dtf,Days to flowering
LN2024,Fm195,3,107,dtf,Days to flowering
LN2024,Fm203,1,85,dtf,Days to flowering
LN2024,Fm203,2,86,dtf,Days to flowering
LN2024,Fm203,3,85,dtf,Days to flowering
LN2024,Fm208,1,123,dtf,Days to flowering
LN2024,Fm208,2,121,dtf,Days to flowering
LN2024,Fm208,3,124,dtf,Days to flowering
LN2024,Fm214,1,91,dtf,Days to flowering
LN2024,Fm214,2,91,dtf,Days to flowering
LN2024,Fm214,3,89,dtf,Days to flowering
LN2024,Fm215,1,76,dtf,Days to flowering
LN2024,Fm215,2,76,dtf,Days to flowering
LN2024,Fm215,3,74,dtf,Days to flowering
LN2024,Fm216,2,104,dtf,Days to flowering
LN2024,Fm219,1,73,dtf,Days to flowering
LN2024,Fm219,2,73,dtf,Days to flowering
LN2024,Fm219,3,72,dtf,Days to flowering
LN2024,Fm221,1,95,dtf,Days to flowering
LN2024,Fm221,2,104,dtf,Days to flowering
LN2024,Fm221,3,104,dtf,Days to flowering
LN2024,Fm225,1,82,dtf,Days to flowering
LN2024,Fm225,2,83,dtf,Days to flowering
LN2024,Fm225,3,82,dtf,Days to flowering
LN2024,Fm227,1,106,dtf,Days to flowering
LN2024,Fm227,2,109,dtf,Days to flowering
LN2024,Fm227,3,109,dtf,Days to flowering
LN2024,Fm233,1,115,dtf,Days to flowering
LN2024,Fm233,2,116,dtf,Days to flowering
LN2024,Fm233,3,112,dtf,Days to flowering
LN2024,Fm235,1,121,dtf,Days to flowering
LN2024,Fm235,2,129,dtf,Days to flowering
LN2024,Fm235,3,124,dtf,Days to flowering
LN2024,Fm236,1,95,dtf,Days to flowering
LN2024,Fm236,2,91,dtf,Days to flowering
LN2024,Fm236,3,95,dtf,Days to flowering
LN2024,Fm238,1,121,dtf,Days to flowering
LN2024,Fm238,2,118,dtf,Days to flowering
LN2024,Fm238,3,124,dtf,Days to flowering
LN2024,Fm249,1,124,dtf,Days to flowering
LN2024,Fm249,2,125,dtf,Days to flowering
LN2024,Fm249,3,138,dtf,Days to flowering
LN2024,Fm250,1,136,dtf,Days to flowering
LN2024,Fm250,2,136,dtf,Days to flowering
LN2024,Fm250,3,121,dtf,Days to flowering
LN2024,Fm3,1,135,dtf,Days to flowering
LN2024,Fm3,2,147,dtf,Days to flowering
LN2024,Fm3,3,140,dtf,Days to flowering
LN2024,Fm321,1,86,dtf,Days to flowering
LN2024,Fm321,2,91,dtf,Days to flowering
LN2024,Fm321,3,92,dtf,Days to flowering
LN2024,Fm322,1,125,dtf,Days to flowering
LN2024,Fm322,2,113,dtf,Days to flowering
LN2024,Fm322,3,124,dtf,Days to flowering
LN2024,Fm337,1,103,dtf,Days to flowering
LN2024,Fm337,2,100,dtf,Days to flowering
LN2024,Fm337,3,103,dtf,Days to flowering
LN2024,Fm341,1,106,dtf,Days to flowering
LN2024,Fm341,2,104,dtf,Days to flowering
LN2024,Fm341,3,106,dtf,Days to flowering
LN2024,Fm343,1,119,dtf,Days to flowering
LN2024,Fm343,2,118,dtf,Days to flowering
LN2024,Fm343,3,124,dtf,Days to flowering
LN2024,Fm344,1,122,dtf,Days to flowering
LN2024,Fm344,2,124,dtf,Days to flowering
LN2024,Fm344,3,118,dtf,Days to flowering
LN2024,Fm345,1,116,dtf,Days to flowering
LN2024,Fm345,2,108,dtf,Days to flowering
LN2024,Fm345,3,115,dtf,Days to flowering
LN2024,Fm346,1,116,dtf,Days to flowering
LN2024,Fm346,2,116,dtf,Days to flowering
LN2024,Fm347,1,100,dtf,Days to flowering
LN2024,Fm347,2,101,dtf,Days to flowering
LN2024,Fm347,3,102,dtf,Days to flowering
LN2024,Fm349,1,112,dtf,Days to flowering
LN2024,Fm349,2,109,dtf,Days to flowering
LN2024,Fm349,3,103,dtf,Days to flowering
LN2024,Fm351,1,112,dtf,Days to flowering
LN2024,Fm351,2,106,dtf,Days to flowering
LN2024,Fm351,3,113,dtf,Days to flowering
LN2024,Fm352,1,109,dtf,Days to flowering
LN2024,Fm352,2,104,dtf,Days to flowering
LN2024,Fm354,1,104,dtf,Days to flowering
LN2024,Fm354,2,112,dtf,Days to flowering
LN2024,Fm354,3,104,dtf,Days to flowering
LN2024,Fm355,1,104,dtf,Days to flowering
LN2024,Fm355,2,106,dtf,Days to flowering
LN2024,Fm355,3,106,dtf,Days to flowering
LN2024,Fm356,1,106,dtf,Days to flowering
LN2024,Fm356,2,112,dtf,Days to flowering
LN2024,Fm356,3,115,dtf,Days to flowering
LN2024,Fm358,1,123,dtf,Days to flowering
LN2024,Fm358,2,122,dtf,Days to flowering
LN2024,Fm358,3,121,dtf,Days to flowering
LN2024,Fm359,1,115,dtf,Days to flowering
LN2024,Fm359,2,116,dtf,Days to flowering
LN2024,Fm359,3,115,dtf,Days to flowering
LN2024,Fm36,1,113,dtf,Days to flowering
LN2024,Fm36,2,116,dtf,Days to flowering
LN2024,Fm36,3,116,dtf,Days to flowering
LN2024,Fm361,1,106,dtf,Days to flowering
LN2024,Fm361,2,101,dtf,Days to flowering
LN2024,Fm361,3,104,dtf,Days to flowering
LN2024,Fm363,1,106,dtf,Days to flowering
LN2024,Fm363,2,101,dtf,Days to flowering
LN2024,Fm363,3,116,dtf,Days to flowering
LN2024,Fm364,1,120,dtf,Days to flowering
LN2024,Fm364,2,118,dtf,Days to flowering
LN2024,Fm364,3,122,dtf,Days to flowering
LN2024,Fm365,1,100,dtf,Days to flowering
LN2024,Fm365,2,103,dtf,Days to flowering
LN2024,Fm365,3,101,dtf,Days to flowering
LN2024,Fm366,1,100,dtf,Days to flowering
LN2024,Fm366,2,100,dtf,Days to flowering
LN2024,Fm366,3,102,dtf,Days to flowering
LN2024,Fm368,1,101,dtf,Days to flowering
LN2024,Fm368,2,85,dtf,Days to flowering
LN2024,Fm368,3,112,dtf,Days to flowering
LN2024,Fm369,1,124,dtf,Days to flowering
LN2024,Fm369,2,99,dtf,Days to flowering
LN2024,Fm369,3,112,dtf,Days to flowering
LN2024,Fm370,1,118,dtf,Days to flowering
LN2024,Fm370,2,106,dtf,Days to flowering
LN2024,Fm370,3,115,dtf,Days to flowering
LN2024,Fm372,1,112,dtf,Days to flowering
LN2024,Fm372,2,112,dtf,Days to flowering
LN2024,Fm372,3,110,dtf,Days to flowering
LN2024,Fm375,1,106,dtf,Days to flowering
LN2024,Fm375,2,106,dtf,Days to flowering
LN2024,Fm375,3,106,dtf,Days to flowering
LN2024,Fm376,1,103,dtf,Days to flowering
LN2024,Fm376,2,104,dtf,Days to flowering
LN2024,Fm376,3,104,dtf,Days to flowering
LN2024,Fm377,1,104,dtf,Days to flowering
LN2024,Fm377,2,111,dtf,Days to flowering
LN2024,Fm377,3,106,dtf,Days to flowering
LN2024,Fm378,1,100,dtf,Days to flowering
LN2024,Fm378,2,94,dtf,Days to flowering
LN2024,Fm378,3,99,dtf,Days to flowering
LN2024,Fm379,1,103,dtf,Days to flowering
LN2024,Fm379,2,105,dtf,Days to flowering
LN2024,Fm379,3,104,dtf,Days to flowering
LN2024,Fm380,1,104,dtf,Days to flowering
LN2024,Fm380,2,110,dtf,Days to flowering
LN2024,Fm380,3,106,dtf,Days to flowering
LN2024,Fm381,1,104,dtf,Days to flowering
LN2024,Fm381,2,103,dtf,Days to flowering
LN2024,Fm381,3,104,dtf,Days to flowering
LN2024,Fm382,1,103,dtf,Days to flowering
LN2024,Fm382,2,103,dtf,Days to flowering
LN2024,Fm382,3,101,dtf,Days to flowering
LN2024,Fm384,1,117,dtf,Days to flowering
LN2024,Fm384,2,118,dtf,Days to flowering
LN2024,Fm384,3,120,dtf,Days to flowering
LN2024,Fm387,1,124,dtf,Days to flowering
LN2024,Fm387,2,120,dtf,Days to flowering
LN2024,Fm387,3,125,dtf,Days to flowering
LN2024,Fm388,1,111,dtf,Days to flowering
LN2024,Fm388,2,103,dtf,Days to flowering
LN2024,Fm388,3,106,dtf,Days to flowering
LN2024,Fm389,1,123,dtf,Days to flowering
LN2024,Fm389,2,118,dtf,Days to flowering
LN2024,Fm389,3,118,dtf,Days to flowering
LN2024,Fm391,1,104,dtf,Days to flowering
LN2024,Fm391,2,104,dtf,Days to flowering
LN2024,Fm391,3,100,dtf,Days to flowering
LN2024,Fm392,1,93,dtf,Days to flowering
LN2024,Fm392,2,91,dtf,Days to flowering
LN2024,Fm392,3,93,dtf,Days to flowering
LN2024,Fm394,1,100,dtf,Days to flowering
LN2024,Fm394,2,95,dtf,Days to flowering
LN2024,Fm394,3,106,dtf,Days to flowering
LN2024,Fm395,1,109,dtf,Days to flowering
LN2024,Fm395,2,106,dtf,Days to flowering
LN2024,Fm395,3,115,dtf,Days to flowering
LN2024,Fm396,1,116,dtf,Days to flowering
LN2024,Fm396,2,109,dtf,Days to flowering
LN2024,Fm396,3,114,dtf,Days to flowering
LN2024,Fm398,1,103,dtf,Days to flowering
LN2024,Fm398,2,106,dtf,Days to flowering
LN2024,Fm400,1,112,dtf,Days to flowering
LN2024,Fm400,2,104,dtf,Days to flowering
LN2024,Fm400,3,106,dtf,Days to flowering
LN2024,Fm401,1,100,dtf,Days to flowering
LN2024,Fm401,2,99,dtf,Days to flowering
LN2024,Fm401,3,100,dtf,Days to flowering
LN2024,Fm402,1,95,dtf,Days to flowering
LN2024,Fm402,2,100,dtf,Days to flowering
LN2024,Fm402,3,100,dtf,Days to flowering
LN2024,Fm404,1,109,dtf,Days to flowering
LN2024,Fm404,2,106,dtf,Days to flowering
LN2024,Fm404,3,106,dtf,Days to flowering
LN2024,Fm405,1,109,dtf,Days to flowering
LN2024,Fm405,2,109,dtf,Days to flowering
LN2024,Fm405,3,106,dtf,Days to flowering
LN2024,Fm406,1,103,dtf,Days to flowering
LN2024,Fm406,2,104,dtf,Days to flowering
LN2024,Fm406,3,101,dtf,Days to flowering
LN2024,Fm407,1,101,dtf,Days to flowering
LN2024,Fm407,2,101,dtf,Days to flowering
LN2024,Fm407,3,100,dtf,Days to flowering
LN2024,Fm41,1,123,dtf,Days to flowering
LN2024,Fm41,2,124,dtf,Days to flowering
LN2024,Fm41,3,119,dtf,Days to flowering
LN2024,Fm410,1,112,dtf,Days to flowering
LN2024,Fm410,2,109,dtf,Days to flowering
LN2024,Fm410,3,109,dtf,Days to flowering
LN2024,Fm411,1,104,dtf,Days to flowering
LN2024,Fm411,2,106,dtf,Days to flowering
LN2024,Fm411,3,104,dtf,Days to flowering
LN2024,Fm412,1,103,dtf,Days to flowering
LN2024,Fm412,2,99,dtf,Days to flowering
LN2024,Fm412,3,99,dtf,Days to flowering
LN2024,Fm413,1,112,dtf,Days to flowering
LN2024,Fm413,2,109,dtf,Days to flowering
LN2024,Fm413,3,104,dtf,Days to flowering
LN2024,Fm414,1,95,dtf,Days to flowering
LN2024,Fm414,2,100,dtf,Days to flowering
LN2024,Fm414,3,101,dtf,Days to flowering
LN2024,Fm415,1,92,dtf,Days to flowering
LN2024,Fm415,2,100,dtf,Days to flowering
LN2024,Fm415,3,100,dtf,Days to flowering
LN2024,Fm416,1,106,dtf,Days to flowering
LN2024,Fm416,2,112,dtf,Days to flowering
LN2024,Fm416,3,115,dtf,Days to flowering
LN2024,Fm417,1,124,dtf,Days to flowering
LN2024,Fm417,2,121,dtf,Days to flowering
LN2024,Fm417,3,122,dtf,Days to flowering
LN2024,Fm418,1,122,dtf,Days to flowering
LN2024,Fm418,2,120,dtf,Days to flowering
LN2024,Fm418,3,120,dtf,Days to flowering
LN2024,Fm419,1,91,dtf,Days to flowering
LN2024,Fm419,2,95,dtf,Days to flowering
LN2024,Fm419,3,91,dtf,Days to flowering
LN2024,Fm420,1,109,dtf,Days to flowering
LN2024,Fm420,2,106,dtf,Days to flowering
LN2024,Fm420,3,101,dtf,Days to flowering
LN2024,Fm421,1,110,dtf,Days to flowering
LN2024,Fm421,2,116,dtf,Days to flowering
LN2024,Fm421,3,116,dtf,Days to flowering
LN2024,Fm428,1,93,dtf,Days to flowering
LN2024,Fm428,2,82,dtf,Days to flowering
LN2024,Fm428,3,94,dtf,Days to flowering
LN2024,Fm429,1,95,dtf,Days to flowering
LN2024,Fm429,2,95,dtf,Days to flowering
LN2024,Fm429,3,95,dtf,Days to flowering
LN2024,Fm43,1,124,dtf,Days to flowering
LN2024,Fm43,2,122,dtf,Days to flowering
LN2024,Fm43,3,124,dtf,Days to flowering
LN2024,Fm44,1,110,dtf,Days to flowering
LN2024,Fm44,2,109,dtf,Days to flowering
LN2024,Fm44,3,115,dtf,Days to flowering
LN2024,Fm442,1,104,dtf,Days to flowering
LN2024,Fm442,2,138,dtf,Days to flowering
LN2024,Fm442,3,106,dtf,Days to flowering
LN2024,Fm443,1,111,dtf,Days to flowering
LN2024,Fm443,2,101,dtf,Days to flowering
LN2024,Fm444,1,116,dtf,Days to flowering
LN2024,Fm444,2,109,dtf,Days to flowering
LN2024,Fm444,3,115,dtf,Days to flowering
LN2024,Fm446,1,104,dtf,Days to flowering
LN2024,Fm446,2,105,dtf,Days to flowering
LN2024,Fm446,3,104,dtf,Days to flowering
LN2024,Fm458,1,148,dtf,Days to flowering
LN2024,Fm458,2,147,dtf,Days to flowering
LN2024,Fm458,3,158,dtf,Days to flowering
LN2024,Fm464,1,116,dtf,Days to flowering
LN2024,Fm464,2,111,dtf,Days to flowering
LN2024,Fm464,3,85,dtf,Days to flowering
LN2024,Fm474,1,101,dtf,Days to flowering
LN2024,Fm474,2,100,dtf,Days to flowering
LN2024,Fm474,3,100,dtf,Days to flowering
LN2024,Fm475,1,100,dtf,Days to flowering
LN2024,Fm475,2,101,dtf,Days to flowering
LN2024,Fm475,3,106,dtf,Days to flowering
LN2024,Fm477,1,118,dtf,Days to flowering
LN2024,Fm477,2,116,dtf,Days to flowering
LN2024,Fm477,3,110,dtf,Days to flowering
LN2024,Fm478,1,115,dtf,Days to flowering
LN2024,Fm478,2,115,dtf,Days to flowering
LN2024,Fm478,3,113,dtf,Days to flowering
LN2024,Fm480,1,116,dtf,Days to flowering
LN2024,Fm480,2,109,dtf,Days to flowering
LN2024,Fm480,3,117,dtf,Days to flowering
LN2024,Fm482,1,115,dtf,Days to flowering
LN2024,Fm482,2,115,dtf,Days to flowering
LN2024,Fm482,3,111,dtf,Days to flowering
LN2024,Fm484,1,106,dtf,Days to flowering
LN2024,Fm484,2,106,dtf,Days to flowering
LN2024,Fm484,3,109,dtf,Days to flowering
LN2024,Fm489,1,95,dtf,Days to flowering
LN2024,Fm489,2,94,dtf,Days to flowering
LN2024,Fm489,3,99,dtf,Days to flowering
LN2024,Fm491,1,109,dtf,Days to flowering
LN2024,Fm491,2,100,dtf,Days to flowering
LN2024,Fm491,3,101,dtf,Days to flowering
LN2024,Fm492,1,106,dtf,Days to flowering
LN2024,Fm492,2,109,dtf,Days to flowering
LN2024,Fm492,3,111,dtf,Days to flowering
LN2024,Fm496,1,93,dtf,Days to flowering
LN2024,Fm496,2,92,dtf,Days to flowering
LN2024,Fm496,3,99,dtf,Days to flowering
LN2024,Fm505,1,117,dtf,Days to flowering
LN2024,Fm505,2,113,dtf,Days to flowering
LN2024,Fm505,3,118,dtf,Days to flowering
LN2024,Fm507,1,116,dtf,Days to flowering
LN2024,Fm507,2,109,dtf,Days to flowering
LN2024,Fm507,3,109,dtf,Days to flowering
LN2024,Fm510,1,124,dtf,Days to flowering
LN2024,Fm510,2,124,dtf,Days to flowering
LN2024,Fm510,3,137,dtf,Days to flowering
LN2024,Fm518,1,99,dtf,Days to flowering
LN2024,Fm518,2,104,dtf,Days to flowering
LN2024,Fm518,3,100,dtf,Days to flowering
LN2024,Fm519,1,117,dtf,Days to flowering
LN2024,Fm519,2,113,dtf,Days to flowering
LN2024,Fm519,3,111,dtf,Days to flowering
LN2024,Fm522,1,121,dtf,Days to flowering
LN2024,Fm522,2,116,dtf,Days to flowering
LN2024,Fm522,3,112,dtf,Days to flowering
LN2024,Fm523,1,95,dtf,Days to flowering
LN2024,Fm523,2,92,dtf,Days to flowering
LN2024,Fm523,3,95,dtf,Days to flowering
LN2024,Fm524,1,100,dtf,Days to flowering
LN2024,Fm524,2,100,dtf,Days to flowering
LN2024,Fm524,3,100,dtf,Days to flowering
LN2024,Fm537,1,104,dtf,Days to flowering
LN2024,Fm537,2,101,dtf,Days to flowering
LN2024,Fm537,3,101,dtf,Days to flowering
LN2024,Fm552,1,101,dtf,Days to flowering
LN2024,Fm552,2,95,dtf,Days to flowering
LN2024,Fm552,3,100,dtf,Days to flowering
LN2024,Fm56,1,139,dtf,Days to flowering
LN2024,Fm56,2,139,dtf,Days to flowering
LN2024,Fm56,3,139,dtf,Days to flowering
LN2024,Fm560,1,83,dtf,Days to flowering
LN2024,Fm560,2,85,dtf,Days to flowering
LN2024,Fm560,3,82,dtf,Days to flowering
LN2024,Fm566,1,104,dtf,Days to flowering
LN2024,Fm566,2,100,dtf,Days to flowering
LN2024,Fm566,3,103,dtf,Days to flowering
LN2024,Fm569,1,84,dtf,Days to flowering
LN2024,Fm569,2,82,dtf,Days to flowering
LN2024,Fm569,3,82,dtf,Days to flowering
LN2024,Fm585,2,100,dtf,Days to flowering
LN2024,Fm585,3,100,dtf,Days to flowering
LN2024,Fm589,1,76,dtf,Days to flowering
LN2024,Fm589,2,74,dtf,Days to flowering
LN2024,Fm589,3,75,dtf,Days to flowering
LN2024,Fm590,1,84,dtf,Days to flowering
LN2024,Fm590,2,82,dtf,Days to flowering
LN2024,Fm590,3,84,dtf,Days to flowering
LN2024,Fm592,1,84,dtf,Days to flowering
LN2024,Fm592,2,84,dtf,Days to flowering
LN2024,Fm592,3,85,dtf,Days to flowering
LN2024,Fm600,1,117,dtf,Days to flowering
LN2024,Fm600,2,117,dtf,Days to flowering
LN2024,Fm600,3,116,dtf,Days to flowering
LN2024,Fm601,1,124,dtf,Days to flowering
LN2024,Fm601,2,125,dtf,Days to flowering
LN2024,Fm601,3,124,dtf,Days to flowering
LN2024,Fm610,1,104,dtf,Days to flowering
LN2024,Fm610,2,103,dtf,Days to flowering
LN2024,Fm610,3,103,dtf,Days to flowering
LN2024,Fm611,1,100,dtf,Days to flowering
LN2024,Fm611,2,102,dtf,Days to flowering
LN2024,Fm611,3,100,dtf,Days to flowering
LN2024,Fm612,1,105,dtf,Days to flowering
LN2024,Fm612,2,105,dtf,Days to flowering
LN2024,Fm612,3,101,dtf,Days to flowering
LN2024,Fm614,1,117,dtf,Days to flowering
LN2024,Fm614,2,116,dtf,Days to flowering
LN2024,Fm614,3,120,dtf,Days to flowering
LN2024,Fm615,1,109,dtf,Days to flowering
LN2024,Fm615,2,106,dtf,Days to flowering
LN2024,Fm615,3,108,dtf,Days to flowering
LN2024,Fm616,1,78,dtf,Days to flowering
LN2024,Fm616,2,76,dtf,Days to flowering
LN2024,Fm616,3,76,dtf,Days to flowering
LN2024,Fm620,1,84,dtf,Days to flowering
LN2024,Fm620,2,87,dtf,Days to flowering
LN2024,Fm620,3,87,dtf,Days to flowering
LN2024,Fm621,1,99,dtf,Days to flowering
LN2024,Fm621,2,100,dtf,Days to flowering
LN2024,Fm621,3,101,dtf,Days to flowering
LN2024,Fm65,1,118,dtf,Days to flowering
LN2024,Fm65,2,116,dtf,Days to flowering
LN2024,Fm65,3,118,dtf,Days to flowering
LN2024,Fm78,1,124,dtf,Days to flowering
LN2024,Fm78,3,124,dtf,Days to flowering
LN2024,Fm79,1,145,dtf,Days to flowering
LN2024,Fm79,2,147,dtf,Days to flowering
LN2024,Fm79,3,145,dtf,Days to flowering
LN2024,Fm86,1,138,dtf,Days to flowering
LN2024,Fm86,2,138,dtf,Days to flowering
LN2024,Fm86,3,146,dtf,Days to flowering
LN2024,Fm134,1,32,height_cm,Plant height (cm)
LN2024,Fm134,2,74,height_cm,Plant height (cm)
LN2024,Fm134,3,42,height_cm,Plant height (cm)
LN2024,Fm156,1,90,height_cm,Plant height (cm)
LN2024,Fm156,2,88,height_cm,Plant height (cm)
LN2024,Fm156,3,90,height_cm,Plant height (cm)
LN2024,Fm161,1,70,height_cm,Plant height (cm)
LN2024,Fm161,2,75,height_cm,Plant height (cm)
LN2024,Fm161,3,56,height_cm,Plant height (cm)
LN2024,Fm168,1,90,height_cm,Plant height (cm)
LN2024,Fm168,2,103,height_cm,Plant height (cm)
LN2024,Fm168,3,95,height_cm,Plant height (cm)
LN2024,Fm170,1,104,height_cm,Plant height (cm)
LN2024,Fm170,2,117,height_cm,Plant height (cm)
LN2024,Fm170,3,110,height_cm,Plant height (cm)
LN2024,Fm173,1,102,height_cm,Plant height (cm)
LN2024,Fm173,2,110,height_cm,Plant height (cm)
LN2024,Fm173,3,108,height_cm,Plant height (cm)
LN2024,Fm174,1,88,height_cm,Plant height (cm)
LN2024,Fm174,2,101,height_cm,Plant height (cm)
LN2024,Fm174,3,90,height_cm,Plant height (cm)
LN2024,Fm176,1,102,height_cm,Plant height (cm)
LN2024,Fm176,2,95,height_cm,Plant height (cm)
LN2024,Fm176,3,99,height_cm,Plant height (cm)
LN2024,Fm181,1,98,height_cm,Plant height (cm)
LN2024,Fm181,2,107,height_cm,Plant height (cm)
LN2024,Fm181,3,98,height_cm,Plant height (cm)
LN2024,Fm185,1,114,height_cm,Plant height (cm)
LN2024,Fm185,2,110,height_cm,Plant height (cm)
LN2024,Fm185,3,95,height_cm,Plant height (cm)
LN2024,Fm190,1,113,height_cm,Plant height (cm)
LN2024,Fm190,2,113,height_cm,Plant height (cm)
LN2024,Fm190,3,102,height_cm,Plant height (cm)
LN2024,Fm193,1,85,height_cm,Plant height (cm)
LN2024,Fm193,2,94,height_cm,Plant height (cm)
LN2024,Fm193,3,98,height_cm,Plant height (cm)
LN2024,Fm194,1,88,height_cm,Plant height (cm)
LN2024,Fm194,2,93,height_cm,Plant height (cm)
LN2024,Fm194,3,86,height_cm,Plant height (cm)
LN2024,Fm195,1,125,height_cm,Plant height (cm)
LN2024,Fm195,2,135,height_cm,Plant height (cm)
LN2024,Fm195,3,125,height_cm,Plant height (cm)
LN2024,Fm20,1,100,height_cm,Plant height (cm)
LN2024,Fm20,2,102,height_cm,Plant height (cm)
LN2024,Fm20,3,88,height_cm,Plant height (cm)
LN2024,Fm203,1,99,height_cm,Plant height (cm)
LN2024,Fm203,2,96,height_cm,Plant height (cm)
LN2024,Fm203,3,106,height_cm,Plant height (cm)
LN2024,Fm208,1,110,height_cm,Plant height (cm)
LN2024,Fm208,2,106,height_cm,Plant height (cm)
LN2024,Fm208,3,102,height_cm,Plant height (cm)
LN2024,Fm214,1,102,height_cm,Plant height (cm)
LN2024,Fm214,2,94,height_cm,Plant height (cm)
LN2024,Fm214,3,112,height_cm,Plant height (cm)
LN2024,Fm215,1,121,height_cm,Plant height (cm)
LN2024,Fm215,2,120,height_cm,Plant height (cm)
LN2024,Fm215,3,128,height_cm,Plant height (cm)
LN2024,Fm216,2,90,height_cm,Plant height (cm)
LN2024,Fm219,1,98,height_cm,Plant height (cm)
LN2024,Fm219,2,106,height_cm,Plant height (cm)
LN2024,Fm219,3,108,height_cm,Plant height (cm)
LN2024,Fm221,1,102,height_cm,Plant height (cm)
LN2024,Fm221,2,95,height_cm,Plant height (cm)
LN2024,Fm221,3,105,height_cm,Plant height (cm)
LN2024,Fm225,1,111,height_cm,Plant height (cm)
LN2024,Fm225,2,100,height_cm,Plant height (cm)
LN2024,Fm225,3,98,height_cm,Plant height (cm)
LN2024,Fm227,1,98,height_cm,Plant height (cm)
LN2024,Fm227,2,77,height_cm,Plant height (cm)
LN2024,Fm227,3,115,height_cm,Plant height (cm)
LN2024,Fm233,1,103,height_cm,Plant height (cm)
LN2024,Fm233,2,93,height_cm,Plant height (cm)
LN2024,Fm233,3,110,height_cm,Plant height (cm)
LN2024,Fm235,1,101,height_cm,Plant height (cm)
LN2024,Fm235,2,110,height_cm,Plant height (cm)
LN2024,Fm235,3,110,height_cm,Plant height (cm)
LN2024,Fm236,1,122,height_cm,Plant height (cm)
LN2024,Fm236,2,121,height_cm,Plant height (cm)
LN2024,Fm236,3,133,height_cm,Plant height (cm)
LN2024,Fm238,1,101,height_cm,Plant height (cm)
LN2024,Fm238,2,108,height_cm,Plant height (cm)
LN2024,Fm238,3,113,height_cm,Plant height (cm)
LN2024,Fm249,1,118,height_cm,Plant height (cm)
LN2024,Fm249,2,121,height_cm,Plant height (cm)
LN2024,Fm249,3,115,height_cm,Plant height (cm)
LN2024,Fm250,1,120,height_cm,Plant height (cm)
LN2024,Fm250,2,127,height_cm,Plant height (cm)
LN2024,Fm250,3,135,height_cm,Plant height (cm)
LN2024,Fm3,1,110,height_cm,Plant height (cm)
LN2024,Fm3,2,120,height_cm,Plant height (cm)
LN2024,Fm3,3,105,height_cm,Plant height (cm)
LN2024,Fm321,1,97,height_cm,Plant height (cm)
LN2024,Fm321,2,100,height_cm,Plant height (cm)
LN2024,Fm321,3,93,height_cm,Plant height (cm)
LN2024,Fm322,1,100,height_cm,Plant height (cm)
LN2024,Fm322,2,100,height_cm,Plant height (cm)
LN2024,Fm322,3,102,height_cm,Plant height (cm)
LN2024,Fm337,1,87,height_cm,Plant height (cm)
LN2024,Fm337,2,100,height_cm,Plant height (cm)
LN2024,Fm337,3,90,height_cm,Plant height (cm)
LN2024,Fm341,1,105,height_cm,Plant height (cm)
LN2024,Fm341,2,106,height_cm,Plant height (cm)
LN2024,Fm341,3,108,height_cm,Plant height (cm)
LN2024,Fm343,1,122,height_cm,Plant height (cm)
LN2024,Fm343,2,118,height_cm,Plant height (cm)
LN2024,Fm343,3,132,height_cm,Plant height (cm)
LN2024,Fm344,1,83,height_cm,Plant height (cm)
LN2024,Fm344,2,86,height_cm,Plant height (cm)
LN2024,Fm344,3,98,height_cm,Plant height (cm)
LN2024,Fm345,1,108,height_cm,Plant height (cm)
LN2024,Fm345,2,112,height_cm,Plant height (cm)
LN2024,Fm345,3,100,height_cm,Plant height (cm)
LN2024,Fm346,1,95,height_cm,Plant height (cm)
LN2024,Fm346,2,87,height_cm,Plant height (cm)
LN2024,Fm347,1,100,height_cm,Plant height (cm)
LN2024,Fm347,2,107,height_cm,Plant height (cm)
LN2024,Fm347,3,100,height_cm,Plant height (cm)
LN2024,Fm349,1,109,height_cm,Plant height (cm)
LN2024,Fm349,2,116,height_cm,Plant height (cm)
LN2024,Fm349,3,121,height_cm,Plant height (cm)
LN2024,Fm351,1,113,height_cm,Plant height (cm)
LN2024,Fm351,2,96,height_cm,Plant height (cm)
LN2024,Fm351,3,105,height_cm,Plant height (cm)
LN2024,Fm352,1,110,height_cm,Plant height (cm)
LN2024,Fm352,2,100,height_cm,Plant height (cm)
LN2024,Fm354,1,110,height_cm,Plant height (cm)
LN2024,Fm354,2,110,height_cm,Plant height (cm)
LN2024,Fm354,3,117,height_cm,Plant height (cm)
LN2024,Fm355,1,92,height_cm,Plant height (cm)
LN2024,Fm355,2,100,height_cm,Plant height (cm)
LN2024,Fm355,3,87,height_cm,Plant height (cm)
LN2024,Fm356,1,100,height_cm,Plant height (cm)
LN2024,Fm356,2,110,height_cm,Plant height (cm)
LN2024,Fm356,3,110,height_cm,Plant height (cm)
LN2024,Fm358,1,100,height_cm,Plant height (cm)
LN2024,Fm358,2,110,height_cm,Plant height (cm)
LN2024,Fm358,3,102,height_cm,Plant height (cm)
LN2024,Fm359,1,103,height_cm,Plant height (cm)
LN2024,Fm359,2,112,height_cm,Plant height (cm)
LN2024,Fm359,3,106,height_cm,Plant height (cm)
LN2024,Fm36,1,120,height_cm,Plant height (cm)
LN2024,Fm36,2,100,height_cm,Plant height (cm)
LN2024,Fm36,3,98,height_cm,Plant height (cm)
LN2024,Fm361,1,106,height_cm,Plant height (cm)
LN2024,Fm361,2,105,height_cm,Plant height (cm)
LN2024,Fm361,3,102,height_cm,Plant height (cm)
LN2024,Fm363,1,115,height_cm,Plant height (cm)
LN2024,Fm363,2,110,height_cm,Plant height (cm)
LN2024,Fm363,3,106,height_cm,Plant height (cm)
LN2024,Fm364,1,90,height_cm,Plant height (cm)
LN2024,Fm364,2,95,height_cm,Plant height (cm)
LN2024,Fm364,3,97,height_cm,Plant height (cm)
LN2024,Fm365,1,96,height_cm,Plant height (cm)
LN2024,Fm365,2,104,height_cm,Plant height (cm)
LN2024,Fm365,3,105,height_cm,Plant height (cm)
LN2024,Fm366,1,96,height_cm,Plant height (cm)
LN2024,Fm366,2,85,height_cm,Plant height (cm)
LN2024,Fm366,3,107,height_cm,Plant height (cm)
LN2024,Fm368,1,112,height_cm,Plant height (cm)
LN2024,Fm368,2,105,height_cm,Plant height (cm)
LN2024,Fm368,3,102,height_cm,Plant height (cm)
LN2024,Fm369,1,75,height_cm,Plant height (cm)
LN2024,Fm369,2,72,height_cm,Plant height (cm)
LN2024,Fm369,3,77,height_cm,Plant height (cm)
LN2024,Fm370,1,110,height_cm,Plant height (cm)
LN2024,Fm370,2,118,height_cm,Plant height (cm)
LN2024,Fm370,3,104,height_cm,Plant height (cm)
LN2024,Fm372,1,85,height_cm,Plant height (cm)
LN2024,Fm372,2,90,height_cm,Plant height (cm)
LN2024,Fm372,3,95,height_cm,Plant height (cm)
LN2024,Fm375,1,110,height_cm,Plant height (cm)
LN2024,Fm375,2,110,height_cm,Plant height (cm)
LN2024,Fm375,3,120,height_cm,Plant height (cm)
LN2024,Fm376,1,110,height_cm,Plant height (cm)
LN2024,Fm376,2,105,height_cm,Plant height (cm)
LN2024,Fm376,3,105,height_cm,Plant height (cm)
LN2024,Fm377,1,109,height_cm,Plant height (cm)
LN2024,Fm377,2,103,height_cm,Plant height (cm)
LN2024,Fm377,3,90,height_cm,Plant height (cm)
LN2024,Fm378,1,114,height_cm,Plant height (cm)
LN2024,Fm378,2,110,height_cm,Plant height (cm)
LN2024,Fm378,3,112,height_cm,Plant height (cm)
LN2024,Fm379,1,95,height_cm,Plant height (cm)
LN2024,Fm379,2,100,height_cm,Plant height (cm)
LN2024,Fm379,3,100,height_cm,Plant height (cm)
LN2024,Fm380,1,101,height_cm,Plant height (cm)
LN2024,Fm380,2,95,height_cm,Plant height (cm)
LN2024,Fm380,3,105,height_cm,Plant height (cm)
LN2024,Fm381,1,110,height_cm,Plant height (cm)
LN2024,Fm381,2,105,height_cm,Plant height (cm)
LN2024,Fm381,3,112,height_cm,Plant height (cm)
LN2024,Fm382,1,84,height_cm,Plant height (cm)
LN2024,Fm382,2,95,height_cm,Plant height (cm)
LN2024,Fm382,3,86,height_cm,Plant height (cm)
LN2024,Fm384,1,89,height_cm,Plant height (cm)
LN2024,Fm384,2,84,height_cm,Plant height (cm)
LN2024,Fm384,3,75,height_cm,Plant height (cm)
LN2024,Fm387,1,93,height_cm,Plant height (cm)
LN2024,Fm387,2,112,height_cm,Plant height (cm)
LN2024,Fm387,3,105,height_cm,Plant height (cm)
LN2024,Fm388,1,96,height_cm,Plant height (cm)
LN2024,Fm388,2,115,height_cm,Plant height (cm)
LN2024,Fm388,3,102,height_cm,Plant height (cm)
LN2024,Fm389,1,70,height_cm,Plant height (cm)
LN2024,Fm389,2,82,height_cm,Plant height (cm)
LN2024,Fm389,3,88,height_cm,Plant height (cm)
LN2024,Fm391,1,100,height_cm,Plant height (cm)
LN2024,Fm391,2,100,height_cm,Plant height (cm)
LN2024,Fm391,3,94,height_cm,Plant height (cm)
LN2024,Fm392,1,101,height_cm,Plant height (cm)
LN2024,Fm392,2,96,height_cm,Plant height (cm)
LN2024,Fm392,3,99,height_cm,Plant height (cm)
LN2024,Fm394,1,100,height_cm,Plant height (cm)
LN2024,Fm394,2,91,height_cm,Plant height (cm)
LN2024,Fm394,3,82,height_cm,Plant height (cm)
LN2024,Fm395,1,113,height_cm,Plant height (cm)
LN2024,Fm395,2,103,height_cm,Plant height (cm)
LN2024,Fm395,3,115,height_cm,Plant height (cm)
LN2024,Fm396,1,98,height_cm,Plant height (cm)
LN2024,Fm396,2,93,height_cm,Plant height (cm)
LN2024,Fm396,3,82,height_cm,Plant height (cm)
LN2024,Fm398,1,90,height_cm,Plant height (cm)
LN2024,Fm398,2,95,height_cm,Plant height (cm)
LN2024,Fm400,1,101,height_cm,Plant height (cm)
LN2024,Fm400,2,100,height_cm,Plant height (cm)
LN2024,Fm400,3,95,height_cm,Plant height (cm)
LN2024,Fm401,1,88,height_cm,Plant height (cm)
LN2024,Fm401,2,91,height_cm,Plant height (cm)
LN2024,Fm401,3,90,height_cm,Plant height (cm)
LN2024,Fm402,1,99,height_cm,Plant height (cm)
LN2024,Fm402,2,108,height_cm,Plant height (cm)
LN2024,Fm402,3,100,height_cm,Plant height (cm)
LN2024,Fm404,1,96,height_cm,Plant height (cm)
LN2024,Fm404,2,105,height_cm,Plant height (cm)
LN2024,Fm404,3,110,height_cm,Plant height (cm)
LN2024,Fm405,1,110,height_cm,Plant height (cm)
LN2024,Fm405,2,109,height_cm,Plant height (cm)
LN2024,Fm405,3,122,height_cm,Plant height (cm)
LN2024,Fm406,1,95,height_cm,Plant height (cm)
LN2024,Fm406,2,95,height_cm,Plant height (cm)
LN2024,Fm406,3,91,height_cm,Plant height (cm)
LN2024,Fm407,1,89,height_cm,Plant height (cm)
LN2024,Fm407,2,110,height_cm,Plant height (cm)
LN2024,Fm407,3,102,height_cm,Plant height (cm)
LN2024,Fm41,1,109,height_cm,Plant height (cm)
LN2024,Fm41,2,89,height_cm,Plant height (cm)
LN2024,Fm41,3,100,height_cm,Plant height (cm)
LN2024,Fm410,1,100,height_cm,Plant height (cm)
LN2024,Fm410,2,105,height_cm,Plant height (cm)
LN2024,Fm410,3,112,height_cm,Plant height (cm)
LN2024,Fm411,1,95,height_cm,Plant height (cm)
LN2024,Fm411,2,95,height_cm,Plant height (cm)
LN2024,Fm411,3,90,height_cm,Plant height (cm)
LN2024,Fm412,1,86,height_cm,Plant height (cm)
LN2024,Fm412,2,90,height_cm,Plant height (cm)
LN2024,Fm412,3,72,height_cm,Plant height (cm)
LN2024,Fm413,1,102,height_cm,Plant height (cm)
LN2024,Fm413,2,100,height_cm,Plant height (cm)
LN2024,Fm413,3,95,height_cm,Plant height (cm)
LN2024,Fm414,1,114,height_cm,Plant height (cm)
LN2024,Fm414,2,89,height_cm,Plant height (cm)
LN2024,Fm414,3,101,height_cm,Plant height (cm)
LN2024,Fm415,1,99,height_cm,Plant height (cm)
LN2024,Fm415,2,95,height_cm,Plant height (cm)
LN2024,Fm415,3,105,height_cm,Plant height (cm)
LN2024,Fm416,1,100,height_cm,Plant height (cm)
LN2024,Fm416,2,95,height_cm,Plant height (cm)
LN2024,Fm416,3,109,height_cm,Plant height (cm)
LN2024,Fm417,1,100,height_cm,Plant height (cm)
LN2024,Fm417,2,110,height_cm,Plant height (cm)
LN2024,Fm417,3,104,height_cm,Plant height (cm)
LN2024,Fm418,1,90,height_cm,Plant height (cm)
LN2024,Fm418,2,103,height_cm,Plant height (cm)
LN2024,Fm418,3,90,height_cm,Plant height (cm)
LN2024,Fm419,1,92,height_cm,Plant height (cm)
LN2024,Fm419,2,106,height_cm,Plant height (cm)
LN2024,Fm419,3,101,height_cm,Plant height (cm)
LN2024,Fm420,1,100,height_cm,Plant height (cm)
LN2024,Fm420,2,101,height_cm,Plant height (cm)
LN2024,Fm420,3,85,height_cm,Plant height (cm)
LN2024,Fm421,1,116,height_cm,Plant height (cm)
LN2024,Fm421,2,116,height_cm,Plant height (cm)
LN2024,Fm421,3,112,height_cm,Plant height (cm)
LN2024,Fm428,1,83,height_cm,Plant height (cm)
LN2024,Fm428,2,90,height_cm,Plant height (cm)
LN2024,Fm428,3,88,height_cm,Plant height (cm)
LN2024,Fm429,1,137,height_cm,Plant height (cm)
LN2024,Fm429,2,122,height_cm,Plant height (cm)
LN2024,Fm429,3,136,height_cm,Plant height (cm)
LN2024,Fm43,1,91,height_cm,Plant height (cm)
LN2024,Fm43,2,98,height_cm,Plant height (cm)
LN2024,Fm43,3,95,height_cm,Plant height (cm)
LN2024,Fm44,1,93,height_cm,Plant height (cm)
LN2024,Fm44,2,92,height_cm,Plant height (cm)
LN2024,Fm44,3,104,height_cm,Plant height (cm)
LN2024,Fm442,1,93,height_cm,Plant height (cm)
LN2024,Fm442,2,90,height_cm,Plant height (cm)
LN2024,Fm442,3,83,height_cm,Plant height (cm)
LN2024,Fm443,1,95,height_cm,Plant height (cm)
LN2024,Fm443,2,99,height_cm,Plant height (cm)
LN2024,Fm444,1,104,height_cm,Plant height (cm)
LN2024,Fm444,2,105,height_cm,Plant height (cm)
LN2024,Fm444,3,95,height_cm,Plant height (cm)
LN2024,Fm446,1,108,height_cm,Plant height (cm)
LN2024,Fm446,2,110,height_cm,Plant height (cm)
LN2024,Fm446,3,119,height_cm,Plant height (cm)
LN2024,Fm458,1,108,height_cm,Plant height (cm)
LN2024,Fm458,2,103,height_cm,Plant height (cm)
LN2024,Fm458,3,115,height_cm,Plant height (cm)
LN2024,Fm464,1,96,height_cm,Plant height (cm)
LN2024,Fm464,2,102,height_cm,Plant height (cm)
LN2024,Fm464,3,102,height_cm,Plant height (cm)
LN2024,Fm474,1,101,height_cm,Plant height (cm)
LN2024,Fm474,2,101,height_cm,Plant height (cm)
LN2024,Fm474,3,104,height_cm,Plant height (cm)
LN2024,Fm475,1,108,height_cm,Plant height (cm)
LN2024,Fm475,2,90,height_cm,Plant height (cm)
LN2024,Fm475,3,100,height_cm,Plant height (cm)
LN2024,Fm477,1,105,height_cm,Plant height (cm)
LN2024,Fm477,2,102,height_cm,Plant height (cm)
LN2024,Fm477,3,109,height_cm,Plant height (cm)
LN2024,Fm478,1,119,height_cm,Plant height (cm)
LN2024,Fm478,2,108,height_cm,Plant height (cm)
LN2024,Fm478,3,120,height_cm,Plant height (cm)
LN2024,Fm480,1,115,height_cm,Plant height (cm)
LN2024,Fm480,2,115,height_cm,Plant height (cm)
LN2024,Fm480,3,104,height_cm,Plant height (cm)
LN2024,Fm482,1,106,height_cm,Plant height (cm)
LN2024,Fm482,2,100,height_cm,Plant height (cm)
LN2024,Fm482,3,105,height_cm,Plant height (cm)
LN2024,Fm484,1,100,height_cm,Plant height (cm)
LN2024,Fm484,2,100,height_cm,Plant height (cm)
LN2024,Fm484,3,95,height_cm,Plant height (cm)
LN2024,Fm489,1,136,height_cm,Plant height (cm)
LN2024,Fm489,2,140,height_cm,Plant height (cm)
LN2024,Fm489,3,126,height_cm,Plant height (cm)
LN2024,Fm491,1,88,height_cm,Plant height (cm)
LN2024,Fm491,2,85,height_cm,Plant height (cm)
LN2024,Fm491,3,85,height_cm,Plant height (cm)
LN2024,Fm492,1,123,height_cm,Plant height (cm)
LN2024,Fm492,2,115,height_cm,Plant height (cm)
LN2024,Fm492,3,125,height_cm,Plant height (cm)
LN2024,Fm496,1,140,height_cm,Plant height (cm)
LN2024,Fm496,2,136,height_cm,Plant height (cm)
LN2024,Fm496,3,134,height_cm,Plant height (cm)
LN2024,Fm505,1,100,height_cm,Plant height (cm)
LN2024,Fm505,2,97,height_cm,Plant height (cm)
LN2024,Fm505,3,103,height_cm,Plant height (cm)
LN2024,Fm507,1,60,height_cm,Plant height (cm)
LN2024,Fm507,2,52,height_cm,Plant height (cm)
LN2024,Fm507,3,55,height_cm,Plant height (cm)
LN2024,Fm510,1,112,height_cm,Plant height (cm)
LN2024,Fm510,2,118,height_cm,Plant height (cm)
LN2024,Fm510,3,120,height_cm,Plant height (cm)
LN2024,Fm518,1,100,height_cm,Plant height (cm)
LN2024,Fm518,2,98,height_cm,Plant height (cm)
LN2024,Fm518,3,98,height_cm,Plant height (cm)
LN2024,Fm519,1,99,height_cm,Plant height (cm)
LN2024,Fm519,2,100,height_cm,Plant height (cm)
LN2024,Fm519,3,98,height_cm,Plant height (cm)
LN2024,Fm522,1,110,height_cm,Plant height (cm)
LN2024,Fm522,2,105,height_cm,Plant height (cm)
LN2024,Fm522,3,94,height_cm,Plant height (cm)
LN2024,Fm523,1,125,height_cm,Plant height (cm)
LN2024,Fm523,2,140,height_cm,Plant height (cm)
LN2024,Fm523,3,131,height_cm,Plant height (cm)
LN2024,Fm524,1,105,height_cm,Plant height (cm)
LN2024,Fm524,2,105,height_cm,Plant height (cm)
LN2024,Fm524,3,105,height_cm,Plant height (cm)
LN2024,Fm537,1,105,height_cm,Plant height (cm)
LN2024,Fm537,2,100,height_cm,Plant height (cm)
LN2024,Fm537,3,115,height_cm,Plant height (cm)
LN2024,Fm552,1,82,height_cm,Plant height (cm)
LN2024,Fm552,2,98,height_cm,Plant height (cm)
LN2024,Fm552,3,85,height_cm,Plant height (cm)
LN2024,Fm56,1,105,height_cm,Plant height (cm)
LN2024,Fm56,2,112,height_cm,Plant height (cm)
LN2024,Fm56,3,108,height_cm,Plant height (cm)
LN2024,Fm560,1,80,height_cm,Plant height (cm)
LN2024,Fm560,2,60,height_cm,Plant height (cm)
LN2024,Fm560,3,60,height_cm,Plant height (cm)
LN2024,Fm566,1,94,height_cm,Plant height (cm)
LN2024,Fm566,2,87,height_cm,Plant height (cm)
LN2024,Fm566,3,88,height_cm,Plant height (cm)
LN2024,Fm569,1,94,height_cm,Plant height (cm)
LN2024,Fm569,2,90,height_cm,Plant height (cm)
LN2024,Fm569,3,83,height_cm,Plant height (cm)
LN2024,Fm585,2,115,height_cm,Plant height (cm)
LN2024,Fm585,3,115,height_cm,Plant height (cm)
LN2024,Fm589,1,108,height_cm,Plant height (cm)
LN2024,Fm589,2,97,height_cm,Plant height (cm)
LN2024,Fm589,3,104,height_cm,Plant height (cm)
LN2024,Fm590,1,79,height_cm,Plant height (cm)
LN2024,Fm590,2,70,height_cm,Plant height (cm)
LN2024,Fm590,3,84,height_cm,Plant height (cm)
LN2024,Fm592,1,69,height_cm,Plant height (cm)
LN2024,Fm592,2,72,height_cm,Plant height (cm)
LN2024,Fm592,3,92,height_cm,Plant height (cm)
LN2024,Fm600,1,90,height_cm,Plant height (cm)
LN2024,Fm600,2,102,height_cm,Plant height (cm)
LN2024,Fm600,3,92,height_cm,Plant height (cm)
LN2024,Fm601,1,111,height_cm,Plant height (cm)
LN2024,Fm601,2,101,height_cm,Plant height (cm)
LN2024,Fm601,3,125,height_cm,Plant height (cm)
LN2024,Fm610,1,100,height_cm,Plant height (cm)
LN2024,Fm610,2,88,height_cm,Plant height (cm)
LN2024,Fm610,3,92,height_cm,Plant height (cm)
LN2024,Fm611,1,88,height_cm,Plant height (cm)
LN2024,Fm611,2,90,height_cm,Plant height (cm)
LN2024,Fm611,3,90,height_cm,Plant height (cm)
LN2024,Fm612,1,80,height_cm,Plant height (cm)
LN2024,Fm612,2,95,height_cm,Plant height (cm)
LN2024,Fm612,3,95,height_cm,Plant height (cm)
LN2024,Fm614,1,114,height_cm,Plant height (cm)
LN2024,Fm614,2,110,height_cm,Plant height (cm)
LN2024,Fm614,3,110,height_cm,Plant height (cm)
LN2024,Fm615,1,137,height_cm,Plant height (cm)
LN2024,Fm615,2,133,height_cm,Plant height (cm)
LN2024,Fm615,3,140,height_cm,Plant height (cm)
LN2024,Fm616,1,98,height_cm,Plant height (cm)
LN2024,Fm616,2,88,height_cm,Plant height (cm)
LN2024,Fm616,3,95,height_cm,Plant height (cm)
LN2024,Fm620,1,85,height_cm,Plant height (cm)
LN2024,Fm620,2,89,height_cm,Plant height (cm)
LN2024,Fm620,3,97,height_cm,Plant height (cm)
LN2024,Fm621,1,95,height_cm,Plant height (cm)
LN2024,Fm621,2,109,height_cm,Plant height (cm)
LN2024,Fm621,3,110,height_cm,Plant height (cm)
LN2024,Fm65,1,120,height_cm,Plant height (cm)
LN2024,Fm65,2,115,height_cm,Plant height (cm)
LN2024,Fm65,3,126,height_cm,Plant height (cm)
LN2024,Fm78,1,75,height_cm,Plant height (cm)
LN2024,Fm78,3,100,height_cm,Plant height (cm)
LN2024,Fm79,1,82,height_cm,Plant height (cm)
LN2024,Fm79,2,107,height_cm,Plant height (cm)
LN2024,Fm79,3,100,height_cm,Plant height (cm)
LN2024,Fm86,1,90,height_cm,Plant height (cm)
LN2024,Fm86,2,111,height_cm,Plant height (cm)
LN2024,Fm86,3,108,height_cm,Plant height (cm)
LN2024,Fm9,1,110,height_cm,Plant height (cm)
LN2024,Fm9,2,112,height_cm,Plant height (cm)
LN2024,Fm9,3,100,height_cm,Plant height (cm)
LN2024,Fm134,1,6,plants_m2,Plant density (plants m−2)
LN2024,Fm134,2,10,plants_m2,Plant density (plants m−2)
LN2024,Fm134,3,6,plants_m2,Plant density (plants m−2)
LN2024,Fm156,1,24,plants_m2,Plant density (plants m−2)
LN2024,Fm156,2,26,plants_m2,Plant density (plants m−2)
LN2024,Fm156,3,34,plants_m2,Plant density (plants m−2)
LN2024,Fm161,1,68,plants_m2,Plant density (plants m−2)
LN2024,Fm161,2,62,plants_m2,Plant density (plants m−2)
LN2024,Fm161,3,64,plants_m2,Plant density (plants m−2)
LN2024,Fm168,3,26,plants_m2,Plant density (plants m−2)
LN2024,Fm170,1,18,plants_m2,Plant density (plants m−2)
LN2024,Fm170,2,16,plants_m2,Plant density (plants m−2)
LN2024,Fm170,3,20,plants_m2,Plant density (plants m−2)
LN2024,Fm173,1,32,plants_m2,Plant density (plants m−2)
LN2024,Fm173,2,44,plants_m2,Plant density (plants m−2)
LN2024,Fm173,3,60,plants_m2,Plant density (plants m−2)
LN2024,Fm174,1,24,plants_m2,Plant density (plants m−2)
LN2024,Fm174,2,26,plants_m2,Plant density (plants m−2)
LN2024,Fm174,3,22,plants_m2,Plant density (plants m−2)
LN2024,Fm176,1,20,plants_m2,Plant density (plants m−2)
LN2024,Fm176,2,16,plants_m2,Plant density (plants m−2)
LN2024,Fm176,3,22,plants_m2,Plant density (plants m−2)
LN2024,Fm181,1,64,plants_m2,Plant density (plants m−2)
LN2024,Fm181,2,86,plants_m2,Plant density (plants m−2)
LN2024,Fm181,3,90,plants_m2,Plant density (plants m−2)
LN2024,Fm185,2,76,plants_m2,Plant density (plants m−2)
LN2024,Fm185,3,60,plants_m2,Plant density (plants m−2)
LN2024,Fm190,1,40,plants_m2,Plant density (plants m−2)
LN2024,Fm190,2,48,plants_m2,Plant density (plants m−2)
LN2024,Fm190,3,62,plants_m2,Plant density (plants m−2)
LN2024,Fm193,1,62,plants_m2,Plant density (plants m−2)
LN2024,Fm193,2,70,plants_m2,Plant density (plants m−2)
LN2024,Fm193,3,64,plants_m2,Plant density (plants m−2)
LN2024,Fm194,1,12,plants_m2,Plant density (plants m−2)
LN2024,Fm194,2,12,plants_m2,Plant density (plants m−2)
LN2024,Fm194,3,16,plants_m2,Plant density (plants m−2)
LN2024,Fm195,1,68,plants_m2,Plant density (plants m−2)
LN2024,Fm195,2,58,plants_m2,Plant density (plants m−2)
LN2024,Fm195,3,70,plants_m2,Plant density (plants m−2)
LN2024,Fm20,1,68,plants_m2,Plant density (plants m−2)
LN2024,Fm20,2,74,plants_m2,Plant density (plants m−2)
LN2024,Fm20,3,62,plants_m2,Plant density (plants m−2)
LN2024,Fm203,1,36,plants_m2,Plant density (plants m−2)
LN2024,Fm203,2,42,plants_m2,Plant density (plants m−2)
LN2024,Fm203,3,30,plants_m2,Plant density (plants m−2)
LN2024,Fm208,1,14,plants_m2,Plant density (plants m−2)
LN2024,Fm208,2,10,plants_m2,Plant density (plants m−2)
LN2024,Fm208,3,8,plants_m2,Plant density (plants m−2)
LN2024,Fm214,1,46,plants_m2,Plant density (plants m−2)
LN2024,Fm214,2,60,plants_m2,Plant density (plants m−2)
LN2024,Fm214,3,76,plants_m2,Plant density (plants m−2)
LN2024,Fm215,1,112,plants_m2,Plant density (plants m−2)
LN2024,Fm215,2,94,plants_m2,Plant density (plants m−2)
LN2024,Fm215,3,78,plants_m2,Plant density (plants m−2)
LN2024,Fm216,1,4,plants_m2,Plant density (plants m−2)
LN2024,Fm216,2,6,plants_m2,Plant density (plants m−2)
LN2024,Fm216,3,4,plants_m2,Plant density (plants m−2)
LN2024,Fm219,1,80,plants_m2,Plant density (plants m−2)
LN2024,Fm219,2,84,plants_m2,Plant density (plants m−2)
LN2024,Fm219,3,104,plants_m2,Plant density (plants m−2)
LN2024,Fm221,1,30,plants_m2,Plant density (plants m−2)
LN2024,Fm221,2,36,plants_m2,Plant density (plants m−2)
LN2024,Fm221,3,28,plants_m2,Plant density (plants m−2)
LN2024,Fm225,1,94,plants_m2,Plant density (plants m−2)
LN2024,Fm225,2,82,plants_m2,Plant density (plants m−2)
LN2024,Fm225,3,90,plants_m2,Plant density (plants m−2)
LN2024,Fm227,1,2,plants_m2,Plant density (plants m−2)
LN2024,Fm227,2,12,plants_m2,Plant density (plants m−2)
LN2024,Fm227,3,12,plants_m2,Plant density (plants m−2)
LN2024,Fm233,1,36,plants_m2,Plant density (plants m−2)
LN2024,Fm233,2,22,plants_m2,Plant density (plants m−2)
LN2024,Fm233,3,40,plants_m2,Plant density (plants m−2)
LN2024,Fm235,1,32,plants_m2,Plant density (plants m−2)
LN2024,Fm235,2,28,plants_m2,Plant density (plants m−2)
LN2024,Fm235,3,20,plants_m2,Plant density (plants m−2)
LN2024,Fm236,1,56,plants_m2,Plant density (plants m−2)
LN2024,Fm236,2,60,plants_m2,Plant density (plants m−2)
LN2024,Fm236,3,56,plants_m2,Plant density (plants m−2)
LN2024,Fm238,1,24,plants_m2,Plant density (plants m−2)
LN2024,Fm238,2,36,plants_m2,Plant density (plants m−2)
LN2024,Fm238,3,36,plants_m2,Plant density (plants m−2)
LN2024,Fm249,1,48,plants_m2,Plant density (plants m−2)
LN2024,Fm249,2,56,plants_m2,Plant density (plants m−2)
LN2024,Fm249,3,44,plants_m2,Plant density (plants m−2)
LN2024,Fm250,1,20,plants_m2,Plant density (plants m−2)
LN2024,Fm250,2,18,plants_m2,Plant density (plants m−2)
LN2024,Fm250,3,30,plants_m2,Plant density (plants m−2)
LN2024,Fm3,1,64,plants_m2,Plant density (plants m−2)
LN2024,Fm3,2,64,plants_m2,Plant density (plants m−2)
LN2024,Fm3,3,52,plants_m2,Plant density (plants m−2)
LN2024,Fm321,1,33,plants_m2,Plant density (plants m−2)
LN2024,Fm321,2,32,plants_m2,Plant density (plants m−2)
LN2024,Fm321,3,24,plants_m2,Plant density (plants m−2)
LN2024,Fm322,1,16,plants_m2,Plant density (plants m−2)
LN2024,Fm322,2,32,plants_m2,Plant density (plants m−2)
LN2024,Fm322,3,16,plants_m2,Plant density (plants m−2)
LN2024,Fm337,1,2,plants_m2,Plant density (plants m−2)
LN2024,Fm337,2,6,plants_m2,Plant density (plants m−2)
LN2024,Fm337,3,10,plants_m2,Plant density (plants m−2)
LN2024,Fm341,1,56,plants_m2,Plant density (plants m−2)
LN2024,Fm341,2,70,plants_m2,Plant density (plants m−2)
LN2024,Fm341,3,60,plants_m2,Plant density (plants m−2)
LN2024,Fm343,1,50,plants_m2,Plant density (plants m−2)
LN2024,Fm343,2,62,plants_m2,Plant density (plants m−2)
LN2024,Fm343,3,62,plants_m2,Plant density (plants m−2)
LN2024,Fm344,1,10,plants_m2,Plant density (plants m−2)
LN2024,Fm344,2,22,plants_m2,Plant density (plants m−2)
LN2024,Fm344,3,14,plants_m2,Plant density (plants m−2)
LN2024,Fm345,1,14,plants_m2,Plant density (plants m−2)
LN2024,Fm345,2,6,plants_m2,Plant density (plants m−2)
LN2024,Fm345,3,16,plants_m2,Plant density (plants m−2)
LN2024,Fm346,1,2,plants_m2,Plant density (plants m−2)
LN2024,Fm346,2,2,plants_m2,Plant density (plants m−2)
LN2024,Fm346,3,4,plants_m2,Plant density (plants m−2)
LN2024,Fm347,1,36,plants_m2,Plant density (plants m−2)
LN2024,Fm347,2,42,plants_m2,Plant density (plants m−2)
LN2024,Fm347,3,32,plants_m2,Plant density (plants m−2)
LN2024,Fm349,1,24,plants_m2,Plant density (plants m−2)
LN2024,Fm349,2,28,plants_m2,Plant density (plants m−2)
LN2024,Fm349,3,26,plants_m2,Plant density (plants m−2)
LN2024,Fm351,1,28,plants_m2,Plant density (plants m−2)
LN2024,Fm351,2,36,plants_m2,Plant density (plants m−2)
LN2024,Fm351,3,48,plants_m2,Plant density (plants m−2)
LN2024,Fm352,2,4,plants_m2,Plant density (plants m−2)
LN2024,Fm352,3,12,plants_m2,Plant density (plants m−2)
LN2024,Fm354,1,32,plants_m2,Plant density (plants m−2)
LN2024,Fm354,2,28,plants_m2,Plant density (plants m−2)
LN2024,Fm354,3,22,plants_m2,Plant density (plants m−2)
LN2024,Fm355,1,36,plants_m2,Plant density (plants m−2)
LN2024,Fm355,2,26,plants_m2,Plant density (plants m−2)
LN2024,Fm355,3,36,plants_m2,Plant density (plants m−2)
LN2024,Fm356,1,36,plants_m2,Plant density (plants m−2)
LN2024,Fm356,2,28,plants_m2,Plant density (plants m−2)
LN2024,Fm356,3,40,plants_m2,Plant density (plants m−2)
LN2024,Fm358,1,56,plants_m2,Plant density (plants m−2)
LN2024,Fm358,3,76,plants_m2,Plant density (plants m−2)
LN2024,Fm359,1,26,plants_m2,Plant density (plants m−2)
LN2024,Fm359,2,40,plants_m2,Plant density (plants m−2)
LN2024,Fm359,3,26,plants_m2,Plant density (plants m−2)
LN2024,Fm36,1,48,plants_m2,Plant density (plants m−2)
LN2024,Fm36,2,54,plants_m2,Plant density (plants m−2)
LN2024,Fm36,3,44,plants_m2,Plant density (plants m−2)
LN2024,Fm361,1,46,plants_m2,Plant density (plants m−2)
LN2024,Fm361,2,48,plants_m2,Plant density (plants m−2)
LN2024,Fm361,3,52,plants_m2,Plant density (plants m−2)
LN2024,Fm363,1,36,plants_m2,Plant density (plants m−2)
LN2024,Fm363,2,30,plants_m2,Plant density (plants m−2)
LN2024,Fm363,3,26,plants_m2,Plant density (plants m−2)
LN2024,Fm364,1,4,plants_m2,Plant density (plants m−2)
LN2024,Fm364,2,6,plants_m2,Plant density (plants m−2)
LN2024,Fm364,3,10,plants_m2,Plant density (plants m−2)
LN2024,Fm365,1,58,plants_m2,Plant density (plants m−2)
LN2024,Fm365,2,56,plants_m2,Plant density (plants m−2)
LN2024,Fm365,3,64,plants_m2,Plant density (plants m−2)
LN2024,Fm366,1,46,plants_m2,Plant density (plants m−2)
LN2024,Fm366,2,34,plants_m2,Plant density (plants m−2)
LN2024,Fm366,3,30,plants_m2,Plant density (plants m−2)
LN2024,Fm368,1,12,plants_m2,Plant density (plants m−2)
LN2024,Fm368,2,4,plants_m2,Plant density (plants m−2)
LN2024,Fm368,3,6,plants_m2,Plant density (plants m−2)
LN2024,Fm369,1,0,plants_m2,Plant density (plants m−2)
LN2024,Fm369,2,0,plants_m2,Plant density (plants m−2)
LN2024,Fm369,3,12,plants_m2,Plant density (plants m−2)
LN2024,Fm370,1,38,plants_m2,Plant density (plants m−2)
LN2024,Fm370,2,36,plants_m2,Plant density (plants m−2)
LN2024,Fm370,3,34,plants_m2,Plant density (plants m−2)
LN2024,Fm372,1,24,plants_m2,Plant density (plants m−2)
LN2024,Fm372,2,24,plants_m2,Plant density (plants m−2)
LN2024,Fm372,3,26,plants_m2,Plant density (plants m−2)
LN2024,Fm375,1,88,plants_m2,Plant density (plants m−2)
LN2024,Fm375,2,86,plants_m2,Plant density (plants m−2)
LN2024,Fm375,3,82,plants_m2,Plant density (plants m−2)
LN2024,Fm376,1,38,plants_m2,Plant density (plants m−2)
LN2024,Fm376,2,30,plants_m2,Plant density (plants m−2)
LN2024,Fm376,3,44,plants_m2,Plant density (plants m−2)
LN2024,Fm377,1,78,plants_m2,Plant density (plants m−2)
LN2024,Fm377,2,78,plants_m2,Plant density (plants m−2)
LN2024,Fm377,3,76,plants_m2,Plant density (plants m−2)
LN2024,Fm378,1,16,plants_m2,Plant density (plants m−2)
LN2024,Fm378,2,26,plants_m2,Plant density (plants m−2)
LN2024,Fm378,3,22,plants_m2,Plant density (plants m−2)
LN2024,Fm379,2,30,plants_m2,Plant density (plants m−2)
LN2024,Fm379,3,30,plants_m2,Plant density (plants m−2)
LN2024,Fm380,1,36,plants_m2,Plant density (plants m−2)
LN2024,Fm380,2,28,plants_m2,Plant density (plants m−2)
LN2024,Fm380,3,26,plants_m2,Plant density (plants m−2)
LN2024,Fm381,1,52,plants_m2,Plant density (plants m−2)
LN2024,Fm381,2,50,plants_m2,Plant density (plants m−2)
LN2024,Fm381,3,64,plants_m2,Plant density (plants m−2)
LN2024,Fm382,1,10,plants_m2,Plant density (plants m−2)
LN2024,Fm382,2,18,plants_m2,Plant density (plants m−2)
LN2024,Fm382,3,6,plants_m2,Plant density (plants m−2)
LN2024,Fm384,1,30,plants_m2,Plant density (plants m−2)
LN2024,Fm384,2,18,plants_m2,Plant density (plants m−2)
LN2024,Fm384,3,20,plants_m2,Plant density (plants m−2)
LN2024,Fm387,1,46,plants_m2,Plant density (plants m−2)
LN2024,Fm387,2,44,plants_m2,Plant density (plants m−2)
LN2024,Fm387,3,56,plants_m2,Plant density (plants m−2)
LN2024,Fm388,1,8,plants_m2,Plant density (plants m−2)
LN2024,Fm388,2,4,plants_m2,Plant density (plants m−2)
LN2024,Fm388,3,20,plants_m2,Plant density (plants m−2)
LN2024,Fm389,1,22,plants_m2,Plant density (plants m−2)
LN2024,Fm389,2,28,plants_m2,Plant density (plants m−2)
LN2024,Fm389,3,28,plants_m2,Plant density (plants m−2)
LN2024,Fm391,1,10,plants_m2,Plant density (plants m−2)
LN2024,Fm391,2,10,plants_m2,Plant density (plants m−2)
LN2024,Fm391,3,4,plants_m2,Plant density (plants m−2)
LN2024,Fm392,1,36,plants_m2,Plant density (plants m−2)
LN2024,Fm392,2,36,plants_m2,Plant density (plants m−2)
LN2024,Fm392,3,16,plants_m2,Plant density (plants m−2)
LN2024,Fm394,1,12,plants_m2,Plant density (plants m−2)
LN2024,Fm394,2,16,plants_m2,Plant density (plants m−2)
LN2024,Fm394,3,6,plants_m2,Plant density (plants m−2)
LN2024,Fm395,1,12,plants_m2,Plant density (plants m−2)
LN2024,Fm395,2,20,plants_m2,Plant density (plants m−2)
LN2024,Fm395,3,16,plants_m2,Plant density (plants m−2)
LN2024,Fm396,1,6,plants_m2,Plant density (plants m−2)
LN2024,Fm396,2,10,plants_m2,Plant density (plants m−2)
LN2024,Fm396,3,4,plants_m2,Plant density (plants m−2)
LN2024,Fm398,1,6,plants_m2,Plant density (plants m−2)
LN2024,Fm398,2,8,plants_m2,Plant density (plants m−2)
LN2024,Fm398,3,4,plants_m2,Plant density (plants m−2)
LN2024,Fm400,1,20,plants_m2,Plant density (plants m−2)
LN2024,Fm400,2,24,plants_m2,Plant density (plants m−2)
LN2024,Fm400,3,22,plants_m2,Plant density (plants m−2)
LN2024,Fm401,2,48,plants_m2,Plant density (plants m−2)
LN2024,Fm401,3,54,plants_m2,Plant density (plants m−2)
LN2024,Fm402,1,58,plants_m2,Plant density (plants m−2)
LN2024,Fm402,2,58,plants_m2,Plant density (plants m−2)
LN2024,Fm402,3,60,plants_m2,Plant density (plants m−2)
LN2024,Fm404,1,80,plants_m2,Plant density (plants m−2)
LN2024,Fm404,2,78,plants_m2,Plant density (plants m−2)
LN2024,Fm404,3,106,plants_m2,Plant density (plants m−2)
LN2024,Fm405,1,68,plants_m2,Plant density (plants m−2)
LN2024,Fm405,2,78,plants_m2,Plant density (plants m−2)
LN2024,Fm405,3,72,plants_m2,Plant density (plants m−2)
LN2024,Fm406,1,14,plants_m2,Plant density (plants m−2)
LN2024,Fm406,2,20,plants_m2,Plant density (plants m−2)
LN2024,Fm406,3,48,plants_m2,Plant density (plants m−2)
LN2024,Fm407,1,28,plants_m2,Plant density (plants m−2)
LN2024,Fm407,2,32,plants_m2,Plant density (plants m−2)
LN2024,Fm407,3,16,plants_m2,Plant density (plants m−2)
LN2024,Fm41,1,74,plants_m2,Plant density (plants m−2)
LN2024,Fm41,2,64,plants_m2,Plant density (plants m−2)
LN2024,Fm41,3,60,plants_m2,Plant density (plants m−2)
LN2024,Fm410,1,38,plants_m2,Plant density (plants m−2)
LN2024,Fm410,2,34,plants_m2,Plant density (plants m−2)
LN2024,Fm410,3,30,plants_m2,Plant density (plants m−2)
LN2024,Fm411,1,44,plants_m2,Plant density (plants m−2)
LN2024,Fm411,2,50,plants_m2,Plant density (plants m−2)
LN2024,Fm411,3,28,plants_m2,Plant density (plants m−2)
LN2024,Fm412,1,20,plants_m2,Plant density (plants m−2)
LN2024,Fm412,2,36,plants_m2,Plant density (plants m−2)
LN2024,Fm412,3,30,plants_m2,Plant density (plants m−2)
LN2024,Fm413,1,50,plants_m2,Plant density (plants m−2)
LN2024,Fm413,2,40,plants_m2,Plant density (plants m−2)
LN2024,Fm413,3,26,plants_m2,Plant density (plants m−2)
LN2024,Fm414,1,32,plants_m2,Plant density (plants m−2)
LN2024,Fm414,2,30,plants_m2,Plant density (plants m−2)
LN2024,Fm414,3,16,plants_m2,Plant density (plants m−2)
LN2024,Fm415,1,12,plants_m2,Plant density (plants m−2)
LN2024,Fm415,2,30,plants_m2,Plant density (plants m−2)
LN2024,Fm415,3,22,plants_m2,Plant density (plants m−2)
LN2024,Fm416,1,24,plants_m2,Plant density (plants m−2)
LN2024,Fm416,2,26,plants_m2,Plant density (plants m−2)
LN2024,Fm416,3,24,plants_m2,Plant density (plants m−2)
LN2024,Fm417,1,48,plants_m2,Plant density (plants m−2)
LN2024,Fm417,2,46,plants_m2,Plant density (plants m−2)
LN2024,Fm417,3,38,plants_m2,Plant density (plants m−2)
LN2024,Fm418,1,62,plants_m2,Plant density (plants m−2)
LN2024,Fm418,2,50,plants_m2,Plant density (plants m−2)
LN2024,Fm418,3,46,plants_m2,Plant density (plants m−2)
LN2024,Fm419,1,38,plants_m2,Plant density (plants m−2)
LN2024,Fm419,2,50,plants_m2,Plant density (plants m−2)
LN2024,Fm419,3,40,plants_m2,Plant density (plants m−2)
LN2024,Fm420,1,20,plants_m2,Plant density (plants m−2)
LN2024,Fm420,2,18,plants_m2,Plant density (plants m−2)
LN2024,Fm420,3,18,plants_m2,Plant density (plants m−2)
LN2024,Fm421,1,28,plants_m2,Plant density (plants m−2)
LN2024,Fm421,2,30,plants_m2,Plant density (plants m−2)
LN2024,Fm421,3,22,plants_m2,Plant density (plants m−2)
LN2024,Fm428,1,18,plants_m2,Plant density (plants m−2)
LN2024,Fm428,2,34,plants_m2,Plant density (plants m−2)
LN2024,Fm428,3,6,plants_m2,Plant density (plants m−2)
LN2024,Fm429,1,30,plants_m2,Plant density (plants m−2)
LN2024,Fm429,2,22,plants_m2,Plant density (plants m−2)
LN2024,Fm429,3,26,plants_m2,Plant density (plants m−2)
LN2024,Fm43,1,50,plants_m2,Plant density (plants m−2)
LN2024,Fm43,2,62,plants_m2,Plant density (plants m−2)
LN2024,Fm43,3,50,plants_m2,Plant density (plants m−2)
LN2024,Fm44,1,84,plants_m2,Plant density (plants m−2)
LN2024,Fm44,2,72,plants_m2,Plant density (plants m−2)
LN2024,Fm44,3,70,plants_m2,Plant density (plants m−2)
LN2024,Fm442,1,28,plants_m2,Plant density (plants m−2)
LN2024,Fm442,2,36,plants_m2,Plant density (plants m−2)
LN2024,Fm442,3,32,plants_m2,Plant density (plants m−2)
LN2024,Fm443,1,8,plants_m2,Plant density (plants m−2)
LN2024,Fm443,2,8,plants_m2,Plant density (plants m−2)
LN2024,Fm443,3,42,plants_m2,Plant density (plants m−2)
LN2024,Fm444,1,60,plants_m2,Plant density (plants m−2)
LN2024,Fm444,2,36,plants_m2,Plant density (plants m−2)
LN2024,Fm444,3,56,plants_m2,Plant density (plants m−2)
LN2024,Fm446,1,34,plants_m2,Plant density (plants m−2)
LN2024,Fm446,2,22,plants_m2,Plant density (plants m−2)
LN2024,Fm446,3,32,plants_m2,Plant density (plants m−2)
LN2024,Fm458,1,50,plants_m2,Plant density (plants m−2)
LN2024,Fm458,2,62,plants_m2,Plant density (plants m−2)
LN2024,Fm458,3,64,plants_m2,Plant density (plants m−2)
LN2024,Fm464,1,40,plants_m2,Plant density (plants m−2)
LN2024,Fm464,2,42,plants_m2,Plant density (plants m−2)
LN2024,Fm464,3,34,plants_m2,Plant density (plants m−2)
LN2024,Fm474,1,48,plants_m2,Plant density (plants m−2)
LN2024,Fm474,2,20,plants_m2,Plant density (plants m−2)
LN2024,Fm474,3,62,plants_m2,Plant density (plants m−2)
LN2024,Fm475,1,40,plants_m2,Plant density (plants m−2)
LN2024,Fm475,2,22,plants_m2,Plant density (plants m−2)
LN2024,Fm475,3,18,plants_m2,Plant density (plants m−2)
LN2024,Fm477,1,4,plants_m2,Plant density (plants m−2)
LN2024,Fm477,2,14,plants_m2,Plant density (plants m−2)
LN2024,Fm477,3,16,plants_m2,Plant density (plants m−2)
LN2024,Fm478,1,24,plants_m2,Plant density (plants m−2)
LN2024,Fm478,2,10,plants_m2,Plant density (plants m−2)
LN2024,Fm478,3,20,plants_m2,Plant density (plants m−2)
LN2024,Fm480,1,60,plants_m2,Plant density (plants m−2)
LN2024,Fm480,2,82,plants_m2,Plant density (plants m−2)
LN2024,Fm480,3,76,plants_m2,Plant density (plants m−2)
LN2024,Fm482,1,40,plants_m2,Plant density (plants m−2)
LN2024,Fm482,2,48,plants_m2,Plant density (plants m−2)
LN2024,Fm482,3,76,plants_m2,Plant density (plants m−2)
LN2024,Fm484,1,24,plants_m2,Plant density (plants m−2)
LN2024,Fm484,2,38,plants_m2,Plant density (plants m−2)
LN2024,Fm484,3,32,plants_m2,Plant density (plants m−2)
LN2024,Fm489,1,20,plants_m2,Plant density (plants m−2)
LN2024,Fm489,2,16,plants_m2,Plant density (plants m−2)
LN2024,Fm489,3,26,plants_m2,Plant density (plants m−2)
LN2024,Fm491,1,24,plants_m2,Plant density (plants m−2)
LN2024,Fm491,2,8,plants_m2,Plant density (plants m−2)
LN2024,Fm491,3,6,plants_m2,Plant density (plants m−2)
LN2024,Fm492,1,40,plants_m2,Plant density (plants m−2)
LN2024,Fm492,2,40,plants_m2,Plant density (plants m−2)
LN2024,Fm492,3,26,plants_m2,Plant density (plants m−2)
LN2024,Fm496,1,26,plants_m2,Plant density (plants m−2)
LN2024,Fm496,2,22,plants_m2,Plant density (plants m−2)
LN2024,Fm496,3,12,plants_m2,Plant density (plants m−2)
LN2024,Fm505,1,38,plants_m2,Plant density (plants m−2)
LN2024,Fm505,2,62,plants_m2,Plant density (plants m−2)
LN2024,Fm505,3,48,plants_m2,Plant density (plants m−2)
LN2024,Fm507,1,16,plants_m2,Plant density (plants m−2)
LN2024,Fm507,2,14,plants_m2,Plant density (plants m−2)
LN2024,Fm507,3,16,plants_m2,Plant density (plants m−2)
LN2024,Fm510,1,44,plants_m2,Plant density (plants m−2)
LN2024,Fm510,2,14,plants_m2,Plant density (plants m−2)
LN2024,Fm510,3,30,plants_m2,Plant density (plants m−2)
LN2024,Fm518,1,68,plants_m2,Plant density (plants m−2)
LN2024,Fm518,2,48,plants_m2,Plant density (plants m−2)
LN2024,Fm518,3,68,plants_m2,Plant density (plants m−2)
LN2024,Fm519,1,18,plants_m2,Plant density (plants m−2)
LN2024,Fm519,2,4,plants_m2,Plant density (plants m−2)
LN2024,Fm519,3,18,plants_m2,Plant density (plants m−2)
LN2024,Fm522,1,18,plants_m2,Plant density (plants m−2)
LN2024,Fm522,2,24,plants_m2,Plant density (plants m−2)
LN2024,Fm522,3,18,plants_m2,Plant density (plants m−2)
LN2024,Fm523,1,32,plants_m2,Plant density (plants m−2)
LN2024,Fm523,2,20,plants_m2,Plant density (plants m−2)
LN2024,Fm523,3,24,plants_m2,Plant density (plants m−2)
LN2024,Fm524,1,58,plants_m2,Plant density (plants m−2)
LN2024,Fm524,2,82,plants_m2,Plant density (plants m−2)
LN2024,Fm524,3,72,plants_m2,Plant density (plants m−2)
LN2024,Fm537,1,88,plants_m2,Plant density (plants m−2)
LN2024,Fm537,2,108,plants_m2,Plant density (plants m−2)
LN2024,Fm537,3,108,plants_m2,Plant density (plants m−2)
LN2024,Fm552,1,28,plants_m2,Plant density (plants m−2)
LN2024,Fm552,2,14,plants_m2,Plant density (plants m−2)
LN2024,Fm552,3,28,plants_m2,Plant density (plants m−2)
LN2024,Fm56,1,64,plants_m2,Plant density (plants m−2)
LN2024,Fm56,2,68,plants_m2,Plant density (plants m−2)
LN2024,Fm56,3,64,plants_m2,Plant density (plants m−2)
LN2024,Fm560,1,16,plants_m2,Plant density (plants m−2)
LN2024,Fm560,2,30,plants_m2,Plant density (plants m−2)
LN2024,Fm560,3,30,plants_m2,Plant density (plants m−2)
LN2024,Fm566,1,102,plants_m2,Plant density (plants m−2)
LN2024,Fm566,2,76,plants_m2,Plant density (plants m−2)
LN2024,Fm566,3,82,plants_m2,Plant density (plants m−2)
LN2024,Fm569,1,84,plants_m2,Plant density (plants m−2)
LN2024,Fm569,2,70,plants_m2,Plant density (plants m−2)
LN2024,Fm569,3,86,plants_m2,Plant density (plants m−2)
LN2024,Fm585,1,4,plants_m2,Plant density (plants m−2)
LN2024,Fm585,2,0,plants_m2,Plant density (plants m−2)
LN2024,Fm585,3,6,plants_m2,Plant density (plants m−2)
LN2024,Fm589,1,28,plants_m2,Plant density (plants m−2)
LN2024,Fm589,2,52,plants_m2,Plant density (plants m−2)
LN2024,Fm589,3,22,plants_m2,Plant density (plants m−2)
LN2024,Fm590,1,44,plants_m2,Plant density (plants m−2)
LN2024,Fm590,2,60,plants_m2,Plant density (plants m−2)
LN2024,Fm590,3,72,plants_m2,Plant density (plants m−2)
LN2024,Fm592,1,38,plants_m2,Plant density (plants m−2)
LN2024,Fm592,2,80,plants_m2,Plant density (plants m−2)
LN2024,Fm592,3,34,plants_m2,Plant density (plants m−2)
LN2024,Fm600,1,40,plants_m2,Plant density (plants m−2)
LN2024,Fm600,2,28,plants_m2,Plant density (plants m−2)
LN2024,Fm600,3,56,plants_m2,Plant density (plants m−2)
LN2024,Fm601,1,36,plants_m2,Plant density (plants m−2)
LN2024,Fm601,2,30,plants_m2,Plant density (plants m−2)
LN2024,Fm601,3,42,plants_m2,Plant density (plants m−2)
LN2024,Fm610,1,118,plants_m2,Plant density (plants m−2)
LN2024,Fm610,2,88,plants_m2,Plant density (plants m−2)
LN2024,Fm610,3,106,plants_m2,Plant density (plants m−2)
LN2024,Fm611,1,114,plants_m2,Plant density (plants m−2)
LN2024,Fm611,2,62,plants_m2,Plant density (plants m−2)
LN2024,Fm611,3,102,plants_m2,Plant density (plants m−2)
LN2024,Fm612,1,40,plants_m2,Plant density (plants m−2)
LN2024,Fm612,2,6,plants_m2,Plant density (plants m−2)
LN2024,Fm612,3,26,plants_m2,Plant density (plants m−2)
LN2024,Fm614,1,52,plants_m2,Plant density (plants m−2)
LN2024,Fm614,2,62,plants_m2,Plant density (plants m−2)
LN2024,Fm614,3,34,plants_m2,Plant density (plants m−2)
LN2024,Fm615,1,42,plants_m2,Plant density (plants m−2)
LN2024,Fm615,2,58,plants_m2,Plant density (plants m−2)
LN2024,Fm615,3,66,plants_m2,Plant density (plants m−2)
LN2024,Fm616,1,60,plants_m2,Plant density (plants m−2)
LN2024,Fm616,2,26,plants_m2,Plant density (plants m−2)
LN2024,Fm616,3,26,plants_m2,Plant density (plants m−2)
LN2024,Fm620,1,70,plants_m2,Plant density (plants m−2)
LN2024,Fm620,2,56,plants_m2,Plant density (plants m−2)
LN2024,Fm620,3,70,plants_m2,Plant density (plants m−2)
LN2024,Fm621,1,32,plants_m2,Plant density (plants m−2)
LN2024,Fm621,2,32,plants_m2,Plant density (plants m−2)
LN2024,Fm65,1,46,plants_m2,Plant density (plants m−2)
LN2024,Fm65,2,76,plants_m2,Plant density (plants m−2)
LN2024,Fm65,3,70,plants_m2,Plant density (plants m−2)
LN2024,Fm78,1,2,plants_m2,Plant density (plants m−2)
LN2024,Fm78,2,12,plants_m2,Plant density (plants m−2)
LN2024,Fm78,3,6,plants_m2,Plant density (plants m−2)
LN2024,Fm79,1,4,plants_m2,Plant density (plants m−2)
LN2024,Fm79,2,38,plants_m2,Plant density (plants m−2)
LN2024,Fm79,3,24,plants_m2,Plant density (plants m−2)
LN2024,Fm86,1,50,plants_m2,Plant density (plants m−2)
LN2024,Fm86,2,68,plants_m2,Plant density (plants m−2)
LN2024,Fm86,3,82,plants_m2,Plant density (plants m−2)
LN2024,Fm9,1,48,plants_m2,Plant density (plants m−2)
LN2024,Fm9,2,42,plants_m2,Plant density (plants m−2)
LN2024,Fm9,3,76,plants_m2,Plant density (plants m−2)
LN2024,Fm134,1,22,number_of_tillers,Number of tillers
LN2024,Fm134,2,25,number_of_tillers,Number of tillers
LN2024,Fm134,3,20,number_of_tillers,Number of tillers
LN2024,Fm156,1,2,number_of_tillers,Number of tillers
LN2024,Fm156,2,1,number_of_tillers,Number of tillers
LN2024,Fm156,3,1,number_of_tillers,Number of tillers
LN2024,Fm161,1,2,number_of_tillers,Number of tillers
LN2024,Fm161,2,3,number_of_tillers,Number of tillers
LN2024,Fm161,3,1,number_of_tillers,Number of tillers
LN2024,Fm168,1,1,number_of_tillers,Number of tillers
LN2024,Fm168,2,1,number_of_tillers,Number of tillers
LN2024,Fm168,3,1,number_of_tillers,Number of tillers
LN2024,Fm170,1,1,number_of_tillers,Number of tillers
LN2024,Fm170,2,3,number_of_tillers,Number of tillers
LN2024,Fm170,3,2,number_of_tillers,Number of tillers
LN2024,Fm173,1,7,number_of_tillers,Number of tillers
LN2024,Fm173,2,15,number_of_tillers,Number of tillers
LN2024,Fm173,3,8,number_of_tillers,Number of tillers
LN2024,Fm174,1,5,number_of_tillers,Number of tillers
LN2024,Fm174,2,5,number_of_tillers,Number of tillers
LN2024,Fm174,3,7,number_of_tillers,Number of tillers
LN2024,Fm176,1,5,number_of_tillers,Number of tillers
LN2024,Fm176,2,3,number_of_tillers,Number of tillers
LN2024,Fm176,3,3,number_of_tillers,Number of tillers
LN2024,Fm181,1,4,number_of_tillers,Number of tillers
LN2024,Fm181,2,4,number_of_tillers,Number of tillers
LN2024,Fm181,3,4,number_of_tillers,Number of tillers
LN2024,Fm185,1,1,number_of_tillers,Number of tillers
LN2024,Fm185,2,1,number_of_tillers,Number of tillers
LN2024,Fm185,3,0,number_of_tillers,Number of tillers
LN2024,Fm190,1,0,number_of_tillers,Number of tillers
LN2024,Fm190,2,2,number_of_tillers,Number of tillers
LN2024,Fm190,3,1,number_of_tillers,Number of tillers
LN2024,Fm193,1,1,number_of_tillers,Number of tillers
LN2024,Fm193,2,2,number_of_tillers,Number of tillers
LN2024,Fm193,3,1,number_of_tillers,Number of tillers
LN2024,Fm194,1,3,number_of_tillers,Number of tillers
LN2024,Fm194,2,2,number_of_tillers,Number of tillers
LN2024,Fm194,3,1,number_of_tillers,Number of tillers
LN2024,Fm195,1,0,number_of_tillers,Number of tillers
LN2024,Fm195,2,0,number_of_tillers,Number of tillers
LN2024,Fm195,3,0,number_of_tillers,Number of tillers
LN2024,Fm20,1,1,number_of_tillers,Number of tillers
LN2024,Fm20,2,0,number_of_tillers,Number of tillers
LN2024,Fm20,3,1,number_of_tillers,Number of tillers
LN2024,Fm203,1,7,number_of_tillers,Number of tillers
LN2024,Fm203,2,4,number_of_tillers,Number of tillers
LN2024,Fm203,3,4,number_of_tillers,Number of tillers
LN2024,Fm208,1,1,number_of_tillers,Number of tillers
LN2024,Fm208,2,0,number_of_tillers,Number of tillers
LN2024,Fm208,3,0,number_of_tillers,Number of tillers
LN2024,Fm214,1,4,number_of_tillers,Number of tillers
LN2024,Fm214,2,1,number_of_tillers,Number of tillers
LN2024,Fm214,3,4,number_of_tillers,Number of tillers
LN2024,Fm215,1,2,number_of_tillers,Number of tillers
LN2024,Fm215,2,2,number_of_tillers,Number of tillers
LN2024,Fm215,3,1,number_of_tillers,Number of tillers
LN2024,Fm216,2,0,number_of_tillers,Number of tillers
LN2024,Fm219,1,5,number_of_tillers,Number of tillers
LN2024,Fm219,2,6,number_of_tillers,Number of tillers
LN2024,Fm219,3,2,number_of_tillers,Number of tillers
LN2024,Fm221,1,1,number_of_tillers,Number of tillers
LN2024,Fm221,2,0,number_of_tillers,Number of tillers
LN2024,Fm221,3,3,number_of_tillers,Number of tillers
LN2024,Fm225,1,4,number_of_tillers,Number of tillers
LN2024,Fm225,2,4,number_of_tillers,Number of tillers
LN2024,Fm225,3,4,number_of_tillers,Number of tillers
LN2024,Fm227,1,5,number_of_tillers,Number of tillers
LN2024,Fm227,2,2,number_of_tillers,Number of tillers
LN2024,Fm227,3,2,number_of_tillers,Number of tillers
LN2024,Fm233,1,0,number_of_tillers,Number of tillers
LN2024,Fm233,2,0,number_of_tillers,Number of tillers
LN2024,Fm233,3,0,number_of_tillers,Number of tillers
LN2024,Fm235,1,2,number_of_tillers,Number of tillers
LN2024,Fm235,2,1,number_of_tillers,Number of tillers
LN2024,Fm235,3,2,number_of_tillers,Number of tillers
LN2024,Fm236,1,0,number_of_tillers,Number of tillers
LN2024,Fm236,2,1,number_of_tillers,Number of tillers
LN2024,Fm236,3,1,number_of_tillers,Number of tillers
LN2024,Fm238,1,4,number_of_tillers,Number of tillers
LN2024,Fm238,2,2,number_of_tillers,Number of tillers
LN2024,Fm238,3,4,number_of_tillers,Number of tillers
LN2024,Fm249,1,0,number_of_tillers,Number of tillers
LN2024,Fm249,2,0,number_of_tillers,Number of tillers
LN2024,Fm249,3,1,number_of_tillers,Number of tillers
LN2024,Fm250,1,0,number_of_tillers,Number of tillers
LN2024,Fm250,2,1,number_of_tillers,Number of tillers
LN2024,Fm250,3,0,number_of_tillers,Number of tillers
LN2024,Fm3,1,1,number_of_tillers,Number of tillers
LN2024,Fm3,2,2,number_of_tillers,Number of tillers
LN2024,Fm3,3,4,number_of_tillers,Number of tillers
LN2024,Fm321,1,2,number_of_tillers,Number of tillers
LN2024,Fm321,2,5,number_of_tillers,Number of tillers
LN2024,Fm321,3,3,number_of_tillers,Number of tillers
LN2024,Fm322,1,1,number_of_tillers,Number of tillers
LN2024,Fm322,2,0,number_of_tillers,Number of tillers
LN2024,Fm322,3,0,number_of_tillers,Number of tillers
LN2024,Fm337,1,0,number_of_tillers,Number of tillers
LN2024,Fm337,2,0,number_of_tillers,Number of tillers
LN2024,Fm337,3,0,number_of_tillers,Number of tillers
LN2024,Fm341,1,1,number_of_tillers,Number of tillers
LN2024,Fm341,2,2,number_of_tillers,Number of tillers
LN2024,Fm341,3,2,number_of_tillers,Number of tillers
LN2024,Fm343,1,1,number_of_tillers,Number of tillers
LN2024,Fm343,2,1,number_of_tillers,Number of tillers
LN2024,Fm343,3,1,number_of_tillers,Number of tillers
LN2024,Fm344,1,0,number_of_tillers,Number of tillers
LN2024,Fm344,2,2,number_of_tillers,Number of tillers
LN2024,Fm344,3,1,number_of_tillers,Number of tillers
LN2024,Fm345,1,4,number_of_tillers,Number of tillers
LN2024,Fm345,2,2,number_of_tillers,Number of tillers
LN2024,Fm345,3,1,number_of_tillers,Number of tillers
LN2024,Fm346,1,0,number_of_tillers,Number of tillers
LN2024,Fm346,2,0,number_of_tillers,Number of tillers
LN2024,Fm347,1,1,number_of_tillers,Number of tillers
LN2024,Fm347,2,1,number_of_tillers,Number of tillers
LN2024,Fm347,3,1,number_of_tillers,Number of tillers
LN2024,Fm349,1,2,number_of_tillers,Number of tillers
LN2024,Fm349,2,1,number_of_tillers,Number of tillers
LN2024,Fm349,3,2,number_of_tillers,Number of tillers
LN2024,Fm351,1,2,number_of_tillers,Number of tillers
LN2024,Fm351,2,2,number_of_tillers,Number of tillers
LN2024,Fm351,3,1,number_of_tillers,Number of tillers
LN2024,Fm352,1,1,number_of_tillers,Number of tillers
LN2024,Fm352,2,1,number_of_tillers,Number of tillers
LN2024,Fm354,1,0,number_of_tillers,Number of tillers
LN2024,Fm354,2,0,number_of_tillers,Number of tillers
LN2024,Fm354,3,1,number_of_tillers,Number of tillers
LN2024,Fm355,1,1,number_of_tillers,Number of tillers
LN2024,Fm355,2,1,number_of_tillers,Number of tillers
LN2024,Fm355,3,0,number_of_tillers,Number of tillers
LN2024,Fm356,1,0,number_of_tillers,Number of tillers
LN2024,Fm356,2,0,number_of_tillers,Number of tillers
LN2024,Fm356,3,1,number_of_tillers,Number of tillers
LN2024,Fm358,1,1,number_of_tillers,Number of tillers
LN2024,Fm358,2,2,number_of_tillers,Number of tillers
LN2024,Fm358,3,1,number_of_tillers,Number of tillers
LN2024,Fm359,1,0,number_of_tillers,Number of tillers
LN2024,Fm359,2,1,number_of_tillers,Number of tillers
LN2024,Fm359,3,1,number_of_tillers,Number of tillers
LN2024,Fm36,1,4,number_of_tillers,Number of tillers
LN2024,Fm36,2,3,number_of_tillers,Number of tillers
LN2024,Fm36,3,4,number_of_tillers,Number of tillers
LN2024,Fm361,1,0,number_of_tillers,Number of tillers
LN2024,Fm361,2,0,number_of_tillers,Number of tillers
LN2024,Fm361,3,1,number_of_tillers,Number of tillers
LN2024,Fm363,1,1,number_of_tillers,Number of tillers
LN2024,Fm363,2,1,number_of_tillers,Number of tillers
LN2024,Fm363,3,1,number_of_tillers,Number of tillers
LN2024,Fm364,1,0,number_of_tillers,Number of tillers
LN2024,Fm364,2,0,number_of_tillers,Number of tillers
LN2024,Fm364,3,0,number_of_tillers,Number of tillers
LN2024,Fm365,1,2,number_of_tillers,Number of tillers
LN2024,Fm365,2,0,number_of_tillers,Number of tillers
LN2024,Fm365,3,1,number_of_tillers,Number of tillers
LN2024,Fm366,1,0,number_of_tillers,Number of tillers
LN2024,Fm366,2,0,number_of_tillers,Number of tillers
LN2024,Fm366,3,0,number_of_tillers,Number of tillers
LN2024,Fm368,1,1,number_of_tillers,Number of tillers
LN2024,Fm368,2,2,number_of_tillers,Number of tillers
LN2024,Fm368,3,1,number_of_tillers,Number of tillers
LN2024,Fm369,1,2,number_of_tillers,Number of tillers
LN2024,Fm369,2,1,number_of_tillers,Number of tillers
LN2024,Fm369,3,1,number_of_tillers,Number of tillers
LN2024,Fm370,1,3,number_of_tillers,Number of tillers
LN2024,Fm370,2,2,number_of_tillers,Number of tillers
LN2024,Fm370,3,2,number_of_tillers,Number of tillers
LN2024,Fm372,1,5,number_of_tillers,Number of tillers
LN2024,Fm372,2,4,number_of_tillers,Number of tillers
LN2024,Fm372,3,2,number_of_tillers,Number of tillers
LN2024,Fm375,1,4,number_of_tillers,Number of tillers
LN2024,Fm375,2,2,number_of_tillers,Number of tillers
LN2024,Fm375,3,4,number_of_tillers,Number of tillers
LN2024,Fm376,1,1,number_of_tillers,Number of tillers
LN2024,Fm376,2,1,number_of_tillers,Number of tillers
LN2024,Fm376,3,2,number_of_tillers,Number of tillers
LN2024,Fm377,1,2,number_of_tillers,Number of tillers
LN2024,Fm377,2,1,number_of_tillers,Number of tillers
LN2024,Fm377,3,1,number_of_tillers,Number of tillers
LN2024,Fm378,1,1,number_of_tillers,Number of tillers
LN2024,Fm378,2,3,number_of_tillers,Number of tillers
LN2024,Fm378,3,2,number_of_tillers,Number of tillers
LN2024,Fm379,1,6,number_of_tillers,Number of tillers
LN2024,Fm379,2,3,number_of_tillers,Number of tillers
LN2024,Fm379,3,5,number_of_tillers,Number of tillers
LN2024,Fm380,1,2,number_of_tillers,Number of tillers
LN2024,Fm380,2,1,number_of_tillers,Number of tillers
LN2024,Fm380,3,1,number_of_tillers,Number of tillers
LN2024,Fm381,1,1,number_of_tillers,Number of tillers
LN2024,Fm381,2,2,number_of_tillers,Number of tillers
LN2024,Fm381,3,0,number_of_tillers,Number of tillers
LN2024,Fm382,1,8,number_of_tillers,Number of tillers
LN2024,Fm382,2,7,number_of_tillers,Number of tillers
LN2024,Fm382,3,5,number_of_tillers,Number of tillers
LN2024,Fm384,1,0,number_of_tillers,Number of tillers
LN2024,Fm384,2,1,number_of_tillers,Number of tillers
LN2024,Fm384,3,2,number_of_tillers,Number of tillers
LN2024,Fm387,1,2,number_of_tillers,Number of tillers
LN2024,Fm387,2,1,number_of_tillers,Number of tillers
LN2024,Fm387,3,1,number_of_tillers,Number of tillers
LN2024,Fm388,1,5,number_of_tillers,Number of tillers
LN2024,Fm388,2,2,number_of_tillers,Number of tillers
LN2024,Fm388,3,4,number_of_tillers,Number of tillers
LN2024,Fm389,1,0,number_of_tillers,Number of tillers
LN2024,Fm389,2,1,number_of_tillers,Number of tillers
LN2024,Fm389,3,1,number_of_tillers,Number of tillers
LN2024,Fm391,1,1,number_of_tillers,Number of tillers
LN2024,Fm391,2,2,number_of_tillers,Number of tillers
LN2024,Fm391,3,2,number_of_tillers,Number of tillers
LN2024,Fm392,1,3,number_of_tillers,Number of tillers
LN2024,Fm392,2,5,number_of_tillers,Number of tillers
LN2024,Fm392,3,3,number_of_tillers,Number of tillers
LN2024,Fm394,1,7,number_of_tillers,Number of tillers
LN2024,Fm394,2,4,number_of_tillers,Number of tillers
LN2024,Fm394,3,2,number_of_tillers,Number of tillers
LN2024,Fm395,1,3,number_of_tillers,Number of tillers
LN2024,Fm395,2,0,number_of_tillers,Number of tillers
LN2024,Fm395,3,3,number_of_tillers,Number of tillers
LN2024,Fm396,1,5,number_of_tillers,Number of tillers
LN2024,Fm396,2,2,number_of_tillers,Number of tillers
LN2024,Fm396,3,6,number_of_tillers,Number of tillers
LN2024,Fm398,1,3,number_of_tillers,Number of tillers
LN2024,Fm398,2,1,number_of_tillers,Number of tillers
LN2024,Fm398,3,2,number_of_tillers,Number of tillers
LN2024,Fm400,1,2,number_of_tillers,Number of tillers
LN2024,Fm400,2,3,number_of_tillers,Number of tillers
LN2024,Fm400,3,1,number_of_tillers,Number of tillers
LN2024,Fm401,1,1,number_of_tillers,Number of tillers
LN2024,Fm401,2,1,number_of_tillers,Number of tillers
LN2024,Fm401,3,1,number_of_tillers,Number of tillers
LN2024,Fm402,1,1,number_of_tillers,Number of tillers
LN2024,Fm402,2,4,number_of_tillers,Number of tillers
LN2024,Fm402,3,2,number_of_tillers,Number of tillers
LN2024,Fm404,1,2,number_of_tillers,Number of tillers
LN2024,Fm404,2,1,number_of_tillers,Number of tillers
LN2024,Fm404,3,1,number_of_tillers,Number of tillers
LN2024,Fm405,1,3,number_of_tillers,Number of tillers
LN2024,Fm405,2,2,number_of_tillers,Number of tillers
LN2024,Fm405,3,3,number_of_tillers,Number of tillers
LN2024,Fm406,1,0,number_of_tillers,Number of tillers
LN2024,Fm406,2,2,number_of_tillers,Number of tillers
LN2024,Fm406,3,1,number_of_tillers,Number of tillers
LN2024,Fm407,1,2,number_of_tillers,Number of tillers
LN2024,Fm407,2,0,number_of_tillers,Number of tillers
LN2024,Fm407,3,0,number_of_tillers,Number of tillers
LN2024,Fm41,1,7,number_of_tillers,Number of tillers
LN2024,Fm41,2,5,number_of_tillers,Number of tillers
LN2024,Fm41,3,3,number_of_tillers,Number of tillers
LN2024,Fm410,1,1,number_of_tillers,Number of tillers
LN2024,Fm410,2,1,number_of_tillers,Number of tillers
LN2024,Fm410,3,2,number_of_tillers,Number of tillers
LN2024,Fm411,1,1,number_of_tillers,Number of tillers
LN2024,Fm411,2,1,number_of_tillers,Number of tillers
LN2024,Fm411,3,1,number_of_tillers,Number of tillers
LN2024,Fm412,1,4,number_of_tillers,Number of tillers
LN2024,Fm412,2,6,number_of_tillers,Number of tillers
LN2024,Fm412,3,6,number_of_tillers,Number of tillers
LN2024,Fm413,1,3,number_of_tillers,Number of tillers
LN2024,Fm413,2,5,number_of_tillers,Number of tillers
LN2024,Fm413,3,3,number_of_tillers,Number of tillers
LN2024,Fm414,1,1,number_of_tillers,Number of tillers
LN2024,Fm414,2,0,number_of_tillers,Number of tillers
LN2024,Fm414,3,1,number_of_tillers,Number of tillers
LN2024,Fm415,1,3,number_of_tillers,Number of tillers
LN2024,Fm415,2,4,number_of_tillers,Number of tillers
LN2024,Fm415,3,3,number_of_tillers,Number of tillers
LN2024,Fm416,1,2,number_of_tillers,Number of tillers
LN2024,Fm416,2,3,number_of_tillers,Number of tillers
LN2024,Fm416,3,1,number_of_tillers,Number of tillers
LN2024,Fm417,1,3,number_of_tillers,Number of tillers
LN2024,Fm417,2,2,number_of_tillers,Number of tillers
LN2024,Fm417,3,4,number_of_tillers,Number of tillers
LN2024,Fm418,1,1,number_of_tillers,Number of tillers
LN2024,Fm418,2,0,number_of_tillers,Number of tillers
LN2024,Fm418,3,1,number_of_tillers,Number of tillers
LN2024,Fm419,1,2,number_of_tillers,Number of tillers
LN2024,Fm419,2,3,number_of_tillers,Number of tillers
LN2024,Fm419,3,2,number_of_tillers,Number of tillers
LN2024,Fm420,1,0,number_of_tillers,Number of tillers
LN2024,Fm420,2,0,number_of_tillers,Number of tillers
LN2024,Fm420,3,0,number_of_tillers,Number of tillers
LN2024,Fm421,1,2,number_of_tillers,Number of tillers
LN2024,Fm421,2,1,number_of_tillers,Number of tillers
LN2024,Fm421,3,2,number_of_tillers,Number of tillers
LN2024,Fm428,1,7,number_of_tillers,Number of tillers
LN2024,Fm428,2,4,number_of_tillers,Number of tillers
LN2024,Fm428,3,4,number_of_tillers,Number of tillers
LN2024,Fm429,1,0,number_of_tillers,Number of tillers
LN2024,Fm429,2,0,number_of_tillers,Number of tillers
LN2024,Fm429,3,1,number_of_tillers,Number of tillers
LN2024,Fm43,1,3,number_of_tillers,Number of tillers
LN2024,Fm43,2,4,number_of_tillers,Number of tillers
LN2024,Fm43,3,4,number_of_tillers,Number of tillers
LN2024,Fm44,1,6,number_of_tillers,Number of tillers
LN2024,Fm44,2,2,number_of_tillers,Number of tillers
LN2024,Fm44,3,4,number_of_tillers,Number of tillers
LN2024,Fm442,1,2,number_of_tillers,Number of tillers
LN2024,Fm442,2,1,number_of_tillers,Number of tillers
LN2024,Fm442,3,2,number_of_tillers,Number of tillers
LN2024,Fm443,1,4,number_of_tillers,Number of tillers
LN2024,Fm443,2,2,number_of_tillers,Number of tillers
LN2024,Fm444,1,1,number_of_tillers,Number of tillers
LN2024,Fm444,2,1,number_of_tillers,Number of tillers
LN2024,Fm444,3,0,number_of_tillers,Number of tillers
LN2024,Fm446,1,2,number_of_tillers,Number of tillers
LN2024,Fm446,2,1,number_of_tillers,Number of tillers
LN2024,Fm446,3,1,number_of_tillers,Number of tillers
LN2024,Fm458,1,0,number_of_tillers,Number of tillers
LN2024,Fm458,2,0,number_of_tillers,Number of tillers
LN2024,Fm458,3,0,number_of_tillers,Number of tillers
LN2024,Fm464,1,4,number_of_tillers,Number of tillers
LN2024,Fm464,2,4,number_of_tillers,Number of tillers
LN2024,Fm464,3,4,number_of_tillers,Number of tillers
LN2024,Fm474,1,2,number_of_tillers,Number of tillers
LN2024,Fm474,2,4,number_of_tillers,Number of tillers
LN2024,Fm474,3,2,number_of_tillers,Number of tillers
LN2024,Fm475,1,1,number_of_tillers,Number of tillers
LN2024,Fm475,2,1,number_of_tillers,Number of tillers
LN2024,Fm475,3,2,number_of_tillers,Number of tillers
LN2024,Fm477,1,1,number_of_tillers,Number of tillers
LN2024,Fm477,2,1,number_of_tillers,Number of tillers
LN2024,Fm477,3,3,number_of_tillers,Number of tillers
LN2024,Fm478,1,1,number_of_tillers,Number of tillers
LN2024,Fm478,2,3,number_of_tillers,Number of tillers
LN2024,Fm478,3,1,number_of_tillers,Number of tillers
LN2024,Fm480,1,0,number_of_tillers,Number of tillers
LN2024,Fm480,2,0,number_of_tillers,Number of tillers
LN2024,Fm480,3,1,number_of_tillers,Number of tillers
LN2024,Fm482,1,1,number_of_tillers,Number of tillers
LN2024,Fm482,2,1,number_of_tillers,Number of tillers
LN2024,Fm482,3,1,number_of_tillers,Number of tillers
LN2024,Fm484,1,1,number_of_tillers,Number of tillers
LN2024,Fm484,2,1,number_of_tillers,Number of tillers
LN2024,Fm484,3,1,number_of_tillers,Number of tillers
LN2024,Fm489,1,0,number_of_tillers,Number of tillers
LN2024,Fm489,2,0,number_of_tillers,Number of tillers
LN2024,Fm489,3,1,number_of_tillers,Number of tillers
LN2024,Fm491,1,2,number_of_tillers,Number of tillers
LN2024,Fm491,2,1,number_of_tillers,Number of tillers
LN2024,Fm491,3,3,number_of_tillers,Number of tillers
LN2024,Fm492,1,2,number_of_tillers,Number of tillers
LN2024,Fm492,2,1,number_of_tillers,Number of tillers
LN2024,Fm492,3,2,number_of_tillers,Number of tillers
LN2024,Fm496,1,2,number_of_tillers,Number of tillers
LN2024,Fm496,2,0,number_of_tillers,Number of tillers
LN2024,Fm496,3,0,number_of_tillers,Number of tillers
LN2024,Fm505,1,1,number_of_tillers,Number of tillers
LN2024,Fm505,2,1,number_of_tillers,Number of tillers
LN2024,Fm505,3,1,number_of_tillers,Number of tillers
LN2024,Fm507,1,20,number_of_tillers,Number of tillers
LN2024,Fm507,2,15,number_of_tillers,Number of tillers
LN2024,Fm507,3,15,number_of_tillers,Number of tillers
LN2024,Fm510,1,0,number_of_tillers,Number of tillers
LN2024,Fm510,2,0,number_of_tillers,Number of tillers
LN2024,Fm510,3,0,number_of_tillers,Number of tillers
LN2024,Fm518,1,3,number_of_tillers,Number of tillers
LN2024,Fm518,2,5,number_of_tillers,Number of tillers
LN2024,Fm518,3,4,number_of_tillers,Number of tillers
LN2024,Fm519,1,2,number_of_tillers,Number of tillers
LN2024,Fm519,2,4,number_of_tillers,Number of tillers
LN2024,Fm519,3,2,number_of_tillers,Number of tillers
LN2024,Fm522,1,8,number_of_tillers,Number of tillers
LN2024,Fm522,2,3,number_of_tillers,Number of tillers
LN2024,Fm522,3,6,number_of_tillers,Number of tillers
LN2024,Fm523,1,0,number_of_tillers,Number of tillers
LN2024,Fm523,2,0,number_of_tillers,Number of tillers
LN2024,Fm523,3,1,number_of_tillers,Number of tillers
LN2024,Fm524,1,4,number_of_tillers,Number of tillers
LN2024,Fm524,2,4,number_of_tillers,Number of tillers
LN2024,Fm524,3,6,number_of_tillers,Number of tillers
LN2024,Fm537,1,4,number_of_tillers,Number of tillers
LN2024,Fm537,2,1,number_of_tillers,Number of tillers
LN2024,Fm537,3,1,number_of_tillers,Number of tillers
LN2024,Fm552,1,3,number_of_tillers,Number of tillers
LN2024,Fm552,2,2,number_of_tillers,Number of tillers
LN2024,Fm552,3,3,number_of_tillers,Number of tillers
LN2024,Fm56,1,5,number_of_tillers,Number of tillers
LN2024,Fm56,2,6,number_of_tillers,Number of tillers
LN2024,Fm56,3,6,number_of_tillers,Number of tillers
LN2024,Fm560,1,24,number_of_tillers,Number of tillers
LN2024,Fm560,2,25,number_of_tillers,Number of tillers
LN2024,Fm560,3,21,number_of_tillers,Number of tillers
LN2024,Fm566,1,8,number_of_tillers,Number of tillers
LN2024,Fm566,2,16,number_of_tillers,Number of tillers
LN2024,Fm566,3,17,number_of_tillers,Number of tillers
LN2024,Fm569,1,20,number_of_tillers,Number of tillers
LN2024,Fm569,2,14,number_of_tillers,Number of tillers
LN2024,Fm569,3,12,number_of_tillers,Number of tillers
LN2024,Fm585,2,7,number_of_tillers,Number of tillers
LN2024,Fm585,3,7,number_of_tillers,Number of tillers
LN2024,Fm589,1,5,number_of_tillers,Number of tillers
LN2024,Fm589,2,5,number_of_tillers,Number of tillers
LN2024,Fm589,3,3,number_of_tillers,Number of tillers
LN2024,Fm590,1,22,number_of_tillers,Number of tillers
LN2024,Fm590,2,20,number_of_tillers,Number of tillers
LN2024,Fm590,3,19,number_of_tillers,Number of tillers
LN2024,Fm592,1,17,number_of_tillers,Number of tillers
LN2024,Fm592,2,28,number_of_tillers,Number of tillers
LN2024,Fm592,3,24,number_of_tillers,Number of tillers
LN2024,Fm600,1,3,number_of_tillers,Number of tillers
LN2024,Fm600,2,4,number_of_tillers,Number of tillers
LN2024,Fm600,3,3,number_of_tillers,Number of tillers
LN2024,Fm601,1,5,number_of_tillers,Number of tillers
LN2024,Fm601,2,6,number_of_tillers,Number of tillers
LN2024,Fm601,3,5,number_of_tillers,Number of tillers
LN2024,Fm610,1,13,number_of_tillers,Number of tillers
LN2024,Fm610,2,10,number_of_tillers,Number of tillers
LN2024,Fm610,3,10,number_of_tillers,Number of tillers
LN2024,Fm611,1,10,number_of_tillers,Number of tillers
LN2024,Fm611,2,13,number_of_tillers,Number of tillers
LN2024,Fm611,3,11,number_of_tillers,Number of tillers
LN2024,Fm612,1,9,number_of_tillers,Number of tillers
LN2024,Fm612,2,12,number_of_tillers,Number of tillers
LN2024,Fm612,3,14,number_of_tillers,Number of tillers
LN2024,Fm614,1,1,number_of_tillers,Number of tillers
LN2024,Fm614,2,1,number_of_tillers,Number of tillers
LN2024,Fm614,3,0,number_of_tillers,Number of tillers
LN2024,Fm615,1,0,number_of_tillers,Number of tillers
LN2024,Fm615,2,1,number_of_tillers,Number of tillers
LN2024,Fm615,3,1,number_of_tillers,Number of tillers
LN2024,Fm616,1,10,number_of_tillers,Number of tillers
LN2024,Fm616,2,7,number_of_tillers,Number of tillers
LN2024,Fm616,3,13,number_of_tillers,Number of tillers
LN2024,Fm620,1,4,number_of_tillers,Number of tillers
LN2024,Fm620,2,8,number_of_tillers,Number of tillers
LN2024,Fm620,3,6,number_of_tillers,Number of tillers
LN2024,Fm621,1,7,number_of_tillers,Number of tillers
LN2024,Fm621,2,5,number_of_tillers,Number of tillers
LN2024,Fm621,3,2,number_of_tillers,Number of tillers
LN2024,Fm65,1,5,number_of_tillers,Number of tillers
LN2024,Fm65,2,4,number_of_tillers,Number of tillers
LN2024,Fm65,3,1,number_of_tillers,Number of tillers
LN2024,Fm78,1,3,number_of_tillers,Number of tillers
LN2024,Fm78,3,6,number_of_tillers,Number of tillers
LN2024,Fm79,1,11,number_of_tillers,Number of tillers
LN2024,Fm79,2,7,number_of_tillers,Number of tillers
LN2024,Fm79,3,6,number_of_tillers,Number of tillers
LN2024,Fm86,1,6,number_of_tillers,Number of tillers
LN2024,Fm86,2,11,number_of_tillers,Number of tillers
LN2024,Fm86,3,4,number_of_tillers,Number of tillers
LN2024,Fm9,1,0,number_of_tillers,Number of tillers
LN2024,Fm9,2,1,number_of_tillers,Number of tillers
LN2024,Fm9,3,1,number_of_tillers,Number of tillers
LN2024,Fm134,1,177,days_to_harvest,Days to harvest
LN2024,Fm134,2,168,days_to_harvest,Days to harvest
LN2024,Fm134,3,186,days_to_harvest,Days to harvest
LN2024,Fm170,1,180,days_to_harvest,Days to harvest
LN2024,Fm170,2,162,days_to_harvest,Days to harvest
LN2024,Fm170,3,177,days_to_harvest,Days to harvest
LN2024,Fm173,2,183,days_to_harvest,Days to harvest
LN2024,Fm173,3,186,days_to_harvest,Days to harvest
LN2024,Fm174,1,180,days_to_harvest,Days to harvest
LN2024,Fm174,3,181,days_to_harvest,Days to harvest
LN2024,Fm176,1,187,days_to_harvest,Days to harvest
LN2024,Fm176,2,183,days_to_harvest,Days to harvest
LN2024,Fm176,3,192,days_to_harvest,Days to harvest
LN2024,Fm181,1,124,days_to_harvest,Days to harvest
LN2024,Fm181,2,124,days_to_harvest,Days to harvest
LN2024,Fm181,3,131,days_to_harvest,Days to harvest
LN2024,Fm185,1,179,days_to_harvest,Days to harvest
LN2024,Fm185,2,183,days_to_harvest,Days to harvest
LN2024,Fm185,3,186,days_to_harvest,Days to harvest
LN2024,Fm190,1,152,days_to_harvest,Days to harvest
LN2024,Fm190,2,149,days_to_harvest,Days to harvest
LN2024,Fm190,3,150,days_to_harvest,Days to harvest
LN2024,Fm193,1,149,days_to_harvest,Days to harvest
LN2024,Fm193,2,147,days_to_harvest,Days to harvest
LN2024,Fm193,3,147,days_to_harvest,Days to harvest
LN2024,Fm194,1,149,days_to_harvest,Days to harvest
LN2024,Fm194,2,149,days_to_harvest,Days to harvest
LN2024,Fm194,3,160,days_to_harvest,Days to harvest
LN2024,Fm195,1,156,days_to_harvest,Days to harvest
LN2024,Fm195,2,156,days_to_harvest,Days to harvest
LN2024,Fm195,3,156,days_to_harvest,Days to harvest
LN2024,Fm203,1,131,days_to_harvest,Days to harvest
LN2024,Fm203,2,132,days_to_harvest,Days to harvest
LN2024,Fm203,3,131,days_to_harvest,Days to harvest
LN2024,Fm208,1,186,days_to_harvest,Days to harvest
LN2024,Fm208,2,179,days_to_harvest,Days to harvest
LN2024,Fm208,3,186,days_to_harvest,Days to harvest
LN2024,Fm214,1,138,days_to_harvest,Days to harvest
LN2024,Fm214,2,138,days_to_harvest,Days to harvest
LN2024,Fm214,3,138,days_to_harvest,Days to harvest
LN2024,Fm215,1,122,days_to_harvest,Days to harvest
LN2024,Fm215,2,122,days_to_harvest,Days to harvest
LN2024,Fm215,3,121,days_to_harvest,Days to harvest
LN2024,Fm216,2,162,days_to_harvest,Days to harvest
LN2024,Fm219,1,121,days_to_harvest,Days to harvest
LN2024,Fm219,2,121,days_to_harvest,Days to harvest
LN2024,Fm219,3,121,days_to_harvest,Days to harvest
LN2024,Fm221,1,147,days_to_harvest,Days to harvest
LN2024,Fm221,2,159,days_to_harvest,Days to harvest
LN2024,Fm221,3,159,days_to_harvest,Days to harvest
LN2024,Fm225,1,128,days_to_harvest,Days to harvest
LN2024,Fm225,2,128,days_to_harvest,Days to harvest
LN2024,Fm225,3,128,days_to_harvest,Days to harvest
LN2024,Fm227,1,166,days_to_harvest,Days to harvest
LN2024,Fm227,2,186,days_to_harvest,Days to harvest
LN2024,Fm227,3,167,days_to_harvest,Days to harvest
LN2024,Fm233,1,181,days_to_harvest,Days to harvest
LN2024,Fm233,2,187,days_to_harvest,Days to harvest
LN2024,Fm233,3,187,days_to_harvest,Days to harvest
LN2024,Fm235,1,179,days_to_harvest,Days to harvest
LN2024,Fm235,2,177,days_to_harvest,Days to harvest
LN2024,Fm235,3,192,days_to_harvest,Days to harvest
LN2024,Fm236,1,147,days_to_harvest,Days to harvest
LN2024,Fm236,2,138,days_to_harvest,Days to harvest
LN2024,Fm236,3,147,days_to_harvest,Days to harvest
LN2024,Fm238,1,183,days_to_harvest,Days to harvest
LN2024,Fm238,3,186,days_to_harvest,Days to harvest
LN2024,Fm249,2,187,days_to_harvest,Days to harvest
LN2024,Fm249,3,186,days_to_harvest,Days to harvest
LN2024,Fm250,1,186,days_to_harvest,Days to harvest
LN2024,Fm250,2,187,days_to_harvest,Days to harvest
LN2024,Fm250,3,177,days_to_harvest,Days to harvest
LN2024,Fm3,1,180,days_to_harvest,Days to harvest
LN2024,Fm3,2,181,days_to_harvest,Days to harvest
LN2024,Fm3,3,181,days_to_harvest,Days to harvest
LN2024,Fm321,1,132,days_to_harvest,Days to harvest
LN2024,Fm321,2,138,days_to_harvest,Days to harvest
LN2024,Fm321,3,139,days_to_harvest,Days to harvest
LN2024,Fm322,1,183,days_to_harvest,Days to harvest
LN2024,Fm322,2,179,days_to_harvest,Days to harvest
LN2024,Fm322,3,177,days_to_harvest,Days to harvest
LN2024,Fm337,1,168,days_to_harvest,Days to harvest
LN2024,Fm337,2,155,days_to_harvest,Days to harvest
LN2024,Fm337,3,162,days_to_harvest,Days to harvest
LN2024,Fm341,1,166,days_to_harvest,Days to harvest
LN2024,Fm341,2,156,days_to_harvest,Days to harvest
LN2024,Fm341,3,159,days_to_harvest,Days to harvest
LN2024,Fm343,1,180,days_to_harvest,Days to harvest
LN2024,Fm343,2,186,days_to_harvest,Days to harvest
LN2024,Fm343,3,186,days_to_harvest,Days to harvest
LN2024,Fm344,1,183,days_to_harvest,Days to harvest
LN2024,Fm344,2,187,days_to_harvest,Days to harvest
LN2024,Fm344,3,177,days_to_harvest,Days to harvest
LN2024,Fm345,2,168,days_to_harvest,Days to harvest
LN2024,Fm345,3,186,days_to_harvest,Days to harvest
LN2024,Fm346,1,180,days_to_harvest,Days to harvest
LN2024,Fm347,1,153,days_to_harvest,Days to harvest
LN2024,Fm347,2,159,days_to_harvest,Days to harvest
LN2024,Fm347,3,155,days_to_harvest,Days to harvest
LN2024,Fm349,1,166,days_to_harvest,Days to harvest
LN2024,Fm349,2,166,days_to_harvest,Days to harvest
LN2024,Fm349,3,155,days_to_harvest,Days to harvest
LN2024,Fm351,1,168,days_to_harvest,Days to harvest
LN2024,Fm351,2,181,days_to_harvest,Days to harvest
LN2024,Fm351,3,167,days_to_harvest,Days to harvest
LN2024,Fm352,1,166,days_to_harvest,Days to harvest
LN2024,Fm352,2,162,days_to_harvest,Days to harvest
LN2024,Fm354,1,183,days_to_harvest,Days to harvest
LN2024,Fm354,2,187,days_to_harvest,Days to harvest
LN2024,Fm354,3,159,days_to_harvest,Days to harvest
LN2024,Fm355,1,156,days_to_harvest,Days to harvest
LN2024,Fm355,2,159,days_to_harvest,Days to harvest
LN2024,Fm355,3,162,days_to_harvest,Days to harvest
LN2024,Fm356,1,166,days_to_harvest,Days to harvest
LN2024,Fm356,2,186,days_to_harvest,Days to harvest
LN2024,Fm356,3,186,days_to_harvest,Days to harvest
LN2024,Fm358,1,180,days_to_harvest,Days to harvest
LN2024,Fm358,2,181,days_to_harvest,Days to harvest
LN2024,Fm358,3,186,days_to_harvest,Days to harvest
LN2024,Fm359,1,168,days_to_harvest,Days to harvest
LN2024,Fm359,2,186,days_to_harvest,Days to harvest
LN2024,Fm359,3,177,days_to_harvest,Days to harvest
LN2024,Fm36,1,168,days_to_harvest,Days to harvest
LN2024,Fm36,2,186,days_to_harvest,Days to harvest
LN2024,Fm36,3,181,days_to_harvest,Days to harvest
LN2024,Fm361,1,156,days_to_harvest,Days to harvest
LN2024,Fm361,2,155,days_to_harvest,Days to harvest
LN2024,Fm361,3,156,days_to_harvest,Days to harvest
LN2024,Fm363,1,162,days_to_harvest,Days to harvest
LN2024,Fm363,2,156,days_to_harvest,Days to harvest
LN2024,Fm363,3,181,days_to_harvest,Days to harvest
LN2024,Fm364,2,187,days_to_harvest,Days to harvest
LN2024,Fm364,3,181,days_to_harvest,Days to harvest
LN2024,Fm365,1,152,days_to_harvest,Days to harvest
LN2024,Fm365,2,181,days_to_harvest,Days to harvest
LN2024,Fm365,3,155,days_to_harvest,Days to harvest
LN2024,Fm366,1,159,days_to_harvest,Days to harvest
LN2024,Fm366,2,149,days_to_harvest,Days to harvest
LN2024,Fm366,3,160,days_to_harvest,Days to harvest
LN2024,Fm368,1,155,days_to_harvest,Days to harvest
LN2024,Fm368,3,177,days_to_harvest,Days to harvest
LN2024,Fm369,1,181,days_to_harvest,Days to harvest
LN2024,Fm369,2,149,days_to_harvest,Days to harvest
LN2024,Fm369,3,177,days_to_harvest,Days to harvest
LN2024,Fm370,1,186,days_to_harvest,Days to harvest
LN2024,Fm370,2,168,days_to_harvest,Days to harvest
LN2024,Fm370,3,181,days_to_harvest,Days to harvest
LN2024,Fm372,1,168,days_to_harvest,Days to harvest
LN2024,Fm372,2,167,days_to_harvest,Days to harvest
LN2024,Fm372,3,167,days_to_harvest,Days to harvest
LN2024,Fm375,1,156,days_to_harvest,Days to harvest
LN2024,Fm375,2,156,days_to_harvest,Days to harvest
LN2024,Fm375,3,156,days_to_harvest,Days to harvest
LN2024,Fm376,1,155,days_to_harvest,Days to harvest
LN2024,Fm376,2,167,days_to_harvest,Days to harvest
LN2024,Fm376,3,156,days_to_harvest,Days to harvest
LN2024,Fm377,1,168,days_to_harvest,Days to harvest
LN2024,Fm377,2,166,days_to_harvest,Days to harvest
LN2024,Fm377,3,162,days_to_harvest,Days to harvest
LN2024,Fm378,1,155,days_to_harvest,Days to harvest
LN2024,Fm378,2,147,days_to_harvest,Days to harvest
LN2024,Fm378,3,162,days_to_harvest,Days to harvest
LN2024,Fm379,1,159,days_to_harvest,Days to harvest
LN2024,Fm379,3,156,days_to_harvest,Days to harvest
LN2024,Fm380,1,159,days_to_harvest,Days to harvest
LN2024,Fm380,2,187,days_to_harvest,Days to harvest
LN2024,Fm380,3,162,days_to_harvest,Days to harvest
LN2024,Fm381,1,159,days_to_harvest,Days to harvest
LN2024,Fm381,2,159,days_to_harvest,Days to harvest
LN2024,Fm381,3,167,days_to_harvest,Days to harvest
LN2024,Fm382,1,155,days_to_harvest,Days to harvest
LN2024,Fm382,2,155,days_to_harvest,Days to harvest
LN2024,Fm382,3,153,days_to_harvest,Days to harvest
LN2024,Fm384,1,183,days_to_harvest,Days to harvest
LN2024,Fm384,2,187,days_to_harvest,Days to harvest
LN2024,Fm384,3,186,days_to_harvest,Days to harvest
LN2024,Fm387,1,183,days_to_harvest,Days to harvest
LN2024,Fm387,2,181,days_to_harvest,Days to harvest
LN2024,Fm387,3,186,days_to_harvest,Days to harvest
LN2024,Fm388,1,186,days_to_harvest,Days to harvest
LN2024,Fm388,2,167,days_to_harvest,Days to harvest
LN2024,Fm388,3,159,days_to_harvest,Days to harvest
LN2024,Fm389,1,177,days_to_harvest,Days to harvest
LN2024,Fm389,2,186,days_to_harvest,Days to harvest
LN2024,Fm389,3,181,days_to_harvest,Days to harvest
LN2024,Fm391,1,162,days_to_harvest,Days to harvest
LN2024,Fm391,2,159,days_to_harvest,Days to harvest
LN2024,Fm391,3,155,days_to_harvest,Days to harvest
LN2024,Fm392,1,139,days_to_harvest,Days to harvest
LN2024,Fm392,2,138,days_to_harvest,Days to harvest
LN2024,Fm392,3,139,days_to_harvest,Days to harvest
LN2024,Fm394,2,147,days_to_harvest,Days to harvest
LN2024,Fm394,3,186,days_to_harvest,Days to harvest
LN2024,Fm395,1,166,days_to_harvest,Days to harvest
LN2024,Fm395,2,168,days_to_harvest,Days to harvest
LN2024,Fm395,3,167,days_to_harvest,Days to harvest
LN2024,Fm396,1,180,days_to_harvest,Days to harvest
LN2024,Fm396,2,177,days_to_harvest,Days to harvest
LN2024,Fm396,3,162,days_to_harvest,Days to harvest
LN2024,Fm398,1,155,days_to_harvest,Days to harvest
LN2024,Fm398,2,159,days_to_harvest,Days to harvest
LN2024,Fm400,1,168,days_to_harvest,Days to harvest
LN2024,Fm400,2,162,days_to_harvest,Days to harvest
LN2024,Fm400,3,165,days_to_harvest,Days to harvest
LN2024,Fm401,1,159,days_to_harvest,Days to harvest
LN2024,Fm401,2,155,days_to_harvest,Days to harvest
LN2024,Fm401,3,153,days_to_harvest,Days to harvest
LN2024,Fm402,1,147,days_to_harvest,Days to harvest
LN2024,Fm402,2,152,days_to_harvest,Days to harvest
LN2024,Fm402,3,150,days_to_harvest,Days to harvest
LN2024,Fm404,1,166,days_to_harvest,Days to harvest
LN2024,Fm404,2,167,days_to_harvest,Days to harvest
LN2024,Fm404,3,167,days_to_harvest,Days to harvest
LN2024,Fm405,1,166,days_to_harvest,Days to harvest
LN2024,Fm405,2,167,days_to_harvest,Days to harvest
LN2024,Fm405,3,162,days_to_harvest,Days to harvest
LN2024,Fm406,1,155,days_to_harvest,Days to harvest
LN2024,Fm406,2,159,days_to_harvest,Days to harvest
LN2024,Fm406,3,155,days_to_harvest,Days to harvest
LN2024,Fm407,1,159,days_to_harvest,Days to harvest
LN2024,Fm407,2,167,days_to_harvest,Days to harvest
LN2024,Fm407,3,155,days_to_harvest,Days to harvest
LN2024,Fm41,1,186,days_to_harvest,Days to harvest
LN2024,Fm41,2,186,days_to_harvest,Days to harvest
LN2024,Fm41,3,186,days_to_harvest,Days to harvest
LN2024,Fm410,1,162,days_to_harvest,Days to harvest
LN2024,Fm410,2,167,days_to_harvest,Days to harvest
LN2024,Fm410,3,177,days_to_harvest,Days to harvest
LN2024,Fm411,1,159,days_to_harvest,Days to harvest
LN2024,Fm411,2,162,days_to_harvest,Days to harvest
LN2024,Fm411,3,167,days_to_harvest,Days to harvest
LN2024,Fm412,1,155,days_to_harvest,Days to harvest
LN2024,Fm412,2,149,days_to_harvest,Days to harvest
LN2024,Fm412,3,150,days_to_harvest,Days to harvest
LN2024,Fm413,1,162,days_to_harvest,Days to harvest
LN2024,Fm413,2,167,days_to_harvest,Days to harvest
LN2024,Fm413,3,156,days_to_harvest,Days to harvest
LN2024,Fm414,1,147,days_to_harvest,Days to harvest
LN2024,Fm414,2,152,days_to_harvest,Days to harvest
LN2024,Fm414,3,155,days_to_harvest,Days to harvest
LN2024,Fm415,1,139,days_to_harvest,Days to harvest
LN2024,Fm415,2,152,days_to_harvest,Days to harvest
LN2024,Fm415,3,153,days_to_harvest,Days to harvest
LN2024,Fm416,1,159,days_to_harvest,Days to harvest
LN2024,Fm416,2,167,days_to_harvest,Days to harvest
LN2024,Fm416,3,186,days_to_harvest,Days to harvest
LN2024,Fm417,1,177,days_to_harvest,Days to harvest
LN2024,Fm417,2,187,days_to_harvest,Days to harvest
LN2024,Fm417,3,192,days_to_harvest,Days to harvest
LN2024,Fm418,1,186,days_to_harvest,Days to harvest
LN2024,Fm418,2,181,days_to_harvest,Days to harvest
LN2024,Fm418,3,177,days_to_harvest,Days to harvest
LN2024,Fm419,1,138,days_to_harvest,Days to harvest
LN2024,Fm419,2,147,days_to_harvest,Days to harvest
LN2024,Fm419,3,138,days_to_harvest,Days to harvest
LN2024,Fm420,1,166,days_to_harvest,Days to harvest
LN2024,Fm420,3,155,days_to_harvest,Days to harvest
LN2024,Fm421,1,168,days_to_harvest,Days to harvest
LN2024,Fm421,2,186,days_to_harvest,Days to harvest
LN2024,Fm421,3,186,days_to_harvest,Days to harvest
LN2024,Fm428,1,147,days_to_harvest,Days to harvest
LN2024,Fm428,3,139,days_to_harvest,Days to harvest
LN2024,Fm429,1,147,days_to_harvest,Days to harvest
LN2024,Fm429,2,147,days_to_harvest,Days to harvest
LN2024,Fm429,3,147,days_to_harvest,Days to harvest
LN2024,Fm43,1,180,days_to_harvest,Days to harvest
LN2024,Fm43,2,177,days_to_harvest,Days to harvest
LN2024,Fm43,3,181,days_to_harvest,Days to harvest
LN2024,Fm44,1,166,days_to_harvest,Days to harvest
LN2024,Fm44,2,162,days_to_harvest,Days to harvest
LN2024,Fm44,3,187,days_to_harvest,Days to harvest
LN2024,Fm442,1,156,days_to_harvest,Days to harvest
LN2024,Fm442,2,186,days_to_harvest,Days to harvest
LN2024,Fm442,3,167,days_to_harvest,Days to harvest
LN2024,Fm443,1,180,days_to_harvest,Days to harvest
LN2024,Fm443,2,156,days_to_harvest,Days to harvest
LN2024,Fm444,1,166,days_to_harvest,Days to harvest
LN2024,Fm444,2,167,days_to_harvest,Days to harvest
LN2024,Fm444,3,167,days_to_harvest,Days to harvest
LN2024,Fm446,1,159,days_to_harvest,Days to harvest
LN2024,Fm446,2,156,days_to_harvest,Days to harvest
LN2024,Fm446,3,167,days_to_harvest,Days to harvest
LN2024,Fm458,1,183,days_to_harvest,Days to harvest
LN2024,Fm458,2,186,days_to_harvest,Days to harvest
LN2024,Fm458,3,181,days_to_harvest,Days to harvest
LN2024,Fm464,1,177,days_to_harvest,Days to harvest
LN2024,Fm464,2,177,days_to_harvest,Days to harvest
LN2024,Fm464,3,177,days_to_harvest,Days to harvest
LN2024,Fm474,1,155,days_to_harvest,Days to harvest
LN2024,Fm474,2,152,days_to_harvest,Days to harvest
LN2024,Fm474,3,150,days_to_harvest,Days to harvest
LN2024,Fm475,1,149,days_to_harvest,Days to harvest
LN2024,Fm475,2,155,days_to_harvest,Days to harvest
LN2024,Fm475,3,167,days_to_harvest,Days to harvest
LN2024,Fm477,1,186,days_to_harvest,Days to harvest
LN2024,Fm477,2,186,days_to_harvest,Days to harvest
LN2024,Fm477,3,186,days_to_harvest,Days to harvest
LN2024,Fm478,1,162,days_to_harvest,Days to harvest
LN2024,Fm478,2,166,days_to_harvest,Days to harvest
LN2024,Fm478,3,162,days_to_harvest,Days to harvest
LN2024,Fm480,1,166,days_to_harvest,Days to harvest
LN2024,Fm480,2,168,days_to_harvest,Days to harvest
LN2024,Fm480,3,186,days_to_harvest,Days to harvest
LN2024,Fm482,1,177,days_to_harvest,Days to harvest
LN2024,Fm482,2,167,days_to_harvest,Days to harvest
LN2024,Fm482,3,162,days_to_harvest,Days to harvest
LN2024,Fm484,1,166,days_to_harvest,Days to harvest
LN2024,Fm484,2,167,days_to_harvest,Days to harvest
LN2024,Fm484,3,167,days_to_harvest,Days to harvest
LN2024,Fm489,1,147,days_to_harvest,Days to harvest
LN2024,Fm489,2,139,days_to_harvest,Days to harvest
LN2024,Fm489,3,150,days_to_harvest,Days to harvest
LN2024,Fm491,1,183,days_to_harvest,Days to harvest
LN2024,Fm491,2,149,days_to_harvest,Days to harvest
LN2024,Fm491,3,155,days_to_harvest,Days to harvest
LN2024,Fm492,1,162,days_to_harvest,Days to harvest
LN2024,Fm492,2,167,days_to_harvest,Days to harvest
LN2024,Fm492,3,167,days_to_harvest,Days to harvest
LN2024,Fm496,1,139,days_to_harvest,Days to harvest
LN2024,Fm496,2,139,days_to_harvest,Days to harvest
LN2024,Fm496,3,159,days_to_harvest,Days to harvest
LN2024,Fm505,1,181,days_to_harvest,Days to harvest
LN2024,Fm505,2,177,days_to_harvest,Days to harvest
LN2024,Fm505,3,187,days_to_harvest,Days to harvest
LN2024,Fm507,1,181,days_to_harvest,Days to harvest
LN2024,Fm507,2,166,days_to_harvest,Days to harvest
LN2024,Fm507,3,162,days_to_harvest,Days to harvest
LN2024,Fm510,1,181,days_to_harvest,Days to harvest
LN2024,Fm510,2,181,days_to_harvest,Days to harvest
LN2024,Fm510,3,177,days_to_harvest,Days to harvest
LN2024,Fm518,1,149,days_to_harvest,Days to harvest
LN2024,Fm518,2,159,days_to_harvest,Days to harvest
LN2024,Fm518,3,150,days_to_harvest,Days to harvest
LN2024,Fm519,1,180,days_to_harvest,Days to harvest
LN2024,Fm519,2,162,days_to_harvest,Days to harvest
LN2024,Fm519,3,162,days_to_harvest,Days to harvest
LN2024,Fm522,1,186,days_to_harvest,Days to harvest
LN2024,Fm522,2,187,days_to_harvest,Days to harvest
LN2024,Fm522,3,167,days_to_harvest,Days to harvest
LN2024,Fm523,1,147,days_to_harvest,Days to harvest
LN2024,Fm523,2,139,days_to_harvest,Days to harvest
LN2024,Fm523,3,147,days_to_harvest,Days to harvest
LN2024,Fm524,1,152,days_to_harvest,Days to harvest
LN2024,Fm524,2,155,days_to_harvest,Days to harvest
LN2024,Fm524,3,153,days_to_harvest,Days to harvest
LN2024,Fm537,1,156,days_to_harvest,Days to harvest
LN2024,Fm537,2,150,days_to_harvest,Days to harvest
LN2024,Fm537,3,155,days_to_harvest,Days to harvest
LN2024,Fm552,1,159,days_to_harvest,Days to harvest
LN2024,Fm552,2,147,days_to_harvest,Days to harvest
LN2024,Fm552,3,159,days_to_harvest,Days to harvest
LN2024,Fm56,1,183,days_to_harvest,Days to harvest
LN2024,Fm56,2,179,days_to_harvest,Days to harvest
LN2024,Fm56,3,186,days_to_harvest,Days to harvest
LN2024,Fm560,1,128,days_to_harvest,Days to harvest
LN2024,Fm560,2,131,days_to_harvest,Days to harvest
LN2024,Fm560,3,128,days_to_harvest,Days to harvest
LN2024,Fm566,1,162,days_to_harvest,Days to harvest
LN2024,Fm566,2,149,days_to_harvest,Days to harvest
LN2024,Fm566,3,159,days_to_harvest,Days to harvest
LN2024,Fm569,1,131,days_to_harvest,Days to harvest
LN2024,Fm569,2,128,days_to_harvest,Days to harvest
LN2024,Fm585,1,177,days_to_harvest,Days to harvest
LN2024,Fm585,2,155,days_to_harvest,Days to harvest
LN2024,Fm585,3,153,days_to_harvest,Days to harvest
LN2024,Fm589,1,122,days_to_harvest,Days to harvest
LN2024,Fm589,3,121,days_to_harvest,Days to harvest
LN2024,Fm590,1,131,days_to_harvest,Days to harvest
LN2024,Fm590,2,138,days_to_harvest,Days to harvest
LN2024,Fm590,3,131,days_to_harvest,Days to harvest
LN2024,Fm592,1,131,days_to_harvest,Days to harvest
LN2024,Fm592,2,131,days_to_harvest,Days to harvest
LN2024,Fm592,3,162,days_to_harvest,Days to harvest
LN2024,Fm600,1,179,days_to_harvest,Days to harvest
LN2024,Fm600,2,179,days_to_harvest,Days to harvest
LN2024,Fm600,3,186,days_to_harvest,Days to harvest
LN2024,Fm601,1,187,days_to_harvest,Days to harvest
LN2024,Fm601,2,180,days_to_harvest,Days to harvest
LN2024,Fm601,3,187,days_to_harvest,Days to harvest
LN2024,Fm610,1,159,days_to_harvest,Days to harvest
LN2024,Fm610,2,155,days_to_harvest,Days to harvest
LN2024,Fm610,3,155,days_to_harvest,Days to harvest
LN2024,Fm611,1,149,days_to_harvest,Days to harvest
LN2024,Fm611,2,155,days_to_harvest,Days to harvest
LN2024,Fm611,3,152,days_to_harvest,Days to harvest
LN2024,Fm612,1,156,days_to_harvest,Days to harvest
LN2024,Fm612,2,156,days_to_harvest,Days to harvest
LN2024,Fm612,3,155,days_to_harvest,Days to harvest
LN2024,Fm614,1,186,days_to_harvest,Days to harvest
LN2024,Fm614,2,187,days_to_harvest,Days to harvest
LN2024,Fm614,3,192,days_to_harvest,Days to harvest
LN2024,Fm615,1,162,days_to_harvest,Days to harvest
LN2024,Fm615,2,166,days_to_harvest,Days to harvest
LN2024,Fm615,3,156,days_to_harvest,Days to harvest
LN2024,Fm616,1,122,days_to_harvest,Days to harvest
LN2024,Fm616,2,122,days_to_harvest,Days to harvest
LN2024,Fm616,3,122,days_to_harvest,Days to harvest
LN2024,Fm620,1,131,days_to_harvest,Days to harvest
LN2024,Fm620,2,132,days_to_harvest,Days to harvest
LN2024,Fm620,3,132,days_to_harvest,Days to harvest
LN2024,Fm621,1,152,days_to_harvest,Days to harvest
LN2024,Fm621,2,153,days_to_harvest,Days to harvest
LN2024,Fm621,3,159,days_to_harvest,Days to harvest
LN2024,Fm65,1,177,days_to_harvest,Days to harvest
LN2024,Fm65,2,186,days_to_harvest,Days to harvest
LN2024,Fm65,3,186,days_to_harvest,Days to harvest
LN2024,Fm78,1,192,days_to_harvest,Days to harvest
LN2024,Fm78,3,177,days_to_harvest,Days to harvest
LN2024,Fm79,1,183,days_to_harvest,Days to harvest
LN2024,Fm79,2,186,days_to_harvest,Days to harvest
LN2024,Fm79,3,192,days_to_harvest,Days to harvest
LN2024,Fm86,1,192,days_to_harvest,Days to harvest
LN2024,Fm86,2,181,days_to_harvest,Days to harvest
LN2024,Fm86,3,177,days_to_harvest,Days to harvest
LN2024,Fm134,1,0.63,normalized_difference_vegetation_index,Normalized Difference Vegetation Index
LN2024,Fm134,2,0.78,normalized_difference_vegetation_index,Normalized Difference Vegetation Index
LN2024,Fm134,3,0.59,normalized_difference_vegetation_index,Normalized Difference Vegetation Index
LN2024,Fm156,1,0.62,normalized_difference_vegetation_index,Normalized Difference Vegetation Index
LN2024,Fm156,2,0.68,normalized_difference_vegetation_index,Normalized Difference Vegetation Index
LN2024,Fm156,3,0.46,normalized_difference_vegetation_index,Normalized Difference Vegetation Index
LN2024,Fm161,1,0.67,normalized_difference_vegetation_index,Normalized Difference Vegetation Index
LN2024,Fm161,2,0.61,normalized_difference_vegetation_index,Normalized Difference Vegetation Index
LN2024,Fm161,3,0.62,normalized_difference_vegetation_index,Normalized Difference Vegetation Index
LN2024,Fm168,1,0.64,normalized_difference_vegetation_index,Normalized Difference Vegetation Index
LN2024,Fm168,2,0.64,normalized_difference_vegetation_index,Normalized Difference Vegetation Index
LN2024,Fm168,3,0.7,normalized_difference_vegetation_index,Normalized Difference Vegetation Index
LN2024,Fm170,1,0.59,normalized_difference_vegetation_index,Normalized Difference Vegetation Index
LN2024,Fm170,2,0.54,normalized_difference_vegetation_index,Normalized Difference Vegetation Index
LN2024,Fm170,3,0.57,normalized_difference_vegetation_index,Normalized Difference Vegetation Index
LN2024,Fm173,1,0.73,normalized_difference_vegetation_index,Normalized Difference Vegetation Index
LN2024,Fm173,2,0.71,normalized_difference_vegetation_index,Normalized Difference Vegetation Index
LN2024,Fm173,3,0.62,normalized_difference_vegetation_index,Normalized Difference Vegetation Index
LN2024,Fm174,1,0.78,normalized_difference_vegetation_index,Normalized Difference Vegetation Index
LN2024,Fm174,2,0.75,normalized_difference_vegetation_index,Normalized Difference Vegetation Index
LN2024,Fm174,3,0.69,normalized_difference_vegetation_index,Normalized Difference Vegetation Index
LN2024,Fm176,1,0.47,normalized_difference_vegetation_index,Normalized Difference Vegetation Index
LN2024,Fm176,2,0.57,normalized_difference_vegetation_index,Normalized Difference Vegetation Index
LN2024,Fm176,3,0.47,normalized_difference_vegetation_index,Normalized Difference Vegetation Index
LN2024,Fm181,1,0.7,normalized_difference_vegetation_index,Normalized Difference Vegetation Index
LN2024,Fm181,2,0.73,normalized_difference_vegetation_index,Normalized Difference Vegetation Index
LN2024,Fm181,3,0.6,normalized_difference_vegetation_index,Normalized Difference Vegetation Index
LN2024,Fm185,1,0.61,normalized_difference_vegetation_index,Normalized Difference Vegetation Index
LN2024,Fm185,2,0.38,normalized_difference_vegetation_index,Normalized Difference Vegetation Index
LN2024,Fm185,3,0.41,normalized_difference_vegetation_index,Normalized Difference Vegetation Index
LN2024,Fm190,1,0.65,normalized_difference_vegetation_index,Normalized Difference Vegetation Index
LN2024,Fm190,2,0.72,normalized_difference_vegetation_index,Normalized Difference Vegetation Index
LN2024,Fm190,3,0.64,normalized_difference_vegetation_index,Normalized Difference Vegetation Index
LN2024,Fm193,1,0.58,normalized_difference_vegetation_index,Normalized Difference Vegetation Index
LN2024,Fm193,2,0.64,normalized_difference_vegetation_index,Normalized Difference Vegetation Index
LN2024,Fm193,3,0.58,normalized_difference_vegetation_index,Normalized Difference Vegetation Index
LN2024,Fm194,1,0.71,normalized_difference_vegetation_index,Normalized Difference Vegetation Index
LN2024,Fm194,2,0.67,normalized_difference_vegetation_index,Normalized Difference Vegetation Index
LN2024,Fm194,3,0.58,normalized_difference_vegetation_index,Normalized Difference Vegetation Index
LN2024,Fm195,1,0.67,normalized_difference_vegetation_index,Normalized Difference Vegetation Index
LN2024,Fm195,2,0.65,normalized_difference_vegetation_index,Normalized Difference Vegetation Index
LN2024,Fm195,3,0.65,normalized_difference_vegetation_index,Normalized Difference Vegetation Index
LN2024,Fm20,1,0.65,normalized_difference_vegetation_index,Normalized Difference Vegetation Index
LN2024,Fm20,2,0.59,normalized_difference_vegetation_index,Normalized Difference Vegetation Index
LN2024,Fm20,3,0.62,normalized_difference_vegetation_index,Normalized Difference Vegetation Index
LN2024,Fm203,1,0.59,normalized_difference_vegetation_index,Normalized Difference Vegetation Index
LN2024,Fm203,2,0.66,normalized_difference_vegetation_index,Normalized Difference Vegetation Index
LN2024,Fm203,3,0.67,normalized_difference_vegetation_index,Normalized Difference Vegetation Index
LN2024,Fm208,1,0.63,normalized_difference_vegetation_index,Normalized Difference Vegetation Index
LN2024,Fm208,2,0.6,normalized_difference_vegetation_index,Normalized Difference Vegetation Index
LN2024,Fm208,3,0.62,normalized_difference_vegetation_index,Normalized Difference Vegetation Index
LN2024,Fm214,1,0.71,normalized_difference_vegetation_index,Normalized Difference Vegetation Index
LN2024,Fm214,2,0.57,normalized_difference_vegetation_index,Normalized Difference Vegetation Index
LN2024,Fm214,3,0.66,normalized_difference_vegetation_index,Normalized Difference Vegetation Index
LN2024,Fm215,1,0.62,normalized_difference_vegetation_index,Normalized Difference Vegetation Index
LN2024,Fm215,2,0.65,normalized_difference_vegetation_index,Normalized Difference Vegetation Index
LN2024,Fm215,3,0.57,normalized_difference_vegetation_index,Normalized Difference Vegetation Index
LN2024,Fm216,2,0.6,normalized_difference_vegetation_index,Normalized Difference Vegetation Index
LN2024,Fm219,1,0.6,normalized_difference_vegetation_index,Normalized Difference Vegetation Index
LN2024,Fm219,2,0.6,normalized_difference_vegetation_index,Normalized Difference Vegetation Index
LN2024,Fm219,3,0.58,normalized_difference_vegetation_index,Normalized Difference Vegetation Index
LN2024,Fm221,1,0.72,normalized_difference_vegetation_index,Normalized Difference Vegetation Index
LN2024,Fm221,2,0.62,normalized_difference_vegetation_index,Normalized Difference Vegetation Index
LN2024,Fm221,3,0.63,normalized_difference_vegetation_index,Normalized Difference Vegetation Index
LN2024,Fm225,1,0.61,normalized_difference_vegetation_index,Normalized Difference Vegetation Index
LN2024,Fm225,2,0.56,normalized_difference_vegetation_index,Normalized Difference Vegetation Index
LN2024,Fm225,3,0.59,normalized_difference_vegetation_index,Normalized Difference Vegetation Index
LN2024,Fm227,1,0.57,normalized_difference_vegetation_index,Normalized Difference Vegetation Index
LN2024,Fm227,2,0.42,normalized_difference_vegetation_index,Normalized Difference Vegetation Index
LN2024,Fm227,3,0.6,normalized_difference_vegetation_index,Normalized Difference Vegetation Index
LN2024,Fm233,1,0.52,normalized_difference_vegetation_index,Normalized Difference Vegetation Index
LN2024,Fm233,2,0.51,normalized_difference_vegetation_index,Normalized Difference Vegetation Index
LN2024,Fm233,3,0.64,normalized_difference_vegetation_index,Normalized Difference Vegetation Index
LN2024,Fm235,1,0.68,normalized_difference_vegetation_index,Normalized Difference Vegetation Index
LN2024,Fm235,2,0.62,normalized_difference_vegetation_index,Normalized Difference Vegetation Index
LN2024,Fm235,3,0.48,normalized_difference_vegetation_index,Normalized Difference Vegetation Index
LN2024,Fm236,1,0.62,normalized_difference_vegetation_index,Normalized Difference Vegetation Index
LN2024,Fm236,2,0.64,normalized_difference_vegetation_index,Normalized Difference Vegetation Index
LN2024,Fm236,3,0.58,normalized_difference_vegetation_index,Normalized Difference Vegetation Index
LN2024,Fm238,1,0.5,normalized_difference_vegetation_index,Normalized Difference Vegetation Index
LN2024,Fm238,2,0.4,normalized_difference_vegetation_index,Normalized Difference Vegetation Index
LN2024,Fm238,3,0.4,normalized_difference_vegetation_index,Normalized Difference Vegetation Index
LN2024,Fm249,1,0.63,normalized_difference_vegetation_index,Normalized Difference Vegetation Index
LN2024,Fm249,2,0.59,normalized_difference_vegetation_index,Normalized Difference Vegetation Index
LN2024,Fm249,3,0.64,normalized_difference_vegetation_index,Normalized Difference Vegetation Index
LN2024,Fm250,1,0.6,normalized_difference_vegetation_index,Normalized Difference Vegetation Index
LN2024,Fm250,2,0.65,normalized_difference_vegetation_index,Normalized Difference Vegetation Index
LN2024,Fm250,3,0.58,normalized_difference_vegetation_index,Normalized Difference Vegetation Index
LN2024,Fm3,1,0.67,normalized_difference_vegetation_index,Normalized Difference Vegetation Index
LN2024,Fm3,2,0.71,normalized_difference_vegetation_index,Normalized Difference Vegetation Index
LN2024,Fm3,3,0.73,normalized_difference_vegetation_index,Normalized Difference Vegetation Index
LN2024,Fm321,1,0.66,normalized_difference_vegetation_index,Normalized Difference Vegetation Index
LN2024,Fm321,2,0.71,normalized_difference_vegetation_index,Normalized Difference Vegetation Index
LN2024,Fm321,3,0.69,normalized_difference_vegetation_index,Normalized Difference Vegetation Index
LN2024,Fm322,1,0.66,normalized_difference_vegetation_index,Normalized Difference Vegetation Index
LN2024,Fm322,2,0.72,normalized_difference_vegetation_index,Normalized Difference Vegetation Index
LN2024,Fm322,3,0.71,normalized_difference_vegetation_index,Normalized Difference Vegetation Index
LN2024,Fm337,1,0.4,normalized_difference_vegetation_index,Normalized Difference Vegetation Index
LN2024,Fm337,2,0.61,normalized_difference_vegetation_index,Normalized Difference Vegetation Index
LN2024,Fm337,3,0.63,normalized_difference_vegetation_index,Normalized Difference Vegetation Index
LN2024,Fm341,1,0.67,normalized_difference_vegetation_index,Normalized Difference Vegetation Index
LN2024,Fm341,2,0.67,normalized_difference_vegetation_index,Normalized Difference Vegetation Index
LN2024,Fm341,3,0.68,normalized_difference_vegetation_index,Normalized Difference Vegetation Index
LN2024,Fm343,1,0.7,normalized_difference_vegetation_index,Normalized Difference Vegetation Index
LN2024,Fm343,2,0.6,normalized_difference_vegetation_index,Normalized Difference Vegetation Index
LN2024,Fm343,3,0.61,normalized_difference_vegetation_index,Normalized Difference Vegetation Index
LN2024,Fm344,1,0.56,normalized_difference_vegetation_index,Normalized Difference Vegetation Index
LN2024,Fm344,2,0.38,normalized_difference_vegetation_index,Normalized Difference Vegetation Index
LN2024,Fm344,3,0.43,normalized_difference_vegetation_index,Normalized Difference Vegetation Index
LN2024,Fm345,1,0.64,normalized_difference_vegetation_index,Normalized Difference Vegetation Index
LN2024,Fm345,2,0.66,normalized_difference_vegetation_index,Normalized Difference Vegetation Index
LN2024,Fm345,3,0.62,normalized_difference_vegetation_index,Normalized Difference Vegetation Index
LN2024,Fm346,1,0.52,normalized_difference_vegetation_index,Normalized Difference Vegetation Index
LN2024,Fm346,2,0.49,normalized_difference_vegetation_index,Normalized Difference Vegetation Index
LN2024,Fm347,1,0.6,normalized_difference_vegetation_index,Normalized Difference Vegetation Index
LN2024,Fm347,2,0.67,normalized_difference_vegetation_index,Normalized Difference Vegetation Index
LN2024,Fm347,3,0.6,normalized_difference_vegetation_index,Normalized Difference Vegetation Index
LN2024,Fm349,1,0.69,normalized_difference_vegetation_index,Normalized Difference Vegetation Index
LN2024,Fm349,2,0.62,normalized_difference_vegetation_index,Normalized Difference Vegetation Index
LN2024,Fm349,3,0.75,normalized_difference_vegetation_index,Normalized Difference Vegetation Index
LN2024,Fm351,1,0.7,normalized_difference_vegetation_index,Normalized Difference Vegetation Index
LN2024,Fm351,2,0.59,normalized_difference_vegetation_index,Normalized Difference Vegetation Index
LN2024,Fm351,3,0.67,normalized_difference_vegetation_index,Normalized Difference Vegetation Index
LN2024,Fm352,1,0.6,normalized_difference_vegetation_index,Normalized Difference Vegetation Index
LN2024,Fm352,2,0.61,normalized_difference_vegetation_index,Normalized Difference Vegetation Index
LN2024,Fm354,1,0.58,normalized_difference_vegetation_index,Normalized Difference Vegetation Index
LN2024,Fm354,2,0.53,normalized_difference_vegetation_index,Normalized Difference Vegetation Index
LN2024,Fm354,3,0.67,normalized_difference_vegetation_index,Normalized Difference Vegetation Index
LN2024,Fm355,1,0.64,normalized_difference_vegetation_index,Normalized Difference Vegetation Index
LN2024,Fm355,2,0.69,normalized_difference_vegetation_index,Normalized Difference Vegetation Index
LN2024,Fm355,3,0.67,normalized_difference_vegetation_index,Normalized Difference Vegetation Index
LN2024,Fm356,1,0.64,normalized_difference_vegetation_index,Normalized Difference Vegetation Index
LN2024,Fm356,2,0.54,normalized_difference_vegetation_index,Normalized Difference Vegetation Index
LN2024,Fm356,3,0.53,normalized_difference_vegetation_index,Normalized Difference Vegetation Index
LN2024,Fm358,1,0.51,normalized_difference_vegetation_index,Normalized Difference Vegetation Index
LN2024,Fm358,2,0.47,normalized_difference_vegetation_index,Normalized Difference Vegetation Index
LN2024,Fm358,3,0.51,normalized_difference_vegetation_index,Normalized Difference Vegetation Index
LN2024,Fm359,1,0.66,normalized_difference_vegetation_index,Normalized Difference Vegetation Index
LN2024,Fm359,2,0.6,normalized_difference_vegetation_index,Normalized Difference Vegetation Index
LN2024,Fm359,3,0.52,normalized_difference_vegetation_index,Normalized Difference Vegetation Index
LN2024,Fm36,1,0.5,normalized_difference_vegetation_index,Normalized Difference Vegetation Index
LN2024,Fm36,2,0.37,normalized_difference_vegetation_index,Normalized Difference Vegetation Index
LN2024,Fm36,3,0.33,normalized_difference_vegetation_index,Normalized Difference Vegetation Index
LN2024,Fm361,1,0.62,normalized_difference_vegetation_index,Normalized Difference Vegetation Index
LN2024,Fm361,2,0.64,normalized_difference_vegetation_index,Normalized Difference Vegetation Index
LN2024,Fm361,3,0.66,normalized_difference_vegetation_index,Normalized Difference Vegetation Index
LN2024,Fm363,1,0.67,normalized_difference_vegetation_index,Normalized Difference Vegetation Index
LN2024,Fm363,2,0.7,normalized_difference_vegetation_index,Normalized Difference Vegetation Index
LN2024,Fm363,3,0.45,normalized_difference_vegetation_index,Normalized Difference Vegetation Index
LN2024,Fm364,1,0.52,normalized_difference_vegetation_index,Normalized Difference Vegetation Index
LN2024,Fm364,2,0.55,normalized_difference_vegetation_index,Normalized Difference Vegetation Index
LN2024,Fm364,3,0.5,normalized_difference_vegetation_index,Normalized Difference Vegetation Index
LN2024,Fm365,1,0.6,normalized_difference_vegetation_index,Normalized Difference Vegetation Index
LN2024,Fm365,2,0.48,normalized_difference_vegetation_index,Normalized Difference Vegetation Index
LN2024,Fm365,3,0.62,normalized_difference_vegetation_index,Normalized Difference Vegetation Index
LN2024,Fm366,1,0.71,normalized_difference_vegetation_index,Normalized Difference Vegetation Index
LN2024,Fm366,2,0.64,normalized_difference_vegetation_index,Normalized Difference Vegetation Index
LN2024,Fm366,3,0.65,normalized_difference_vegetation_index,Normalized Difference Vegetation Index
LN2024,Fm368,1,0.68,normalized_difference_vegetation_index,Normalized Difference Vegetation Index
LN2024,Fm368,2,0.71,normalized_difference_vegetation_index,Normalized Difference Vegetation Index
LN2024,Fm368,3,0.46,normalized_difference_vegetation_index,Normalized Difference Vegetation Index
LN2024,Fm369,1,0.5,normalized_difference_vegetation_index,Normalized Difference Vegetation Index
LN2024,Fm369,2,0.7,normalized_difference_vegetation_index,Normalized Difference Vegetation Index
LN2024,Fm369,3,0.52,normalized_difference_vegetation_index,Normalized Difference Vegetation Index
LN2024,Fm370,1,0.36,normalized_difference_vegetation_index,Normalized Difference Vegetation Index
LN2024,Fm370,2,0.67,normalized_difference_vegetation_index,Normalized Difference Vegetation Index
LN2024,Fm370,3,0.4,normalized_difference_vegetation_index,Normalized Difference Vegetation Index
LN2024,Fm372,1,0.67,normalized_difference_vegetation_index,Normalized Difference Vegetation Index
LN2024,Fm372,2,0.64,normalized_difference_vegetation_index,Normalized Difference Vegetation Index
LN2024,Fm372,3,0.62,normalized_difference_vegetation_index,Normalized Difference Vegetation Index
LN2024,Fm375,1,0.65,normalized_difference_vegetation_index,Normalized Difference Vegetation Index
LN2024,Fm375,2,0.65,normalized_difference_vegetation_index,Normalized Difference Vegetation Index
LN2024,Fm375,3,0.61,normalized_difference_vegetation_index,Normalized Difference Vegetation Index
LN2024,Fm376,1,0.64,normalized_difference_vegetation_index,Normalized Difference Vegetation Index
LN2024,Fm376,2,0.54,normalized_difference_vegetation_index,Normalized Difference Vegetation Index
LN2024,Fm376,3,0.64,normalized_difference_vegetation_index,Normalized Difference Vegetation Index
LN2024,Fm377,1,0.61,normalized_difference_vegetation_index,Normalized Difference Vegetation Index
LN2024,Fm377,2,0.73,normalized_difference_vegetation_index,Normalized Difference Vegetation Index
LN2024,Fm377,3,0.69,normalized_difference_vegetation_index,Normalized Difference Vegetation Index
LN2024,Fm378,1,0.57,normalized_difference_vegetation_index,Normalized Difference Vegetation Index
LN2024,Fm378,2,0.72,normalized_difference_vegetation_index,Normalized Difference Vegetation Index
LN2024,Fm378,3,0.62,normalized_difference_vegetation_index,Normalized Difference Vegetation Index
LN2024,Fm379,1,0.75,normalized_difference_vegetation_index,Normalized Difference Vegetation Index
LN2024,Fm379,2,0.71,normalized_difference_vegetation_index,Normalized Difference Vegetation Index
LN2024,Fm379,3,0.67,normalized_difference_vegetation_index,Normalized Difference Vegetation Index
LN2024,Fm380,1,0.65,normalized_difference_vegetation_index,Normalized Difference Vegetation Index
LN2024,Fm380,2,0.45,normalized_difference_vegetation_index,Normalized Difference Vegetation Index
LN2024,Fm380,3,0.67,normalized_difference_vegetation_index,Normalized Difference Vegetation Index
LN2024,Fm381,1,0.67,normalized_difference_vegetation_index,Normalized Difference Vegetation Index
LN2024,Fm381,2,0.65,normalized_difference_vegetation_index,Normalized Difference Vegetation Index
LN2024,Fm381,3,0.64,normalized_difference_vegetation_index,Normalized Difference Vegetation Index
LN2024,Fm382,1,0.61,normalized_difference_vegetation_index,Normalized Difference Vegetation Index
LN2024,Fm382,2,0.68,normalized_difference_vegetation_index,Normalized Difference Vegetation Index
LN2024,Fm382,3,0.68,normalized_difference_vegetation_index,Normalized Difference Vegetation Index
LN2024,Fm384,1,0.54,normalized_difference_vegetation_index,Normalized Difference Vegetation Index
LN2024,Fm384,2,0.57,normalized_difference_vegetation_index,Normalized Difference Vegetation Index
LN2024,Fm384,3,0.51,normalized_difference_vegetation_index,Normalized Difference Vegetation Index
LN2024,Fm387,1,0.64,normalized_difference_vegetation_index,Normalized Difference Vegetation Index
LN2024,Fm387,2,0.57,normalized_difference_vegetation_index,Normalized Difference Vegetation Index
LN2024,Fm387,3,0.6,normalized_difference_vegetation_index,Normalized Difference Vegetation Index
LN2024,Fm388,1,0.52,normalized_difference_vegetation_index,Normalized Difference Vegetation Index
LN2024,Fm388,2,0.55,normalized_difference_vegetation_index,Normalized Difference Vegetation Index
LN2024,Fm388,3,0.61,normalized_difference_vegetation_index,Normalized Difference Vegetation Index
LN2024,Fm389,1,0.51,normalized_difference_vegetation_index,Normalized Difference Vegetation Index
LN2024,Fm389,2,0.49,normalized_difference_vegetation_index,Normalized Difference Vegetation Index
LN2024,Fm389,3,0.51,normalized_difference_vegetation_index,Normalized Difference Vegetation Index
LN2024,Fm391,1,0.71,normalized_difference_vegetation_index,Normalized Difference Vegetation Index
LN2024,Fm391,2,0.64,normalized_difference_vegetation_index,Normalized Difference Vegetation Index
LN2024,Fm391,3,0.54,normalized_difference_vegetation_index,Normalized Difference Vegetation Index
LN2024,Fm392,1,0.71,normalized_difference_vegetation_index,Normalized Difference Vegetation Index
LN2024,Fm392,2,0.7,normalized_difference_vegetation_index,Normalized Difference Vegetation Index
LN2024,Fm392,3,0.65,normalized_difference_vegetation_index,Normalized Difference Vegetation Index
LN2024,Fm394,1,0.55,normalized_difference_vegetation_index,Normalized Difference Vegetation Index
LN2024,Fm394,2,0.67,normalized_difference_vegetation_index,Normalized Difference Vegetation Index
LN2024,Fm394,3,0.47,normalized_difference_vegetation_index,Normalized Difference Vegetation Index
LN2024,Fm395,1,0.69,normalized_difference_vegetation_index,Normalized Difference Vegetation Index
LN2024,Fm395,2,0.68,normalized_difference_vegetation_index,Normalized Difference Vegetation Index
LN2024,Fm395,3,0.65,normalized_difference_vegetation_index,Normalized Difference Vegetation Index
LN2024,Fm396,1,0.46,normalized_difference_vegetation_index,Normalized Difference Vegetation Index
LN2024,Fm396,2,0.73,normalized_difference_vegetation_index,Normalized Difference Vegetation Index
LN2024,Fm396,3,0.58,normalized_difference_vegetation_index,Normalized Difference Vegetation Index
LN2024,Fm398,1,0.59,normalized_difference_vegetation_index,Normalized Difference Vegetation Index
LN2024,Fm398,2,0.63,normalized_difference_vegetation_index,Normalized Difference Vegetation Index
LN2024,Fm400,1,0.74,normalized_difference_vegetation_index,Normalized Difference Vegetation Index
LN2024,Fm400,2,0.7,normalized_difference_vegetation_index,Normalized Difference Vegetation Index
LN2024,Fm400,3,0.68,normalized_difference_vegetation_index,Normalized Difference Vegetation Index
LN2024,Fm401,1,0.66,normalized_difference_vegetation_index,Normalized Difference Vegetation Index
LN2024,Fm401,2,0.61,normalized_difference_vegetation_index,Normalized Difference Vegetation Index
LN2024,Fm401,3,0.62,normalized_difference_vegetation_index,Normalized Difference Vegetation Index
LN2024,Fm402,1,0.72,normalized_difference_vegetation_index,Normalized Difference Vegetation Index
LN2024,Fm402,2,0.65,normalized_difference_vegetation_index,Normalized Difference Vegetation Index
LN2024,Fm402,3,0.67,normalized_difference_vegetation_index,Normalized Difference Vegetation Index
LN2024,Fm404,1,0.66,normalized_difference_vegetation_index,Normalized Difference Vegetation Index
LN2024,Fm404,2,0.64,normalized_difference_vegetation_index,Normalized Difference Vegetation Index
LN2024,Fm404,3,0.6,normalized_difference_vegetation_index,Normalized Difference Vegetation Index
LN2024,Fm405,1,0.63,normalized_difference_vegetation_index,Normalized Difference Vegetation Index
LN2024,Fm405,2,0.66,normalized_difference_vegetation_index,Normalized Difference Vegetation Index
LN2024,Fm405,3,0.64,normalized_difference_vegetation_index,Normalized Difference Vegetation Index
LN2024,Fm406,1,0.62,normalized_difference_vegetation_index,Normalized Difference Vegetation Index
LN2024,Fm406,2,0.63,normalized_difference_vegetation_index,Normalized Difference Vegetation Index
LN2024,Fm406,3,0.55,normalized_difference_vegetation_index,Normalized Difference Vegetation Index
LN2024,Fm407,1,0.67,normalized_difference_vegetation_index,Normalized Difference Vegetation Index
LN2024,Fm407,2,0.54,normalized_difference_vegetation_index,Normalized Difference Vegetation Index
LN2024,Fm407,3,0.69,normalized_difference_vegetation_index,Normalized Difference Vegetation Index
LN2024,Fm41,1,0.71,normalized_difference_vegetation_index,Normalized Difference Vegetation Index
LN2024,Fm41,2,0.69,normalized_difference_vegetation_index,Normalized Difference Vegetation Index
LN2024,Fm41,3,0.68,normalized_difference_vegetation_index,Normalized Difference Vegetation Index
LN2024,Fm410,1,0.67,normalized_difference_vegetation_index,Normalized Difference Vegetation Index
LN2024,Fm410,2,0.64,normalized_difference_vegetation_index,Normalized Difference Vegetation Index
LN2024,Fm410,3,0.71,normalized_difference_vegetation_index,Normalized Difference Vegetation Index
LN2024,Fm411,1,0.67,normalized_difference_vegetation_index,Normalized Difference Vegetation Index
LN2024,Fm411,2,0.71,normalized_difference_vegetation_index,Normalized Difference Vegetation Index
LN2024,Fm411,3,0.63,normalized_difference_vegetation_index,Normalized Difference Vegetation Index
LN2024,Fm412,1,0.61,normalized_difference_vegetation_index,Normalized Difference Vegetation Index
LN2024,Fm412,2,0.68,normalized_difference_vegetation_index,Normalized Difference Vegetation Index
LN2024,Fm412,3,0.64,normalized_difference_vegetation_index,Normalized Difference Vegetation Index
LN2024,Fm413,1,0.71,normalized_difference_vegetation_index,Normalized Difference Vegetation Index
LN2024,Fm413,2,0.65,normalized_difference_vegetation_index,Normalized Difference Vegetation Index
LN2024,Fm413,3,0.67,normalized_difference_vegetation_index,Normalized Difference Vegetation Index
LN2024,Fm414,1,0.63,normalized_difference_vegetation_index,Normalized Difference Vegetation Index
LN2024,Fm414,2,0.56,normalized_difference_vegetation_index,Normalized Difference Vegetation Index
LN2024,Fm414,3,0.44,normalized_difference_vegetation_index,Normalized Difference Vegetation Index
LN2024,Fm415,1,0.64,normalized_difference_vegetation_index,Normalized Difference Vegetation Index
LN2024,Fm415,2,0.6,normalized_difference_vegetation_index,Normalized Difference Vegetation Index
LN2024,Fm415,3,0.55,normalized_difference_vegetation_index,Normalized Difference Vegetation Index
LN2024,Fm416,1,0.76,normalized_difference_vegetation_index,Normalized Difference Vegetation Index
LN2024,Fm416,2,0.64,normalized_difference_vegetation_index,Normalized Difference Vegetation Index
LN2024,Fm416,3,0.58,normalized_difference_vegetation_index,Normalized Difference Vegetation Index
LN2024,Fm417,1,0.59,normalized_difference_vegetation_index,Normalized Difference Vegetation Index
LN2024,Fm417,2,0.61,normalized_difference_vegetation_index,Normalized Difference Vegetation Index
LN2024,Fm417,3,0.51,normalized_difference_vegetation_index,Normalized Difference Vegetation Index
LN2024,Fm418,1,0.68,normalized_difference_vegetation_index,Normalized Difference Vegetation Index
LN2024,Fm418,2,0.59,normalized_difference_vegetation_index,Normalized Difference Vegetation Index
LN2024,Fm418,3,0.66,normalized_difference_vegetation_index,Normalized Difference Vegetation Index
LN2024,Fm419,1,0.7,normalized_difference_vegetation_index,Normalized Difference Vegetation Index
LN2024,Fm419,2,0.61,normalized_difference_vegetation_index,Normalized Difference Vegetation Index
LN2024,Fm419,3,0.62,normalized_difference_vegetation_index,Normalized Difference Vegetation Index
LN2024,Fm420,1,0.64,normalized_difference_vegetation_index,Normalized Difference Vegetation Index
LN2024,Fm420,2,0.62,normalized_difference_vegetation_index,Normalized Difference Vegetation Index
LN2024,Fm420,3,0.7,normalized_difference_vegetation_index,Normalized Difference Vegetation Index
LN2024,Fm421,1,0.59,normalized_difference_vegetation_index,Normalized Difference Vegetation Index
LN2024,Fm421,2,0.45,normalized_difference_vegetation_index,Normalized Difference Vegetation Index
LN2024,Fm421,3,0.45,normalized_difference_vegetation_index,Normalized Difference Vegetation Index
LN2024,Fm428,1,0.73,normalized_difference_vegetation_index,Normalized Difference Vegetation Index
LN2024,Fm428,2,0.72,normalized_difference_vegetation_index,Normalized Difference Vegetation Index
LN2024,Fm428,3,0.72,normalized_difference_vegetation_index,Normalized Difference Vegetation Index
LN2024,Fm429,1,0.67,normalized_difference_vegetation_index,Normalized Difference Vegetation Index
LN2024,Fm429,2,0.67,normalized_difference_vegetation_index,Normalized Difference Vegetation Index
LN2024,Fm429,3,0.67,normalized_difference_vegetation_index,Normalized Difference Vegetation Index
LN2024,Fm43,1,0.73,normalized_difference_vegetation_index,Normalized Difference Vegetation Index
LN2024,Fm43,2,0.71,normalized_difference_vegetation_index,Normalized Difference Vegetation Index
LN2024,Fm43,3,0.68,normalized_difference_vegetation_index,Normalized Difference Vegetation Index
LN2024,Fm44,1,0.69,normalized_difference_vegetation_index,Normalized Difference Vegetation Index
LN2024,Fm44,2,0.67,normalized_difference_vegetation_index,Normalized Difference Vegetation Index
LN2024,Fm44,3,0.61,normalized_difference_vegetation_index,Normalized Difference Vegetation Index
LN2024,Fm442,1,0.64,normalized_difference_vegetation_index,Normalized Difference Vegetation Index
LN2024,Fm442,2,0.51,normalized_difference_vegetation_index,Normalized Difference Vegetation Index
LN2024,Fm442,3,0.67,normalized_difference_vegetation_index,Normalized Difference Vegetation Index
LN2024,Fm443,1,0.33,normalized_difference_vegetation_index,Normalized Difference Vegetation Index
LN2024,Fm443,2,0.62,normalized_difference_vegetation_index,Normalized Difference Vegetation Index
LN2024,Fm444,1,0.68,normalized_difference_vegetation_index,Normalized Difference Vegetation Index
LN2024,Fm444,2,0.62,normalized_difference_vegetation_index,Normalized Difference Vegetation Index
LN2024,Fm444,3,0.62,normalized_difference_vegetation_index,Normalized Difference Vegetation Index
LN2024,Fm446,1,0.7,normalized_difference_vegetation_index,Normalized Difference Vegetation Index
LN2024,Fm446,2,0.68,normalized_difference_vegetation_index,Normalized Difference Vegetation Index
LN2024,Fm446,3,0.66,normalized_difference_vegetation_index,Normalized Difference Vegetation Index
LN2024,Fm458,1,0.69,normalized_difference_vegetation_index,Normalized Difference Vegetation Index
LN2024,Fm458,2,0.65,normalized_difference_vegetation_index,Normalized Difference Vegetation Index
LN2024,Fm458,3,0.71,normalized_difference_vegetation_index,Normalized Difference Vegetation Index
LN2024,Fm464,1,0.68,normalized_difference_vegetation_index,Normalized Difference Vegetation Index
LN2024,Fm464,2,0.61,normalized_difference_vegetation_index,Normalized Difference Vegetation Index
LN2024,Fm464,3,0.62,normalized_difference_vegetation_index,Normalized Difference Vegetation Index
LN2024,Fm474,1,0.5,normalized_difference_vegetation_index,Normalized Difference Vegetation Index
LN2024,Fm474,2,0.46,normalized_difference_vegetation_index,Normalized Difference Vegetation Index
LN2024,Fm474,3,0.58,normalized_difference_vegetation_index,Normalized Difference Vegetation Index
LN2024,Fm475,1,0.73,normalized_difference_vegetation_index,Normalized Difference Vegetation Index
LN2024,Fm475,2,0.6,normalized_difference_vegetation_index,Normalized Difference Vegetation Index
LN2024,Fm475,3,0.68,normalized_difference_vegetation_index,Normalized Difference Vegetation Index
LN2024,Fm477,1,0.46,normalized_difference_vegetation_index,Normalized Difference Vegetation Index
LN2024,Fm477,2,0.44,normalized_difference_vegetation_index,Normalized Difference Vegetation Index
LN2024,Fm477,3,0.4,normalized_difference_vegetation_index,Normalized Difference Vegetation Index
LN2024,Fm478,1,0.67,normalized_difference_vegetation_index,Normalized Difference Vegetation Index
LN2024,Fm478,2,0.73,normalized_difference_vegetation_index,Normalized Difference Vegetation Index
LN2024,Fm478,3,0.71,normalized_difference_vegetation_index,Normalized Difference Vegetation Index
LN2024,Fm480,1,0.59,normalized_difference_vegetation_index,Normalized Difference Vegetation Index
LN2024,Fm480,2,0.52,normalized_difference_vegetation_index,Normalized Difference Vegetation Index
LN2024,Fm480,3,0.39,normalized_difference_vegetation_index,Normalized Difference Vegetation Index
LN2024,Fm482,1,0.4,normalized_difference_vegetation_index,Normalized Difference Vegetation Index
LN2024,Fm482,2,0.56,normalized_difference_vegetation_index,Normalized Difference Vegetation Index
LN2024,Fm482,3,0.61,normalized_difference_vegetation_index,Normalized Difference Vegetation Index
LN2024,Fm484,1,0.68,normalized_difference_vegetation_index,Normalized Difference Vegetation Index
LN2024,Fm484,2,0.68,normalized_difference_vegetation_index,Normalized Difference Vegetation Index
LN2024,Fm484,3,0.67,normalized_difference_vegetation_index,Normalized Difference Vegetation Index
LN2024,Fm489,1,0.67,normalized_difference_vegetation_index,Normalized Difference Vegetation Index
LN2024,Fm489,2,0.63,normalized_difference_vegetation_index,Normalized Difference Vegetation Index
LN2024,Fm489,3,0.56,normalized_difference_vegetation_index,Normalized Difference Vegetation Index
LN2024,Fm491,1,0.34,normalized_difference_vegetation_index,Normalized Difference Vegetation Index
LN2024,Fm491,2,0.59,normalized_difference_vegetation_index,Normalized Difference Vegetation Index
LN2024,Fm491,3,0.55,normalized_difference_vegetation_index,Normalized Difference Vegetation Index
LN2024,Fm492,1,0.65,normalized_difference_vegetation_index,Normalized Difference Vegetation Index
LN2024,Fm492,2,0.67,normalized_difference_vegetation_index,Normalized Difference Vegetation Index
LN2024,Fm492,3,0.68,normalized_difference_vegetation_index,Normalized Difference Vegetation Index
LN2024,Fm496,1,0.66,normalized_difference_vegetation_index,Normalized Difference Vegetation Index
LN2024,Fm496,2,0.68,normalized_difference_vegetation_index,Normalized Difference Vegetation Index
LN2024,Fm496,3,0.46,normalized_difference_vegetation_index,Normalized Difference Vegetation Index
LN2024,Fm505,1,0.66,normalized_difference_vegetation_index,Normalized Difference Vegetation Index
LN2024,Fm505,2,0.72,normalized_difference_vegetation_index,Normalized Difference Vegetation Index
LN2024,Fm505,3,0.67,normalized_difference_vegetation_index,Normalized Difference Vegetation Index
LN2024,Fm507,1,0.38,normalized_difference_vegetation_index,Normalized Difference Vegetation Index
LN2024,Fm507,2,0.41,normalized_difference_vegetation_index,Normalized Difference Vegetation Index
LN2024,Fm507,3,0.62,normalized_difference_vegetation_index,Normalized Difference Vegetation Index
LN2024,Fm510,1,0.65,normalized_difference_vegetation_index,Normalized Difference Vegetation Index
LN2024,Fm510,2,0.65,normalized_difference_vegetation_index,Normalized Difference Vegetation Index
LN2024,Fm510,3,0.7,normalized_difference_vegetation_index,Normalized Difference Vegetation Index
LN2024,Fm518,1,0.65,normalized_difference_vegetation_index,Normalized Difference Vegetation Index
LN2024,Fm518,2,0.59,normalized_difference_vegetation_index,Normalized Difference Vegetation Index
LN2024,Fm518,3,0.65,normalized_difference_vegetation_index,Normalized Difference Vegetation Index
LN2024,Fm519,1,0.48,normalized_difference_vegetation_index,Normalized Difference Vegetation Index
LN2024,Fm519,2,0.58,normalized_difference_vegetation_index,Normalized Difference Vegetation Index
LN2024,Fm519,3,0.7,normalized_difference_vegetation_index,Normalized Difference Vegetation Index
LN2024,Fm522,1,0.44,normalized_difference_vegetation_index,Normalized Difference Vegetation Index
LN2024,Fm522,2,0.43,normalized_difference_vegetation_index,Normalized Difference Vegetation Index
LN2024,Fm522,3,0.6,normalized_difference_vegetation_index,Normalized Difference Vegetation Index
LN2024,Fm523,1,0.63,normalized_difference_vegetation_index,Normalized Difference Vegetation Index
LN2024,Fm523,2,0.61,normalized_difference_vegetation_index,Normalized Difference Vegetation Index
LN2024,Fm523,3,0.68,normalized_difference_vegetation_index,Normalized Difference Vegetation Index
LN2024,Fm524,1,0.65,normalized_difference_vegetation_index,Normalized Difference Vegetation Index
LN2024,Fm524,2,0.63,normalized_difference_vegetation_index,Normalized Difference Vegetation Index
LN2024,Fm524,3,0.64,normalized_difference_vegetation_index,Normalized Difference Vegetation Index
LN2024,Fm537,1,0.61,normalized_difference_vegetation_index,Normalized Difference Vegetation Index
LN2024,Fm537,2,0.62,normalized_difference_vegetation_index,Normalized Difference Vegetation Index
LN2024,Fm537,3,0.58,normalized_difference_vegetation_index,Normalized Difference Vegetation Index
LN2024,Fm552,1,0.56,normalized_difference_vegetation_index,Normalized Difference Vegetation Index
LN2024,Fm552,2,0.6,normalized_difference_vegetation_index,Normalized Difference Vegetation Index
LN2024,Fm552,3,0.66,normalized_difference_vegetation_index,Normalized Difference Vegetation Index
LN2024,Fm56,1,0.58,normalized_difference_vegetation_index,Normalized Difference Vegetation Index
LN2024,Fm56,2,0.61,normalized_difference_vegetation_index,Normalized Difference Vegetation Index
LN2024,Fm56,3,0.6,normalized_difference_vegetation_index,Normalized Difference Vegetation Index
LN2024,Fm560,1,0.65,normalized_difference_vegetation_index,Normalized Difference Vegetation Index
LN2024,Fm560,2,0.64,normalized_difference_vegetation_index,Normalized Difference Vegetation Index
LN2024,Fm560,3,0.57,normalized_difference_vegetation_index,Normalized Difference Vegetation Index
LN2024,Fm566,1,0.48,normalized_difference_vegetation_index,Normalized Difference Vegetation Index
LN2024,Fm566,2,0.65,normalized_difference_vegetation_index,Normalized Difference Vegetation Index
LN2024,Fm566,3,0.56,normalized_difference_vegetation_index,Normalized Difference Vegetation Index
LN2024,Fm569,1,0.62,normalized_difference_vegetation_index,Normalized Difference Vegetation Index
LN2024,Fm569,2,0.59,normalized_difference_vegetation_index,Normalized Difference Vegetation Index
LN2024,Fm569,3,0.67,normalized_difference_vegetation_index,Normalized Difference Vegetation Index
LN2024,Fm585,2,0.68,normalized_difference_vegetation_index,Normalized Difference Vegetation Index
LN2024,Fm585,3,0.65,normalized_difference_vegetation_index,Normalized Difference Vegetation Index
LN2024,Fm589,1,0.61,normalized_difference_vegetation_index,Normalized Difference Vegetation Index
LN2024,Fm589,2,0.68,normalized_difference_vegetation_index,Normalized Difference Vegetation Index
LN2024,Fm589,3,0.67,normalized_difference_vegetation_index,Normalized Difference Vegetation Index
LN2024,Fm590,1,0.68,normalized_difference_vegetation_index,Normalized Difference Vegetation Index
LN2024,Fm590,2,0.54,normalized_difference_vegetation_index,Normalized Difference Vegetation Index
LN2024,Fm590,3,0.51,normalized_difference_vegetation_index,Normalized Difference Vegetation Index
LN2024,Fm592,1,0.68,normalized_difference_vegetation_index,Normalized Difference Vegetation Index
LN2024,Fm592,2,0.6,normalized_difference_vegetation_index,Normalized Difference Vegetation Index
LN2024,Fm592,3,0.58,normalized_difference_vegetation_index,Normalized Difference Vegetation Index
LN2024,Fm600,1,0.53,normalized_difference_vegetation_index,Normalized Difference Vegetation Index
LN2024,Fm600,2,0.54,normalized_difference_vegetation_index,Normalized Difference Vegetation Index
LN2024,Fm600,3,0.5,normalized_difference_vegetation_index,Normalized Difference Vegetation Index
LN2024,Fm601,1,0.54,normalized_difference_vegetation_index,Normalized Difference Vegetation Index
LN2024,Fm601,2,0.6,normalized_difference_vegetation_index,Normalized Difference Vegetation Index
LN2024,Fm601,3,0.48,normalized_difference_vegetation_index,Normalized Difference Vegetation Index
LN2024,Fm610,1,0.55,normalized_difference_vegetation_index,Normalized Difference Vegetation Index
LN2024,Fm610,2,0.52,normalized_difference_vegetation_index,Normalized Difference Vegetation Index
LN2024,Fm610,3,0.54,normalized_difference_vegetation_index,Normalized Difference Vegetation Index
LN2024,Fm611,1,0.45,normalized_difference_vegetation_index,Normalized Difference Vegetation Index
LN2024,Fm611,2,0.48,normalized_difference_vegetation_index,Normalized Difference Vegetation Index
LN2024,Fm611,3,0.52,normalized_difference_vegetation_index,Normalized Difference Vegetation Index
LN2024,Fm612,1,0.62,normalized_difference_vegetation_index,Normalized Difference Vegetation Index
LN2024,Fm612,2,0.66,normalized_difference_vegetation_index,Normalized Difference Vegetation Index
LN2024,Fm612,3,0.54,normalized_difference_vegetation_index,Normalized Difference Vegetation Index
LN2024,Fm614,1,0.51,normalized_difference_vegetation_index,Normalized Difference Vegetation Index
LN2024,Fm614,2,0.47,normalized_difference_vegetation_index,Normalized Difference Vegetation Index
LN2024,Fm614,3,0.54,normalized_difference_vegetation_index,Normalized Difference Vegetation Index
LN2024,Fm615,1,0.62,normalized_difference_vegetation_index,Normalized Difference Vegetation Index
LN2024,Fm615,2,0.55,normalized_difference_vegetation_index,Normalized Difference Vegetation Index
LN2024,Fm615,3,0.61,normalized_difference_vegetation_index,Normalized Difference Vegetation Index
LN2024,Fm616,1,0.65,normalized_difference_vegetation_index,Normalized Difference Vegetation Index
LN2024,Fm616,2,0.66,normalized_difference_vegetation_index,Normalized Difference Vegetation Index
LN2024,Fm616,3,0.7,normalized_difference_vegetation_index,Normalized Difference Vegetation Index
LN2024,Fm620,1,0.66,normalized_difference_vegetation_index,Normalized Difference Vegetation Index
LN2024,Fm620,2,0.68,normalized_difference_vegetation_index,Normalized Difference Vegetation Index
LN2024,Fm620,3,0.7,normalized_difference_vegetation_index,Normalized Difference Vegetation Index
LN2024,Fm621,1,0.75,normalized_difference_vegetation_index,Normalized Difference Vegetation Index
LN2024,Fm621,2,0.72,normalized_difference_vegetation_index,Normalized Difference Vegetation Index
LN2024,Fm621,3,0.67,normalized_difference_vegetation_index,Normalized Difference Vegetation Index
LN2024,Fm65,1,0.58,normalized_difference_vegetation_index,Normalized Difference Vegetation Index
LN2024,Fm65,2,0.48,normalized_difference_vegetation_index,Normalized Difference Vegetation Index
LN2024,Fm65,3,0.44,normalized_difference_vegetation_index,Normalized Difference Vegetation Index
LN2024,Fm78,1,0.43,normalized_difference_vegetation_index,Normalized Difference Vegetation Index
LN2024,Fm78,3,0.63,normalized_difference_vegetation_index,Normalized Difference Vegetation Index
LN2024,Fm79,1,0.66,normalized_difference_vegetation_index,Normalized Difference Vegetation Index
LN2024,Fm79,2,0.63,normalized_difference_vegetation_index,Normalized Difference Vegetation Index
LN2024,Fm79,3,0.62,normalized_difference_vegetation_index,Normalized Difference Vegetation Index
LN2024,Fm86,1,0.59,normalized_difference_vegetation_index,Normalized Difference Vegetation Index
LN2024,Fm86,2,0.7,normalized_difference_vegetation_index,Normalized Difference Vegetation Index
LN2024,Fm86,3,0.66,normalized_difference_vegetation_index,Normalized Difference Vegetation Index
LN2024,Fm9,1,0.72,normalized_difference_vegetation_index,Normalized Difference Vegetation Index
LN2024,Fm9,2,0.68,normalized_difference_vegetation_index,Normalized Difference Vegetation Index
LN2024,Fm9,3,0.63,normalized_difference_vegetation_index,Normalized Difference Vegetation Index
LN2024,Fm134,1,0.58,fluorescence,Fluorescence
LN2024,Fm134,2,0.4,fluorescence,Fluorescence
LN2024,Fm134,3,0.35,fluorescence,Fluorescence
LN2024,Fm156,1,0.58,fluorescence,Fluorescence
LN2024,Fm156,2,0.63,fluorescence,Fluorescence
LN2024,Fm156,3,0.44,fluorescence,Fluorescence
LN2024,Fm161,1,0.51,fluorescence,Fluorescence
LN2024,Fm161,2,0.72,fluorescence,Fluorescence
LN2024,Fm161,3,0.58,fluorescence,Fluorescence
LN2024,Fm168,1,0.6,fluorescence,Fluorescence
LN2024,Fm168,2,0.58,fluorescence,Fluorescence
LN2024,Fm168,3,0.67,fluorescence,Fluorescence
LN2024,Fm170,1,0.57,fluorescence,Fluorescence
LN2024,Fm170,2,0.51,fluorescence,Fluorescence
LN2024,Fm170,3,0.68,fluorescence,Fluorescence
LN2024,Fm173,1,0.75,fluorescence,Fluorescence
LN2024,Fm173,2,0.76,fluorescence,Fluorescence
LN2024,Fm173,3,0.5,fluorescence,Fluorescence
LN2024,Fm174,1,0.62,fluorescence,Fluorescence
LN2024,Fm174,2,0.71,fluorescence,Fluorescence
LN2024,Fm174,3,0.72,fluorescence,Fluorescence
LN2024,Fm176,1,0.5,fluorescence,Fluorescence
LN2024,Fm176,2,0.3,fluorescence,Fluorescence
LN2024,Fm176,3,0.3,fluorescence,Fluorescence
LN2024,Fm181,1,0.73,fluorescence,Fluorescence
LN2024,Fm181,2,0.72,fluorescence,Fluorescence
LN2024,Fm181,3,0.61,fluorescence,Fluorescence
LN2024,Fm185,1,0.55,fluorescence,Fluorescence
LN2024,Fm185,2,0.5,fluorescence,Fluorescence
LN2024,Fm185,3,0.3,fluorescence,Fluorescence
LN2024,Fm190,1,0.75,fluorescence,Fluorescence
LN2024,Fm190,2,0.67,fluorescence,Fluorescence
LN2024,Fm190,3,0.57,fluorescence,Fluorescence
LN2024,Fm193,1,0.6,fluorescence,Fluorescence
LN2024,Fm193,2,0.72,fluorescence,Fluorescence
LN2024,Fm193,3,0.55,fluorescence,Fluorescence
LN2024,Fm194,1,0.59,fluorescence,Fluorescence
LN2024,Fm194,2,0.58,fluorescence,Fluorescence
LN2024,Fm194,3,0.66,fluorescence,Fluorescence
LN2024,Fm195,1,0.7,fluorescence,Fluorescence
LN2024,Fm195,2,0.68,fluorescence,Fluorescence
LN2024,Fm195,3,0.73,fluorescence,Fluorescence
LN2024,Fm20,1,0.67,fluorescence,Fluorescence
LN2024,Fm20,2,0.63,fluorescence,Fluorescence
LN2024,Fm20,3,0.45,fluorescence,Fluorescence
LN2024,Fm203,1,0.52,fluorescence,Fluorescence
LN2024,Fm203,2,0.65,fluorescence,Fluorescence
LN2024,Fm203,3,0.64,fluorescence,Fluorescence
LN2024,Fm208,1,0.5,fluorescence,Fluorescence
LN2024,Fm208,2,0.65,fluorescence,Fluorescence
LN2024,Fm208,3,0.44,fluorescence,Fluorescence
LN2024,Fm214,1,0.76,fluorescence,Fluorescence
LN2024,Fm214,2,0.79,fluorescence,Fluorescence
LN2024,Fm214,3,0.81,fluorescence,Fluorescence
LN2024,Fm215,1,0.79,fluorescence,Fluorescence
LN2024,Fm215,2,0.8,fluorescence,Fluorescence
LN2024,Fm215,3,0.77,fluorescence,Fluorescence
LN2024,Fm216,2,0.7,fluorescence,Fluorescence
LN2024,Fm219,1,0.72,fluorescence,Fluorescence
LN2024,Fm219,2,0.8,fluorescence,Fluorescence
LN2024,Fm219,3,0.75,fluorescence,Fluorescence
LN2024,Fm221,1,0.72,fluorescence,Fluorescence
LN2024,Fm221,2,0.65,fluorescence,Fluorescence
LN2024,Fm221,3,0.68,fluorescence,Fluorescence
LN2024,Fm225,1,0.62,fluorescence,Fluorescence
LN2024,Fm225,2,0.58,fluorescence,Fluorescence
LN2024,Fm225,3,0.68,fluorescence,Fluorescence
LN2024,Fm227,1,0.7,fluorescence,Fluorescence
LN2024,Fm227,2,0.55,fluorescence,Fluorescence
LN2024,Fm227,3,0.62,fluorescence,Fluorescence
LN2024,Fm233,1,0.63,fluorescence,Fluorescence
LN2024,Fm233,2,0.39,fluorescence,Fluorescence
LN2024,Fm233,3,0.5,fluorescence,Fluorescence
LN2024,Fm235,1,0.4,fluorescence,Fluorescence
LN2024,Fm235,2,0.59,fluorescence,Fluorescence
LN2024,Fm235,3,0.4,fluorescence,Fluorescence
LN2024,Fm236,1,0.74,fluorescence,Fluorescence
LN2024,Fm236,2,0.77,fluorescence,Fluorescence
LN2024,Fm236,3,0.54,fluorescence,Fluorescence
LN2024,Fm238,1,0.7,fluorescence,Fluorescence
LN2024,Fm238,2,0.4,fluorescence,Fluorescence
LN2024,Fm238,3,0.53,fluorescence,Fluorescence
LN2024,Fm249,1,0.7,fluorescence,Fluorescence
LN2024,Fm249,2,0.71,fluorescence,Fluorescence
LN2024,Fm249,3,0.5,fluorescence,Fluorescence
LN2024,Fm250,1,0.65,fluorescence,Fluorescence
LN2024,Fm250,2,0.58,fluorescence,Fluorescence
LN2024,Fm250,3,0.75,fluorescence,Fluorescence
LN2024,Fm3,1,0.66,fluorescence,Fluorescence
LN2024,Fm3,2,0.64,fluorescence,Fluorescence
LN2024,Fm3,3,0.79,fluorescence,Fluorescence
LN2024,Fm321,1,0.77,fluorescence,Fluorescence
LN2024,Fm321,2,0.81,fluorescence,Fluorescence
LN2024,Fm321,3,0.79,fluorescence,Fluorescence
LN2024,Fm322,1,0.57,fluorescence,Fluorescence
LN2024,Fm322,2,0.73,fluorescence,Fluorescence
LN2024,Fm322,3,0.69,fluorescence,Fluorescence
LN2024,Fm337,1,0.35,fluorescence,Fluorescence
LN2024,Fm337,2,0.64,fluorescence,Fluorescence
LN2024,Fm337,3,0.56,fluorescence,Fluorescence
LN2024,Fm341,1,0.69,fluorescence,Fluorescence
LN2024,Fm341,2,0.57,fluorescence,Fluorescence
LN2024,Fm341,3,0.63,fluorescence,Fluorescence
LN2024,Fm343,1,0.65,fluorescence,Fluorescence
LN2024,Fm343,2,0.72,fluorescence,Fluorescence
LN2024,Fm343,3,0.43,fluorescence,Fluorescence
LN2024,Fm344,1,0.33,fluorescence,Fluorescence
LN2024,Fm344,2,0.3,fluorescence,Fluorescence
LN2024,Fm344,3,0.36,fluorescence,Fluorescence
LN2024,Fm345,1,0.62,fluorescence,Fluorescence
LN2024,Fm345,2,0.65,fluorescence,Fluorescence
LN2024,Fm345,3,0.48,fluorescence,Fluorescence
LN2024,Fm346,1,0.7,fluorescence,Fluorescence
LN2024,Fm346,2,0.25,fluorescence,Fluorescence
LN2024,Fm347,1,0.64,fluorescence,Fluorescence
LN2024,Fm347,2,0.64,fluorescence,Fluorescence
LN2024,Fm347,3,0.67,fluorescence,Fluorescence
LN2024,Fm349,1,0.73,fluorescence,Fluorescence
LN2024,Fm349,2,0.63,fluorescence,Fluorescence
LN2024,Fm349,3,0.66,fluorescence,Fluorescence
LN2024,Fm351,1,0.65,fluorescence,Fluorescence
LN2024,Fm351,2,0.75,fluorescence,Fluorescence
LN2024,Fm351,3,0.72,fluorescence,Fluorescence
LN2024,Fm352,1,0.67,fluorescence,Fluorescence
LN2024,Fm352,2,0.6,fluorescence,Fluorescence
LN2024,Fm354,1,0.65,fluorescence,Fluorescence
LN2024,Fm354,2,0.66,fluorescence,Fluorescence
LN2024,Fm354,3,0.52,fluorescence,Fluorescence
LN2024,Fm355,1,0.7,fluorescence,Fluorescence
LN2024,Fm355,2,0.66,fluorescence,Fluorescence
LN2024,Fm355,3,0.56,fluorescence,Fluorescence
LN2024,Fm356,1,0.8,fluorescence,Fluorescence
LN2024,Fm356,2,0.66,fluorescence,Fluorescence
LN2024,Fm356,3,0.46,fluorescence,Fluorescence
LN2024,Fm358,1,0.73,fluorescence,Fluorescence
LN2024,Fm358,2,0.65,fluorescence,Fluorescence
LN2024,Fm358,3,0.45,fluorescence,Fluorescence
LN2024,Fm359,1,0.65,fluorescence,Fluorescence
LN2024,Fm359,2,0.51,fluorescence,Fluorescence
LN2024,Fm359,3,0.38,fluorescence,Fluorescence
LN2024,Fm36,1,0.65,fluorescence,Fluorescence
LN2024,Fm36,2,0.33,fluorescence,Fluorescence
LN2024,Fm36,3,0.43,fluorescence,Fluorescence
LN2024,Fm361,1,0.54,fluorescence,Fluorescence
LN2024,Fm361,2,0.76,fluorescence,Fluorescence
LN2024,Fm361,3,0.77,fluorescence,Fluorescence
LN2024,Fm363,1,0.66,fluorescence,Fluorescence
LN2024,Fm363,2,0.7,fluorescence,Fluorescence
LN2024,Fm363,3,0.64,fluorescence,Fluorescence
LN2024,Fm364,1,0.4,fluorescence,Fluorescence
LN2024,Fm364,2,0.62,fluorescence,Fluorescence
LN2024,Fm364,3,0.49,fluorescence,Fluorescence
LN2024,Fm365,1,0.75,fluorescence,Fluorescence
LN2024,Fm365,2,0.7,fluorescence,Fluorescence
LN2024,Fm365,3,0.71,fluorescence,Fluorescence
LN2024,Fm366,1,0.65,fluorescence,Fluorescence
LN2024,Fm366,2,0.7,fluorescence,Fluorescence
LN2024,Fm366,3,0.64,fluorescence,Fluorescence
LN2024,Fm368,1,0.74,fluorescence,Fluorescence
LN2024,Fm368,2,0.7,fluorescence,Fluorescence
LN2024,Fm368,3,0.3,fluorescence,Fluorescence
LN2024,Fm369,1,0.74,fluorescence,Fluorescence
LN2024,Fm369,2,0.77,fluorescence,Fluorescence
LN2024,Fm369,3,0.65,fluorescence,Fluorescence
LN2024,Fm370,1,0.3,fluorescence,Fluorescence
LN2024,Fm370,2,0.75,fluorescence,Fluorescence
LN2024,Fm370,3,0.35,fluorescence,Fluorescence
LN2024,Fm372,1,0.64,fluorescence,Fluorescence
LN2024,Fm372,2,0.64,fluorescence,Fluorescence
LN2024,Fm372,3,0.65,fluorescence,Fluorescence
LN2024,Fm375,1,0.54,fluorescence,Fluorescence
LN2024,Fm375,2,0.7,fluorescence,Fluorescence
LN2024,Fm375,3,0.62,fluorescence,Fluorescence
LN2024,Fm376,1,0.55,fluorescence,Fluorescence
LN2024,Fm376,2,0.52,fluorescence,Fluorescence
LN2024,Fm376,3,0.52,fluorescence,Fluorescence
LN2024,Fm377,1,0.66,fluorescence,Fluorescence
LN2024,Fm377,2,0.76,fluorescence,Fluorescence
LN2024,Fm377,3,0.74,fluorescence,Fluorescence
LN2024,Fm378,1,0.52,fluorescence,Fluorescence
LN2024,Fm378,2,0.68,fluorescence,Fluorescence
LN2024,Fm378,3,0.65,fluorescence,Fluorescence
LN2024,Fm379,1,0.53,fluorescence,Fluorescence
LN2024,Fm379,2,0.69,fluorescence,Fluorescence
LN2024,Fm379,3,0.69,fluorescence,Fluorescence
LN2024,Fm380,1,0.58,fluorescence,Fluorescence
LN2024,Fm380,2,0.51,fluorescence,Fluorescence
LN2024,Fm380,3,0.68,fluorescence,Fluorescence
LN2024,Fm381,1,0.63,fluorescence,Fluorescence
LN2024,Fm381,2,0.45,fluorescence,Fluorescence
LN2024,Fm381,3,0.6,fluorescence,Fluorescence
LN2024,Fm382,1,0.6,fluorescence,Fluorescence
LN2024,Fm382,2,0.7,fluorescence,Fluorescence
LN2024,Fm382,3,0.68,fluorescence,Fluorescence
LN2024,Fm384,1,0.6,fluorescence,Fluorescence
LN2024,Fm384,2,0.3,fluorescence,Fluorescence
LN2024,Fm384,3,0.55,fluorescence,Fluorescence
LN2024,Fm387,1,0.7,fluorescence,Fluorescence
LN2024,Fm387,2,0.67,fluorescence,Fluorescence
LN2024,Fm387,3,0.64,fluorescence,Fluorescence
LN2024,Fm388,1,0.57,fluorescence,Fluorescence
LN2024,Fm388,2,0.58,fluorescence,Fluorescence
LN2024,Fm388,3,0.5,fluorescence,Fluorescence
LN2024,Fm389,1,0.45,fluorescence,Fluorescence
LN2024,Fm389,2,0.63,fluorescence,Fluorescence
LN2024,Fm389,3,0.41,fluorescence,Fluorescence
LN2024,Fm391,1,0.72,fluorescence,Fluorescence
LN2024,Fm391,2,0.53,fluorescence,Fluorescence
LN2024,Fm391,3,0.68,fluorescence,Fluorescence
LN2024,Fm392,1,0.77,fluorescence,Fluorescence
LN2024,Fm392,2,0.8,fluorescence,Fluorescence
LN2024,Fm392,3,0.76,fluorescence,Fluorescence
LN2024,Fm394,1,0.65,fluorescence,Fluorescence
LN2024,Fm394,2,0.72,fluorescence,Fluorescence
LN2024,Fm395,1,0.68,fluorescence,Fluorescence
LN2024,Fm395,2,0.68,fluorescence,Fluorescence
LN2024,Fm395,3,0.56,fluorescence,Fluorescence
LN2024,Fm396,1,0.5,fluorescence,Fluorescence
LN2024,Fm396,2,0.79,fluorescence,Fluorescence
LN2024,Fm396,3,0.67,fluorescence,Fluorescence
LN2024,Fm398,1,0.65,fluorescence,Fluorescence
LN2024,Fm398,2,0.56,fluorescence,Fluorescence
LN2024,Fm400,1,0.7,fluorescence,Fluorescence
LN2024,Fm400,2,0.77,fluorescence,Fluorescence
LN2024,Fm400,3,0.76,fluorescence,Fluorescence
LN2024,Fm401,1,0.71,fluorescence,Fluorescence
LN2024,Fm401,2,0.77,fluorescence,Fluorescence
LN2024,Fm401,3,0.66,fluorescence,Fluorescence
LN2024,Fm402,1,0.75,fluorescence,Fluorescence
LN2024,Fm402,2,0.76,fluorescence,Fluorescence
LN2024,Fm402,3,0.77,fluorescence,Fluorescence
LN2024,Fm404,1,0.71,fluorescence,Fluorescence
LN2024,Fm404,2,0.59,fluorescence,Fluorescence
LN2024,Fm404,3,0.65,fluorescence,Fluorescence
LN2024,Fm405,1,0.67,fluorescence,Fluorescence
LN2024,Fm405,2,0.63,fluorescence,Fluorescence
LN2024,Fm405,3,0.62,fluorescence,Fluorescence
LN2024,Fm406,1,0.58,fluorescence,Fluorescence
LN2024,Fm406,2,0.67,fluorescence,Fluorescence
LN2024,Fm406,3,0.65,fluorescence,Fluorescence
LN2024,Fm407,1,0.7,fluorescence,Fluorescence
LN2024,Fm407,2,0.71,fluorescence,Fluorescence
LN2024,Fm407,3,0.65,fluorescence,Fluorescence
LN2024,Fm41,1,0.68,fluorescence,Fluorescence
LN2024,Fm41,2,0.61,fluorescence,Fluorescence
LN2024,Fm41,3,0.66,fluorescence,Fluorescence
LN2024,Fm410,1,0.69,fluorescence,Fluorescence
LN2024,Fm410,2,0.58,fluorescence,Fluorescence
LN2024,Fm410,3,0.61,fluorescence,Fluorescence
LN2024,Fm411,1,0.6,fluorescence,Fluorescence
LN2024,Fm411,2,0.58,fluorescence,Fluorescence
LN2024,Fm411,3,0.56,fluorescence,Fluorescence
LN2024,Fm412,1,0.64,fluorescence,Fluorescence
LN2024,Fm412,2,0.66,fluorescence,Fluorescence
LN2024,Fm412,3,0.75,fluorescence,Fluorescence
LN2024,Fm413,1,0.68,fluorescence,Fluorescence
LN2024,Fm413,2,0.75,fluorescence,Fluorescence
LN2024,Fm413,3,0.69,fluorescence,Fluorescence
LN2024,Fm414,1,0.7,fluorescence,Fluorescence
LN2024,Fm414,2,0.66,fluorescence,Fluorescence
LN2024,Fm414,3,0.56,fluorescence,Fluorescence
LN2024,Fm415,1,0.74,fluorescence,Fluorescence
LN2024,Fm415,2,0.68,fluorescence,Fluorescence
LN2024,Fm415,3,0.72,fluorescence,Fluorescence
LN2024,Fm416,1,0.78,fluorescence,Fluorescence
LN2024,Fm416,2,0.5,fluorescence,Fluorescence
LN2024,Fm416,3,0.31,fluorescence,Fluorescence
LN2024,Fm417,1,0.5,fluorescence,Fluorescence
LN2024,Fm417,2,0.43,fluorescence,Fluorescence
LN2024,Fm417,3,0.3,fluorescence,Fluorescence
LN2024,Fm418,1,0.54,fluorescence,Fluorescence
LN2024,Fm418,2,0.65,fluorescence,Fluorescence
LN2024,Fm418,3,0.73,fluorescence,Fluorescence
LN2024,Fm419,1,0.78,fluorescence,Fluorescence
LN2024,Fm419,2,0.62,fluorescence,Fluorescence
LN2024,Fm419,3,0.74,fluorescence,Fluorescence
LN2024,Fm420,1,0.7,fluorescence,Fluorescence
LN2024,Fm420,2,0.73,fluorescence,Fluorescence
LN2024,Fm420,3,0.7,fluorescence,Fluorescence
LN2024,Fm421,1,0.47,fluorescence,Fluorescence
LN2024,Fm421,2,0.57,fluorescence,Fluorescence
LN2024,Fm421,3,0.53,fluorescence,Fluorescence
LN2024,Fm428,1,0.76,fluorescence,Fluorescence
LN2024,Fm428,2,0.79,fluorescence,Fluorescence
LN2024,Fm428,3,0.76,fluorescence,Fluorescence
LN2024,Fm429,1,0.72,fluorescence,Fluorescence
LN2024,Fm429,2,0.67,fluorescence,Fluorescence
LN2024,Fm429,3,0.67,fluorescence,Fluorescence
LN2024,Fm43,1,0.72,fluorescence,Fluorescence
LN2024,Fm43,2,0.48,fluorescence,Fluorescence
LN2024,Fm43,3,0.7,fluorescence,Fluorescence
LN2024,Fm44,1,0.7,fluorescence,Fluorescence
LN2024,Fm44,2,0.71,fluorescence,Fluorescence
LN2024,Fm44,3,0.4,fluorescence,Fluorescence
LN2024,Fm442,1,0.53,fluorescence,Fluorescence
LN2024,Fm442,2,0.41,fluorescence,Fluorescence
LN2024,Fm442,3,0.63,fluorescence,Fluorescence
LN2024,Fm443,1,0.7,fluorescence,Fluorescence
LN2024,Fm443,2,0.64,fluorescence,Fluorescence
LN2024,Fm444,1,0.67,fluorescence,Fluorescence
LN2024,Fm444,2,0.65,fluorescence,Fluorescence
LN2024,Fm444,3,0.68,fluorescence,Fluorescence
LN2024,Fm446,1,0.72,fluorescence,Fluorescence
LN2024,Fm446,2,0.66,fluorescence,Fluorescence
LN2024,Fm446,3,0.69,fluorescence,Fluorescence
LN2024,Fm458,1,0.73,fluorescence,Fluorescence
LN2024,Fm458,2,0.52,fluorescence,Fluorescence
LN2024,Fm458,3,0.73,fluorescence,Fluorescence
LN2024,Fm464,1,0.64,fluorescence,Fluorescence
LN2024,Fm464,2,0.65,fluorescence,Fluorescence
LN2024,Fm464,3,0.7,fluorescence,Fluorescence
LN2024,Fm474,1,0.32,fluorescence,Fluorescence
LN2024,Fm474,2,0.57,fluorescence,Fluorescence
LN2024,Fm474,3,0.58,fluorescence,Fluorescence
LN2024,Fm475,1,0.76,fluorescence,Fluorescence
LN2024,Fm475,2,0.74,fluorescence,Fluorescence
LN2024,Fm475,3,0.72,fluorescence,Fluorescence
LN2024,Fm477,1,0.3,fluorescence,Fluorescence
LN2024,Fm477,2,0.4,fluorescence,Fluorescence
LN2024,Fm477,3,0.31,fluorescence,Fluorescence
LN2024,Fm478,1,0.55,fluorescence,Fluorescence
LN2024,Fm478,2,0.72,fluorescence,Fluorescence
LN2024,Fm478,3,0.63,fluorescence,Fluorescence
LN2024,Fm480,1,0.62,fluorescence,Fluorescence
LN2024,Fm480,2,0.65,fluorescence,Fluorescence
LN2024,Fm480,3,0.41,fluorescence,Fluorescence
LN2024,Fm482,1,0.5,fluorescence,Fluorescence
LN2024,Fm482,2,0.62,fluorescence,Fluorescence
LN2024,Fm482,3,0.63,fluorescence,Fluorescence
LN2024,Fm484,1,0.71,fluorescence,Fluorescence
LN2024,Fm484,2,0.72,fluorescence,Fluorescence
LN2024,Fm484,3,0.67,fluorescence,Fluorescence
LN2024,Fm489,1,0.69,fluorescence,Fluorescence
LN2024,Fm489,2,0.76,fluorescence,Fluorescence
LN2024,Fm489,3,0.68,fluorescence,Fluorescence
LN2024,Fm491,1,0.4,fluorescence,Fluorescence
LN2024,Fm491,2,0.66,fluorescence,Fluorescence
LN2024,Fm491,3,0.57,fluorescence,Fluorescence
LN2024,Fm492,1,0.6,fluorescence,Fluorescence
LN2024,Fm492,2,0.65,fluorescence,Fluorescence
LN2024,Fm492,3,0.74,fluorescence,Fluorescence
LN2024,Fm496,1,0.73,fluorescence,Fluorescence
LN2024,Fm496,2,0.76,fluorescence,Fluorescence
LN2024,Fm496,3,0.4,fluorescence,Fluorescence
LN2024,Fm505,1,0.73,fluorescence,Fluorescence
LN2024,Fm505,2,0.8,fluorescence,Fluorescence
LN2024,Fm505,3,0.65,fluorescence,Fluorescence
LN2024,Fm507,1,0.3,fluorescence,Fluorescence
LN2024,Fm507,2,0.33,fluorescence,Fluorescence
LN2024,Fm507,3,0.38,fluorescence,Fluorescence
LN2024,Fm510,1,0.48,fluorescence,Fluorescence
LN2024,Fm510,2,0.67,fluorescence,Fluorescence
LN2024,Fm510,3,0.7,fluorescence,Fluorescence
LN2024,Fm518,1,0.67,fluorescence,Fluorescence
LN2024,Fm518,2,0.65,fluorescence,Fluorescence
LN2024,Fm518,3,0.63,fluorescence,Fluorescence
LN2024,Fm519,1,0.4,fluorescence,Fluorescence
LN2024,Fm519,2,0.65,fluorescence,Fluorescence
LN2024,Fm519,3,0.65,fluorescence,Fluorescence
LN2024,Fm522,1,0.3,fluorescence,Fluorescence
LN2024,Fm522,2,0.3,fluorescence,Fluorescence
LN2024,Fm522,3,0.68,fluorescence,Fluorescence
LN2024,Fm523,1,0.64,fluorescence,Fluorescence
LN2024,Fm523,2,0.78,fluorescence,Fluorescence
LN2024,Fm523,3,0.72,fluorescence,Fluorescence
LN2024,Fm524,1,0.72,fluorescence,Fluorescence
LN2024,Fm524,2,0.68,fluorescence,Fluorescence
LN2024,Fm524,3,0.68,fluorescence,Fluorescence
LN2024,Fm537,1,0.68,fluorescence,Fluorescence
LN2024,Fm537,2,0.76,fluorescence,Fluorescence
LN2024,Fm537,3,0.7,fluorescence,Fluorescence
LN2024,Fm552,1,0.62,fluorescence,Fluorescence
LN2024,Fm552,2,0.55,fluorescence,Fluorescence
LN2024,Fm552,3,0.55,fluorescence,Fluorescence
LN2024,Fm56,1,0.62,fluorescence,Fluorescence
LN2024,Fm56,2,0.65,fluorescence,Fluorescence
LN2024,Fm56,3,0.67,fluorescence,Fluorescence
LN2024,Fm560,1,0.65,fluorescence,Fluorescence
LN2024,Fm560,2,0.75,fluorescence,Fluorescence
LN2024,Fm560,3,0.72,fluorescence,Fluorescence
LN2024,Fm566,1,0.64,fluorescence,Fluorescence
LN2024,Fm566,2,0.76,fluorescence,Fluorescence
LN2024,Fm566,3,0.69,fluorescence,Fluorescence
LN2024,Fm569,1,0.73,fluorescence,Fluorescence
LN2024,Fm569,2,0.65,fluorescence,Fluorescence
LN2024,Fm569,3,0.67,fluorescence,Fluorescence
LN2024,Fm585,2,0.7,fluorescence,Fluorescence
LN2024,Fm585,3,0.75,fluorescence,Fluorescence
LN2024,Fm589,1,0.74,fluorescence,Fluorescence
LN2024,Fm589,2,0.79,fluorescence,Fluorescence
LN2024,Fm589,3,0.8,fluorescence,Fluorescence
LN2024,Fm590,1,0.69,fluorescence,Fluorescence
LN2024,Fm590,2,0.78,fluorescence,Fluorescence
LN2024,Fm590,3,0.71,fluorescence,Fluorescence
LN2024,Fm592,1,0.69,fluorescence,Fluorescence
LN2024,Fm592,2,0.73,fluorescence,Fluorescence
LN2024,Fm592,3,0.68,fluorescence,Fluorescence
LN2024,Fm600,1,0.63,fluorescence,Fluorescence
LN2024,Fm600,2,0.65,fluorescence,Fluorescence
LN2024,Fm600,3,0.54,fluorescence,Fluorescence
LN2024,Fm601,1,0.66,fluorescence,Fluorescence
LN2024,Fm601,2,0.4,fluorescence,Fluorescence
LN2024,Fm601,3,0.56,fluorescence,Fluorescence
LN2024,Fm610,1,0.6,fluorescence,Fluorescence
LN2024,Fm610,2,0.7,fluorescence,Fluorescence
LN2024,Fm610,3,0.49,fluorescence,Fluorescence
LN2024,Fm611,1,0.64,fluorescence,Fluorescence
LN2024,Fm611,2,0.55,fluorescence,Fluorescence
LN2024,Fm611,3,0.72,fluorescence,Fluorescence
LN2024,Fm612,1,0.66,fluorescence,Fluorescence
LN2024,Fm612,2,0.68,fluorescence,Fluorescence
LN2024,Fm612,3,0.64,fluorescence,Fluorescence
LN2024,Fm614,1,0.46,fluorescence,Fluorescence
LN2024,Fm614,2,0.65,fluorescence,Fluorescence
LN2024,Fm614,3,0.3,fluorescence,Fluorescence
LN2024,Fm615,1,0.71,fluorescence,Fluorescence
LN2024,Fm615,2,0.68,fluorescence,Fluorescence
LN2024,Fm615,3,0.55,fluorescence,Fluorescence
LN2024,Fm616,1,0.78,fluorescence,Fluorescence
LN2024,Fm616,2,0.78,fluorescence,Fluorescence
LN2024,Fm616,3,0.81,fluorescence,Fluorescence
LN2024,Fm620,1,0.61,fluorescence,Fluorescence
LN2024,Fm620,2,0.71,fluorescence,Fluorescence
LN2024,Fm620,3,0.72,fluorescence,Fluorescence
LN2024,Fm621,1,0.8,fluorescence,Fluorescence
LN2024,Fm621,2,0.77,fluorescence,Fluorescence
LN2024,Fm621,3,0.73,fluorescence,Fluorescence
LN2024,Fm65,1,0.55,fluorescence,Fluorescence
LN2024,Fm65,2,0.44,fluorescence,Fluorescence
LN2024,Fm65,3,0.46,fluorescence,Fluorescence
LN2024,Fm78,1,0.3,fluorescence,Fluorescence
LN2024,Fm78,3,0.58,fluorescence,Fluorescence
LN2024,Fm79,1,0.65,fluorescence,Fluorescence
LN2024,Fm79,2,0.66,fluorescence,Fluorescence
LN2024,Fm79,3,0.55,fluorescence,Fluorescence
LN2024,Fm86,1,0.4,fluorescence,Fluorescence
LN2024,Fm86,2,0.62,fluorescence,Fluorescence
LN2024,Fm86,3,0.58,fluorescence,Fluorescence
LN2024,Fm9,1,0.57,fluorescence,Fluorescence
LN2024,Fm9,2,0.53,fluorescence,Fluorescence
LN2024,Fm9,3,0.59,fluorescence,Fluorescence
LN2024,Fm181,1,14.29,protein_pct,Seed protein concentration (%)
LN2024,Fm181,2,15.53,protein_pct,Seed protein concentration (%)
LN2024,Fm190,1,15.06,protein_pct,Seed protein concentration (%)
LN2024,Fm190,2,14.01,protein_pct,Seed protein concentration (%)
LN2024,Fm193,1,15.88,protein_pct,Seed protein concentration (%)
LN2024,Fm193,2,15.15,protein_pct,Seed protein concentration (%)
LN2024,Fm193,3,15.51,protein_pct,Seed protein concentration (%)
LN2024,Fm194,1,15.52,protein_pct,Seed protein concentration (%)
LN2024,Fm194,2,15.12,protein_pct,Seed protein concentration (%)
LN2024,Fm195,1,18.81,protein_pct,Seed protein concentration (%)
LN2024,Fm195,2,15.63,protein_pct,Seed protein concentration (%)
LN2024,Fm203,1,13.4,protein_pct,Seed protein concentration (%)
LN2024,Fm203,2,12.13,protein_pct,Seed protein concentration (%)
LN2024,Fm214,1,13.2,protein_pct,Seed protein concentration (%)
LN2024,Fm214,2,13.93,protein_pct,Seed protein concentration (%)
LN2024,Fm214,3,14.07,protein_pct,Seed protein concentration (%)
LN2024,Fm215,1,14.18,protein_pct,Seed protein concentration (%)
LN2024,Fm215,2,15.88,protein_pct,Seed protein concentration (%)
LN2024,Fm219,1,11.93,protein_pct,Seed protein concentration (%)
LN2024,Fm221,1,12.92,protein_pct,Seed protein concentration (%)
LN2024,Fm221,2,13.36,protein_pct,Seed protein concentration (%)
LN2024,Fm221,3,14.65,protein_pct,Seed protein concentration (%)
LN2024,Fm225,1,13.08,protein_pct,Seed protein concentration (%)
LN2024,Fm225,2,13.61,protein_pct,Seed protein concentration (%)
LN2024,Fm233,1,16.44,protein_pct,Seed protein concentration (%)
LN2024,Fm236,1,15.38,protein_pct,Seed protein concentration (%)
LN2024,Fm236,2,16.53,protein_pct,Seed protein concentration (%)
LN2024,Fm236,3,16.59,protein_pct,Seed protein concentration (%)
LN2024,Fm321,1,16.19,protein_pct,Seed protein concentration (%)
LN2024,Fm321,2,14.85,protein_pct,Seed protein concentration (%)
LN2024,Fm321,3,14.29,protein_pct,Seed protein concentration (%)
LN2024,Fm337,1,15.71,protein_pct,Seed protein concentration (%)
LN2024,Fm337,2,22.38,protein_pct,Seed protein concentration (%)
LN2024,Fm337,3,16.28,protein_pct,Seed protein concentration (%)
LN2024,Fm341,1,13.55,protein_pct,Seed protein concentration (%)
LN2024,Fm341,2,14.41,protein_pct,Seed protein concentration (%)
LN2024,Fm347,1,12.05,protein_pct,Seed protein concentration (%)
LN2024,Fm347,2,14.1,protein_pct,Seed protein concentration (%)
LN2024,Fm349,1,14.27,protein_pct,Seed protein concentration (%)
LN2024,Fm351,1,15.3,protein_pct,Seed protein concentration (%)
LN2024,Fm354,1,13.46,protein_pct,Seed protein concentration (%)
LN2024,Fm355,1,13.88,protein_pct,Seed protein concentration (%)
LN2024,Fm355,2,14.79,protein_pct,Seed protein concentration (%)
LN2024,Fm356,1,15.89,protein_pct,Seed protein concentration (%)
LN2024,Fm359,1,19.26,protein_pct,Seed protein concentration (%)
LN2024,Fm359,2,18.22,protein_pct,Seed protein concentration (%)
LN2024,Fm361,1,17.8,protein_pct,Seed protein concentration (%)
LN2024,Fm361,2,21.62,protein_pct,Seed protein concentration (%)
LN2024,Fm363,1,13.33,protein_pct,Seed protein concentration (%)
LN2024,Fm364,1,18.53,protein_pct,Seed protein concentration (%)
LN2024,Fm365,1,15.14,protein_pct,Seed protein concentration (%)
LN2024,Fm365,2,14.76,protein_pct,Seed protein concentration (%)
LN2024,Fm366,1,13.07,protein_pct,Seed protein concentration (%)
LN2024,Fm366,2,13.94,protein_pct,Seed protein concentration (%)
LN2024,Fm366,3,13.98,protein_pct,Seed protein concentration (%)
LN2024,Fm368,1,13.68,protein_pct,Seed protein concentration (%)
LN2024,Fm368,2,17.91,protein_pct,Seed protein concentration (%)
LN2024,Fm369,1,13.88,protein_pct,Seed protein concentration (%)
LN2024,Fm372,1,17.48,protein_pct,Seed protein concentration (%)
LN2024,Fm372,2,15.78,protein_pct,Seed protein concentration (%)
LN2024,Fm375,1,15.35,protein_pct,Seed protein concentration (%)
LN2024,Fm375,2,16.5,protein_pct,Seed protein concentration (%)
LN2024,Fm376,1,15.79,protein_pct,Seed protein concentration (%)
LN2024,Fm376,2,15.43,protein_pct,Seed protein concentration (%)
LN2024,Fm377,1,16.91,protein_pct,Seed protein concentration (%)
LN2024,Fm378,1,19.53,protein_pct,Seed protein concentration (%)
LN2024,Fm379,1,15,protein_pct,Seed protein concentration (%)
LN2024,Fm379,2,16.33,protein_pct,Seed protein concentration (%)
LN2024,Fm380,1,15.62,protein_pct,Seed protein concentration (%)
LN2024,Fm380,2,15.53,protein_pct,Seed protein concentration (%)
LN2024,Fm381,1,14.66,protein_pct,Seed protein concentration (%)
LN2024,Fm382,1,14.54,protein_pct,Seed protein concentration (%)
LN2024,Fm382,2,12.49,protein_pct,Seed protein concentration (%)
LN2024,Fm384,1,18.85,protein_pct,Seed protein concentration (%)
LN2024,Fm388,1,15.67,protein_pct,Seed protein concentration (%)
LN2024,Fm388,2,15.04,protein_pct,Seed protein concentration (%)
LN2024,Fm389,1,15.57,protein_pct,Seed protein concentration (%)
LN2024,Fm391,1,16.09,protein_pct,Seed protein concentration (%)
LN2024,Fm391,2,21.19,protein_pct,Seed protein concentration (%)
LN2024,Fm391,3,14.14,protein_pct,Seed protein concentration (%)
LN2024,Fm392,1,12.69,protein_pct,Seed protein concentration (%)
LN2024,Fm392,2,13.55,protein_pct,Seed protein concentration (%)
LN2024,Fm392,3,12.83,protein_pct,Seed protein concentration (%)
LN2024,Fm394,1,19.31,protein_pct,Seed protein concentration (%)
LN2024,Fm394,2,16.51,protein_pct,Seed protein concentration (%)
LN2024,Fm395,1,15.33,protein_pct,Seed protein concentration (%)
LN2024,Fm398,1,16.31,protein_pct,Seed protein concentration (%)
LN2024,Fm398,2,14.4,protein_pct,Seed protein concentration (%)
LN2024,Fm400,1,14.01,protein_pct,Seed protein concentration (%)
LN2024,Fm400,2,14.77,protein_pct,Seed protein concentration (%)
LN2024,Fm401,1,16.54,protein_pct,Seed protein concentration (%)
LN2024,Fm401,2,16.31,protein_pct,Seed protein concentration (%)
LN2024,Fm401,3,16.96,protein_pct,Seed protein concentration (%)
LN2024,Fm402,1,13.95,protein_pct,Seed protein concentration (%)
LN2024,Fm402,2,14.39,protein_pct,Seed protein concentration (%)
LN2024,Fm404,1,14.67,protein_pct,Seed protein concentration (%)
LN2024,Fm405,1,17.87,protein_pct,Seed protein concentration (%)
LN2024,Fm405,2,16.78,protein_pct,Seed protein concentration (%)
LN2024,Fm406,1,13.48,protein_pct,Seed protein concentration (%)
LN2024,Fm406,2,16.5,protein_pct,Seed protein concentration (%)
LN2024,Fm407,1,16.79,protein_pct,Seed protein concentration (%)
LN2024,Fm407,2,15.08,protein_pct,Seed protein concentration (%)
LN2024,Fm41,1,13.02,protein_pct,Seed protein concentration (%)
LN2024,Fm410,1,16.12,protein_pct,Seed protein concentration (%)
LN2024,Fm410,2,16.06,protein_pct,Seed protein concentration (%)
LN2024,Fm411,1,17.33,protein_pct,Seed protein concentration (%)
LN2024,Fm411,2,15.5,protein_pct,Seed protein concentration (%)
LN2024,Fm412,1,13.39,protein_pct,Seed protein concentration (%)
LN2024,Fm412,2,13.63,protein_pct,Seed protein concentration (%)
LN2024,Fm413,1,16.61,protein_pct,Seed protein concentration (%)
LN2024,Fm413,2,15.58,protein_pct,Seed protein concentration (%)
LN2024,Fm414,1,15.2,protein_pct,Seed protein concentration (%)
LN2024,Fm414,2,17.12,protein_pct,Seed protein concentration (%)
LN2024,Fm415,1,15.59,protein_pct,Seed protein concentration (%)
LN2024,Fm415,2,16.93,protein_pct,Seed protein concentration (%)
LN2024,Fm418,1,21.56,protein_pct,Seed protein concentration (%)
LN2024,Fm418,2,23.58,protein_pct,Seed protein concentration (%)
LN2024,Fm419,1,13.07,protein_pct,Seed protein concentration (%)
LN2024,Fm419,2,12.49,protein_pct,Seed protein concentration (%)
LN2024,Fm419,3,13.39,protein_pct,Seed protein concentration (%)
LN2024,Fm420,1,16.4,protein_pct,Seed protein concentration (%)
LN2024,Fm421,1,14.72,protein_pct,Seed protein concentration (%)
LN2024,Fm428,1,14.4,protein_pct,Seed protein concentration (%)
LN2024,Fm428,2,13.42,protein_pct,Seed protein concentration (%)
LN2024,Fm429,1,19.47,protein_pct,Seed protein concentration (%)
LN2024,Fm429,2,16.02,protein_pct,Seed protein concentration (%)
LN2024,Fm429,3,14.93,protein_pct,Seed protein concentration (%)
LN2024,Fm44,1,19.87,protein_pct,Seed protein concentration (%)
LN2024,Fm442,1,17.56,protein_pct,Seed protein concentration (%)
LN2024,Fm442,2,15.51,protein_pct,Seed protein concentration (%)
LN2024,Fm444,1,18.26,protein_pct,Seed protein concentration (%)
LN2024,Fm446,1,12.64,protein_pct,Seed protein concentration (%)
LN2024,Fm464,1,20.02,protein_pct,Seed protein concentration (%)
LN2024,Fm474,1,22.48,protein_pct,Seed protein concentration (%)
LN2024,Fm474,2,19.44,protein_pct,Seed protein concentration (%)
LN2024,Fm474,3,21.21,protein_pct,Seed protein concentration (%)
LN2024,Fm475,1,15.49,protein_pct,Seed protein concentration (%)
LN2024,Fm475,2,14.51,protein_pct,Seed protein concentration (%)
LN2024,Fm480,1,20.7,protein_pct,Seed protein concentration (%)
LN2024,Fm480,2,20.19,protein_pct,Seed protein concentration (%)
LN2024,Fm482,1,14.41,protein_pct,Seed protein concentration (%)
LN2024,Fm482,2,15.23,protein_pct,Seed protein concentration (%)
LN2024,Fm489,1,15.51,protein_pct,Seed protein concentration (%)
LN2024,Fm489,2,16.91,protein_pct,Seed protein concentration (%)
LN2024,Fm489,3,15.31,protein_pct,Seed protein concentration (%)
LN2024,Fm491,1,16.56,protein_pct,Seed protein concentration (%)
LN2024,Fm491,2,16.28,protein_pct,Seed protein concentration (%)
LN2024,Fm491,3,14.48,protein_pct,Seed protein concentration (%)
LN2024,Fm492,1,15.04,protein_pct,Seed protein concentration (%)
LN2024,Fm496,1,13.77,protein_pct,Seed protein concentration (%)
LN2024,Fm496,2,13.79,protein_pct,Seed protein concentration (%)
LN2024,Fm505,1,17.45,protein_pct,Seed protein concentration (%)
LN2024,Fm505,2,16.68,protein_pct,Seed protein concentration (%)
LN2024,Fm518,1,11.97,protein_pct,Seed protein concentration (%)
LN2024,Fm518,2,12.81,protein_pct,Seed protein concentration (%)
LN2024,Fm518,3,13.96,protein_pct,Seed protein concentration (%)
LN2024,Fm519,1,18.05,protein_pct,Seed protein concentration (%)
LN2024,Fm522,1,15.77,protein_pct,Seed protein concentration (%)
LN2024,Fm522,2,17.68,protein_pct,Seed protein concentration (%)
LN2024,Fm523,1,15.27,protein_pct,Seed protein concentration (%)
LN2024,Fm523,2,15.44,protein_pct,Seed protein concentration (%)
LN2024,Fm523,3,16.13,protein_pct,Seed protein concentration (%)
LN2024,Fm524,1,13.19,protein_pct,Seed protein concentration (%)
LN2024,Fm524,2,13.52,protein_pct,Seed protein concentration (%)
LN2024,Fm524,3,13.78,protein_pct,Seed protein concentration (%)
LN2024,Fm537,1,15.93,protein_pct,Seed protein concentration (%)
LN2024,Fm537,2,17.3,protein_pct,Seed protein concentration (%)
LN2024,Fm537,3,16.46,protein_pct,Seed protein concentration (%)
LN2024,Fm552,1,14.95,protein_pct,Seed protein concentration (%)
LN2024,Fm560,1,11,protein_pct,Seed protein concentration (%)
LN2024,Fm560,2,11.8,protein_pct,Seed protein concentration (%)
LN2024,Fm566,1,15.37,protein_pct,Seed protein concentration (%)
LN2024,Fm566,2,13.84,protein_pct,Seed protein concentration (%)
LN2024,Fm569,1,11.28,protein_pct,Seed protein concentration (%)
LN2024,Fm585,1,14.35,protein_pct,Seed protein concentration (%)
LN2024,Fm585,2,14.33,protein_pct,Seed protein concentration (%)
LN2024,Fm589,1,12.48,protein_pct,Seed protein concentration (%)
LN2024,Fm589,2,0,protein_pct,Seed protein concentration (%)
LN2024,Fm590,1,12.55,protein_pct,Seed protein concentration (%)
LN2024,Fm592,1,13.51,protein_pct,Seed protein concentration (%)
LN2024,Fm592,2,12.27,protein_pct,Seed protein concentration (%)
LN2024,Fm610,1,16.16,protein_pct,Seed protein concentration (%)
LN2024,Fm610,2,16.24,protein_pct,Seed protein concentration (%)
LN2024,Fm611,1,14.76,protein_pct,Seed protein concentration (%)
LN2024,Fm611,2,16.18,protein_pct,Seed protein concentration (%)
LN2024,Fm612,1,15.87,protein_pct,Seed protein concentration (%)
LN2024,Fm615,1,20.8,protein_pct,Seed protein concentration (%)
LN2024,Fm616,1,12.42,protein_pct,Seed protein concentration (%)
LN2024,Fm616,2,11.48,protein_pct,Seed protein concentration (%)
LN2024,Fm620,1,12.49,protein_pct,Seed protein concentration (%)
LN2024,Fm620,2,12.17,protein_pct,Seed protein concentration (%)
LN2024,Fm620,3,12.2,protein_pct,Seed protein concentration (%)
LN2024,Fm621,1,14.21,protein_pct,Seed protein concentration (%)
LN2024,Fm621,2,13.87,protein_pct,Seed protein concentration (%)
LN2024,Fm621,3,13.63,protein_pct,Seed protein concentration (%)
HN2024,Fm134,1,105,dtf,Days to flowering
HN2024,Fm134,2,112,dtf,Days to flowering
HN2024,Fm134,3,105,dtf,Days to flowering
HN2024,Fm170,1,138,dtf,Days to flowering
HN2024,Fm170,2,146,dtf,Days to flowering
HN2024,Fm170,3,130,dtf,Days to flowering
HN2024,Fm173,1,137,dtf,Days to flowering
HN2024,Fm173,2,138,dtf,Days to flowering
HN2024,Fm173,3,121,dtf,Days to flowering
HN2024,Fm174,1,141,dtf,Days to flowering
HN2024,Fm174,2,139,dtf,Days to flowering
HN2024,Fm174,3,138,dtf,Days to flowering
HN2024,Fm176,1,120,dtf,Days to flowering
HN2024,Fm176,2,136,dtf,Days to flowering
HN2024,Fm176,3,130,dtf,Days to flowering
HN2024,Fm181,1,82,dtf,Days to flowering
HN2024,Fm181,2,82,dtf,Days to flowering
HN2024,Fm181,3,83,dtf,Days to flowering
HN2024,Fm185,1,121,dtf,Days to flowering
HN2024,Fm185,2,121,dtf,Days to flowering
HN2024,Fm185,3,118,dtf,Days to flowering
HN2024,Fm190,1,91,dtf,Days to flowering
HN2024,Fm190,2,99,dtf,Days to flowering
HN2024,Fm190,3,99,dtf,Days to flowering
HN2024,Fm193,1,99,dtf,Days to flowering
HN2024,Fm193,2,94,dtf,Days to flowering
HN2024,Fm193,3,99,dtf,Days to flowering
HN2024,Fm194,1,99,dtf,Days to flowering
HN2024,Fm194,2,99,dtf,Days to flowering
HN2024,Fm194,3,99,dtf,Days to flowering
HN2024,Fm195,1,106,dtf,Days to flowering
HN2024,Fm195,2,106,dtf,Days to flowering
HN2024,Fm195,3,107,dtf,Days to flowering
HN2024,Fm203,1,86,dtf,Days to flowering
HN2024,Fm203,2,86,dtf,Days to flowering
HN2024,Fm203,3,86,dtf,Days to flowering
HN2024,Fm208,1,124,dtf,Days to flowering
HN2024,Fm208,2,123,dtf,Days to flowering
HN2024,Fm208,3,163,dtf,Days to flowering
HN2024,Fm214,1,91,dtf,Days to flowering
HN2024,Fm214,2,99,dtf,Days to flowering
HN2024,Fm214,3,87,dtf,Days to flowering
HN2024,Fm215,1,75,dtf,Days to flowering
HN2024,Fm215,2,77,dtf,Days to flowering
HN2024,Fm215,3,76,dtf,Days to flowering
HN2024,Fm216,1,103,dtf,Days to flowering
HN2024,Fm216,2,109,dtf,Days to flowering
HN2024,Fm216,3,105,dtf,Days to flowering
HN2024,Fm219,1,74,dtf,Days to flowering
HN2024,Fm219,2,73,dtf,Days to flowering
HN2024,Fm219,3,73,dtf,Days to flowering
HN2024,Fm221,1,101,dtf,Days to flowering
HN2024,Fm221,2,101,dtf,Days to flowering
HN2024,Fm221,3,132,dtf,Days to flowering
HN2024,Fm225,1,84,dtf,Days to flowering
HN2024,Fm225,2,79,dtf,Days to flowering
HN2024,Fm225,3,84,dtf,Days to flowering
HN2024,Fm227,1,106,dtf,Days to flowering
HN2024,Fm227,2,112,dtf,Days to flowering
HN2024,Fm227,3,106,dtf,Days to flowering
HN2024,Fm233,1,116,dtf,Days to flowering
HN2024,Fm233,2,116,dtf,Days to flowering
HN2024,Fm233,3,119,dtf,Days to flowering
HN2024,Fm235,1,121,dtf,Days to flowering
HN2024,Fm235,2,124,dtf,Days to flowering
HN2024,Fm235,3,147,dtf,Days to flowering
HN2024,Fm236,1,95,dtf,Days to flowering
HN2024,Fm236,2,95,dtf,Days to flowering
HN2024,Fm236,3,99,dtf,Days to flowering
HN2024,Fm238,1,119,dtf,Days to flowering
HN2024,Fm238,2,116,dtf,Days to flowering
HN2024,Fm238,3,121,dtf,Days to flowering
HN2024,Fm249,1,137,dtf,Days to flowering
HN2024,Fm249,2,138,dtf,Days to flowering
HN2024,Fm249,3,137,dtf,Days to flowering
HN2024,Fm250,1,122,dtf,Days to flowering
HN2024,Fm250,2,137,dtf,Days to flowering
HN2024,Fm250,3,134,dtf,Days to flowering
HN2024,Fm3,1,139,dtf,Days to flowering
HN2024,Fm3,2,138,dtf,Days to flowering
HN2024,Fm3,3,146,dtf,Days to flowering
HN2024,Fm321,1,89,dtf,Days to flowering
HN2024,Fm321,2,85,dtf,Days to flowering
HN2024,Fm321,3,100,dtf,Days to flowering
HN2024,Fm322,1,135,dtf,Days to flowering
HN2024,Fm322,2,130,dtf,Days to flowering
HN2024,Fm322,3,124,dtf,Days to flowering
HN2024,Fm337,1,104,dtf,Days to flowering
HN2024,Fm337,2,104,dtf,Days to flowering
HN2024,Fm337,3,103,dtf,Days to flowering
HN2024,Fm341,1,106,dtf,Days to flowering
HN2024,Fm341,2,110,dtf,Days to flowering
HN2024,Fm341,3,110,dtf,Days to flowering
HN2024,Fm343,1,121,dtf,Days to flowering
HN2024,Fm343,2,124,dtf,Days to flowering
HN2024,Fm343,3,124,dtf,Days to flowering
HN2024,Fm344,1,121,dtf,Days to flowering
HN2024,Fm344,2,118,dtf,Days to flowering
HN2024,Fm344,3,119,dtf,Days to flowering
HN2024,Fm345,1,117,dtf,Days to flowering
HN2024,Fm345,2,113,dtf,Days to flowering
HN2024,Fm345,3,108,dtf,Days to flowering
HN2024,Fm346,1,116,dtf,Days to flowering
HN2024,Fm346,2,116,dtf,Days to flowering
HN2024,Fm347,1,101,dtf,Days to flowering
HN2024,Fm347,2,102,dtf,Days to flowering
HN2024,Fm347,3,100,dtf,Days to flowering
HN2024,Fm349,1,105,dtf,Days to flowering
HN2024,Fm349,2,111,dtf,Days to flowering
HN2024,Fm349,3,112,dtf,Days to flowering
HN2024,Fm351,1,113,dtf,Days to flowering
HN2024,Fm351,2,116,dtf,Days to flowering
HN2024,Fm351,3,117,dtf,Days to flowering
HN2024,Fm352,1,101,dtf,Days to flowering
HN2024,Fm352,2,106,dtf,Days to flowering
HN2024,Fm352,3,105,dtf,Days to flowering
HN2024,Fm354,1,104,dtf,Days to flowering
HN2024,Fm354,2,104,dtf,Days to flowering
HN2024,Fm354,3,116,dtf,Days to flowering
HN2024,Fm355,1,116,dtf,Days to flowering
HN2024,Fm355,2,106,dtf,Days to flowering
HN2024,Fm355,3,109,dtf,Days to flowering
HN2024,Fm356,1,112,dtf,Days to flowering
HN2024,Fm356,2,118,dtf,Days to flowering
HN2024,Fm356,3,116,dtf,Days to flowering
HN2024,Fm358,1,116,dtf,Days to flowering
HN2024,Fm358,2,122,dtf,Days to flowering
HN2024,Fm358,3,121,dtf,Days to flowering
HN2024,Fm359,1,115,dtf,Days to flowering
HN2024,Fm359,2,109,dtf,Days to flowering
HN2024,Fm359,3,112,dtf,Days to flowering
HN2024,Fm36,1,113,dtf,Days to flowering
HN2024,Fm36,2,116,dtf,Days to flowering
HN2024,Fm36,3,116,dtf,Days to flowering
HN2024,Fm361,1,101,dtf,Days to flowering
HN2024,Fm361,3,104,dtf,Days to flowering
HN2024,Fm363,1,134,dtf,Days to flowering
HN2024,Fm363,2,110,dtf,Days to flowering
HN2024,Fm363,3,106,dtf,Days to flowering
HN2024,Fm364,1,120,dtf,Days to flowering
HN2024,Fm364,2,121,dtf,Days to flowering
HN2024,Fm364,3,116,dtf,Days to flowering
HN2024,Fm365,1,104,dtf,Days to flowering
HN2024,Fm365,2,105,dtf,Days to flowering
HN2024,Fm365,3,106,dtf,Days to flowering
HN2024,Fm366,1,101,dtf,Days to flowering
HN2024,Fm366,2,106,dtf,Days to flowering
HN2024,Fm366,3,101,dtf,Days to flowering
HN2024,Fm368,1,116,dtf,Days to flowering
HN2024,Fm368,2,109,dtf,Days to flowering
HN2024,Fm368,3,85,dtf,Days to flowering
HN2024,Fm369,1,104,dtf,Days to flowering
HN2024,Fm369,2,101,dtf,Days to flowering
HN2024,Fm369,3,106,dtf,Days to flowering
HN2024,Fm370,1,117,dtf,Days to flowering
HN2024,Fm370,2,111,dtf,Days to flowering
HN2024,Fm370,3,121,dtf,Days to flowering
HN2024,Fm372,1,104,dtf,Days to flowering
HN2024,Fm372,2,106,dtf,Days to flowering
HN2024,Fm372,3,115,dtf,Days to flowering
HN2024,Fm375,1,106,dtf,Days to flowering
HN2024,Fm375,2,109,dtf,Days to flowering
HN2024,Fm375,3,109,dtf,Days to flowering
HN2024,Fm376,1,103,dtf,Days to flowering
HN2024,Fm376,2,101,dtf,Days to flowering
HN2024,Fm376,3,106,dtf,Days to flowering
HN2024,Fm377,1,109,dtf,Days to flowering
HN2024,Fm377,2,110,dtf,Days to flowering
HN2024,Fm377,3,112,dtf,Days to flowering
HN2024,Fm378,1,106,dtf,Days to flowering
HN2024,Fm378,2,101,dtf,Days to flowering
HN2024,Fm378,3,100,dtf,Days to flowering
HN2024,Fm379,1,101,dtf,Days to flowering
HN2024,Fm379,2,104,dtf,Days to flowering
HN2024,Fm379,3,109,dtf,Days to flowering
HN2024,Fm380,1,112,dtf,Days to flowering
HN2024,Fm380,2,113,dtf,Days to flowering
HN2024,Fm380,3,115,dtf,Days to flowering
HN2024,Fm381,1,99,dtf,Days to flowering
HN2024,Fm381,2,99,dtf,Days to flowering
HN2024,Fm381,3,101,dtf,Days to flowering
HN2024,Fm382,1,104,dtf,Days to flowering
HN2024,Fm382,2,110,dtf,Days to flowering
HN2024,Fm382,3,104,dtf,Days to flowering
HN2024,Fm384,1,118,dtf,Days to flowering
HN2024,Fm384,2,116,dtf,Days to flowering
HN2024,Fm384,3,118,dtf,Days to flowering
HN2024,Fm387,1,124,dtf,Days to flowering
HN2024,Fm387,2,130,dtf,Days to flowering
HN2024,Fm387,3,124,dtf,Days to flowering
HN2024,Fm388,1,115,dtf,Days to flowering
HN2024,Fm388,2,103,dtf,Days to flowering
HN2024,Fm388,3,104,dtf,Days to flowering
HN2024,Fm389,1,118,dtf,Days to flowering
HN2024,Fm389,2,118,dtf,Days to flowering
HN2024,Fm389,3,124,dtf,Days to flowering
HN2024,Fm391,1,101,dtf,Days to flowering
HN2024,Fm391,2,101,dtf,Days to flowering
HN2024,Fm391,3,102,dtf,Days to flowering
HN2024,Fm392,1,100,dtf,Days to flowering
HN2024,Fm392,2,91,dtf,Days to flowering
HN2024,Fm392,3,89,dtf,Days to flowering
HN2024,Fm394,1,99,dtf,Days to flowering
HN2024,Fm394,2,99,dtf,Days to flowering
HN2024,Fm394,3,106,dtf,Days to flowering
HN2024,Fm395,1,115,dtf,Days to flowering
HN2024,Fm395,2,106,dtf,Days to flowering
HN2024,Fm395,3,109,dtf,Days to flowering
HN2024,Fm396,1,113,dtf,Days to flowering
HN2024,Fm396,2,115,dtf,Days to flowering
HN2024,Fm396,3,106,dtf,Days to flowering
HN2024,Fm398,1,106,dtf,Days to flowering
HN2024,Fm398,3,109,dtf,Days to flowering
HN2024,Fm400,1,106,dtf,Days to flowering
HN2024,Fm400,2,112,dtf,Days to flowering
HN2024,Fm400,3,104,dtf,Days to flowering
HN2024,Fm401,1,100,dtf,Days to flowering
HN2024,Fm401,2,100,dtf,Days to flowering
HN2024,Fm401,3,100,dtf,Days to flowering
HN2024,Fm402,1,100,dtf,Days to flowering
HN2024,Fm402,2,100,dtf,Days to flowering
HN2024,Fm402,3,101,dtf,Days to flowering
HN2024,Fm404,2,104,dtf,Days to flowering
HN2024,Fm404,3,113,dtf,Days to flowering
HN2024,Fm405,1,106,dtf,Days to flowering
HN2024,Fm405,2,104,dtf,Days to flowering
HN2024,Fm405,3,116,dtf,Days to flowering
HN2024,Fm406,1,100,dtf,Days to flowering
HN2024,Fm406,2,100,dtf,Days to flowering
HN2024,Fm406,3,103,dtf,Days to flowering
HN2024,Fm407,1,101,dtf,Days to flowering
HN2024,Fm407,2,100,dtf,Days to flowering
HN2024,Fm407,3,93,dtf,Days to flowering
HN2024,Fm41,1,125,dtf,Days to flowering
HN2024,Fm41,2,138,dtf,Days to flowering
HN2024,Fm41,3,117,dtf,Days to flowering
HN2024,Fm410,1,110,dtf,Days to flowering
HN2024,Fm410,2,109,dtf,Days to flowering
HN2024,Fm410,3,109,dtf,Days to flowering
HN2024,Fm411,1,101,dtf,Days to flowering
HN2024,Fm411,2,90,dtf,Days to flowering
HN2024,Fm411,3,104,dtf,Days to flowering
HN2024,Fm412,1,99,dtf,Days to flowering
HN2024,Fm412,2,99,dtf,Days to flowering
HN2024,Fm412,3,101,dtf,Days to flowering
HN2024,Fm413,1,107,dtf,Days to flowering
HN2024,Fm413,2,104,dtf,Days to flowering
HN2024,Fm413,3,116,dtf,Days to flowering
HN2024,Fm414,1,100,dtf,Days to flowering
HN2024,Fm414,2,100,dtf,Days to flowering
HN2024,Fm414,3,100,dtf,Days to flowering
HN2024,Fm415,1,98,dtf,Days to flowering
HN2024,Fm415,2,99,dtf,Days to flowering
HN2024,Fm415,3,100,dtf,Days to flowering
HN2024,Fm416,1,111,dtf,Days to flowering
HN2024,Fm416,2,112,dtf,Days to flowering
HN2024,Fm416,3,116,dtf,Days to flowering
HN2024,Fm417,1,117,dtf,Days to flowering
HN2024,Fm417,2,122,dtf,Days to flowering
HN2024,Fm417,3,121,dtf,Days to flowering
HN2024,Fm418,1,119,dtf,Days to flowering
HN2024,Fm418,2,121,dtf,Days to flowering
HN2024,Fm418,3,118,dtf,Days to flowering
HN2024,Fm419,1,95,dtf,Days to flowering
HN2024,Fm419,2,95,dtf,Days to flowering
HN2024,Fm419,3,95,dtf,Days to flowering
HN2024,Fm420,1,101,dtf,Days to flowering
HN2024,Fm420,2,106,dtf,Days to flowering
HN2024,Fm420,3,101,dtf,Days to flowering
HN2024,Fm421,1,106,dtf,Days to flowering
HN2024,Fm421,2,112,dtf,Days to flowering
HN2024,Fm421,3,119,dtf,Days to flowering
HN2024,Fm428,1,99,dtf,Days to flowering
HN2024,Fm428,2,99,dtf,Days to flowering
HN2024,Fm428,3,99,dtf,Days to flowering
HN2024,Fm429,1,98,dtf,Days to flowering
HN2024,Fm429,2,99,dtf,Days to flowering
HN2024,Fm429,3,93,dtf,Days to flowering
HN2024,Fm43,1,137,dtf,Days to flowering
HN2024,Fm43,2,125,dtf,Days to flowering
HN2024,Fm43,3,125,dtf,Days to flowering
HN2024,Fm44,1,106,dtf,Days to flowering
HN2024,Fm44,2,115,dtf,Days to flowering
HN2024,Fm44,3,116,dtf,Days to flowering
HN2024,Fm442,1,113,dtf,Days to flowering
HN2024,Fm442,2,100,dtf,Days to flowering
HN2024,Fm442,3,106,dtf,Days to flowering
HN2024,Fm443,1,101,dtf,Days to flowering
HN2024,Fm443,2,101,dtf,Days to flowering
HN2024,Fm443,3,106,dtf,Days to flowering
HN2024,Fm444,1,109,dtf,Days to flowering
HN2024,Fm444,2,116,dtf,Days to flowering
HN2024,Fm444,3,116,dtf,Days to flowering
HN2024,Fm446,1,104,dtf,Days to flowering
HN2024,Fm446,2,109,dtf,Days to flowering
HN2024,Fm446,3,116,dtf,Days to flowering
HN2024,Fm458,1,140,dtf,Days to flowering
HN2024,Fm458,2,139,dtf,Days to flowering
HN2024,Fm458,3,146,dtf,Days to flowering
HN2024,Fm464,1,117,dtf,Days to flowering
HN2024,Fm464,2,121,dtf,Days to flowering
HN2024,Fm464,3,113,dtf,Days to flowering
HN2024,Fm474,1,135,dtf,Days to flowering
HN2024,Fm474,2,100,dtf,Days to flowering
HN2024,Fm474,3,100,dtf,Days to flowering
HN2024,Fm475,1,99,dtf,Days to flowering
HN2024,Fm475,2,101,dtf,Days to flowering
HN2024,Fm475,3,101,dtf,Days to flowering
HN2024,Fm477,1,112,dtf,Days to flowering
HN2024,Fm477,2,116,dtf,Days to flowering
HN2024,Fm477,3,109,dtf,Days to flowering
HN2024,Fm478,1,113,dtf,Days to flowering
HN2024,Fm478,2,113,dtf,Days to flowering
HN2024,Fm478,3,112,dtf,Days to flowering
HN2024,Fm480,1,116,dtf,Days to flowering
HN2024,Fm480,2,115,dtf,Days to flowering
HN2024,Fm480,3,116,dtf,Days to flowering
HN2024,Fm482,1,109,dtf,Days to flowering
HN2024,Fm482,2,112,dtf,Days to flowering
HN2024,Fm482,3,146,dtf,Days to flowering
HN2024,Fm484,1,101,dtf,Days to flowering
HN2024,Fm484,2,106,dtf,Days to flowering
HN2024,Fm484,3,110,dtf,Days to flowering
HN2024,Fm489,1,99,dtf,Days to flowering
HN2024,Fm489,2,116,dtf,Days to flowering
HN2024,Fm489,3,95,dtf,Days to flowering
HN2024,Fm491,1,105,dtf,Days to flowering
HN2024,Fm491,2,106,dtf,Days to flowering
HN2024,Fm491,3,112,dtf,Days to flowering
HN2024,Fm492,1,104,dtf,Days to flowering
HN2024,Fm492,2,103,dtf,Days to flowering
HN2024,Fm492,3,106,dtf,Days to flowering
HN2024,Fm496,1,93,dtf,Days to flowering
HN2024,Fm496,2,95,dtf,Days to flowering
HN2024,Fm496,3,95,dtf,Days to flowering
HN2024,Fm505,1,119,dtf,Days to flowering
HN2024,Fm505,2,121,dtf,Days to flowering
HN2024,Fm505,3,122,dtf,Days to flowering
HN2024,Fm507,1,116,dtf,Days to flowering
HN2024,Fm507,2,108,dtf,Days to flowering
HN2024,Fm507,3,115,dtf,Days to flowering
HN2024,Fm510,1,137,dtf,Days to flowering
HN2024,Fm510,2,138,dtf,Days to flowering
HN2024,Fm510,3,129,dtf,Days to flowering
HN2024,Fm518,1,100,dtf,Days to flowering
HN2024,Fm518,2,103,dtf,Days to flowering
HN2024,Fm518,3,101,dtf,Days to flowering
HN2024,Fm519,1,113,dtf,Days to flowering
HN2024,Fm519,2,114,dtf,Days to flowering
HN2024,Fm519,3,112,dtf,Days to flowering
HN2024,Fm522,1,118,dtf,Days to flowering
HN2024,Fm522,2,119,dtf,Days to flowering
HN2024,Fm522,3,85,dtf,Days to flowering
HN2024,Fm523,1,99,dtf,Days to flowering
HN2024,Fm523,2,95,dtf,Days to flowering
HN2024,Fm523,3,93,dtf,Days to flowering
HN2024,Fm524,1,99,dtf,Days to flowering
HN2024,Fm524,2,99,dtf,Days to flowering
HN2024,Fm524,3,99,dtf,Days to flowering
HN2024,Fm537,1,104,dtf,Days to flowering
HN2024,Fm537,2,104,dtf,Days to flowering
HN2024,Fm537,3,104,dtf,Days to flowering
HN2024,Fm552,1,100,dtf,Days to flowering
HN2024,Fm552,2,100,dtf,Days to flowering
HN2024,Fm552,3,101,dtf,Days to flowering
HN2024,Fm56,1,140,dtf,Days to flowering
HN2024,Fm56,2,136,dtf,Days to flowering
HN2024,Fm56,3,140,dtf,Days to flowering
HN2024,Fm560,1,80,dtf,Days to flowering
HN2024,Fm560,2,82,dtf,Days to flowering
HN2024,Fm560,3,84,dtf,Days to flowering
HN2024,Fm566,1,99,dtf,Days to flowering
HN2024,Fm566,2,101,dtf,Days to flowering
HN2024,Fm566,3,103,dtf,Days to flowering
HN2024,Fm569,1,82,dtf,Days to flowering
HN2024,Fm569,2,82,dtf,Days to flowering
HN2024,Fm569,3,82,dtf,Days to flowering
HN2024,Fm585,2,103,dtf,Days to flowering
HN2024,Fm589,1,74,dtf,Days to flowering
HN2024,Fm589,2,74,dtf,Days to flowering
HN2024,Fm589,3,78,dtf,Days to flowering
HN2024,Fm590,1,85,dtf,Days to flowering
HN2024,Fm590,2,84,dtf,Days to flowering
HN2024,Fm590,3,84,dtf,Days to flowering
HN2024,Fm592,1,82,dtf,Days to flowering
HN2024,Fm592,2,84,dtf,Days to flowering
HN2024,Fm592,3,84,dtf,Days to flowering
HN2024,Fm600,1,117,dtf,Days to flowering
HN2024,Fm600,2,117,dtf,Days to flowering
HN2024,Fm600,3,116,dtf,Days to flowering
HN2024,Fm601,1,130,dtf,Days to flowering
HN2024,Fm601,2,125,dtf,Days to flowering
HN2024,Fm601,3,125,dtf,Days to flowering
HN2024,Fm610,1,107,dtf,Days to flowering
HN2024,Fm610,2,106,dtf,Days to flowering
HN2024,Fm610,3,103,dtf,Days to flowering
HN2024,Fm611,1,102,dtf,Days to flowering
HN2024,Fm611,2,100,dtf,Days to flowering
HN2024,Fm611,3,100,dtf,Days to flowering
HN2024,Fm612,1,103,dtf,Days to flowering
HN2024,Fm612,2,103,dtf,Days to flowering
HN2024,Fm612,3,103,dtf,Days to flowering
HN2024,Fm614,1,114,dtf,Days to flowering
HN2024,Fm614,2,120,dtf,Days to flowering
HN2024,Fm614,3,121,dtf,Days to flowering
HN2024,Fm615,1,113,dtf,Days to flowering
HN2024,Fm615,2,109,dtf,Days to flowering
HN2024,Fm615,3,106,dtf,Days to flowering
HN2024,Fm616,1,76,dtf,Days to flowering
HN2024,Fm616,2,73,dtf,Days to flowering
HN2024,Fm616,3,78,dtf,Days to flowering
HN2024,Fm620,1,84,dtf,Days to flowering
HN2024,Fm620,2,87,dtf,Days to flowering
HN2024,Fm620,3,85,dtf,Days to flowering
HN2024,Fm621,1,110,dtf,Days to flowering
HN2024,Fm621,2,104,dtf,Days to flowering
HN2024,Fm621,3,106,dtf,Days to flowering
HN2024,Fm65,1,113,dtf,Days to flowering
HN2024,Fm65,2,116,dtf,Days to flowering
HN2024,Fm65,3,117,dtf,Days to flowering
HN2024,Fm78,1,116,dtf,Days to flowering
HN2024,Fm78,2,120,dtf,Days to flowering
HN2024,Fm78,3,117,dtf,Days to flowering
HN2024,Fm79,1,147,dtf,Days to flowering
HN2024,Fm79,2,145,dtf,Days to flowering
HN2024,Fm79,3,147,dtf,Days to flowering
HN2024,Fm86,1,139,dtf,Days to flowering
HN2024,Fm86,2,143,dtf,Days to flowering
HN2024,Fm86,3,144,dtf,Days to flowering
HN2024,Fm134,1,60,height_cm,Plant height (cm)
HN2024,Fm134,2,30,height_cm,Plant height (cm)
HN2024,Fm134,3,50,height_cm,Plant height (cm)
HN2024,Fm156,1,102,height_cm,Plant height (cm)
HN2024,Fm156,2,114,height_cm,Plant height (cm)
HN2024,Fm156,3,93,height_cm,Plant height (cm)
HN2024,Fm161,1,70,height_cm,Plant height (cm)
HN2024,Fm161,2,62,height_cm,Plant height (cm)
HN2024,Fm161,3,57,height_cm,Plant height (cm)
HN2024,Fm168,1,85,height_cm,Plant height (cm)
HN2024,Fm168,3,89,height_cm,Plant height (cm)
HN2024,Fm170,1,102,height_cm,Plant height (cm)
HN2024,Fm170,2,118,height_cm,Plant height (cm)
HN2024,Fm170,3,103,height_cm,Plant height (cm)
HN2024,Fm173,1,104,height_cm,Plant height (cm)
HN2024,Fm173,2,97,height_cm,Plant height (cm)
HN2024,Fm173,3,108,height_cm,Plant height (cm)
HN2024,Fm174,1,88,height_cm,Plant height (cm)
HN2024,Fm174,2,95,height_cm,Plant height (cm)
HN2024,Fm174,3,89,height_cm,Plant height (cm)
HN2024,Fm176,1,102,height_cm,Plant height (cm)
HN2024,Fm176,2,91,height_cm,Plant height (cm)
HN2024,Fm176,3,79,height_cm,Plant height (cm)
HN2024,Fm181,1,97,height_cm,Plant height (cm)
HN2024,Fm181,2,78,height_cm,Plant height (cm)
HN2024,Fm181,3,98,height_cm,Plant height (cm)
HN2024,Fm185,1,111,height_cm,Plant height (cm)
HN2024,Fm185,2,102,height_cm,Plant height (cm)
HN2024,Fm185,3,105,height_cm,Plant height (cm)
HN2024,Fm190,1,102,height_cm,Plant height (cm)
HN2024,Fm190,2,130,height_cm,Plant height (cm)
HN2024,Fm190,3,98,height_cm,Plant height (cm)
HN2024,Fm193,1,94,height_cm,Plant height (cm)
HN2024,Fm193,2,104,height_cm,Plant height (cm)
HN2024,Fm193,3,98,height_cm,Plant height (cm)
HN2024,Fm194,1,80,height_cm,Plant height (cm)
HN2024,Fm194,2,88,height_cm,Plant height (cm)
HN2024,Fm194,3,81,height_cm,Plant height (cm)
HN2024,Fm195,1,125,height_cm,Plant height (cm)
HN2024,Fm195,2,135,height_cm,Plant height (cm)
HN2024,Fm195,3,135,height_cm,Plant height (cm)
HN2024,Fm20,1,101,height_cm,Plant height (cm)
HN2024,Fm20,2,95,height_cm,Plant height (cm)
HN2024,Fm20,3,81,height_cm,Plant height (cm)
HN2024,Fm203,1,104,height_cm,Plant height (cm)
HN2024,Fm203,2,99,height_cm,Plant height (cm)
HN2024,Fm203,3,112,height_cm,Plant height (cm)
HN2024,Fm208,1,88,height_cm,Plant height (cm)
HN2024,Fm208,2,108,height_cm,Plant height (cm)
HN2024,Fm208,3,90,height_cm,Plant height (cm)
HN2024,Fm214,1,110,height_cm,Plant height (cm)
HN2024,Fm214,2,90,height_cm,Plant height (cm)
HN2024,Fm214,3,115,height_cm,Plant height (cm)
HN2024,Fm215,1,129,height_cm,Plant height (cm)
HN2024,Fm215,2,129,height_cm,Plant height (cm)
HN2024,Fm215,3,124,height_cm,Plant height (cm)
HN2024,Fm216,1,88,height_cm,Plant height (cm)
HN2024,Fm216,2,100,height_cm,Plant height (cm)
HN2024,Fm216,3,100,height_cm,Plant height (cm)
HN2024,Fm219,1,107,height_cm,Plant height (cm)
HN2024,Fm219,2,120,height_cm,Plant height (cm)
HN2024,Fm219,3,102,height_cm,Plant height (cm)
HN2024,Fm221,1,93,height_cm,Plant height (cm)
HN2024,Fm221,2,108,height_cm,Plant height (cm)
HN2024,Fm221,3,110,height_cm,Plant height (cm)
HN2024,Fm225,1,97,height_cm,Plant height (cm)
HN2024,Fm225,2,107,height_cm,Plant height (cm)
HN2024,Fm225,3,100,height_cm,Plant height (cm)
HN2024,Fm227,1,110,height_cm,Plant height (cm)
HN2024,Fm227,2,90,height_cm,Plant height (cm)
HN2024,Fm227,3,98,height_cm,Plant height (cm)
HN2024,Fm233,1,93,height_cm,Plant height (cm)
HN2024,Fm233,2,106,height_cm,Plant height (cm)
HN2024,Fm233,3,98,height_cm,Plant height (cm)
HN2024,Fm235,1,105,height_cm,Plant height (cm)
HN2024,Fm235,2,105,height_cm,Plant height (cm)
HN2024,Fm235,3,91,height_cm,Plant height (cm)
HN2024,Fm236,1,116,height_cm,Plant height (cm)
HN2024,Fm236,2,122,height_cm,Plant height (cm)
HN2024,Fm236,3,115,height_cm,Plant height (cm)
HN2024,Fm238,1,111,height_cm,Plant height (cm)
HN2024,Fm238,2,122,height_cm,Plant height (cm)
HN2024,Fm238,3,110,height_cm,Plant height (cm)
HN2024,Fm249,1,120,height_cm,Plant height (cm)
HN2024,Fm249,2,119,height_cm,Plant height (cm)
HN2024,Fm249,3,109,height_cm,Plant height (cm)
HN2024,Fm250,1,130,height_cm,Plant height (cm)
HN2024,Fm250,2,113,height_cm,Plant height (cm)
HN2024,Fm250,3,132,height_cm,Plant height (cm)
HN2024,Fm3,1,120,height_cm,Plant height (cm)
HN2024,Fm3,2,104,height_cm,Plant height (cm)
HN2024,Fm3,3,101,height_cm,Plant height (cm)
HN2024,Fm321,1,100,height_cm,Plant height (cm)
HN2024,Fm321,2,81,height_cm,Plant height (cm)
HN2024,Fm321,3,89,height_cm,Plant height (cm)
HN2024,Fm322,1,107,height_cm,Plant height (cm)
HN2024,Fm322,2,106,height_cm,Plant height (cm)
HN2024,Fm322,3,102,height_cm,Plant height (cm)
HN2024,Fm337,1,85,height_cm,Plant height (cm)
HN2024,Fm337,2,102,height_cm,Plant height (cm)
HN2024,Fm337,3,100,height_cm,Plant height (cm)
HN2024,Fm341,1,103,height_cm,Plant height (cm)
HN2024,Fm341,2,90,height_cm,Plant height (cm)
HN2024,Fm341,3,101,height_cm,Plant height (cm)
HN2024,Fm343,1,138,height_cm,Plant height (cm)
HN2024,Fm343,2,132,height_cm,Plant height (cm)
HN2024,Fm343,3,122,height_cm,Plant height (cm)
HN2024,Fm344,1,88,height_cm,Plant height (cm)
HN2024,Fm344,2,94,height_cm,Plant height (cm)
HN2024,Fm344,3,80,height_cm,Plant height (cm)
HN2024,Fm345,1,100,height_cm,Plant height (cm)
HN2024,Fm345,2,110,height_cm,Plant height (cm)
HN2024,Fm345,3,110,height_cm,Plant height (cm)
HN2024,Fm346,1,106,height_cm,Plant height (cm)
HN2024,Fm346,2,86,height_cm,Plant height (cm)
HN2024,Fm346,3,100,height_cm,Plant height (cm)
HN2024,Fm347,1,102,height_cm,Plant height (cm)
HN2024,Fm347,2,106,height_cm,Plant height (cm)
HN2024,Fm347,3,102,height_cm,Plant height (cm)
HN2024,Fm349,1,115,height_cm,Plant height (cm)
HN2024,Fm349,2,110,height_cm,Plant height (cm)
HN2024,Fm349,3,112,height_cm,Plant height (cm)
HN2024,Fm351,1,105,height_cm,Plant height (cm)
HN2024,Fm351,2,116,height_cm,Plant height (cm)
HN2024,Fm351,3,104,height_cm,Plant height (cm)
HN2024,Fm352,1,105,height_cm,Plant height (cm)
HN2024,Fm352,2,104,height_cm,Plant height (cm)
HN2024,Fm352,3,113,height_cm,Plant height (cm)
HN2024,Fm354,1,108,height_cm,Plant height (cm)
HN2024,Fm354,2,116,height_cm,Plant height (cm)
HN2024,Fm354,3,101,height_cm,Plant height (cm)
HN2024,Fm355,1,90,height_cm,Plant height (cm)
HN2024,Fm355,2,105,height_cm,Plant height (cm)
HN2024,Fm355,3,91,height_cm,Plant height (cm)
HN2024,Fm356,1,95,height_cm,Plant height (cm)
HN2024,Fm356,2,110,height_cm,Plant height (cm)
HN2024,Fm356,3,100,height_cm,Plant height (cm)
HN2024,Fm358,1,97,height_cm,Plant height (cm)
HN2024,Fm358,2,114,height_cm,Plant height (cm)
HN2024,Fm358,3,110,height_cm,Plant height (cm)
HN2024,Fm359,1,113,height_cm,Plant height (cm)
HN2024,Fm359,2,106,height_cm,Plant height (cm)
HN2024,Fm359,3,113,height_cm,Plant height (cm)
HN2024,Fm36,1,120,height_cm,Plant height (cm)
HN2024,Fm36,2,110,height_cm,Plant height (cm)
HN2024,Fm36,3,121,height_cm,Plant height (cm)
HN2024,Fm361,1,102,height_cm,Plant height (cm)
HN2024,Fm361,3,118,height_cm,Plant height (cm)
HN2024,Fm363,1,105,height_cm,Plant height (cm)
HN2024,Fm363,2,117,height_cm,Plant height (cm)
HN2024,Fm363,3,120,height_cm,Plant height (cm)
HN2024,Fm364,1,94,height_cm,Plant height (cm)
HN2024,Fm364,2,100,height_cm,Plant height (cm)
HN2024,Fm364,3,90,height_cm,Plant height (cm)
HN2024,Fm365,1,110,height_cm,Plant height (cm)
HN2024,Fm365,2,105,height_cm,Plant height (cm)
HN2024,Fm365,3,110,height_cm,Plant height (cm)
HN2024,Fm366,1,95,height_cm,Plant height (cm)
HN2024,Fm366,2,89,height_cm,Plant height (cm)
HN2024,Fm366,3,95,height_cm,Plant height (cm)
HN2024,Fm368,1,100,height_cm,Plant height (cm)
HN2024,Fm368,2,110,height_cm,Plant height (cm)
HN2024,Fm368,3,106,height_cm,Plant height (cm)
HN2024,Fm369,1,90,height_cm,Plant height (cm)
HN2024,Fm369,2,85,height_cm,Plant height (cm)
HN2024,Fm369,3,75,height_cm,Plant height (cm)
HN2024,Fm370,1,100,height_cm,Plant height (cm)
HN2024,Fm370,2,122,height_cm,Plant height (cm)
HN2024,Fm370,3,97,height_cm,Plant height (cm)
HN2024,Fm372,1,96,height_cm,Plant height (cm)
HN2024,Fm372,2,102,height_cm,Plant height (cm)
HN2024,Fm372,3,102,height_cm,Plant height (cm)
HN2024,Fm375,1,115,height_cm,Plant height (cm)
HN2024,Fm375,2,105,height_cm,Plant height (cm)
HN2024,Fm375,3,105,height_cm,Plant height (cm)
HN2024,Fm376,1,110,height_cm,Plant height (cm)
HN2024,Fm376,2,113,height_cm,Plant height (cm)
HN2024,Fm376,3,102,height_cm,Plant height (cm)
HN2024,Fm377,1,106,height_cm,Plant height (cm)
HN2024,Fm377,2,106,height_cm,Plant height (cm)
HN2024,Fm377,3,104,height_cm,Plant height (cm)
HN2024,Fm378,1,113,height_cm,Plant height (cm)
HN2024,Fm378,2,110,height_cm,Plant height (cm)
HN2024,Fm378,3,105,height_cm,Plant height (cm)
HN2024,Fm379,1,101,height_cm,Plant height (cm)
HN2024,Fm379,2,105,height_cm,Plant height (cm)
HN2024,Fm379,3,109,height_cm,Plant height (cm)
HN2024,Fm380,1,98,height_cm,Plant height (cm)
HN2024,Fm380,2,123,height_cm,Plant height (cm)
HN2024,Fm380,3,109,height_cm,Plant height (cm)
HN2024,Fm381,1,119,height_cm,Plant height (cm)
HN2024,Fm381,2,105,height_cm,Plant height (cm)
HN2024,Fm381,3,120,height_cm,Plant height (cm)
HN2024,Fm382,1,89,height_cm,Plant height (cm)
HN2024,Fm382,2,94,height_cm,Plant height (cm)
HN2024,Fm382,3,93,height_cm,Plant height (cm)
HN2024,Fm384,1,90,height_cm,Plant height (cm)
HN2024,Fm384,2,83,height_cm,Plant height (cm)
HN2024,Fm384,3,89,height_cm,Plant height (cm)
HN2024,Fm387,1,96,height_cm,Plant height (cm)
HN2024,Fm387,2,100,height_cm,Plant height (cm)
HN2024,Fm387,3,95,height_cm,Plant height (cm)
HN2024,Fm388,1,104,height_cm,Plant height (cm)
HN2024,Fm388,2,100,height_cm,Plant height (cm)
HN2024,Fm388,3,90,height_cm,Plant height (cm)
HN2024,Fm389,1,81,height_cm,Plant height (cm)
HN2024,Fm389,2,85,height_cm,Plant height (cm)
HN2024,Fm389,3,83,height_cm,Plant height (cm)
HN2024,Fm391,1,105,height_cm,Plant height (cm)
HN2024,Fm391,2,100,height_cm,Plant height (cm)
HN2024,Fm391,3,109,height_cm,Plant height (cm)
HN2024,Fm392,1,90,height_cm,Plant height (cm)
HN2024,Fm392,2,110,height_cm,Plant height (cm)
HN2024,Fm392,3,95,height_cm,Plant height (cm)
HN2024,Fm394,1,97,height_cm,Plant height (cm)
HN2024,Fm394,2,92,height_cm,Plant height (cm)
HN2024,Fm394,3,95,height_cm,Plant height (cm)
HN2024,Fm395,1,108,height_cm,Plant height (cm)
HN2024,Fm395,2,116,height_cm,Plant height (cm)
HN2024,Fm395,3,117,height_cm,Plant height (cm)
HN2024,Fm396,1,90,height_cm,Plant height (cm)
HN2024,Fm396,2,90,height_cm,Plant height (cm)
HN2024,Fm396,3,90,height_cm,Plant height (cm)
HN2024,Fm398,1,90,height_cm,Plant height (cm)
HN2024,Fm398,3,100,height_cm,Plant height (cm)
HN2024,Fm400,1,110,height_cm,Plant height (cm)
HN2024,Fm400,2,95,height_cm,Plant height (cm)
HN2024,Fm400,3,105,height_cm,Plant height (cm)
HN2024,Fm401,1,92,height_cm,Plant height (cm)
HN2024,Fm401,2,107,height_cm,Plant height (cm)
HN2024,Fm401,3,100,height_cm,Plant height (cm)
HN2024,Fm402,1,110,height_cm,Plant height (cm)
HN2024,Fm402,2,110,height_cm,Plant height (cm)
HN2024,Fm402,3,107,height_cm,Plant height (cm)
HN2024,Fm404,2,108,height_cm,Plant height (cm)
HN2024,Fm404,3,109,height_cm,Plant height (cm)
HN2024,Fm405,1,120,height_cm,Plant height (cm)
HN2024,Fm405,2,107,height_cm,Plant height (cm)
HN2024,Fm405,3,118,height_cm,Plant height (cm)
HN2024,Fm406,1,108,height_cm,Plant height (cm)
HN2024,Fm406,2,105,height_cm,Plant height (cm)
HN2024,Fm406,3,95,height_cm,Plant height (cm)
HN2024,Fm407,1,103,height_cm,Plant height (cm)
HN2024,Fm407,2,99,height_cm,Plant height (cm)
HN2024,Fm407,3,110,height_cm,Plant height (cm)
HN2024,Fm41,1,108,height_cm,Plant height (cm)
HN2024,Fm41,2,92,height_cm,Plant height (cm)
HN2024,Fm41,3,93,height_cm,Plant height (cm)
HN2024,Fm410,1,102,height_cm,Plant height (cm)
HN2024,Fm410,2,104,height_cm,Plant height (cm)
HN2024,Fm410,3,110,height_cm,Plant height (cm)
HN2024,Fm411,1,100,height_cm,Plant height (cm)
HN2024,Fm411,2,94,height_cm,Plant height (cm)
HN2024,Fm411,3,110,height_cm,Plant height (cm)
HN2024,Fm412,1,82,height_cm,Plant height (cm)
HN2024,Fm412,2,87,height_cm,Plant height (cm)
HN2024,Fm412,3,91,height_cm,Plant height (cm)
HN2024,Fm413,1,85,height_cm,Plant height (cm)
HN2024,Fm413,2,100,height_cm,Plant height (cm)
HN2024,Fm413,3,91,height_cm,Plant height (cm)
HN2024,Fm414,1,92,height_cm,Plant height (cm)
HN2024,Fm414,2,96,height_cm,Plant height (cm)
HN2024,Fm414,3,93,height_cm,Plant height (cm)
HN2024,Fm415,1,90,height_cm,Plant height (cm)
HN2024,Fm415,2,102,height_cm,Plant height (cm)
HN2024,Fm415,3,88,height_cm,Plant height (cm)
HN2024,Fm416,1,117,height_cm,Plant height (cm)
HN2024,Fm416,2,112,height_cm,Plant height (cm)
HN2024,Fm416,3,113,height_cm,Plant height (cm)
HN2024,Fm417,1,111,height_cm,Plant height (cm)
HN2024,Fm417,2,108,height_cm,Plant height (cm)
HN2024,Fm417,3,102,height_cm,Plant height (cm)
HN2024,Fm418,1,88,height_cm,Plant height (cm)
HN2024,Fm418,2,98,height_cm,Plant height (cm)
HN2024,Fm418,3,83,height_cm,Plant height (cm)
HN2024,Fm419,1,89,height_cm,Plant height (cm)
HN2024,Fm419,2,104,height_cm,Plant height (cm)
HN2024,Fm419,3,90,height_cm,Plant height (cm)
HN2024,Fm420,1,93,height_cm,Plant height (cm)
HN2024,Fm420,2,105,height_cm,Plant height (cm)
HN2024,Fm420,3,95,height_cm,Plant height (cm)
HN2024,Fm421,1,105,height_cm,Plant height (cm)
HN2024,Fm421,2,107,height_cm,Plant height (cm)
HN2024,Fm421,3,107,height_cm,Plant height (cm)
HN2024,Fm428,1,97,height_cm,Plant height (cm)
HN2024,Fm428,2,90,height_cm,Plant height (cm)
HN2024,Fm428,3,78,height_cm,Plant height (cm)
HN2024,Fm429,1,125,height_cm,Plant height (cm)
HN2024,Fm429,2,125,height_cm,Plant height (cm)
HN2024,Fm429,3,141,height_cm,Plant height (cm)
HN2024,Fm43,1,93,height_cm,Plant height (cm)
HN2024,Fm43,2,87,height_cm,Plant height (cm)
HN2024,Fm43,3,92,height_cm,Plant height (cm)
HN2024,Fm44,1,109,height_cm,Plant height (cm)
HN2024,Fm44,2,104,height_cm,Plant height (cm)
HN2024,Fm44,3,90,height_cm,Plant height (cm)
HN2024,Fm442,1,85,height_cm,Plant height (cm)
HN2024,Fm442,2,91,height_cm,Plant height (cm)
HN2024,Fm442,3,85,height_cm,Plant height (cm)
HN2024,Fm443,1,100,height_cm,Plant height (cm)
HN2024,Fm443,2,104,height_cm,Plant height (cm)
HN2024,Fm443,3,85,height_cm,Plant height (cm)
HN2024,Fm444,1,94,height_cm,Plant height (cm)
HN2024,Fm444,2,86,height_cm,Plant height (cm)
HN2024,Fm444,3,107,height_cm,Plant height (cm)
HN2024,Fm446,1,118,height_cm,Plant height (cm)
HN2024,Fm446,2,105,height_cm,Plant height (cm)
HN2024,Fm446,3,113,height_cm,Plant height (cm)
HN2024,Fm458,1,122,height_cm,Plant height (cm)
HN2024,Fm458,2,130,height_cm,Plant height (cm)
HN2024,Fm458,3,125,height_cm,Plant height (cm)
HN2024,Fm464,1,100,height_cm,Plant height (cm)
HN2024,Fm464,2,101,height_cm,Plant height (cm)
HN2024,Fm464,3,107,height_cm,Plant height (cm)
HN2024,Fm474,1,110,height_cm,Plant height (cm)
HN2024,Fm474,2,108,height_cm,Plant height (cm)
HN2024,Fm474,3,90,height_cm,Plant height (cm)
HN2024,Fm475,2,108,height_cm,Plant height (cm)
HN2024,Fm475,3,101,height_cm,Plant height (cm)
HN2024,Fm477,1,110,height_cm,Plant height (cm)
HN2024,Fm477,2,112,height_cm,Plant height (cm)
HN2024,Fm477,3,113,height_cm,Plant height (cm)
HN2024,Fm478,1,116,height_cm,Plant height (cm)
HN2024,Fm478,2,118,height_cm,Plant height (cm)
HN2024,Fm478,3,120,height_cm,Plant height (cm)
HN2024,Fm480,1,119,height_cm,Plant height (cm)
HN2024,Fm480,2,112,height_cm,Plant height (cm)
HN2024,Fm480,3,113,height_cm,Plant height (cm)
HN2024,Fm482,1,108,height_cm,Plant height (cm)
HN2024,Fm482,2,115,height_cm,Plant height (cm)
HN2024,Fm482,3,119,height_cm,Plant height (cm)
HN2024,Fm484,1,99,height_cm,Plant height (cm)
HN2024,Fm484,2,105,height_cm,Plant height (cm)
HN2024,Fm484,3,110,height_cm,Plant height (cm)
HN2024,Fm489,1,125,height_cm,Plant height (cm)
HN2024,Fm489,2,92,height_cm,Plant height (cm)
HN2024,Fm489,3,129,height_cm,Plant height (cm)
HN2024,Fm491,1,82,height_cm,Plant height (cm)
HN2024,Fm491,2,98,height_cm,Plant height (cm)
HN2024,Fm491,3,100,height_cm,Plant height (cm)
HN2024,Fm492,1,122,height_cm,Plant height (cm)
HN2024,Fm492,3,125,height_cm,Plant height (cm)
HN2024,Fm496,1,121,height_cm,Plant height (cm)
HN2024,Fm496,2,123,height_cm,Plant height (cm)
HN2024,Fm496,3,133,height_cm,Plant height (cm)
HN2024,Fm505,1,99,height_cm,Plant height (cm)
HN2024,Fm505,2,95,height_cm,Plant height (cm)
HN2024,Fm505,3,101,height_cm,Plant height (cm)
HN2024,Fm507,1,40,height_cm,Plant height (cm)
HN2024,Fm507,2,60,height_cm,Plant height (cm)
HN2024,Fm507,3,62,height_cm,Plant height (cm)
HN2024,Fm510,1,108,height_cm,Plant height (cm)
HN2024,Fm510,2,131,height_cm,Plant height (cm)
HN2024,Fm510,3,122,height_cm,Plant height (cm)
HN2024,Fm518,1,102,height_cm,Plant height (cm)
HN2024,Fm518,2,100,height_cm,Plant height (cm)
HN2024,Fm518,3,105,height_cm,Plant height (cm)
HN2024,Fm519,1,100,height_cm,Plant height (cm)
HN2024,Fm519,2,101,height_cm,Plant height (cm)
HN2024,Fm519,3,111,height_cm,Plant height (cm)
HN2024,Fm522,1,110,height_cm,Plant height (cm)
HN2024,Fm522,2,106,height_cm,Plant height (cm)
HN2024,Fm522,3,95,height_cm,Plant height (cm)
HN2024,Fm523,1,120,height_cm,Plant height (cm)
HN2024,Fm523,2,136,height_cm,Plant height (cm)
HN2024,Fm523,3,140,height_cm,Plant height (cm)
HN2024,Fm524,1,99,height_cm,Plant height (cm)
HN2024,Fm524,2,107,height_cm,Plant height (cm)
HN2024,Fm524,3,98,height_cm,Plant height (cm)
HN2024,Fm537,1,114,height_cm,Plant height (cm)
HN2024,Fm537,2,116,height_cm,Plant height (cm)
HN2024,Fm537,3,108,height_cm,Plant height (cm)
HN2024,Fm552,1,84,height_cm,Plant height (cm)
HN2024,Fm552,2,104,height_cm,Plant height (cm)
HN2024,Fm552,3,96,height_cm,Plant height (cm)
HN2024,Fm56,1,115,height_cm,Plant height (cm)
HN2024,Fm56,2,113,height_cm,Plant height (cm)
HN2024,Fm56,3,110,height_cm,Plant height (cm)
HN2024,Fm560,1,60,height_cm,Plant height (cm)
HN2024,Fm560,2,63,height_cm,Plant height (cm)
HN2024,Fm560,3,68,height_cm,Plant height (cm)
HN2024,Fm566,1,90,height_cm,Plant height (cm)
HN2024,Fm566,2,98,height_cm,Plant height (cm)
HN2024,Fm566,3,91,height_cm,Plant height (cm)
HN2024,Fm569,1,95,height_cm,Plant height (cm)
HN2024,Fm569,2,75,height_cm,Plant height (cm)
HN2024,Fm569,3,81,height_cm,Plant height (cm)
HN2024,Fm585,2,120,height_cm,Plant height (cm)
HN2024,Fm589,1,107,height_cm,Plant height (cm)
HN2024,Fm589,2,97,height_cm,Plant height (cm)
HN2024,Fm589,3,107,height_cm,Plant height (cm)
HN2024,Fm590,1,66,height_cm,Plant height (cm)
HN2024,Fm590,2,82,height_cm,Plant height (cm)
HN2024,Fm590,3,69,height_cm,Plant height (cm)
HN2024,Fm592,1,72,height_cm,Plant height (cm)
HN2024,Fm592,2,80,height_cm,Plant height (cm)
HN2024,Fm592,3,75,height_cm,Plant height (cm)
HN2024,Fm600,1,99,height_cm,Plant height (cm)
HN2024,Fm600,2,91,height_cm,Plant height (cm)
HN2024,Fm600,3,100,height_cm,Plant height (cm)
HN2024,Fm601,1,90,height_cm,Plant height (cm)
HN2024,Fm601,2,111,height_cm,Plant height (cm)
HN2024,Fm601,3,103,height_cm,Plant height (cm)
HN2024,Fm610,1,92,height_cm,Plant height (cm)
HN2024,Fm610,2,93,height_cm,Plant height (cm)
HN2024,Fm610,3,102,height_cm,Plant height (cm)
HN2024,Fm611,1,90,height_cm,Plant height (cm)
HN2024,Fm611,2,92,height_cm,Plant height (cm)
HN2024,Fm611,3,90,height_cm,Plant height (cm)
HN2024,Fm612,1,95,height_cm,Plant height (cm)
HN2024,Fm612,2,92,height_cm,Plant height (cm)
HN2024,Fm612,3,97,height_cm,Plant height (cm)
HN2024,Fm614,1,108,height_cm,Plant height (cm)
HN2024,Fm614,2,105,height_cm,Plant height (cm)
HN2024,Fm614,3,122,height_cm,Plant height (cm)
HN2024,Fm615,1,125,height_cm,Plant height (cm)
HN2024,Fm615,2,138,height_cm,Plant height (cm)
HN2024,Fm615,3,150,height_cm,Plant height (cm)
HN2024,Fm616,1,78,height_cm,Plant height (cm)
HN2024,Fm616,2,91,height_cm,Plant height (cm)
HN2024,Fm616,3,89,height_cm,Plant height (cm)
HN2024,Fm620,1,95,height_cm,Plant height (cm)
HN2024,Fm620,2,99,height_cm,Plant height (cm)
HN2024,Fm620,3,90,height_cm,Plant height (cm)
HN2024,Fm621,1,115,height_cm,Plant height (cm)
HN2024,Fm621,2,102,height_cm,Plant height (cm)
HN2024,Fm621,3,115,height_cm,Plant height (cm)
HN2024,Fm65,1,122,height_cm,Plant height (cm)
HN2024,Fm65,2,119,height_cm,Plant height (cm)
HN2024,Fm65,3,123,height_cm,Plant height (cm)
HN2024,Fm78,1,107,height_cm,Plant height (cm)
HN2024,Fm78,2,125,height_cm,Plant height (cm)
HN2024,Fm78,3,112,height_cm,Plant height (cm)
HN2024,Fm79,1,100,height_cm,Plant height (cm)
HN2024,Fm79,2,114,height_cm,Plant height (cm)
HN2024,Fm79,3,90,height_cm,Plant height (cm)
HN2024,Fm86,1,101,height_cm,Plant height (cm)
HN2024,Fm86,2,106,height_cm,Plant height (cm)
HN2024,Fm86,3,104,height_cm,Plant height (cm)
HN2024,Fm9,1,111,height_cm,Plant height (cm)
HN2024,Fm9,2,112,height_cm,Plant height (cm)
HN2024,Fm9,3,110,height_cm,Plant height (cm)
HN2024,Fm134,1,6,plants_m2,Plant density (plants m−2)
HN2024,Fm156,1,30,plants_m2,Plant density (plants m−2)
HN2024,Fm156,2,34,plants_m2,Plant density (plants m−2)
HN2024,Fm161,1,70,plants_m2,Plant density (plants m−2)
HN2024,Fm168,1,18,plants_m2,Plant density (plants m−2)
HN2024,Fm168,2,32,plants_m2,Plant density (plants m−2)
HN2024,Fm170,1,30,plants_m2,Plant density (plants m−2)
HN2024,Fm170,2,22,plants_m2,Plant density (plants m−2)
HN2024,Fm173,1,44,plants_m2,Plant density (plants m−2)
HN2024,Fm174,1,26,plants_m2,Plant density (plants m−2)
HN2024,Fm174,2,22,plants_m2,Plant density (plants m−2)
HN2024,Fm176,1,18,plants_m2,Plant density (plants m−2)
HN2024,Fm181,1,68,plants_m2,Plant density (plants m−2)
HN2024,Fm185,1,50,plants_m2,Plant density (plants m−2)
HN2024,Fm190,1,58,plants_m2,Plant density (plants m−2)
HN2024,Fm193,1,87,plants_m2,Plant density (plants m−2)
HN2024,Fm193,2,90,plants_m2,Plant density (plants m−2)
HN2024,Fm194,2,28,plants_m2,Plant density (plants m−2)
HN2024,Fm194,3,20,plants_m2,Plant density (plants m−2)
HN2024,Fm195,1,52,plants_m2,Plant density (plants m−2)
HN2024,Fm20,1,64,plants_m2,Plant density (plants m−2)
HN2024,Fm20,2,76,plants_m2,Plant density (plants m−2)
HN2024,Fm20,3,84,plants_m2,Plant density (plants m−2)
HN2024,Fm203,1,22,plants_m2,Plant density (plants m−2)
HN2024,Fm203,2,42,plants_m2,Plant density (plants m−2)
HN2024,Fm208,1,8,plants_m2,Plant density (plants m−2)
HN2024,Fm208,2,24,plants_m2,Plant density (plants m−2)
HN2024,Fm208,3,12,plants_m2,Plant density (plants m−2)
HN2024,Fm214,1,58,plants_m2,Plant density (plants m−2)
HN2024,Fm214,2,62,plants_m2,Plant density (plants m−2)
HN2024,Fm215,1,74,plants_m2,Plant density (plants m−2)
HN2024,Fm216,1,2,plants_m2,Plant density (plants m−2)
HN2024,Fm216,2,4,plants_m2,Plant density (plants m−2)
HN2024,Fm216,3,6,plants_m2,Plant density (plants m−2)
HN2024,Fm219,1,80,plants_m2,Plant density (plants m−2)
HN2024,Fm219,2,96,plants_m2,Plant density (plants m−2)
HN2024,Fm219,3,100,plants_m2,Plant density (plants m−2)
HN2024,Fm221,1,28,plants_m2,Plant density (plants m−2)
HN2024,Fm221,2,24,plants_m2,Plant density (plants m−2)
HN2024,Fm221,3,30,plants_m2,Plant density (plants m−2)
HN2024,Fm225,1,88,plants_m2,Plant density (plants m−2)
HN2024,Fm225,2,88,plants_m2,Plant density (plants m−2)
HN2024,Fm227,1,10,plants_m2,Plant density (plants m−2)
HN2024,Fm227,2,12,plants_m2,Plant density (plants m−2)
HN2024,Fm227,3,2,plants_m2,Plant density (plants m−2)
HN2024,Fm233,1,40,plants_m2,Plant density (plants m−2)
HN2024,Fm233,2,40,plants_m2,Plant density (plants m−2)
HN2024,Fm233,3,44,plants_m2,Plant density (plants m−2)
HN2024,Fm235,1,20,plants_m2,Plant density (plants m−2)
HN2024,Fm235,2,24,plants_m2,Plant density (plants m−2)
HN2024,Fm236,1,54,plants_m2,Plant density (plants m−2)
HN2024,Fm236,2,64,plants_m2,Plant density (plants m−2)
HN2024,Fm238,1,34,plants_m2,Plant density (plants m−2)
HN2024,Fm249,1,48,plants_m2,Plant density (plants m−2)
HN2024,Fm3,1,54,plants_m2,Plant density (plants m−2)
HN2024,Fm3,2,72,plants_m2,Plant density (plants m−2)
HN2024,Fm321,1,20,plants_m2,Plant density (plants m−2)
HN2024,Fm322,1,28,plants_m2,Plant density (plants m−2)
HN2024,Fm337,1,16,plants_m2,Plant density (plants m−2)
HN2024,Fm337,2,10,plants_m2,Plant density (plants m−2)
HN2024,Fm337,3,14,plants_m2,Plant density (plants m−2)
HN2024,Fm341,1,60,plants_m2,Plant density (plants m−2)
HN2024,Fm341,2,64,plants_m2,Plant density (plants m−2)
HN2024,Fm343,1,54,plants_m2,Plant density (plants m−2)
HN2024,Fm344,1,12,plants_m2,Plant density (plants m−2)
HN2024,Fm344,2,4,plants_m2,Plant density (plants m−2)
HN2024,Fm344,3,14,plants_m2,Plant density (plants m−2)
HN2024,Fm345,1,22,plants_m2,Plant density (plants m−2)
HN2024,Fm346,1,2,plants_m2,Plant density (plants m−2)
HN2024,Fm347,1,32,plants_m2,Plant density (plants m−2)
HN2024,Fm347,2,36,plants_m2,Plant density (plants m−2)
HN2024,Fm349,1,24,plants_m2,Plant density (plants m−2)
HN2024,Fm351,1,42,plants_m2,Plant density (plants m−2)
HN2024,Fm351,2,40,plants_m2,Plant density (plants m−2)
HN2024,Fm352,1,4,plants_m2,Plant density (plants m−2)
HN2024,Fm352,2,6,plants_m2,Plant density (plants m−2)
HN2024,Fm354,1,36,plants_m2,Plant density (plants m−2)
HN2024,Fm355,1,30,plants_m2,Plant density (plants m−2)
HN2024,Fm355,2,36,plants_m2,Plant density (plants m−2)
HN2024,Fm356,1,36,plants_m2,Plant density (plants m−2)
HN2024,Fm358,1,88,plants_m2,Plant density (plants m−2)
HN2024,Fm358,2,84,plants_m2,Plant density (plants m−2)
HN2024,Fm359,1,26,plants_m2,Plant density (plants m−2)
HN2024,Fm359,2,34,plants_m2,Plant density (plants m−2)
HN2024,Fm36,1,40,plants_m2,Plant density (plants m−2)
HN2024,Fm36,2,48,plants_m2,Plant density (plants m−2)
HN2024,Fm361,1,56,plants_m2,Plant density (plants m−2)
HN2024,Fm363,1,28,plants_m2,Plant density (plants m−2)
HN2024,Fm363,2,26,plants_m2,Plant density (plants m−2)
HN2024,Fm364,1,14,plants_m2,Plant density (plants m−2)
HN2024,Fm364,2,16,plants_m2,Plant density (plants m−2)
HN2024,Fm364,3,8,plants_m2,Plant density (plants m−2)
HN2024,Fm366,1,36,plants_m2,Plant density (plants m−2)
HN2024,Fm366,2,55,plants_m2,Plant density (plants m−2)
HN2024,Fm368,1,16,plants_m2,Plant density (plants m−2)
HN2024,Fm368,2,14,plants_m2,Plant density (plants m−2)
HN2024,Fm368,3,8,plants_m2,Plant density (plants m−2)
HN2024,Fm369,1,0,plants_m2,Plant density (plants m−2)
HN2024,Fm369,2,4,plants_m2,Plant density (plants m−2)
HN2024,Fm370,1,46,plants_m2,Plant density (plants m−2)
HN2024,Fm370,2,32,plants_m2,Plant density (plants m−2)
HN2024,Fm372,2,36,plants_m2,Plant density (plants m−2)
HN2024,Fm372,3,30,plants_m2,Plant density (plants m−2)
HN2024,Fm375,1,76,plants_m2,Plant density (plants m−2)
HN2024,Fm375,2,78,plants_m2,Plant density (plants m−2)
HN2024,Fm375,3,74,plants_m2,Plant density (plants m−2)
HN2024,Fm376,1,44,plants_m2,Plant density (plants m−2)
HN2024,Fm376,2,44,plants_m2,Plant density (plants m−2)
HN2024,Fm377,1,102,plants_m2,Plant density (plants m−2)
HN2024,Fm379,1,24,plants_m2,Plant density (plants m−2)
HN2024,Fm379,2,32,plants_m2,Plant density (plants m−2)
HN2024,Fm380,1,34,plants_m2,Plant density (plants m−2)
HN2024,Fm380,2,44,plants_m2,Plant density (plants m−2)
HN2024,Fm380,3,36,plants_m2,Plant density (plants m−2)
HN2024,Fm382,1,20,plants_m2,Plant density (plants m−2)
HN2024,Fm382,2,16,plants_m2,Plant density (plants m−2)
HN2024,Fm384,1,30,plants_m2,Plant density (plants m−2)
HN2024,Fm384,2,30,plants_m2,Plant density (plants m−2)
HN2024,Fm387,1,34,plants_m2,Plant density (plants m−2)
HN2024,Fm388,1,4,plants_m2,Plant density (plants m−2)
HN2024,Fm388,2,10,plants_m2,Plant density (plants m−2)
HN2024,Fm389,1,30,plants_m2,Plant density (plants m−2)
HN2024,Fm389,2,54,plants_m2,Plant density (plants m−2)
HN2024,Fm391,1,12,plants_m2,Plant density (plants m−2)
HN2024,Fm391,2,0,plants_m2,Plant density (plants m−2)
HN2024,Fm392,1,26,plants_m2,Plant density (plants m−2)
HN2024,Fm392,2,54,plants_m2,Plant density (plants m−2)
HN2024,Fm392,3,30,plants_m2,Plant density (plants m−2)
HN2024,Fm394,1,16,plants_m2,Plant density (plants m−2)
HN2024,Fm396,1,6,plants_m2,Plant density (plants m−2)
HN2024,Fm396,2,20,plants_m2,Plant density (plants m−2)
HN2024,Fm398,1,0,plants_m2,Plant density (plants m−2)
HN2024,Fm400,1,26,plants_m2,Plant density (plants m−2)
HN2024,Fm400,2,24,plants_m2,Plant density (plants m−2)
HN2024,Fm401,1,64,plants_m2,Plant density (plants m−2)
HN2024,Fm401,2,42,plants_m2,Plant density (plants m−2)
HN2024,Fm402,1,72,plants_m2,Plant density (plants m−2)
HN2024,Fm405,1,52,plants_m2,Plant density (plants m−2)
HN2024,Fm406,1,12,plants_m2,Plant density (plants m−2)
HN2024,Fm407,1,44,plants_m2,Plant density (plants m−2)
HN2024,Fm407,2,24,plants_m2,Plant density (plants m−2)
HN2024,Fm407,3,10,plants_m2,Plant density (plants m−2)
HN2024,Fm41,1,58,plants_m2,Plant density (plants m−2)
HN2024,Fm410,1,36,plants_m2,Plant density (plants m−2)
HN2024,Fm410,2,44,plants_m2,Plant density (plants m−2)
HN2024,Fm411,1,32,plants_m2,Plant density (plants m−2)
HN2024,Fm411,2,30,plants_m2,Plant density (plants m−2)
HN2024,Fm412,1,24,plants_m2,Plant density (plants m−2)
HN2024,Fm412,2,26,plants_m2,Plant density (plants m−2)
HN2024,Fm412,3,44,plants_m2,Plant density (plants m−2)
HN2024,Fm413,1,30,plants_m2,Plant density (plants m−2)
HN2024,Fm413,2,38,plants_m2,Plant density (plants m−2)
HN2024,Fm414,1,16,plants_m2,Plant density (plants m−2)
HN2024,Fm414,2,40,plants_m2,Plant density (plants m−2)
HN2024,Fm414,3,34,plants_m2,Plant density (plants m−2)
HN2024,Fm415,1,22,plants_m2,Plant density (plants m−2)
HN2024,Fm416,1,22,plants_m2,Plant density (plants m−2)
HN2024,Fm416,2,44,plants_m2,Plant density (plants m−2)
HN2024,Fm417,1,56,plants_m2,Plant density (plants m−2)
HN2024,Fm417,2,36,plants_m2,Plant density (plants m−2)
HN2024,Fm417,3,52,plants_m2,Plant density (plants m−2)
HN2024,Fm418,1,64,plants_m2,Plant density (plants m−2)
HN2024,Fm418,2,44,plants_m2,Plant density (plants m−2)
HN2024,Fm418,3,40,plants_m2,Plant density (plants m−2)
HN2024,Fm419,1,42,plants_m2,Plant density (plants m−2)
HN2024,Fm420,1,14,plants_m2,Plant density (plants m−2)
HN2024,Fm428,1,16,plants_m2,Plant density (plants m−2)
HN2024,Fm429,1,18,plants_m2,Plant density (plants m−2)
HN2024,Fm43,1,48,plants_m2,Plant density (plants m−2)
HN2024,Fm43,2,64,plants_m2,Plant density (plants m−2)
HN2024,Fm44,1,84,plants_m2,Plant density (plants m−2)
HN2024,Fm442,1,28,plants_m2,Plant density (plants m−2)
HN2024,Fm442,2,24,plants_m2,Plant density (plants m−2)
HN2024,Fm444,1,56,plants_m2,Plant density (plants m−2)
HN2024,Fm444,2,54,plants_m2,Plant density (plants m−2)
HN2024,Fm446,1,30,plants_m2,Plant density (plants m−2)
HN2024,Fm446,2,42,plants_m2,Plant density (plants m−2)
HN2024,Fm458,1,56,plants_m2,Plant density (plants m−2)
HN2024,Fm458,2,58,plants_m2,Plant density (plants m−2)
HN2024,Fm464,1,50,plants_m2,Plant density (plants m−2)
HN2024,Fm464,2,82,plants_m2,Plant density (plants m−2)
HN2024,Fm474,2,10,plants_m2,Plant density (plants m−2)
HN2024,Fm474,3,110,plants_m2,Plant density (plants m−2)
HN2024,Fm475,1,46,plants_m2,Plant density (plants m−2)
HN2024,Fm477,1,12,plants_m2,Plant density (plants m−2)
HN2024,Fm477,2,14,plants_m2,Plant density (plants m−2)
HN2024,Fm478,1,42,plants_m2,Plant density (plants m−2)
HN2024,Fm482,1,44,plants_m2,Plant density (plants m−2)
HN2024,Fm482,2,42,plants_m2,Plant density (plants m−2)
HN2024,Fm482,3,52,plants_m2,Plant density (plants m−2)
HN2024,Fm484,1,32,plants_m2,Plant density (plants m−2)
HN2024,Fm489,1,12,plants_m2,Plant density (plants m−2)
HN2024,Fm489,2,24,plants_m2,Plant density (plants m−2)
HN2024,Fm489,3,32,plants_m2,Plant density (plants m−2)
HN2024,Fm491,1,10,plants_m2,Plant density (plants m−2)
HN2024,Fm491,2,22,plants_m2,Plant density (plants m−2)
HN2024,Fm492,1,38,plants_m2,Plant density (plants m−2)
HN2024,Fm492,2,70,plants_m2,Plant density (plants m−2)
HN2024,Fm496,1,22,plants_m2,Plant density (plants m−2)
HN2024,Fm505,1,64,plants_m2,Plant density (plants m−2)
HN2024,Fm505,2,40,plants_m2,Plant density (plants m−2)
HN2024,Fm507,1,26,plants_m2,Plant density (plants m−2)
HN2024,Fm507,2,22,plants_m2,Plant density (plants m−2)
HN2024,Fm510,1,26,plants_m2,Plant density (plants m−2)
HN2024,Fm518,1,64,plants_m2,Plant density (plants m−2)
HN2024,Fm518,2,80,plants_m2,Plant density (plants m−2)
HN2024,Fm518,3,50,plants_m2,Plant density (plants m−2)
HN2024,Fm519,1,30,plants_m2,Plant density (plants m−2)
HN2024,Fm522,1,26,plants_m2,Plant density (plants m−2)
HN2024,Fm523,1,42,plants_m2,Plant density (plants m−2)
HN2024,Fm524,1,70,plants_m2,Plant density (plants m−2)
HN2024,Fm524,2,90,plants_m2,Plant density (plants m−2)
HN2024,Fm537,1,88,plants_m2,Plant density (plants m−2)
HN2024,Fm537,2,90,plants_m2,Plant density (plants m−2)
HN2024,Fm552,1,22,plants_m2,Plant density (plants m−2)
HN2024,Fm552,2,22,plants_m2,Plant density (plants m−2)
HN2024,Fm56,1,88,plants_m2,Plant density (plants m−2)
HN2024,Fm560,1,10,plants_m2,Plant density (plants m−2)
HN2024,Fm560,2,28,plants_m2,Plant density (plants m−2)
HN2024,Fm566,1,74,plants_m2,Plant density (plants m−2)
HN2024,Fm566,2,104,plants_m2,Plant density (plants m−2)
HN2024,Fm566,3,100,plants_m2,Plant density (plants m−2)
HN2024,Fm569,1,68,plants_m2,Plant density (plants m−2)
HN2024,Fm585,1,36,plants_m2,Plant density (plants m−2)
HN2024,Fm585,2,0,plants_m2,Plant density (plants m−2)
HN2024,Fm585,3,4,plants_m2,Plant density (plants m−2)
HN2024,Fm589,1,36,plants_m2,Plant density (plants m−2)
HN2024,Fm589,2,24,plants_m2,Plant density (plants m−2)
HN2024,Fm590,1,102,plants_m2,Plant density (plants m−2)
HN2024,Fm592,1,52,plants_m2,Plant density (plants m−2)
HN2024,Fm600,1,42,plants_m2,Plant density (plants m−2)
HN2024,Fm601,1,34,plants_m2,Plant density (plants m−2)
HN2024,Fm601,2,68,plants_m2,Plant density (plants m−2)
HN2024,Fm601,3,36,plants_m2,Plant density (plants m−2)
HN2024,Fm610,1,80,plants_m2,Plant density (plants m−2)
HN2024,Fm611,1,118,plants_m2,Plant density (plants m−2)
HN2024,Fm612,1,106,plants_m2,Plant density (plants m−2)
HN2024,Fm612,2,42,plants_m2,Plant density (plants m−2)
HN2024,Fm614,1,40,plants_m2,Plant density (plants m−2)
HN2024,Fm616,1,50,plants_m2,Plant density (plants m−2)
HN2024,Fm616,2,36,plants_m2,Plant density (plants m−2)
HN2024,Fm620,1,40,plants_m2,Plant density (plants m−2)
HN2024,Fm620,2,36,plants_m2,Plant density (plants m−2)
HN2024,Fm620,3,56,plants_m2,Plant density (plants m−2)
HN2024,Fm65,1,38,plants_m2,Plant density (plants m−2)
HN2024,Fm65,2,62,plants_m2,Plant density (plants m−2)
HN2024,Fm78,1,0,plants_m2,Plant density (plants m−2)
HN2024,Fm78,2,6,plants_m2,Plant density (plants m−2)
HN2024,Fm79,1,6,plants_m2,Plant density (plants m−2)
HN2024,Fm79,2,26,plants_m2,Plant density (plants m−2)
HN2024,Fm86,1,68,plants_m2,Plant density (plants m−2)
HN2024,Fm9,1,74,plants_m2,Plant density (plants m−2)
HN2024,Fm134,1,30,number_of_tillers,Number of tillers
HN2024,Fm134,2,28,number_of_tillers,Number of tillers
HN2024,Fm134,3,22,number_of_tillers,Number of tillers
HN2024,Fm156,1,2,number_of_tillers,Number of tillers
HN2024,Fm156,2,1,number_of_tillers,Number of tillers
HN2024,Fm156,3,2,number_of_tillers,Number of tillers
HN2024,Fm161,1,4,number_of_tillers,Number of tillers
HN2024,Fm161,2,2,number_of_tillers,Number of tillers
HN2024,Fm161,3,3,number_of_tillers,Number of tillers
HN2024,Fm168,1,1,number_of_tillers,Number of tillers
HN2024,Fm168,3,1,number_of_tillers,Number of tillers
HN2024,Fm170,1,3,number_of_tillers,Number of tillers
HN2024,Fm170,2,3,number_of_tillers,Number of tillers
HN2024,Fm170,3,2,number_of_tillers,Number of tillers
HN2024,Fm173,1,7,number_of_tillers,Number of tillers
HN2024,Fm173,2,7,number_of_tillers,Number of tillers
HN2024,Fm173,3,11,number_of_tillers,Number of tillers
HN2024,Fm174,1,6,number_of_tillers,Number of tillers
HN2024,Fm174,2,6,number_of_tillers,Number of tillers
HN2024,Fm174,3,11,number_of_tillers,Number of tillers
HN2024,Fm176,1,4,number_of_tillers,Number of tillers
HN2024,Fm176,2,6,number_of_tillers,Number of tillers
HN2024,Fm176,3,3,number_of_tillers,Number of tillers
HN2024,Fm181,1,2,number_of_tillers,Number of tillers
HN2024,Fm181,2,5,number_of_tillers,Number of tillers
HN2024,Fm181,3,3,number_of_tillers,Number of tillers
HN2024,Fm185,1,2,number_of_tillers,Number of tillers
HN2024,Fm185,2,0,number_of_tillers,Number of tillers
HN2024,Fm185,3,1,number_of_tillers,Number of tillers
HN2024,Fm190,1,2,number_of_tillers,Number of tillers
HN2024,Fm190,2,1,number_of_tillers,Number of tillers
HN2024,Fm190,3,1,number_of_tillers,Number of tillers
HN2024,Fm193,1,1,number_of_tillers,Number of tillers
HN2024,Fm193,2,2,number_of_tillers,Number of tillers
HN2024,Fm193,3,0,number_of_tillers,Number of tillers
HN2024,Fm194,1,2,number_of_tillers,Number of tillers
HN2024,Fm194,2,1,number_of_tillers,Number of tillers
HN2024,Fm194,3,1,number_of_tillers,Number of tillers
HN2024,Fm195,1,0,number_of_tillers,Number of tillers
HN2024,Fm195,2,0,number_of_tillers,Number of tillers
HN2024,Fm195,3,0,number_of_tillers,Number of tillers
HN2024,Fm20,1,1,number_of_tillers,Number of tillers
HN2024,Fm20,2,0,number_of_tillers,Number of tillers
HN2024,Fm20,3,1,number_of_tillers,Number of tillers
HN2024,Fm203,1,7,number_of_tillers,Number of tillers
HN2024,Fm203,2,4,number_of_tillers,Number of tillers
HN2024,Fm203,3,4,number_of_tillers,Number of tillers
HN2024,Fm208,1,1,number_of_tillers,Number of tillers
HN2024,Fm208,2,1,number_of_tillers,Number of tillers
HN2024,Fm208,3,0,number_of_tillers,Number of tillers
HN2024,Fm214,1,3,number_of_tillers,Number of tillers
HN2024,Fm214,2,3,number_of_tillers,Number of tillers
HN2024,Fm214,3,3,number_of_tillers,Number of tillers
HN2024,Fm215,1,2,number_of_tillers,Number of tillers
HN2024,Fm215,2,1,number_of_tillers,Number of tillers
HN2024,Fm215,3,1,number_of_tillers,Number of tillers
HN2024,Fm216,2,1,number_of_tillers,Number of tillers
HN2024,Fm216,3,2,number_of_tillers,Number of tillers
HN2024,Fm219,1,5,number_of_tillers,Number of tillers
HN2024,Fm219,2,2,number_of_tillers,Number of tillers
HN2024,Fm219,3,4,number_of_tillers,Number of tillers
HN2024,Fm221,1,2,number_of_tillers,Number of tillers
HN2024,Fm221,2,1,number_of_tillers,Number of tillers
HN2024,Fm221,3,1,number_of_tillers,Number of tillers
HN2024,Fm225,1,4,number_of_tillers,Number of tillers
HN2024,Fm225,2,4,number_of_tillers,Number of tillers
HN2024,Fm225,3,2,number_of_tillers,Number of tillers
HN2024,Fm227,1,1,number_of_tillers,Number of tillers
HN2024,Fm227,2,1,number_of_tillers,Number of tillers
HN2024,Fm227,3,3,number_of_tillers,Number of tillers
HN2024,Fm233,1,0,number_of_tillers,Number of tillers
HN2024,Fm233,2,0,number_of_tillers,Number of tillers
HN2024,Fm233,3,1,number_of_tillers,Number of tillers
HN2024,Fm235,1,1,number_of_tillers,Number of tillers
HN2024,Fm235,2,1,number_of_tillers,Number of tillers
HN2024,Fm235,3,1,number_of_tillers,Number of tillers
HN2024,Fm236,1,1,number_of_tillers,Number of tillers
HN2024,Fm236,2,0,number_of_tillers,Number of tillers
HN2024,Fm236,3,1,number_of_tillers,Number of tillers
HN2024,Fm238,1,4,number_of_tillers,Number of tillers
HN2024,Fm238,2,4,number_of_tillers,Number of tillers
HN2024,Fm238,3,4,number_of_tillers,Number of tillers
HN2024,Fm249,1,0,number_of_tillers,Number of tillers
HN2024,Fm249,2,0,number_of_tillers,Number of tillers
HN2024,Fm249,3,0,number_of_tillers,Number of tillers
HN2024,Fm250,1,0,number_of_tillers,Number of tillers
HN2024,Fm250,2,0,number_of_tillers,Number of tillers
HN2024,Fm250,3,1,number_of_tillers,Number of tillers
HN2024,Fm3,1,3,number_of_tillers,Number of tillers
HN2024,Fm3,2,3,number_of_tillers,Number of tillers
HN2024,Fm3,3,2,number_of_tillers,Number of tillers
HN2024,Fm321,1,4,number_of_tillers,Number of tillers
HN2024,Fm321,2,4,number_of_tillers,Number of tillers
HN2024,Fm321,3,3,number_of_tillers,Number of tillers
HN2024,Fm322,1,0,number_of_tillers,Number of tillers
HN2024,Fm322,2,0,number_of_tillers,Number of tillers
HN2024,Fm322,3,1,number_of_tillers,Number of tillers
HN2024,Fm337,1,1,number_of_tillers,Number of tillers
HN2024,Fm337,2,1,number_of_tillers,Number of tillers
HN2024,Fm337,3,0,number_of_tillers,Number of tillers
HN2024,Fm341,1,6,number_of_tillers,Number of tillers
HN2024,Fm341,2,4,number_of_tillers,Number of tillers
HN2024,Fm341,3,3,number_of_tillers,Number of tillers
HN2024,Fm343,1,2,number_of_tillers,Number of tillers
HN2024,Fm343,2,2,number_of_tillers,Number of tillers
HN2024,Fm343,3,1,number_of_tillers,Number of tillers
HN2024,Fm344,1,1,number_of_tillers,Number of tillers
HN2024,Fm344,2,1,number_of_tillers,Number of tillers
HN2024,Fm344,3,1,number_of_tillers,Number of tillers
HN2024,Fm345,1,3,number_of_tillers,Number of tillers
HN2024,Fm345,2,2,number_of_tillers,Number of tillers
HN2024,Fm345,3,2,number_of_tillers,Number of tillers
HN2024,Fm346,1,1,number_of_tillers,Number of tillers
HN2024,Fm346,2,1,number_of_tillers,Number of tillers
HN2024,Fm347,1,0,number_of_tillers,Number of tillers
HN2024,Fm347,2,1,number_of_tillers,Number of tillers
HN2024,Fm347,3,2,number_of_tillers,Number of tillers
HN2024,Fm349,1,2,number_of_tillers,Number of tillers
HN2024,Fm349,2,2,number_of_tillers,Number of tillers
HN2024,Fm349,3,1,number_of_tillers,Number of tillers
HN2024,Fm351,1,2,number_of_tillers,Number of tillers
HN2024,Fm351,2,3,number_of_tillers,Number of tillers
HN2024,Fm351,3,1,number_of_tillers,Number of tillers
HN2024,Fm352,1,5,number_of_tillers,Number of tillers
HN2024,Fm352,2,2,number_of_tillers,Number of tillers
HN2024,Fm352,3,3,number_of_tillers,Number of tillers
HN2024,Fm354,1,1,number_of_tillers,Number of tillers
HN2024,Fm354,2,1,number_of_tillers,Number of tillers
HN2024,Fm354,3,1,number_of_tillers,Number of tillers
HN2024,Fm355,1,2,number_of_tillers,Number of tillers
HN2024,Fm355,2,1,number_of_tillers,Number of tillers
HN2024,Fm355,3,1,number_of_tillers,Number of tillers
HN2024,Fm356,1,1,number_of_tillers,Number of tillers
HN2024,Fm356,2,0,number_of_tillers,Number of tillers
HN2024,Fm356,3,0,number_of_tillers,Number of tillers
HN2024,Fm358,1,2,number_of_tillers,Number of tillers
HN2024,Fm358,2,3,number_of_tillers,Number of tillers
HN2024,Fm358,3,1,number_of_tillers,Number of tillers
HN2024,Fm359,1,2,number_of_tillers,Number of tillers
HN2024,Fm359,2,1,number_of_tillers,Number of tillers
HN2024,Fm359,3,2,number_of_tillers,Number of tillers
HN2024,Fm36,1,4,number_of_tillers,Number of tillers
HN2024,Fm36,2,4,number_of_tillers,Number of tillers
HN2024,Fm36,3,4,number_of_tillers,Number of tillers
HN2024,Fm361,1,2,number_of_tillers,Number of tillers
HN2024,Fm361,3,2,number_of_tillers,Number of tillers
HN2024,Fm363,1,2,number_of_tillers,Number of tillers
HN2024,Fm363,2,1,number_of_tillers,Number of tillers
HN2024,Fm363,3,1,number_of_tillers,Number of tillers
HN2024,Fm364,1,1,number_of_tillers,Number of tillers
HN2024,Fm364,2,1,number_of_tillers,Number of tillers
HN2024,Fm364,3,1,number_of_tillers,Number of tillers
HN2024,Fm365,1,1,number_of_tillers,Number of tillers
HN2024,Fm365,2,1,number_of_tillers,Number of tillers
HN2024,Fm365,3,0,number_of_tillers,Number of tillers
HN2024,Fm366,1,1,number_of_tillers,Number of tillers
HN2024,Fm366,2,1,number_of_tillers,Number of tillers
HN2024,Fm366,3,0,number_of_tillers,Number of tillers
HN2024,Fm368,1,2,number_of_tillers,Number of tillers
HN2024,Fm368,2,1,number_of_tillers,Number of tillers
HN2024,Fm368,3,2,number_of_tillers,Number of tillers
HN2024,Fm369,1,1,number_of_tillers,Number of tillers
HN2024,Fm369,2,1,number_of_tillers,Number of tillers
HN2024,Fm369,3,1,number_of_tillers,Number of tillers
HN2024,Fm370,1,2,number_of_tillers,Number of tillers
HN2024,Fm370,2,2,number_of_tillers,Number of tillers
HN2024,Fm370,3,2,number_of_tillers,Number of tillers
HN2024,Fm372,1,5,number_of_tillers,Number of tillers
HN2024,Fm372,2,4,number_of_tillers,Number of tillers
HN2024,Fm372,3,5,number_of_tillers,Number of tillers
HN2024,Fm375,1,3,number_of_tillers,Number of tillers
HN2024,Fm375,2,2,number_of_tillers,Number of tillers
HN2024,Fm375,3,2,number_of_tillers,Number of tillers
HN2024,Fm376,1,3,number_of_tillers,Number of tillers
HN2024,Fm376,2,3,number_of_tillers,Number of tillers
HN2024,Fm376,3,1,number_of_tillers,Number of tillers
HN2024,Fm377,1,4,number_of_tillers,Number of tillers
HN2024,Fm377,2,1,number_of_tillers,Number of tillers
HN2024,Fm377,3,1,number_of_tillers,Number of tillers
HN2024,Fm378,1,4,number_of_tillers,Number of tillers
HN2024,Fm378,2,2,number_of_tillers,Number of tillers
HN2024,Fm378,3,4,number_of_tillers,Number of tillers
HN2024,Fm379,1,3,number_of_tillers,Number of tillers
HN2024,Fm379,2,4,number_of_tillers,Number of tillers
HN2024,Fm379,3,4,number_of_tillers,Number of tillers
HN2024,Fm380,1,5,number_of_tillers,Number of tillers
HN2024,Fm380,2,1,number_of_tillers,Number of tillers
HN2024,Fm380,3,1,number_of_tillers,Number of tillers
HN2024,Fm381,1,1,number_of_tillers,Number of tillers
HN2024,Fm381,2,3,number_of_tillers,Number of tillers
HN2024,Fm381,3,1,number_of_tillers,Number of tillers
HN2024,Fm382,1,6,number_of_tillers,Number of tillers
HN2024,Fm382,2,5,number_of_tillers,Number of tillers
HN2024,Fm382,3,7,number_of_tillers,Number of tillers
HN2024,Fm384,1,3,number_of_tillers,Number of tillers
HN2024,Fm384,2,2,number_of_tillers,Number of tillers
HN2024,Fm384,3,2,number_of_tillers,Number of tillers
HN2024,Fm387,1,3,number_of_tillers,Number of tillers
HN2024,Fm387,2,1,number_of_tillers,Number of tillers
HN2024,Fm387,3,1,number_of_tillers,Number of tillers
HN2024,Fm388,1,6,number_of_tillers,Number of tillers
HN2024,Fm388,2,4,number_of_tillers,Number of tillers
HN2024,Fm388,3,7,number_of_tillers,Number of tillers
HN2024,Fm389,1,3,number_of_tillers,Number of tillers
HN2024,Fm389,2,2,number_of_tillers,Number of tillers
HN2024,Fm389,3,1,number_of_tillers,Number of tillers
HN2024,Fm391,1,3,number_of_tillers,Number of tillers
HN2024,Fm391,2,3,number_of_tillers,Number of tillers
HN2024,Fm391,3,2,number_of_tillers,Number of tillers
HN2024,Fm392,1,6,number_of_tillers,Number of tillers
HN2024,Fm392,2,5,number_of_tillers,Number of tillers
HN2024,Fm392,3,4,number_of_tillers,Number of tillers
HN2024,Fm394,1,5,number_of_tillers,Number of tillers
HN2024,Fm394,2,4,number_of_tillers,Number of tillers
HN2024,Fm394,3,3,number_of_tillers,Number of tillers
HN2024,Fm395,1,4,number_of_tillers,Number of tillers
HN2024,Fm395,2,2,number_of_tillers,Number of tillers
HN2024,Fm395,3,1,number_of_tillers,Number of tillers
HN2024,Fm396,1,6,number_of_tillers,Number of tillers
HN2024,Fm396,2,5,number_of_tillers,Number of tillers
HN2024,Fm396,3,7,number_of_tillers,Number of tillers
HN2024,Fm398,1,3,number_of_tillers,Number of tillers
HN2024,Fm398,3,3,number_of_tillers,Number of tillers
HN2024,Fm400,1,3,number_of_tillers,Number of tillers
HN2024,Fm400,2,1,number_of_tillers,Number of tillers
HN2024,Fm400,3,1,number_of_tillers,Number of tillers
HN2024,Fm401,1,1,number_of_tillers,Number of tillers
HN2024,Fm401,2,1,number_of_tillers,Number of tillers
HN2024,Fm401,3,0,number_of_tillers,Number of tillers
HN2024,Fm402,1,2,number_of_tillers,Number of tillers
HN2024,Fm402,2,2,number_of_tillers,Number of tillers
HN2024,Fm402,3,3,number_of_tillers,Number of tillers
HN2024,Fm404,2,1,number_of_tillers,Number of tillers
HN2024,Fm404,3,2,number_of_tillers,Number of tillers
HN2024,Fm405,1,2,number_of_tillers,Number of tillers
HN2024,Fm405,2,1,number_of_tillers,Number of tillers
HN2024,Fm405,3,3,number_of_tillers,Number of tillers
HN2024,Fm406,1,0,number_of_tillers,Number of tillers
HN2024,Fm406,2,0,number_of_tillers,Number of tillers
HN2024,Fm406,3,1,number_of_tillers,Number of tillers
HN2024,Fm407,1,0,number_of_tillers,Number of tillers
HN2024,Fm407,2,1,number_of_tillers,Number of tillers
HN2024,Fm407,3,0,number_of_tillers,Number of tillers
HN2024,Fm41,1,4,number_of_tillers,Number of tillers
HN2024,Fm41,2,5,number_of_tillers,Number of tillers
HN2024,Fm41,3,5,number_of_tillers,Number of tillers
HN2024,Fm410,1,1,number_of_tillers,Number of tillers
HN2024,Fm410,2,1,number_of_tillers,Number of tillers
HN2024,Fm410,3,2,number_of_tillers,Number of tillers
HN2024,Fm411,1,2,number_of_tillers,Number of tillers
HN2024,Fm411,2,2,number_of_tillers,Number of tillers
HN2024,Fm411,3,3,number_of_tillers,Number of tillers
HN2024,Fm412,1,4,number_of_tillers,Number of tillers
HN2024,Fm412,2,5,number_of_tillers,Number of tillers
HN2024,Fm412,3,3,number_of_tillers,Number of tillers
HN2024,Fm413,1,5,number_of_tillers,Number of tillers
HN2024,Fm413,2,6,number_of_tillers,Number of tillers
HN2024,Fm413,3,5,number_of_tillers,Number of tillers
HN2024,Fm414,1,0,number_of_tillers,Number of tillers
HN2024,Fm414,2,1,number_of_tillers,Number of tillers
HN2024,Fm414,3,0,number_of_tillers,Number of tillers
HN2024,Fm415,1,6,number_of_tillers,Number of tillers
HN2024,Fm415,2,4,number_of_tillers,Number of tillers
HN2024,Fm415,3,6,number_of_tillers,Number of tillers
HN2024,Fm416,1,1,number_of_tillers,Number of tillers
HN2024,Fm416,2,1,number_of_tillers,Number of tillers
HN2024,Fm416,3,2,number_of_tillers,Number of tillers
HN2024,Fm417,1,1,number_of_tillers,Number of tillers
HN2024,Fm417,2,4,number_of_tillers,Number of tillers
HN2024,Fm417,3,4,number_of_tillers,Number of tillers
HN2024,Fm418,1,1,number_of_tillers,Number of tillers
HN2024,Fm418,2,1,number_of_tillers,Number of tillers
HN2024,Fm418,3,1,number_of_tillers,Number of tillers
HN2024,Fm419,1,3,number_of_tillers,Number of tillers
HN2024,Fm419,2,2,number_of_tillers,Number of tillers
HN2024,Fm419,3,3,number_of_tillers,Number of tillers
HN2024,Fm420,1,1,number_of_tillers,Number of tillers
HN2024,Fm420,2,0,number_of_tillers,Number of tillers
HN2024,Fm420,3,0,number_of_tillers,Number of tillers
HN2024,Fm421,1,1,number_of_tillers,Number of tillers
HN2024,Fm421,2,4,number_of_tillers,Number of tillers
HN2024,Fm421,3,1,number_of_tillers,Number of tillers
HN2024,Fm428,1,6,number_of_tillers,Number of tillers
HN2024,Fm428,2,6,number_of_tillers,Number of tillers
HN2024,Fm428,3,6,number_of_tillers,Number of tillers
HN2024,Fm429,1,1,number_of_tillers,Number of tillers
HN2024,Fm429,2,0,number_of_tillers,Number of tillers
HN2024,Fm429,3,0,number_of_tillers,Number of tillers
HN2024,Fm43,1,5,number_of_tillers,Number of tillers
HN2024,Fm43,2,4,number_of_tillers,Number of tillers
HN2024,Fm43,3,4,number_of_tillers,Number of tillers
HN2024,Fm44,1,3,number_of_tillers,Number of tillers
HN2024,Fm44,2,4,number_of_tillers,Number of tillers
HN2024,Fm44,3,4,number_of_tillers,Number of tillers
HN2024,Fm442,1,1,number_of_tillers,Number of tillers
HN2024,Fm442,2,0,number_of_tillers,Number of tillers
HN2024,Fm442,3,1,number_of_tillers,Number of tillers
HN2024,Fm443,1,3,number_of_tillers,Number of tillers
HN2024,Fm443,2,5,number_of_tillers,Number of tillers
HN2024,Fm443,3,4,number_of_tillers,Number of tillers
HN2024,Fm444,1,0,number_of_tillers,Number of tillers
HN2024,Fm444,2,0,number_of_tillers,Number of tillers
HN2024,Fm444,3,0,number_of_tillers,Number of tillers
HN2024,Fm446,1,1,number_of_tillers,Number of tillers
HN2024,Fm446,2,2,number_of_tillers,Number of tillers
HN2024,Fm446,3,0,number_of_tillers,Number of tillers
HN2024,Fm458,1,0,number_of_tillers,Number of tillers
HN2024,Fm458,2,1,number_of_tillers,Number of tillers
HN2024,Fm458,3,1,number_of_tillers,Number of tillers
HN2024,Fm464,1,5,number_of_tillers,Number of tillers
HN2024,Fm464,2,5,number_of_tillers,Number of tillers
HN2024,Fm464,3,5,number_of_tillers,Number of tillers
HN2024,Fm474,1,3,number_of_tillers,Number of tillers
HN2024,Fm474,2,3,number_of_tillers,Number of tillers
HN2024,Fm474,3,2,number_of_tillers,Number of tillers
HN2024,Fm475,1,1,number_of_tillers,Number of tillers
HN2024,Fm475,2,0,number_of_tillers,Number of tillers
HN2024,Fm475,3,2,number_of_tillers,Number of tillers
HN2024,Fm477,1,2,number_of_tillers,Number of tillers
HN2024,Fm477,2,2,number_of_tillers,Number of tillers
HN2024,Fm477,3,3,number_of_tillers,Number of tillers
HN2024,Fm478,1,3,number_of_tillers,Number of tillers
HN2024,Fm478,2,4,number_of_tillers,Number of tillers
HN2024,Fm478,3,2,number_of_tillers,Number of tillers
HN2024,Fm480,1,1,number_of_tillers,Number of tillers
HN2024,Fm480,2,1,number_of_tillers,Number of tillers
HN2024,Fm480,3,2,number_of_tillers,Number of tillers
HN2024,Fm482,1,2,number_of_tillers,Number of tillers
HN2024,Fm482,2,1,number_of_tillers,Number of tillers
HN2024,Fm482,3,2,number_of_tillers,Number of tillers
HN2024,Fm484,1,3,number_of_tillers,Number of tillers
HN2024,Fm484,2,0,number_of_tillers,Number of tillers
HN2024,Fm484,3,1,number_of_tillers,Number of tillers
HN2024,Fm489,1,1,number_of_tillers,Number of tillers
HN2024,Fm489,2,3,number_of_tillers,Number of tillers
HN2024,Fm489,3,1,number_of_tillers,Number of tillers
HN2024,Fm491,1,1,number_of_tillers,Number of tillers
HN2024,Fm491,2,1,number_of_tillers,Number of tillers
HN2024,Fm491,3,0,number_of_tillers,Number of tillers
HN2024,Fm492,1,2,number_of_tillers,Number of tillers
HN2024,Fm492,2,1,number_of_tillers,Number of tillers
HN2024,Fm492,3,2,number_of_tillers,Number of tillers
HN2024,Fm496,1,2,number_of_tillers,Number of tillers
HN2024,Fm496,2,2,number_of_tillers,Number of tillers
HN2024,Fm496,3,0,number_of_tillers,Number of tillers
HN2024,Fm505,1,1,number_of_tillers,Number of tillers
HN2024,Fm505,2,0,number_of_tillers,Number of tillers
HN2024,Fm505,3,1,number_of_tillers,Number of tillers
HN2024,Fm507,1,15,number_of_tillers,Number of tillers
HN2024,Fm507,2,11,number_of_tillers,Number of tillers
HN2024,Fm507,3,13,number_of_tillers,Number of tillers
HN2024,Fm510,1,0,number_of_tillers,Number of tillers
HN2024,Fm510,2,0,number_of_tillers,Number of tillers
HN2024,Fm510,3,0,number_of_tillers,Number of tillers
HN2024,Fm518,1,4,number_of_tillers,Number of tillers
HN2024,Fm518,2,5,number_of_tillers,Number of tillers
HN2024,Fm518,3,5,number_of_tillers,Number of tillers
HN2024,Fm519,1,6,number_of_tillers,Number of tillers
HN2024,Fm519,2,5,number_of_tillers,Number of tillers
HN2024,Fm519,3,4,number_of_tillers,Number of tillers
HN2024,Fm522,1,5,number_of_tillers,Number of tillers
HN2024,Fm522,2,5,number_of_tillers,Number of tillers
HN2024,Fm522,3,4,number_of_tillers,Number of tillers
HN2024,Fm523,1,0,number_of_tillers,Number of tillers
HN2024,Fm523,2,1,number_of_tillers,Number of tillers
HN2024,Fm523,3,1,number_of_tillers,Number of tillers
HN2024,Fm524,1,5,number_of_tillers,Number of tillers
HN2024,Fm524,2,5,number_of_tillers,Number of tillers
HN2024,Fm524,3,6,number_of_tillers,Number of tillers
HN2024,Fm537,1,1,number_of_tillers,Number of tillers
HN2024,Fm537,2,6,number_of_tillers,Number of tillers
HN2024,Fm537,3,3,number_of_tillers,Number of tillers
HN2024,Fm552,1,4,number_of_tillers,Number of tillers
HN2024,Fm552,2,7,number_of_tillers,Number of tillers
HN2024,Fm552,3,7,number_of_tillers,Number of tillers
HN2024,Fm56,1,7,number_of_tillers,Number of tillers
HN2024,Fm56,2,8,number_of_tillers,Number of tillers
HN2024,Fm56,3,6,number_of_tillers,Number of tillers
HN2024,Fm560,1,25,number_of_tillers,Number of tillers
HN2024,Fm560,2,20,number_of_tillers,Number of tillers
HN2024,Fm560,3,22,number_of_tillers,Number of tillers
HN2024,Fm566,1,12,number_of_tillers,Number of tillers
HN2024,Fm566,2,12,number_of_tillers,Number of tillers
HN2024,Fm566,3,10,number_of_tillers,Number of tillers
HN2024,Fm569,1,24,number_of_tillers,Number of tillers
HN2024,Fm569,2,24,number_of_tillers,Number of tillers
HN2024,Fm569,3,34,number_of_tillers,Number of tillers
HN2024,Fm585,2,7,number_of_tillers,Number of tillers
HN2024,Fm589,1,4,number_of_tillers,Number of tillers
HN2024,Fm589,2,7,number_of_tillers,Number of tillers
HN2024,Fm589,3,4,number_of_tillers,Number of tillers
HN2024,Fm590,1,24,number_of_tillers,Number of tillers
HN2024,Fm590,2,25,number_of_tillers,Number of tillers
HN2024,Fm590,3,21,number_of_tillers,Number of tillers
HN2024,Fm592,1,32,number_of_tillers,Number of tillers
HN2024,Fm592,2,26,number_of_tillers,Number of tillers
HN2024,Fm592,3,38,number_of_tillers,Number of tillers
HN2024,Fm600,1,7,number_of_tillers,Number of tillers
HN2024,Fm600,2,5,number_of_tillers,Number of tillers
HN2024,Fm600,3,4,number_of_tillers,Number of tillers
HN2024,Fm601,1,15,number_of_tillers,Number of tillers
HN2024,Fm601,2,12,number_of_tillers,Number of tillers
HN2024,Fm601,3,10,number_of_tillers,Number of tillers
HN2024,Fm610,1,8,number_of_tillers,Number of tillers
HN2024,Fm610,2,8,number_of_tillers,Number of tillers
HN2024,Fm610,3,12,number_of_tillers,Number of tillers
HN2024,Fm611,1,12,number_of_tillers,Number of tillers
HN2024,Fm611,2,12,number_of_tillers,Number of tillers
HN2024,Fm611,3,12,number_of_tillers,Number of tillers
HN2024,Fm612,1,32,number_of_tillers,Number of tillers
HN2024,Fm612,2,24,number_of_tillers,Number of tillers
HN2024,Fm612,3,30,number_of_tillers,Number of tillers
HN2024,Fm614,1,0,number_of_tillers,Number of tillers
HN2024,Fm614,2,2,number_of_tillers,Number of tillers
HN2024,Fm614,3,1,number_of_tillers,Number of tillers
HN2024,Fm615,1,0,number_of_tillers,Number of tillers
HN2024,Fm615,2,1,number_of_tillers,Number of tillers
HN2024,Fm615,3,1,number_of_tillers,Number of tillers
HN2024,Fm616,1,8,number_of_tillers,Number of tillers
HN2024,Fm616,2,12,number_of_tillers,Number of tillers
HN2024,Fm616,3,8,number_of_tillers,Number of tillers
HN2024,Fm620,1,5,number_of_tillers,Number of tillers
HN2024,Fm620,2,7,number_of_tillers,Number of tillers
HN2024,Fm620,3,11,number_of_tillers,Number of tillers
HN2024,Fm621,1,7,number_of_tillers,Number of tillers
HN2024,Fm621,2,3,number_of_tillers,Number of tillers
HN2024,Fm621,3,4,number_of_tillers,Number of tillers
HN2024,Fm65,1,3,number_of_tillers,Number of tillers
HN2024,Fm65,2,3,number_of_tillers,Number of tillers
HN2024,Fm65,3,4,number_of_tillers,Number of tillers
HN2024,Fm78,1,4,number_of_tillers,Number of tillers
HN2024,Fm78,2,5,number_of_tillers,Number of tillers
HN2024,Fm78,3,6,number_of_tillers,Number of tillers
HN2024,Fm79,1,15,number_of_tillers,Number of tillers
HN2024,Fm79,2,10,number_of_tillers,Number of tillers
HN2024,Fm79,3,10,number_of_tillers,Number of tillers
HN2024,Fm86,1,7,number_of_tillers,Number of tillers
HN2024,Fm86,2,7,number_of_tillers,Number of tillers
HN2024,Fm86,3,6,number_of_tillers,Number of tillers
HN2024,Fm9,1,2,number_of_tillers,Number of tillers
HN2024,Fm9,2,1,number_of_tillers,Number of tillers
HN2024,Fm9,3,1,number_of_tillers,Number of tillers
HN2024,Fm134,1,159,days_to_harvest,Days to harvest
HN2024,Fm134,2,187,days_to_harvest,Days to harvest
HN2024,Fm134,3,167,days_to_harvest,Days to harvest
HN2024,Fm170,1,186,days_to_harvest,Days to harvest
HN2024,Fm170,2,181,days_to_harvest,Days to harvest
HN2024,Fm170,3,186,days_to_harvest,Days to harvest
HN2024,Fm173,1,187,days_to_harvest,Days to harvest
HN2024,Fm173,2,186,days_to_harvest,Days to harvest
HN2024,Fm173,3,192,days_to_harvest,Days to harvest
HN2024,Fm174,1,180,days_to_harvest,Days to harvest
HN2024,Fm174,2,177,days_to_harvest,Days to harvest
HN2024,Fm174,3,186,days_to_harvest,Days to harvest
HN2024,Fm176,1,187,days_to_harvest,Days to harvest
HN2024,Fm176,2,181,days_to_harvest,Days to harvest
HN2024,Fm176,3,192,days_to_harvest,Days to harvest
HN2024,Fm181,1,128,days_to_harvest,Days to harvest
HN2024,Fm181,2,128,days_to_harvest,Days to harvest
HN2024,Fm181,3,128,days_to_harvest,Days to harvest
HN2024,Fm185,1,183,days_to_harvest,Days to harvest
HN2024,Fm185,2,177,days_to_harvest,Days to harvest
HN2024,Fm185,3,192,days_to_harvest,Days to harvest
HN2024,Fm190,1,152,days_to_harvest,Days to harvest
HN2024,Fm190,2,138,days_to_harvest,Days to harvest
HN2024,Fm190,3,153,days_to_harvest,Days to harvest
HN2024,Fm193,1,152,days_to_harvest,Days to harvest
HN2024,Fm193,2,139,days_to_harvest,Days to harvest
HN2024,Fm193,3,150,days_to_harvest,Days to harvest
HN2024,Fm194,1,159,days_to_harvest,Days to harvest
HN2024,Fm194,2,159,days_to_harvest,Days to harvest
HN2024,Fm194,3,160,days_to_harvest,Days to harvest
HN2024,Fm195,1,159,days_to_harvest,Days to harvest
HN2024,Fm195,2,156,days_to_harvest,Days to harvest
HN2024,Fm195,3,160,days_to_harvest,Days to harvest
HN2024,Fm203,1,132,days_to_harvest,Days to harvest
HN2024,Fm203,2,132,days_to_harvest,Days to harvest
HN2024,Fm203,3,132,days_to_harvest,Days to harvest
HN2024,Fm208,1,180,days_to_harvest,Days to harvest
HN2024,Fm208,2,177,days_to_harvest,Days to harvest
HN2024,Fm208,3,186,days_to_harvest,Days to harvest
HN2024,Fm214,1,132,days_to_harvest,Days to harvest
HN2024,Fm214,2,138,days_to_harvest,Days to harvest
HN2024,Fm214,3,132,days_to_harvest,Days to harvest
HN2024,Fm215,1,125,days_to_harvest,Days to harvest
HN2024,Fm215,2,124,days_to_harvest,Days to harvest
HN2024,Fm215,3,124,days_to_harvest,Days to harvest
HN2024,Fm216,1,155,days_to_harvest,Days to harvest
HN2024,Fm216,2,166,days_to_harvest,Days to harvest
HN2024,Fm216,3,160,days_to_harvest,Days to harvest
HN2024,Fm219,1,121,days_to_harvest,Days to harvest
HN2024,Fm219,3,125,days_to_harvest,Days to harvest
HN2024,Fm221,1,153,days_to_harvest,Days to harvest
HN2024,Fm221,2,152,days_to_harvest,Days to harvest
HN2024,Fm221,3,153,days_to_harvest,Days to harvest
HN2024,Fm225,1,131,days_to_harvest,Days to harvest
HN2024,Fm225,2,131,days_to_harvest,Days to harvest
HN2024,Fm225,3,131,days_to_harvest,Days to harvest
HN2024,Fm227,1,177,days_to_harvest,Days to harvest
HN2024,Fm227,2,168,days_to_harvest,Days to harvest
HN2024,Fm227,3,177,days_to_harvest,Days to harvest
HN2024,Fm233,1,186,days_to_harvest,Days to harvest
HN2024,Fm233,2,177,days_to_harvest,Days to harvest
HN2024,Fm233,3,192,days_to_harvest,Days to harvest
HN2024,Fm235,1,183,days_to_harvest,Days to harvest
HN2024,Fm235,2,181,days_to_harvest,Days to harvest
HN2024,Fm235,3,177,days_to_harvest,Days to harvest
HN2024,Fm236,1,147,days_to_harvest,Days to harvest
HN2024,Fm236,2,147,days_to_harvest,Days to harvest
HN2024,Fm236,3,153,days_to_harvest,Days to harvest
HN2024,Fm238,1,181,days_to_harvest,Days to harvest
HN2024,Fm238,2,180,days_to_harvest,Days to harvest
HN2024,Fm238,3,192,days_to_harvest,Days to harvest
HN2024,Fm249,1,183,days_to_harvest,Days to harvest
HN2024,Fm249,2,181,days_to_harvest,Days to harvest
HN2024,Fm249,3,186,days_to_harvest,Days to harvest
HN2024,Fm250,1,187,days_to_harvest,Days to harvest
HN2024,Fm250,2,187,days_to_harvest,Days to harvest
HN2024,Fm250,3,186,days_to_harvest,Days to harvest
HN2024,Fm3,1,186,days_to_harvest,Days to harvest
HN2024,Fm3,2,180,days_to_harvest,Days to harvest
HN2024,Fm3,3,177,days_to_harvest,Days to harvest
HN2024,Fm321,1,138,days_to_harvest,Days to harvest
HN2024,Fm321,2,131,days_to_harvest,Days to harvest
HN2024,Fm321,3,152,days_to_harvest,Days to harvest
HN2024,Fm322,1,183,days_to_harvest,Days to harvest
HN2024,Fm322,2,181,days_to_harvest,Days to harvest
HN2024,Fm322,3,186,days_to_harvest,Days to harvest
HN2024,Fm337,1,162,days_to_harvest,Days to harvest
HN2024,Fm337,2,159,days_to_harvest,Days to harvest
HN2024,Fm337,3,155,days_to_harvest,Days to harvest
HN2024,Fm341,1,162,days_to_harvest,Days to harvest
HN2024,Fm341,2,156,days_to_harvest,Days to harvest
HN2024,Fm341,3,167,days_to_harvest,Days to harvest
HN2024,Fm343,1,186,days_to_harvest,Days to harvest
HN2024,Fm343,2,183,days_to_harvest,Days to harvest
HN2024,Fm343,3,186,days_to_harvest,Days to harvest
HN2024,Fm344,1,186,days_to_harvest,Days to harvest
HN2024,Fm344,2,183,days_to_harvest,Days to harvest
HN2024,Fm344,3,181,days_to_harvest,Days to harvest
HN2024,Fm345,1,180,days_to_harvest,Days to harvest
HN2024,Fm345,2,166,days_to_harvest,Days to harvest
HN2024,Fm345,3,167,days_to_harvest,Days to harvest
HN2024,Fm346,1,186,days_to_harvest,Days to harvest
HN2024,Fm346,2,183,days_to_harvest,Days to harvest
HN2024,Fm347,1,153,days_to_harvest,Days to harvest
HN2024,Fm347,2,153,days_to_harvest,Days to harvest
HN2024,Fm347,3,153,days_to_harvest,Days to harvest
HN2024,Fm349,1,166,days_to_harvest,Days to harvest
HN2024,Fm349,2,187,days_to_harvest,Days to harvest
HN2024,Fm349,3,177,days_to_harvest,Days to harvest
HN2024,Fm351,1,187,days_to_harvest,Days to harvest
HN2024,Fm351,2,186,days_to_harvest,Days to harvest
HN2024,Fm351,3,192,days_to_harvest,Days to harvest
HN2024,Fm352,1,159,days_to_harvest,Days to harvest
HN2024,Fm352,2,159,days_to_harvest,Days to harvest
HN2024,Fm352,3,160,days_to_harvest,Days to harvest
HN2024,Fm354,1,162,days_to_harvest,Days to harvest
HN2024,Fm354,2,162,days_to_harvest,Days to harvest
HN2024,Fm354,3,177,days_to_harvest,Days to harvest
HN2024,Fm355,1,168,days_to_harvest,Days to harvest
HN2024,Fm355,2,166,days_to_harvest,Days to harvest
HN2024,Fm355,3,167,days_to_harvest,Days to harvest
HN2024,Fm356,1,180,days_to_harvest,Days to harvest
HN2024,Fm356,3,192,days_to_harvest,Days to harvest
HN2024,Fm358,1,187,days_to_harvest,Days to harvest
HN2024,Fm358,2,181,days_to_harvest,Days to harvest
HN2024,Fm358,3,181,days_to_harvest,Days to harvest
HN2024,Fm359,1,168,days_to_harvest,Days to harvest
HN2024,Fm359,2,167,days_to_harvest,Days to harvest
HN2024,Fm359,3,167,days_to_harvest,Days to harvest
HN2024,Fm36,1,168,days_to_harvest,Days to harvest
HN2024,Fm36,2,177,days_to_harvest,Days to harvest
HN2024,Fm36,3,186,days_to_harvest,Days to harvest
HN2024,Fm361,1,149,days_to_harvest,Days to harvest
HN2024,Fm361,2,152,days_to_harvest,Days to harvest
HN2024,Fm361,3,159,days_to_harvest,Days to harvest
HN2024,Fm363,1,167,days_to_harvest,Days to harvest
HN2024,Fm363,2,166,days_to_harvest,Days to harvest
HN2024,Fm363,3,159,days_to_harvest,Days to harvest
HN2024,Fm364,1,181,days_to_harvest,Days to harvest
HN2024,Fm364,2,179,days_to_harvest,Days to harvest
HN2024,Fm364,3,160,days_to_harvest,Days to harvest
HN2024,Fm365,1,166,days_to_harvest,Days to harvest
HN2024,Fm365,2,162,days_to_harvest,Days to harvest
HN2024,Fm365,3,167,days_to_harvest,Days to harvest
HN2024,Fm366,1,167,days_to_harvest,Days to harvest
HN2024,Fm366,2,159,days_to_harvest,Days to harvest
HN2024,Fm366,3,160,days_to_harvest,Days to harvest
HN2024,Fm368,1,177,days_to_harvest,Days to harvest
HN2024,Fm368,2,183,days_to_harvest,Days to harvest
HN2024,Fm368,3,177,days_to_harvest,Days to harvest
HN2024,Fm369,1,159,days_to_harvest,Days to harvest
HN2024,Fm369,2,187,days_to_harvest,Days to harvest
HN2024,Fm369,3,167,days_to_harvest,Days to harvest
HN2024,Fm370,1,179,days_to_harvest,Days to harvest
HN2024,Fm370,2,166,days_to_harvest,Days to harvest
HN2024,Fm370,3,186,days_to_harvest,Days to harvest
HN2024,Fm372,1,162,days_to_harvest,Days to harvest
HN2024,Fm372,2,159,days_to_harvest,Days to harvest
HN2024,Fm372,3,162,days_to_harvest,Days to harvest
HN2024,Fm375,1,159,days_to_harvest,Days to harvest
HN2024,Fm375,2,168,days_to_harvest,Days to harvest
HN2024,Fm375,3,167,days_to_harvest,Days to harvest
HN2024,Fm376,1,155,days_to_harvest,Days to harvest
HN2024,Fm376,2,155,days_to_harvest,Days to harvest
HN2024,Fm376,3,159,days_to_harvest,Days to harvest
HN2024,Fm377,1,166,days_to_harvest,Days to harvest
HN2024,Fm377,2,162,days_to_harvest,Days to harvest
HN2024,Fm377,3,167,days_to_harvest,Days to harvest
HN2024,Fm378,1,167,days_to_harvest,Days to harvest
HN2024,Fm378,2,162,days_to_harvest,Days to harvest
HN2024,Fm378,3,186,days_to_harvest,Days to harvest
HN2024,Fm379,1,156,days_to_harvest,Days to harvest
HN2024,Fm379,2,152,days_to_harvest,Days to harvest
HN2024,Fm379,3,167,days_to_harvest,Days to harvest
HN2024,Fm380,1,166,days_to_harvest,Days to harvest
HN2024,Fm380,2,162,days_to_harvest,Days to harvest
HN2024,Fm380,3,167,days_to_harvest,Days to harvest
HN2024,Fm381,1,155,days_to_harvest,Days to harvest
HN2024,Fm381,2,150,days_to_harvest,Days to harvest
HN2024,Fm381,3,160,days_to_harvest,Days to harvest
HN2024,Fm382,1,166,days_to_harvest,Days to harvest
HN2024,Fm382,2,159,days_to_harvest,Days to harvest
HN2024,Fm382,3,160,days_to_harvest,Days to harvest
HN2024,Fm384,1,181,days_to_harvest,Days to harvest
HN2024,Fm384,2,181,days_to_harvest,Days to harvest
HN2024,Fm384,3,192,days_to_harvest,Days to harvest
HN2024,Fm387,1,186,days_to_harvest,Days to harvest
HN2024,Fm387,2,192,days_to_harvest,Days to harvest
HN2024,Fm388,1,168,days_to_harvest,Days to harvest
HN2024,Fm388,2,155,days_to_harvest,Days to harvest
HN2024,Fm388,3,167,days_to_harvest,Days to harvest
HN2024,Fm389,1,187,days_to_harvest,Days to harvest
HN2024,Fm389,2,183,days_to_harvest,Days to harvest
HN2024,Fm389,3,181,days_to_harvest,Days to harvest
HN2024,Fm391,1,167,days_to_harvest,Days to harvest
HN2024,Fm391,2,162,days_to_harvest,Days to harvest
HN2024,Fm391,3,167,days_to_harvest,Days to harvest
HN2024,Fm392,1,152,days_to_harvest,Days to harvest
HN2024,Fm392,2,138,days_to_harvest,Days to harvest
HN2024,Fm392,3,138,days_to_harvest,Days to harvest
HN2024,Fm394,1,149,days_to_harvest,Days to harvest
HN2024,Fm394,3,160,days_to_harvest,Days to harvest
HN2024,Fm395,1,166,days_to_harvest,Days to harvest
HN2024,Fm395,2,159,days_to_harvest,Days to harvest
HN2024,Fm395,3,167,days_to_harvest,Days to harvest
HN2024,Fm396,1,166,days_to_harvest,Days to harvest
HN2024,Fm396,2,162,days_to_harvest,Days to harvest
HN2024,Fm396,3,160,days_to_harvest,Days to harvest
HN2024,Fm398,1,166,days_to_harvest,Days to harvest
HN2024,Fm398,3,162,days_to_harvest,Days to harvest
HN2024,Fm400,1,159,days_to_harvest,Days to harvest
HN2024,Fm400,2,187,days_to_harvest,Days to harvest
HN2024,Fm400,3,160,days_to_harvest,Days to harvest
HN2024,Fm401,1,155,days_to_harvest,Days to harvest
HN2024,Fm401,2,155,days_to_harvest,Days to harvest
HN2024,Fm401,3,167,days_to_harvest,Days to harvest
HN2024,Fm402,1,150,days_to_harvest,Days to harvest
HN2024,Fm402,2,150,days_to_harvest,Days to harvest
HN2024,Fm402,3,153,days_to_harvest,Days to harvest
HN2024,Fm404,2,156,days_to_harvest,Days to harvest
HN2024,Fm404,3,162,days_to_harvest,Days to harvest
HN2024,Fm405,1,166,days_to_harvest,Days to harvest
HN2024,Fm405,2,168,days_to_harvest,Days to harvest
HN2024,Fm405,3,186,days_to_harvest,Days to harvest
HN2024,Fm406,1,153,days_to_harvest,Days to harvest
HN2024,Fm406,2,155,days_to_harvest,Days to harvest
HN2024,Fm406,3,167,days_to_harvest,Days to harvest
HN2024,Fm407,1,159,days_to_harvest,Days to harvest
HN2024,Fm407,2,150,days_to_harvest,Days to harvest
HN2024,Fm407,3,147,days_to_harvest,Days to harvest
HN2024,Fm41,1,183,days_to_harvest,Days to harvest
HN2024,Fm41,2,181,days_to_harvest,Days to harvest
HN2024,Fm41,3,181,days_to_harvest,Days to harvest
HN2024,Fm410,1,162,days_to_harvest,Days to harvest
HN2024,Fm410,3,186,days_to_harvest,Days to harvest
HN2024,Fm411,1,159,days_to_harvest,Days to harvest
HN2024,Fm411,2,138,days_to_harvest,Days to harvest
HN2024,Fm411,3,162,days_to_harvest,Days to harvest
HN2024,Fm412,1,149,days_to_harvest,Days to harvest
HN2024,Fm412,2,155,days_to_harvest,Days to harvest
HN2024,Fm412,3,155,days_to_harvest,Days to harvest
HN2024,Fm413,1,162,days_to_harvest,Days to harvest
HN2024,Fm413,2,159,days_to_harvest,Days to harvest
HN2024,Fm413,3,177,days_to_harvest,Days to harvest
HN2024,Fm414,1,150,days_to_harvest,Days to harvest
HN2024,Fm414,2,149,days_to_harvest,Days to harvest
HN2024,Fm414,3,150,days_to_harvest,Days to harvest
HN2024,Fm415,1,152,days_to_harvest,Days to harvest
HN2024,Fm415,2,149,days_to_harvest,Days to harvest
HN2024,Fm415,3,149,days_to_harvest,Days to harvest
HN2024,Fm416,1,168,days_to_harvest,Days to harvest
HN2024,Fm416,2,177,days_to_harvest,Days to harvest
HN2024,Fm416,3,186,days_to_harvest,Days to harvest
HN2024,Fm417,1,181,days_to_harvest,Days to harvest
HN2024,Fm417,2,179,days_to_harvest,Days to harvest
HN2024,Fm417,3,186,days_to_harvest,Days to harvest
HN2024,Fm418,1,186,days_to_harvest,Days to harvest
HN2024,Fm418,2,181,days_to_harvest,Days to harvest
HN2024,Fm418,3,177,days_to_harvest,Days to harvest
HN2024,Fm419,1,147,days_to_harvest,Days to harvest
HN2024,Fm419,2,147,days_to_harvest,Days to harvest
HN2024,Fm419,3,147,days_to_harvest,Days to harvest
HN2024,Fm420,1,156,days_to_harvest,Days to harvest
HN2024,Fm420,2,152,days_to_harvest,Days to harvest
HN2024,Fm420,3,153,days_to_harvest,Days to harvest
HN2024,Fm421,1,168,days_to_harvest,Days to harvest
HN2024,Fm421,2,162,days_to_harvest,Days to harvest
HN2024,Fm421,3,192,days_to_harvest,Days to harvest
HN2024,Fm428,1,153,days_to_harvest,Days to harvest
HN2024,Fm428,2,150,days_to_harvest,Days to harvest
HN2024,Fm428,3,152,days_to_harvest,Days to harvest
HN2024,Fm429,1,150,days_to_harvest,Days to harvest
HN2024,Fm429,2,149,days_to_harvest,Days to harvest
HN2024,Fm429,3,139,days_to_harvest,Days to harvest
HN2024,Fm43,1,187,days_to_harvest,Days to harvest
HN2024,Fm43,2,183,days_to_harvest,Days to harvest
HN2024,Fm43,3,186,days_to_harvest,Days to harvest
HN2024,Fm44,1,162,days_to_harvest,Days to harvest
HN2024,Fm44,2,187,days_to_harvest,Days to harvest
HN2024,Fm44,3,186,days_to_harvest,Days to harvest
HN2024,Fm442,1,183,days_to_harvest,Days to harvest
HN2024,Fm442,2,150,days_to_harvest,Days to harvest
HN2024,Fm442,3,167,days_to_harvest,Days to harvest
HN2024,Fm443,1,159,days_to_harvest,Days to harvest
HN2024,Fm443,2,159,days_to_harvest,Days to harvest
HN2024,Fm443,3,162,days_to_harvest,Days to harvest
HN2024,Fm444,1,168,days_to_harvest,Days to harvest
HN2024,Fm444,2,187,days_to_harvest,Days to harvest
HN2024,Fm444,3,177,days_to_harvest,Days to harvest
HN2024,Fm446,1,162,days_to_harvest,Days to harvest
HN2024,Fm446,2,159,days_to_harvest,Days to harvest
HN2024,Fm446,3,186,days_to_harvest,Days to harvest
HN2024,Fm458,1,180,days_to_harvest,Days to harvest
HN2024,Fm458,2,177,days_to_harvest,Days to harvest
HN2024,Fm458,3,177,days_to_harvest,Days to harvest
HN2024,Fm464,1,186,days_to_harvest,Days to harvest
HN2024,Fm464,2,186,days_to_harvest,Days to harvest
HN2024,Fm464,3,186,days_to_harvest,Days to harvest
HN2024,Fm474,1,186,days_to_harvest,Days to harvest
HN2024,Fm474,2,155,days_to_harvest,Days to harvest
HN2024,Fm474,3,152,days_to_harvest,Days to harvest
HN2024,Fm475,2,153,days_to_harvest,Days to harvest
HN2024,Fm475,3,155,days_to_harvest,Days to harvest
HN2024,Fm477,1,183,days_to_harvest,Days to harvest
HN2024,Fm477,2,181,days_to_harvest,Days to harvest
HN2024,Fm477,3,186,days_to_harvest,Days to harvest
HN2024,Fm478,1,162,days_to_harvest,Days to harvest
HN2024,Fm478,2,186,days_to_harvest,Days to harvest
HN2024,Fm478,3,167,days_to_harvest,Days to harvest
HN2024,Fm480,1,181,days_to_harvest,Days to harvest
HN2024,Fm480,2,166,days_to_harvest,Days to harvest
HN2024,Fm480,3,186,days_to_harvest,Days to harvest
HN2024,Fm482,1,168,days_to_harvest,Days to harvest
HN2024,Fm482,2,177,days_to_harvest,Days to harvest
HN2024,Fm482,3,166,days_to_harvest,Days to harvest
HN2024,Fm484,1,162,days_to_harvest,Days to harvest
HN2024,Fm484,2,152,days_to_harvest,Days to harvest
HN2024,Fm484,3,186,days_to_harvest,Days to harvest
HN2024,Fm489,1,187,days_to_harvest,Days to harvest
HN2024,Fm489,2,152,days_to_harvest,Days to harvest
HN2024,Fm489,3,147,days_to_harvest,Days to harvest
HN2024,Fm491,1,162,days_to_harvest,Days to harvest
HN2024,Fm491,2,166,days_to_harvest,Days to harvest
HN2024,Fm491,3,162,days_to_harvest,Days to harvest
HN2024,Fm492,1,155,days_to_harvest,Days to harvest
HN2024,Fm492,2,156,days_to_harvest,Days to harvest
HN2024,Fm492,3,155,days_to_harvest,Days to harvest
HN2024,Fm496,1,147,days_to_harvest,Days to harvest
HN2024,Fm496,2,139,days_to_harvest,Days to harvest
HN2024,Fm496,3,147,days_to_harvest,Days to harvest
HN2024,Fm505,1,186,days_to_harvest,Days to harvest
HN2024,Fm505,2,181,days_to_harvest,Days to harvest
HN2024,Fm505,3,192,days_to_harvest,Days to harvest
HN2024,Fm507,1,168,days_to_harvest,Days to harvest
HN2024,Fm507,2,162,days_to_harvest,Days to harvest
HN2024,Fm510,1,186,days_to_harvest,Days to harvest
HN2024,Fm510,2,183,days_to_harvest,Days to harvest
HN2024,Fm510,3,186,days_to_harvest,Days to harvest
HN2024,Fm518,1,155,days_to_harvest,Days to harvest
HN2024,Fm518,2,153,days_to_harvest,Days to harvest
HN2024,Fm518,3,153,days_to_harvest,Days to harvest
HN2024,Fm519,1,162,days_to_harvest,Days to harvest
HN2024,Fm519,2,162,days_to_harvest,Days to harvest
HN2024,Fm519,3,158,days_to_harvest,Days to harvest
HN2024,Fm522,1,180,days_to_harvest,Days to harvest
HN2024,Fm522,2,187,days_to_harvest,Days to harvest
HN2024,Fm522,3,162,days_to_harvest,Days to harvest
HN2024,Fm523,1,152,days_to_harvest,Days to harvest
HN2024,Fm523,2,147,days_to_harvest,Days to harvest
HN2024,Fm523,3,139,days_to_harvest,Days to harvest
HN2024,Fm524,1,155,days_to_harvest,Days to harvest
HN2024,Fm524,2,152,days_to_harvest,Days to harvest
HN2024,Fm524,3,155,days_to_harvest,Days to harvest
HN2024,Fm537,1,156,days_to_harvest,Days to harvest
HN2024,Fm537,3,186,days_to_harvest,Days to harvest
HN2024,Fm552,1,167,days_to_harvest,Days to harvest
HN2024,Fm552,2,168,days_to_harvest,Days to harvest
HN2024,Fm552,3,162,days_to_harvest,Days to harvest
HN2024,Fm56,1,181,days_to_harvest,Days to harvest
HN2024,Fm56,2,180,days_to_harvest,Days to harvest
HN2024,Fm56,3,186,days_to_harvest,Days to harvest
HN2024,Fm560,1,128,days_to_harvest,Days to harvest
HN2024,Fm560,2,126,days_to_harvest,Days to harvest
HN2024,Fm560,3,131,days_to_harvest,Days to harvest
HN2024,Fm566,1,155,days_to_harvest,Days to harvest
HN2024,Fm566,2,153,days_to_harvest,Days to harvest
HN2024,Fm566,3,155,days_to_harvest,Days to harvest
HN2024,Fm569,1,129,days_to_harvest,Days to harvest
HN2024,Fm569,2,128,days_to_harvest,Days to harvest
HN2024,Fm569,3,128,days_to_harvest,Days to harvest
HN2024,Fm585,2,155,days_to_harvest,Days to harvest
HN2024,Fm589,1,121,days_to_harvest,Days to harvest
HN2024,Fm589,2,121,days_to_harvest,Days to harvest
HN2024,Fm589,3,121,days_to_harvest,Days to harvest
HN2024,Fm590,1,131,days_to_harvest,Days to harvest
HN2024,Fm590,3,131,days_to_harvest,Days to harvest
HN2024,Fm592,1,131,days_to_harvest,Days to harvest
HN2024,Fm592,2,128,days_to_harvest,Days to harvest
HN2024,Fm592,3,131,days_to_harvest,Days to harvest
HN2024,Fm600,1,186,days_to_harvest,Days to harvest
HN2024,Fm600,2,181,days_to_harvest,Days to harvest
HN2024,Fm600,3,181,days_to_harvest,Days to harvest
HN2024,Fm601,1,186,days_to_harvest,Days to harvest
HN2024,Fm601,2,177,days_to_harvest,Days to harvest
HN2024,Fm601,3,186,days_to_harvest,Days to harvest
HN2024,Fm610,1,162,days_to_harvest,Days to harvest
HN2024,Fm610,2,159,days_to_harvest,Days to harvest
HN2024,Fm610,3,160,days_to_harvest,Days to harvest
HN2024,Fm611,1,155,days_to_harvest,Days to harvest
HN2024,Fm611,2,156,days_to_harvest,Days to harvest
HN2024,Fm611,3,155,days_to_harvest,Days to harvest
HN2024,Fm612,1,155,days_to_harvest,Days to harvest
HN2024,Fm612,2,155,days_to_harvest,Days to harvest
HN2024,Fm612,3,155,days_to_harvest,Days to harvest
HN2024,Fm614,1,166,days_to_harvest,Days to harvest
HN2024,Fm614,2,186,days_to_harvest,Days to harvest
HN2024,Fm614,3,177,days_to_harvest,Days to harvest
HN2024,Fm615,1,166,days_to_harvest,Days to harvest
HN2024,Fm615,2,162,days_to_harvest,Days to harvest
HN2024,Fm615,3,160,days_to_harvest,Days to harvest
HN2024,Fm616,1,124,days_to_harvest,Days to harvest
HN2024,Fm616,3,124,days_to_harvest,Days to harvest
HN2024,Fm620,1,132,days_to_harvest,Days to harvest
HN2024,Fm620,2,131,days_to_harvest,Days to harvest
HN2024,Fm620,3,131,days_to_harvest,Days to harvest
HN2024,Fm621,1,162,days_to_harvest,Days to harvest
HN2024,Fm621,2,159,days_to_harvest,Days to harvest
HN2024,Fm621,3,160,days_to_harvest,Days to harvest
HN2024,Fm65,1,177,days_to_harvest,Days to harvest
HN2024,Fm65,2,162,days_to_harvest,Days to harvest
HN2024,Fm65,3,177,days_to_harvest,Days to harvest
HN2024,Fm78,1,186,days_to_harvest,Days to harvest
HN2024,Fm78,2,180,days_to_harvest,Days to harvest
HN2024,Fm78,3,186,days_to_harvest,Days to harvest
HN2024,Fm79,1,187,days_to_harvest,Days to harvest
HN2024,Fm79,3,186,days_to_harvest,Days to harvest
HN2024,Fm86,1,187,days_to_harvest,Days to harvest
HN2024,Fm86,2,183,days_to_harvest,Days to harvest
HN2024,Fm86,3,186,days_to_harvest,Days to harvest
HN2024,Fm134,1,0.73,normalized_difference_vegetation_index,Normalized Difference Vegetation Index
HN2024,Fm134,2,0.51,normalized_difference_vegetation_index,Normalized Difference Vegetation Index
HN2024,Fm134,3,0.66,normalized_difference_vegetation_index,Normalized Difference Vegetation Index
HN2024,Fm156,1,0.63,normalized_difference_vegetation_index,Normalized Difference Vegetation Index
HN2024,Fm156,2,0.55,normalized_difference_vegetation_index,Normalized Difference Vegetation Index
HN2024,Fm156,3,0.56,normalized_difference_vegetation_index,Normalized Difference Vegetation Index
HN2024,Fm161,1,0.72,normalized_difference_vegetation_index,Normalized Difference Vegetation Index
HN2024,Fm161,2,0.73,normalized_difference_vegetation_index,Normalized Difference Vegetation Index
HN2024,Fm161,3,0.68,normalized_difference_vegetation_index,Normalized Difference Vegetation Index
HN2024,Fm168,1,0.64,normalized_difference_vegetation_index,Normalized Difference Vegetation Index
HN2024,Fm168,3,0.69,normalized_difference_vegetation_index,Normalized Difference Vegetation Index
HN2024,Fm170,1,0.61,normalized_difference_vegetation_index,Normalized Difference Vegetation Index
HN2024,Fm170,2,0.63,normalized_difference_vegetation_index,Normalized Difference Vegetation Index
HN2024,Fm170,3,0.51,normalized_difference_vegetation_index,Normalized Difference Vegetation Index
HN2024,Fm173,1,0.73,normalized_difference_vegetation_index,Normalized Difference Vegetation Index
HN2024,Fm173,2,0.73,normalized_difference_vegetation_index,Normalized Difference Vegetation Index
HN2024,Fm173,3,0.66,normalized_difference_vegetation_index,Normalized Difference Vegetation Index
HN2024,Fm174,1,0.74,normalized_difference_vegetation_index,Normalized Difference Vegetation Index
HN2024,Fm174,2,0.72,normalized_difference_vegetation_index,Normalized Difference Vegetation Index
HN2024,Fm174,3,0.73,normalized_difference_vegetation_index,Normalized Difference Vegetation Index
HN2024,Fm176,1,0.48,normalized_difference_vegetation_index,Normalized Difference Vegetation Index
HN2024,Fm176,2,0.56,normalized_difference_vegetation_index,Normalized Difference Vegetation Index
HN2024,Fm176,3,0.46,normalized_difference_vegetation_index,Normalized Difference Vegetation Index
HN2024,Fm181,1,0.61,normalized_difference_vegetation_index,Normalized Difference Vegetation Index
HN2024,Fm181,2,0.56,normalized_difference_vegetation_index,Normalized Difference Vegetation Index
HN2024,Fm181,3,0.58,normalized_difference_vegetation_index,Normalized Difference Vegetation Index
HN2024,Fm185,1,0.42,normalized_difference_vegetation_index,Normalized Difference Vegetation Index
HN2024,Fm185,2,0.34,normalized_difference_vegetation_index,Normalized Difference Vegetation Index
HN2024,Fm185,3,0.38,normalized_difference_vegetation_index,Normalized Difference Vegetation Index
HN2024,Fm190,1,0.6,normalized_difference_vegetation_index,Normalized Difference Vegetation Index
HN2024,Fm190,2,0.66,normalized_difference_vegetation_index,Normalized Difference Vegetation Index
HN2024,Fm190,3,0.68,normalized_difference_vegetation_index,Normalized Difference Vegetation Index
HN2024,Fm193,1,0.58,normalized_difference_vegetation_index,Normalized Difference Vegetation Index
HN2024,Fm193,2,0.63,normalized_difference_vegetation_index,Normalized Difference Vegetation Index
HN2024,Fm193,3,0.58,normalized_difference_vegetation_index,Normalized Difference Vegetation Index
HN2024,Fm194,1,0.58,normalized_difference_vegetation_index,Normalized Difference Vegetation Index
HN2024,Fm194,2,0.59,normalized_difference_vegetation_index,Normalized Difference Vegetation Index
HN2024,Fm194,3,0.47,normalized_difference_vegetation_index,Normalized Difference Vegetation Index
HN2024,Fm195,1,0.63,normalized_difference_vegetation_index,Normalized Difference Vegetation Index
HN2024,Fm195,2,0.69,normalized_difference_vegetation_index,Normalized Difference Vegetation Index
HN2024,Fm195,3,0.58,normalized_difference_vegetation_index,Normalized Difference Vegetation Index
HN2024,Fm20,1,0.68,normalized_difference_vegetation_index,Normalized Difference Vegetation Index
HN2024,Fm20,2,0.52,normalized_difference_vegetation_index,Normalized Difference Vegetation Index
HN2024,Fm20,3,0.56,normalized_difference_vegetation_index,Normalized Difference Vegetation Index
HN2024,Fm203,1,0.63,normalized_difference_vegetation_index,Normalized Difference Vegetation Index
HN2024,Fm203,2,0.68,normalized_difference_vegetation_index,Normalized Difference Vegetation Index
HN2024,Fm203,3,0.64,normalized_difference_vegetation_index,Normalized Difference Vegetation Index
HN2024,Fm208,1,0.57,normalized_difference_vegetation_index,Normalized Difference Vegetation Index
HN2024,Fm208,2,0.59,normalized_difference_vegetation_index,Normalized Difference Vegetation Index
HN2024,Fm208,3,0.69,normalized_difference_vegetation_index,Normalized Difference Vegetation Index
HN2024,Fm214,1,0.66,normalized_difference_vegetation_index,Normalized Difference Vegetation Index
HN2024,Fm214,2,0.6,normalized_difference_vegetation_index,Normalized Difference Vegetation Index
HN2024,Fm214,3,0.67,normalized_difference_vegetation_index,Normalized Difference Vegetation Index
HN2024,Fm215,1,0.56,normalized_difference_vegetation_index,Normalized Difference Vegetation Index
HN2024,Fm215,2,0.6,normalized_difference_vegetation_index,Normalized Difference Vegetation Index
HN2024,Fm215,3,0.58,normalized_difference_vegetation_index,Normalized Difference Vegetation Index
HN2024,Fm216,1,0.64,normalized_difference_vegetation_index,Normalized Difference Vegetation Index
HN2024,Fm216,2,0.59,normalized_difference_vegetation_index,Normalized Difference Vegetation Index
HN2024,Fm216,3,0.7,normalized_difference_vegetation_index,Normalized Difference Vegetation Index
HN2024,Fm219,1,0.62,normalized_difference_vegetation_index,Normalized Difference Vegetation Index
HN2024,Fm219,2,0.59,normalized_difference_vegetation_index,Normalized Difference Vegetation Index
HN2024,Fm219,3,0.55,normalized_difference_vegetation_index,Normalized Difference Vegetation Index
HN2024,Fm221,1,0.61,normalized_difference_vegetation_index,Normalized Difference Vegetation Index
HN2024,Fm221,2,0.7,normalized_difference_vegetation_index,Normalized Difference Vegetation Index
HN2024,Fm221,3,0.4,normalized_difference_vegetation_index,Normalized Difference Vegetation Index
HN2024,Fm225,1,0.63,normalized_difference_vegetation_index,Normalized Difference Vegetation Index
HN2024,Fm225,2,0.6,normalized_difference_vegetation_index,Normalized Difference Vegetation Index
HN2024,Fm225,3,0.58,normalized_difference_vegetation_index,Normalized Difference Vegetation Index
HN2024,Fm227,1,0.6,normalized_difference_vegetation_index,Normalized Difference Vegetation Index
HN2024,Fm227,2,0.43,normalized_difference_vegetation_index,Normalized Difference Vegetation Index
HN2024,Fm227,3,0.55,normalized_difference_vegetation_index,Normalized Difference Vegetation Index
HN2024,Fm233,1,0.54,normalized_difference_vegetation_index,Normalized Difference Vegetation Index
HN2024,Fm233,2,0.66,normalized_difference_vegetation_index,Normalized Difference Vegetation Index
HN2024,Fm233,3,0.57,normalized_difference_vegetation_index,Normalized Difference Vegetation Index
HN2024,Fm235,1,0.52,normalized_difference_vegetation_index,Normalized Difference Vegetation Index
HN2024,Fm235,2,0.6,normalized_difference_vegetation_index,Normalized Difference Vegetation Index
HN2024,Fm235,3,0.68,normalized_difference_vegetation_index,Normalized Difference Vegetation Index
HN2024,Fm236,1,0.61,normalized_difference_vegetation_index,Normalized Difference Vegetation Index
HN2024,Fm236,2,0.59,normalized_difference_vegetation_index,Normalized Difference Vegetation Index
HN2024,Fm236,3,0.55,normalized_difference_vegetation_index,Normalized Difference Vegetation Index
HN2024,Fm238,1,0.45,normalized_difference_vegetation_index,Normalized Difference Vegetation Index
HN2024,Fm238,2,0.5,normalized_difference_vegetation_index,Normalized Difference Vegetation Index
HN2024,Fm238,3,0.41,normalized_difference_vegetation_index,Normalized Difference Vegetation Index
HN2024,Fm249,1,0.64,normalized_difference_vegetation_index,Normalized Difference Vegetation Index
HN2024,Fm249,2,0.65,normalized_difference_vegetation_index,Normalized Difference Vegetation Index
HN2024,Fm249,3,0.64,normalized_difference_vegetation_index,Normalized Difference Vegetation Index
HN2024,Fm250,1,0.62,normalized_difference_vegetation_index,Normalized Difference Vegetation Index
HN2024,Fm250,2,0.63,normalized_difference_vegetation_index,Normalized Difference Vegetation Index
HN2024,Fm250,3,0.62,normalized_difference_vegetation_index,Normalized Difference Vegetation Index
HN2024,Fm3,1,0.66,normalized_difference_vegetation_index,Normalized Difference Vegetation Index
HN2024,Fm3,2,0.6,normalized_difference_vegetation_index,Normalized Difference Vegetation Index
HN2024,Fm3,3,0.72,normalized_difference_vegetation_index,Normalized Difference Vegetation Index
HN2024,Fm321,1,0.73,normalized_difference_vegetation_index,Normalized Difference Vegetation Index
HN2024,Fm321,2,0.66,normalized_difference_vegetation_index,Normalized Difference Vegetation Index
HN2024,Fm321,3,0.72,normalized_difference_vegetation_index,Normalized Difference Vegetation Index
HN2024,Fm322,1,0.68,normalized_difference_vegetation_index,Normalized Difference Vegetation Index
HN2024,Fm322,2,0.64,normalized_difference_vegetation_index,Normalized Difference Vegetation Index
HN2024,Fm322,3,0.7,normalized_difference_vegetation_index,Normalized Difference Vegetation Index
HN2024,Fm337,1,0.51,normalized_difference_vegetation_index,Normalized Difference Vegetation Index
HN2024,Fm337,2,0.64,normalized_difference_vegetation_index,Normalized Difference Vegetation Index
HN2024,Fm337,3,0.66,normalized_difference_vegetation_index,Normalized Difference Vegetation Index
HN2024,Fm341,1,0.68,normalized_difference_vegetation_index,Normalized Difference Vegetation Index
HN2024,Fm341,2,0.71,normalized_difference_vegetation_index,Normalized Difference Vegetation Index
HN2024,Fm341,3,0.71,normalized_difference_vegetation_index,Normalized Difference Vegetation Index
HN2024,Fm343,1,0.67,normalized_difference_vegetation_index,Normalized Difference Vegetation Index
HN2024,Fm343,2,0.72,normalized_difference_vegetation_index,Normalized Difference Vegetation Index
HN2024,Fm343,3,0.53,normalized_difference_vegetation_index,Normalized Difference Vegetation Index
HN2024,Fm344,1,0.44,normalized_difference_vegetation_index,Normalized Difference Vegetation Index
HN2024,Fm344,2,0.45,normalized_difference_vegetation_index,Normalized Difference Vegetation Index
HN2024,Fm344,3,0.43,normalized_difference_vegetation_index,Normalized Difference Vegetation Index
HN2024,Fm345,1,0.67,normalized_difference_vegetation_index,Normalized Difference Vegetation Index
HN2024,Fm345,2,0.69,normalized_difference_vegetation_index,Normalized Difference Vegetation Index
HN2024,Fm345,3,0.71,normalized_difference_vegetation_index,Normalized Difference Vegetation Index
HN2024,Fm346,1,0.53,normalized_difference_vegetation_index,Normalized Difference Vegetation Index
HN2024,Fm346,2,0.48,normalized_difference_vegetation_index,Normalized Difference Vegetation Index
HN2024,Fm347,1,0.66,normalized_difference_vegetation_index,Normalized Difference Vegetation Index
HN2024,Fm347,2,0.63,normalized_difference_vegetation_index,Normalized Difference Vegetation Index
HN2024,Fm347,3,0.61,normalized_difference_vegetation_index,Normalized Difference Vegetation Index
HN2024,Fm349,1,0.72,normalized_difference_vegetation_index,Normalized Difference Vegetation Index
HN2024,Fm349,2,0.61,normalized_difference_vegetation_index,Normalized Difference Vegetation Index
HN2024,Fm349,3,0.71,normalized_difference_vegetation_index,Normalized Difference Vegetation Index
HN2024,Fm351,1,0.49,normalized_difference_vegetation_index,Normalized Difference Vegetation Index
HN2024,Fm351,2,0.5,normalized_difference_vegetation_index,Normalized Difference Vegetation Index
HN2024,Fm351,3,0.51,normalized_difference_vegetation_index,Normalized Difference Vegetation Index
HN2024,Fm352,1,0.67,normalized_difference_vegetation_index,Normalized Difference Vegetation Index
HN2024,Fm352,2,0.66,normalized_difference_vegetation_index,Normalized Difference Vegetation Index
HN2024,Fm352,3,0.65,normalized_difference_vegetation_index,Normalized Difference Vegetation Index
HN2024,Fm354,1,0.65,normalized_difference_vegetation_index,Normalized Difference Vegetation Index
HN2024,Fm354,2,0.71,normalized_difference_vegetation_index,Normalized Difference Vegetation Index
HN2024,Fm354,3,0.62,normalized_difference_vegetation_index,Normalized Difference Vegetation Index
HN2024,Fm355,1,0.61,normalized_difference_vegetation_index,Normalized Difference Vegetation Index
HN2024,Fm355,2,0.55,normalized_difference_vegetation_index,Normalized Difference Vegetation Index
HN2024,Fm355,3,0.6,normalized_difference_vegetation_index,Normalized Difference Vegetation Index
HN2024,Fm356,1,0.55,normalized_difference_vegetation_index,Normalized Difference Vegetation Index
HN2024,Fm356,2,0.56,normalized_difference_vegetation_index,Normalized Difference Vegetation Index
HN2024,Fm356,3,0.4,normalized_difference_vegetation_index,Normalized Difference Vegetation Index
HN2024,Fm358,1,0.48,normalized_difference_vegetation_index,Normalized Difference Vegetation Index
HN2024,Fm358,2,0.56,normalized_difference_vegetation_index,Normalized Difference Vegetation Index
HN2024,Fm358,3,0.48,normalized_difference_vegetation_index,Normalized Difference Vegetation Index
HN2024,Fm359,1,0.64,normalized_difference_vegetation_index,Normalized Difference Vegetation Index
HN2024,Fm359,2,0.65,normalized_difference_vegetation_index,Normalized Difference Vegetation Index
HN2024,Fm359,3,0.65,normalized_difference_vegetation_index,Normalized Difference Vegetation Index
HN2024,Fm36,1,0.63,normalized_difference_vegetation_index,Normalized Difference Vegetation Index
HN2024,Fm36,2,0.37,normalized_difference_vegetation_index,Normalized Difference Vegetation Index
HN2024,Fm36,3,0.36,normalized_difference_vegetation_index,Normalized Difference Vegetation Index
HN2024,Fm361,1,0.72,normalized_difference_vegetation_index,Normalized Difference Vegetation Index
HN2024,Fm361,3,0.68,normalized_difference_vegetation_index,Normalized Difference Vegetation Index
HN2024,Fm363,1,0.65,normalized_difference_vegetation_index,Normalized Difference Vegetation Index
HN2024,Fm363,2,0.69,normalized_difference_vegetation_index,Normalized Difference Vegetation Index
HN2024,Fm363,3,0.63,normalized_difference_vegetation_index,Normalized Difference Vegetation Index
HN2024,Fm364,1,0.65,normalized_difference_vegetation_index,Normalized Difference Vegetation Index
HN2024,Fm364,2,0.58,normalized_difference_vegetation_index,Normalized Difference Vegetation Index
HN2024,Fm364,3,0.66,normalized_difference_vegetation_index,Normalized Difference Vegetation Index
HN2024,Fm365,1,0.61,normalized_difference_vegetation_index,Normalized Difference Vegetation Index
HN2024,Fm365,2,0.49,normalized_difference_vegetation_index,Normalized Difference Vegetation Index
HN2024,Fm365,3,0.65,normalized_difference_vegetation_index,Normalized Difference Vegetation Index
HN2024,Fm366,1,0.72,normalized_difference_vegetation_index,Normalized Difference Vegetation Index
HN2024,Fm366,2,0.67,normalized_difference_vegetation_index,Normalized Difference Vegetation Index
HN2024,Fm366,3,0.69,normalized_difference_vegetation_index,Normalized Difference Vegetation Index
HN2024,Fm368,1,0.45,normalized_difference_vegetation_index,Normalized Difference Vegetation Index
HN2024,Fm368,2,0.61,normalized_difference_vegetation_index,Normalized Difference Vegetation Index
HN2024,Fm368,3,0.52,normalized_difference_vegetation_index,Normalized Difference Vegetation Index
HN2024,Fm369,1,0.7,normalized_difference_vegetation_index,Normalized Difference Vegetation Index
HN2024,Fm369,2,0.54,normalized_difference_vegetation_index,Normalized Difference Vegetation Index
HN2024,Fm369,3,0.74,normalized_difference_vegetation_index,Normalized Difference Vegetation Index
HN2024,Fm370,1,0.4,normalized_difference_vegetation_index,Normalized Difference Vegetation Index
HN2024,Fm370,2,0.66,normalized_difference_vegetation_index,Normalized Difference Vegetation Index
HN2024,Fm370,3,0.43,normalized_difference_vegetation_index,Normalized Difference Vegetation Index
HN2024,Fm372,1,0.67,normalized_difference_vegetation_index,Normalized Difference Vegetation Index
HN2024,Fm372,2,0.64,normalized_difference_vegetation_index,Normalized Difference Vegetation Index
HN2024,Fm372,3,0.7,normalized_difference_vegetation_index,Normalized Difference Vegetation Index
HN2024,Fm375,1,0.7,normalized_difference_vegetation_index,Normalized Difference Vegetation Index
HN2024,Fm375,2,0.45,normalized_difference_vegetation_index,Normalized Difference Vegetation Index
HN2024,Fm375,3,0.67,normalized_difference_vegetation_index,Normalized Difference Vegetation Index
HN2024,Fm376,1,0.66,normalized_difference_vegetation_index,Normalized Difference Vegetation Index
HN2024,Fm376,2,0.6,normalized_difference_vegetation_index,Normalized Difference Vegetation Index
HN2024,Fm376,3,0.62,normalized_difference_vegetation_index,Normalized Difference Vegetation Index
HN2024,Fm377,1,0.7,normalized_difference_vegetation_index,Normalized Difference Vegetation Index
HN2024,Fm377,2,0.68,normalized_difference_vegetation_index,Normalized Difference Vegetation Index
HN2024,Fm377,3,0.67,normalized_difference_vegetation_index,Normalized Difference Vegetation Index
HN2024,Fm378,1,0.64,normalized_difference_vegetation_index,Normalized Difference Vegetation Index
HN2024,Fm378,2,0.64,normalized_difference_vegetation_index,Normalized Difference Vegetation Index
HN2024,Fm378,3,0.35,normalized_difference_vegetation_index,Normalized Difference Vegetation Index
HN2024,Fm379,1,0.72,normalized_difference_vegetation_index,Normalized Difference Vegetation Index
HN2024,Fm379,2,0.65,normalized_difference_vegetation_index,Normalized Difference Vegetation Index
HN2024,Fm379,3,0.68,normalized_difference_vegetation_index,Normalized Difference Vegetation Index
HN2024,Fm380,1,0.57,normalized_difference_vegetation_index,Normalized Difference Vegetation Index
HN2024,Fm380,2,0.64,normalized_difference_vegetation_index,Normalized Difference Vegetation Index
HN2024,Fm380,3,0.59,normalized_difference_vegetation_index,Normalized Difference Vegetation Index
HN2024,Fm381,1,0.61,normalized_difference_vegetation_index,Normalized Difference Vegetation Index
HN2024,Fm381,2,0.71,normalized_difference_vegetation_index,Normalized Difference Vegetation Index
HN2024,Fm381,3,0.6,normalized_difference_vegetation_index,Normalized Difference Vegetation Index
HN2024,Fm382,1,0.71,normalized_difference_vegetation_index,Normalized Difference Vegetation Index
HN2024,Fm382,2,0.74,normalized_difference_vegetation_index,Normalized Difference Vegetation Index
HN2024,Fm382,3,0.63,normalized_difference_vegetation_index,Normalized Difference Vegetation Index
HN2024,Fm384,1,0.54,normalized_difference_vegetation_index,Normalized Difference Vegetation Index
HN2024,Fm384,2,0.56,normalized_difference_vegetation_index,Normalized Difference Vegetation Index
HN2024,Fm384,3,0.41,normalized_difference_vegetation_index,Normalized Difference Vegetation Index
HN2024,Fm387,1,0.55,normalized_difference_vegetation_index,Normalized Difference Vegetation Index
HN2024,Fm387,2,0.67,normalized_difference_vegetation_index,Normalized Difference Vegetation Index
HN2024,Fm387,3,0.47,normalized_difference_vegetation_index,Normalized Difference Vegetation Index
HN2024,Fm388,1,0.61,normalized_difference_vegetation_index,Normalized Difference Vegetation Index
HN2024,Fm388,2,0.66,normalized_difference_vegetation_index,Normalized Difference Vegetation Index
HN2024,Fm388,3,0.7,normalized_difference_vegetation_index,Normalized Difference Vegetation Index
HN2024,Fm389,1,0.54,normalized_difference_vegetation_index,Normalized Difference Vegetation Index
HN2024,Fm389,2,0.5,normalized_difference_vegetation_index,Normalized Difference Vegetation Index
HN2024,Fm389,3,0.5,normalized_difference_vegetation_index,Normalized Difference Vegetation Index
HN2024,Fm391,1,0.68,normalized_difference_vegetation_index,Normalized Difference Vegetation Index
HN2024,Fm391,2,0.67,normalized_difference_vegetation_index,Normalized Difference Vegetation Index
HN2024,Fm391,3,0.64,normalized_difference_vegetation_index,Normalized Difference Vegetation Index
HN2024,Fm392,1,0.53,normalized_difference_vegetation_index,Normalized Difference Vegetation Index
HN2024,Fm392,2,0.65,normalized_difference_vegetation_index,Normalized Difference Vegetation Index
HN2024,Fm392,3,0.58,normalized_difference_vegetation_index,Normalized Difference Vegetation Index
HN2024,Fm394,1,0.58,normalized_difference_vegetation_index,Normalized Difference Vegetation Index
HN2024,Fm394,2,0.67,normalized_difference_vegetation_index,Normalized Difference Vegetation Index
HN2024,Fm394,3,0.62,normalized_difference_vegetation_index,Normalized Difference Vegetation Index
HN2024,Fm395,1,0.61,normalized_difference_vegetation_index,Normalized Difference Vegetation Index
HN2024,Fm395,2,0.69,normalized_difference_vegetation_index,Normalized Difference Vegetation Index
HN2024,Fm395,3,0.71,normalized_difference_vegetation_index,Normalized Difference Vegetation Index
HN2024,Fm396,1,0.67,normalized_difference_vegetation_index,Normalized Difference Vegetation Index
HN2024,Fm396,2,0.74,normalized_difference_vegetation_index,Normalized Difference Vegetation Index
HN2024,Fm396,3,0.67,normalized_difference_vegetation_index,Normalized Difference Vegetation Index
HN2024,Fm398,1,0.45,normalized_difference_vegetation_index,Normalized Difference Vegetation Index
HN2024,Fm398,3,0.69,normalized_difference_vegetation_index,Normalized Difference Vegetation Index
HN2024,Fm400,1,0.69,normalized_difference_vegetation_index,Normalized Difference Vegetation Index
HN2024,Fm400,2,0.5,normalized_difference_vegetation_index,Normalized Difference Vegetation Index
HN2024,Fm400,3,0.69,normalized_difference_vegetation_index,Normalized Difference Vegetation Index
HN2024,Fm401,1,0.62,normalized_difference_vegetation_index,Normalized Difference Vegetation Index
HN2024,Fm401,2,0.63,normalized_difference_vegetation_index,Normalized Difference Vegetation Index
HN2024,Fm401,3,0.47,normalized_difference_vegetation_index,Normalized Difference Vegetation Index
HN2024,Fm402,1,0.66,normalized_difference_vegetation_index,Normalized Difference Vegetation Index
HN2024,Fm402,2,0.68,normalized_difference_vegetation_index,Normalized Difference Vegetation Index
HN2024,Fm402,3,0.73,normalized_difference_vegetation_index,Normalized Difference Vegetation Index
HN2024,Fm404,2,0.65,normalized_difference_vegetation_index,Normalized Difference Vegetation Index
HN2024,Fm404,3,0.72,normalized_difference_vegetation_index,Normalized Difference Vegetation Index
HN2024,Fm405,1,0.61,normalized_difference_vegetation_index,Normalized Difference Vegetation Index
HN2024,Fm405,2,0.62,normalized_difference_vegetation_index,Normalized Difference Vegetation Index
HN2024,Fm405,3,0.45,normalized_difference_vegetation_index,Normalized Difference Vegetation Index
HN2024,Fm406,1,0.57,normalized_difference_vegetation_index,Normalized Difference Vegetation Index
HN2024,Fm406,2,0.64,normalized_difference_vegetation_index,Normalized Difference Vegetation Index
HN2024,Fm406,3,0.64,normalized_difference_vegetation_index,Normalized Difference Vegetation Index
HN2024,Fm407,1,0.7,normalized_difference_vegetation_index,Normalized Difference Vegetation Index
HN2024,Fm407,2,0.74,normalized_difference_vegetation_index,Normalized Difference Vegetation Index
HN2024,Fm407,3,0.74,normalized_difference_vegetation_index,Normalized Difference Vegetation Index
HN2024,Fm41,1,0.67,normalized_difference_vegetation_index,Normalized Difference Vegetation Index
HN2024,Fm41,2,0.7,normalized_difference_vegetation_index,Normalized Difference Vegetation Index
HN2024,Fm41,3,0.67,normalized_difference_vegetation_index,Normalized Difference Vegetation Index
HN2024,Fm410,1,0.69,normalized_difference_vegetation_index,Normalized Difference Vegetation Index
HN2024,Fm410,2,0.67,normalized_difference_vegetation_index,Normalized Difference Vegetation Index
HN2024,Fm410,3,0.57,normalized_difference_vegetation_index,Normalized Difference Vegetation Index
HN2024,Fm411,1,0.72,normalized_difference_vegetation_index,Normalized Difference Vegetation Index
HN2024,Fm411,2,0.74,normalized_difference_vegetation_index,Normalized Difference Vegetation Index
HN2024,Fm411,3,0.66,normalized_difference_vegetation_index,Normalized Difference Vegetation Index
HN2024,Fm412,1,0.65,normalized_difference_vegetation_index,Normalized Difference Vegetation Index
HN2024,Fm412,2,0.52,normalized_difference_vegetation_index,Normalized Difference Vegetation Index
HN2024,Fm412,3,0.71,normalized_difference_vegetation_index,Normalized Difference Vegetation Index
HN2024,Fm413,1,0.66,normalized_difference_vegetation_index,Normalized Difference Vegetation Index
HN2024,Fm413,2,0.67,normalized_difference_vegetation_index,Normalized Difference Vegetation Index
HN2024,Fm413,3,0.56,normalized_difference_vegetation_index,Normalized Difference Vegetation Index
HN2024,Fm414,1,0.6,normalized_difference_vegetation_index,Normalized Difference Vegetation Index
HN2024,Fm414,2,0.54,normalized_difference_vegetation_index,Normalized Difference Vegetation Index
HN2024,Fm414,3,0.57,normalized_difference_vegetation_index,Normalized Difference Vegetation Index
HN2024,Fm415,1,0.65,normalized_difference_vegetation_index,Normalized Difference Vegetation Index
HN2024,Fm415,2,0.62,normalized_difference_vegetation_index,Normalized Difference Vegetation Index
HN2024,Fm415,3,0.61,normalized_difference_vegetation_index,Normalized Difference Vegetation Index
HN2024,Fm416,1,0.65,normalized_difference_vegetation_index,Normalized Difference Vegetation Index
HN2024,Fm416,2,0.53,normalized_difference_vegetation_index,Normalized Difference Vegetation Index
HN2024,Fm416,3,0.43,normalized_difference_vegetation_index,Normalized Difference Vegetation Index
HN2024,Fm417,1,0.65,normalized_difference_vegetation_index,Normalized Difference Vegetation Index
HN2024,Fm417,2,0.58,normalized_difference_vegetation_index,Normalized Difference Vegetation Index
HN2024,Fm417,3,0.56,normalized_difference_vegetation_index,Normalized Difference Vegetation Index
HN2024,Fm418,1,0.59,normalized_difference_vegetation_index,Normalized Difference Vegetation Index
HN2024,Fm418,2,0.58,normalized_difference_vegetation_index,Normalized Difference Vegetation Index
HN2024,Fm418,3,0.69,normalized_difference_vegetation_index,Normalized Difference Vegetation Index
HN2024,Fm419,1,0.66,normalized_difference_vegetation_index,Normalized Difference Vegetation Index
HN2024,Fm419,2,0.69,normalized_difference_vegetation_index,Normalized Difference Vegetation Index
HN2024,Fm419,3,0.6,normalized_difference_vegetation_index,Normalized Difference Vegetation Index
HN2024,Fm420,1,0.67,normalized_difference_vegetation_index,Normalized Difference Vegetation Index
HN2024,Fm420,2,0.59,normalized_difference_vegetation_index,Normalized Difference Vegetation Index
HN2024,Fm420,3,0.6,normalized_difference_vegetation_index,Normalized Difference Vegetation Index
HN2024,Fm421,1,0.64,normalized_difference_vegetation_index,Normalized Difference Vegetation Index
HN2024,Fm421,2,0.67,normalized_difference_vegetation_index,Normalized Difference Vegetation Index
HN2024,Fm421,3,0.3,normalized_difference_vegetation_index,Normalized Difference Vegetation Index
HN2024,Fm428,1,0.61,normalized_difference_vegetation_index,Normalized Difference Vegetation Index
HN2024,Fm428,2,0.67,normalized_difference_vegetation_index,Normalized Difference Vegetation Index
HN2024,Fm428,3,0.55,normalized_difference_vegetation_index,Normalized Difference Vegetation Index
HN2024,Fm429,1,0.67,normalized_difference_vegetation_index,Normalized Difference Vegetation Index
HN2024,Fm429,2,0.66,normalized_difference_vegetation_index,Normalized Difference Vegetation Index
HN2024,Fm429,3,0.68,normalized_difference_vegetation_index,Normalized Difference Vegetation Index
HN2024,Fm43,1,0.62,normalized_difference_vegetation_index,Normalized Difference Vegetation Index
HN2024,Fm43,2,0.67,normalized_difference_vegetation_index,Normalized Difference Vegetation Index
HN2024,Fm43,3,0.71,normalized_difference_vegetation_index,Normalized Difference Vegetation Index
HN2024,Fm44,1,0.72,normalized_difference_vegetation_index,Normalized Difference Vegetation Index
HN2024,Fm44,2,0.57,normalized_difference_vegetation_index,Normalized Difference Vegetation Index
HN2024,Fm44,3,0.65,normalized_difference_vegetation_index,Normalized Difference Vegetation Index
HN2024,Fm442,1,0.58,normalized_difference_vegetation_index,Normalized Difference Vegetation Index
HN2024,Fm442,2,0.68,normalized_difference_vegetation_index,Normalized Difference Vegetation Index
HN2024,Fm442,3,0.68,normalized_difference_vegetation_index,Normalized Difference Vegetation Index
HN2024,Fm443,1,0.64,normalized_difference_vegetation_index,Normalized Difference Vegetation Index
HN2024,Fm443,2,0.66,normalized_difference_vegetation_index,Normalized Difference Vegetation Index
HN2024,Fm443,3,0.61,normalized_difference_vegetation_index,Normalized Difference Vegetation Index
HN2024,Fm444,1,0.68,normalized_difference_vegetation_index,Normalized Difference Vegetation Index
HN2024,Fm444,2,0.53,normalized_difference_vegetation_index,Normalized Difference Vegetation Index
HN2024,Fm444,3,0.6,normalized_difference_vegetation_index,Normalized Difference Vegetation Index
HN2024,Fm446,1,0.68,normalized_difference_vegetation_index,Normalized Difference Vegetation Index
HN2024,Fm446,2,0.71,normalized_difference_vegetation_index,Normalized Difference Vegetation Index
HN2024,Fm446,3,0.62,normalized_difference_vegetation_index,Normalized Difference Vegetation Index
HN2024,Fm458,1,0.7,normalized_difference_vegetation_index,Normalized Difference Vegetation Index
HN2024,Fm458,2,0.69,normalized_difference_vegetation_index,Normalized Difference Vegetation Index
HN2024,Fm458,3,0.67,normalized_difference_vegetation_index,Normalized Difference Vegetation Index
HN2024,Fm464,1,0.63,normalized_difference_vegetation_index,Normalized Difference Vegetation Index
HN2024,Fm464,2,0.59,normalized_difference_vegetation_index,Normalized Difference Vegetation Index
HN2024,Fm464,3,0.51,normalized_difference_vegetation_index,Normalized Difference Vegetation Index
HN2024,Fm474,1,0.39,normalized_difference_vegetation_index,Normalized Difference Vegetation Index
HN2024,Fm474,2,0.52,normalized_difference_vegetation_index,Normalized Difference Vegetation Index
HN2024,Fm474,3,0.55,normalized_difference_vegetation_index,Normalized Difference Vegetation Index
HN2024,Fm475,2,0.69,normalized_difference_vegetation_index,Normalized Difference Vegetation Index
HN2024,Fm475,3,0.68,normalized_difference_vegetation_index,Normalized Difference Vegetation Index
HN2024,Fm477,1,0.5,normalized_difference_vegetation_index,Normalized Difference Vegetation Index
HN2024,Fm477,2,0.45,normalized_difference_vegetation_index,Normalized Difference Vegetation Index
HN2024,Fm477,3,0.43,normalized_difference_vegetation_index,Normalized Difference Vegetation Index
HN2024,Fm478,1,0.71,normalized_difference_vegetation_index,Normalized Difference Vegetation Index
HN2024,Fm478,2,0.57,normalized_difference_vegetation_index,Normalized Difference Vegetation Index
HN2024,Fm478,3,0.63,normalized_difference_vegetation_index,Normalized Difference Vegetation Index
HN2024,Fm480,1,0.43,normalized_difference_vegetation_index,Normalized Difference Vegetation Index
HN2024,Fm480,2,0.66,normalized_difference_vegetation_index,Normalized Difference Vegetation Index
HN2024,Fm480,3,0.35,normalized_difference_vegetation_index,Normalized Difference Vegetation Index
HN2024,Fm482,1,0.54,normalized_difference_vegetation_index,Normalized Difference Vegetation Index
HN2024,Fm482,2,0.61,normalized_difference_vegetation_index,Normalized Difference Vegetation Index
HN2024,Fm482,3,0.71,normalized_difference_vegetation_index,Normalized Difference Vegetation Index
HN2024,Fm484,1,0.68,normalized_difference_vegetation_index,Normalized Difference Vegetation Index
HN2024,Fm484,2,0.72,normalized_difference_vegetation_index,Normalized Difference Vegetation Index
HN2024,Fm484,3,0.54,normalized_difference_vegetation_index,Normalized Difference Vegetation Index
HN2024,Fm489,1,0.53,normalized_difference_vegetation_index,Normalized Difference Vegetation Index
HN2024,Fm489,2,0.54,normalized_difference_vegetation_index,Normalized Difference Vegetation Index
HN2024,Fm489,3,0.55,normalized_difference_vegetation_index,Normalized Difference Vegetation Index
HN2024,Fm491,1,0.68,normalized_difference_vegetation_index,Normalized Difference Vegetation Index
HN2024,Fm491,2,0.5,normalized_difference_vegetation_index,Normalized Difference Vegetation Index
HN2024,Fm491,3,0.66,normalized_difference_vegetation_index,Normalized Difference Vegetation Index
HN2024,Fm492,1,0.69,normalized_difference_vegetation_index,Normalized Difference Vegetation Index
HN2024,Fm492,2,0.65,normalized_difference_vegetation_index,Normalized Difference Vegetation Index
HN2024,Fm492,3,0.68,normalized_difference_vegetation_index,Normalized Difference Vegetation Index
HN2024,Fm496,1,0.7,normalized_difference_vegetation_index,Normalized Difference Vegetation Index
HN2024,Fm496,2,0.68,normalized_difference_vegetation_index,Normalized Difference Vegetation Index
HN2024,Fm496,3,0.6,normalized_difference_vegetation_index,Normalized Difference Vegetation Index
HN2024,Fm505,1,0.7,normalized_difference_vegetation_index,Normalized Difference Vegetation Index
HN2024,Fm505,2,0.67,normalized_difference_vegetation_index,Normalized Difference Vegetation Index
HN2024,Fm505,3,0.66,normalized_difference_vegetation_index,Normalized Difference Vegetation Index
HN2024,Fm507,1,0.46,normalized_difference_vegetation_index,Normalized Difference Vegetation Index
HN2024,Fm507,2,0.53,normalized_difference_vegetation_index,Normalized Difference Vegetation Index
HN2024,Fm507,3,0.65,normalized_difference_vegetation_index,Normalized Difference Vegetation Index
HN2024,Fm510,1,0.65,normalized_difference_vegetation_index,Normalized Difference Vegetation Index
HN2024,Fm510,2,0.71,normalized_difference_vegetation_index,Normalized Difference Vegetation Index
HN2024,Fm510,3,0.72,normalized_difference_vegetation_index,Normalized Difference Vegetation Index
HN2024,Fm518,1,0.72,normalized_difference_vegetation_index,Normalized Difference Vegetation Index
HN2024,Fm518,2,0.66,normalized_difference_vegetation_index,Normalized Difference Vegetation Index
HN2024,Fm518,3,0.65,normalized_difference_vegetation_index,Normalized Difference Vegetation Index
HN2024,Fm519,1,0.61,normalized_difference_vegetation_index,Normalized Difference Vegetation Index
HN2024,Fm519,2,0.71,normalized_difference_vegetation_index,Normalized Difference Vegetation Index
HN2024,Fm519,3,0.68,normalized_difference_vegetation_index,Normalized Difference Vegetation Index
HN2024,Fm522,1,0.58,normalized_difference_vegetation_index,Normalized Difference Vegetation Index
HN2024,Fm522,2,0.4,normalized_difference_vegetation_index,Normalized Difference Vegetation Index
HN2024,Fm522,3,0.73,normalized_difference_vegetation_index,Normalized Difference Vegetation Index
HN2024,Fm523,1,0.53,normalized_difference_vegetation_index,Normalized Difference Vegetation Index
HN2024,Fm523,2,0.7,normalized_difference_vegetation_index,Normalized Difference Vegetation Index
HN2024,Fm523,3,0.65,normalized_difference_vegetation_index,Normalized Difference Vegetation Index
HN2024,Fm524,1,0.73,normalized_difference_vegetation_index,Normalized Difference Vegetation Index
HN2024,Fm524,2,0.64,normalized_difference_vegetation_index,Normalized Difference Vegetation Index
HN2024,Fm524,3,0.65,normalized_difference_vegetation_index,Normalized Difference Vegetation Index
HN2024,Fm537,1,0.64,normalized_difference_vegetation_index,Normalized Difference Vegetation Index
HN2024,Fm537,2,0.72,normalized_difference_vegetation_index,Normalized Difference Vegetation Index
HN2024,Fm537,3,0.45,normalized_difference_vegetation_index,Normalized Difference Vegetation Index
HN2024,Fm552,1,0.62,normalized_difference_vegetation_index,Normalized Difference Vegetation Index
HN2024,Fm552,2,0.61,normalized_difference_vegetation_index,Normalized Difference Vegetation Index
HN2024,Fm552,3,0.68,normalized_difference_vegetation_index,Normalized Difference Vegetation Index
HN2024,Fm56,1,0.67,normalized_difference_vegetation_index,Normalized Difference Vegetation Index
HN2024,Fm56,2,0.66,normalized_difference_vegetation_index,Normalized Difference Vegetation Index
HN2024,Fm56,3,0.61,normalized_difference_vegetation_index,Normalized Difference Vegetation Index
HN2024,Fm560,1,0.61,normalized_difference_vegetation_index,Normalized Difference Vegetation Index
HN2024,Fm560,2,0.7,normalized_difference_vegetation_index,Normalized Difference Vegetation Index
HN2024,Fm560,3,0.52,normalized_difference_vegetation_index,Normalized Difference Vegetation Index
HN2024,Fm566,1,0.66,normalized_difference_vegetation_index,Normalized Difference Vegetation Index
HN2024,Fm566,2,0.52,normalized_difference_vegetation_index,Normalized Difference Vegetation Index
HN2024,Fm566,3,0.63,normalized_difference_vegetation_index,Normalized Difference Vegetation Index
HN2024,Fm569,1,0.65,normalized_difference_vegetation_index,Normalized Difference Vegetation Index
HN2024,Fm569,2,0.63,normalized_difference_vegetation_index,Normalized Difference Vegetation Index
HN2024,Fm569,3,0.72,normalized_difference_vegetation_index,Normalized Difference Vegetation Index
HN2024,Fm585,2,0.6,normalized_difference_vegetation_index,Normalized Difference Vegetation Index
HN2024,Fm589,1,0.62,normalized_difference_vegetation_index,Normalized Difference Vegetation Index
HN2024,Fm589,2,0.69,normalized_difference_vegetation_index,Normalized Difference Vegetation Index
HN2024,Fm589,3,0.69,normalized_difference_vegetation_index,Normalized Difference Vegetation Index
HN2024,Fm590,1,0.66,normalized_difference_vegetation_index,Normalized Difference Vegetation Index
HN2024,Fm590,2,0.66,normalized_difference_vegetation_index,Normalized Difference Vegetation Index
HN2024,Fm590,3,0.54,normalized_difference_vegetation_index,Normalized Difference Vegetation Index
HN2024,Fm592,1,0.66,normalized_difference_vegetation_index,Normalized Difference Vegetation Index
HN2024,Fm592,2,0.71,normalized_difference_vegetation_index,Normalized Difference Vegetation Index
HN2024,Fm592,3,0.65,normalized_difference_vegetation_index,Normalized Difference Vegetation Index
HN2024,Fm600,1,0.59,normalized_difference_vegetation_index,Normalized Difference Vegetation Index
HN2024,Fm600,2,0.53,normalized_difference_vegetation_index,Normalized Difference Vegetation Index
HN2024,Fm600,3,0.54,normalized_difference_vegetation_index,Normalized Difference Vegetation Index
HN2024,Fm601,1,0.5,normalized_difference_vegetation_index,Normalized Difference Vegetation Index
HN2024,Fm601,2,0.57,normalized_difference_vegetation_index,Normalized Difference Vegetation Index
HN2024,Fm601,3,0.56,normalized_difference_vegetation_index,Normalized Difference Vegetation Index
HN2024,Fm610,1,0.56,normalized_difference_vegetation_index,Normalized Difference Vegetation Index
HN2024,Fm610,2,0.57,normalized_difference_vegetation_index,Normalized Difference Vegetation Index
HN2024,Fm610,3,0.51,normalized_difference_vegetation_index,Normalized Difference Vegetation Index
HN2024,Fm611,1,0.5,normalized_difference_vegetation_index,Normalized Difference Vegetation Index
HN2024,Fm611,2,0.45,normalized_difference_vegetation_index,Normalized Difference Vegetation Index
HN2024,Fm611,3,0.5,normalized_difference_vegetation_index,Normalized Difference Vegetation Index
HN2024,Fm612,1,0.61,normalized_difference_vegetation_index,Normalized Difference Vegetation Index
HN2024,Fm612,2,0.58,normalized_difference_vegetation_index,Normalized Difference Vegetation Index
HN2024,Fm612,3,0.57,normalized_difference_vegetation_index,Normalized Difference Vegetation Index
HN2024,Fm614,1,0.68,normalized_difference_vegetation_index,Normalized Difference Vegetation Index
HN2024,Fm614,2,0.61,normalized_difference_vegetation_index,Normalized Difference Vegetation Index
HN2024,Fm614,3,0.6,normalized_difference_vegetation_index,Normalized Difference Vegetation Index
HN2024,Fm615,1,0.66,normalized_difference_vegetation_index,Normalized Difference Vegetation Index
HN2024,Fm615,2,0.6,normalized_difference_vegetation_index,Normalized Difference Vegetation Index
HN2024,Fm615,3,0.61,normalized_difference_vegetation_index,Normalized Difference Vegetation Index
HN2024,Fm616,1,0.6,normalized_difference_vegetation_index,Normalized Difference Vegetation Index
HN2024,Fm616,2,0.62,normalized_difference_vegetation_index,Normalized Difference Vegetation Index
HN2024,Fm616,3,0.72,normalized_difference_vegetation_index,Normalized Difference Vegetation Index
HN2024,Fm620,1,0.67,normalized_difference_vegetation_index,Normalized Difference Vegetation Index
HN2024,Fm620,2,0.65,normalized_difference_vegetation_index,Normalized Difference Vegetation Index
HN2024,Fm620,3,0.68,normalized_difference_vegetation_index,Normalized Difference Vegetation Index
HN2024,Fm621,1,0.73,normalized_difference_vegetation_index,Normalized Difference Vegetation Index
HN2024,Fm621,2,0.64,normalized_difference_vegetation_index,Normalized Difference Vegetation Index
HN2024,Fm621,3,0.73,normalized_difference_vegetation_index,Normalized Difference Vegetation Index
HN2024,Fm65,1,0.66,normalized_difference_vegetation_index,Normalized Difference Vegetation Index
HN2024,Fm65,2,0.58,normalized_difference_vegetation_index,Normalized Difference Vegetation Index
HN2024,Fm65,3,0.65,normalized_difference_vegetation_index,Normalized Difference Vegetation Index
HN2024,Fm78,1,0.5,normalized_difference_vegetation_index,Normalized Difference Vegetation Index
HN2024,Fm78,2,0.53,normalized_difference_vegetation_index,Normalized Difference Vegetation Index
HN2024,Fm78,3,0.42,normalized_difference_vegetation_index,Normalized Difference Vegetation Index
HN2024,Fm79,1,0.63,normalized_difference_vegetation_index,Normalized Difference Vegetation Index
HN2024,Fm79,2,0.62,normalized_difference_vegetation_index,Normalized Difference Vegetation Index
HN2024,Fm79,3,0.67,normalized_difference_vegetation_index,Normalized Difference Vegetation Index
HN2024,Fm86,1,0.7,normalized_difference_vegetation_index,Normalized Difference Vegetation Index
HN2024,Fm86,2,0.69,normalized_difference_vegetation_index,Normalized Difference Vegetation Index
HN2024,Fm86,3,0.68,normalized_difference_vegetation_index,Normalized Difference Vegetation Index
HN2024,Fm9,1,0.65,normalized_difference_vegetation_index,Normalized Difference Vegetation Index
HN2024,Fm9,2,0.67,normalized_difference_vegetation_index,Normalized Difference Vegetation Index
HN2024,Fm9,3,0.6,normalized_difference_vegetation_index,Normalized Difference Vegetation Index
HN2024,Fm134,1,0.56,fluorescence,Fluorescence
HN2024,Fm134,2,0.21,fluorescence,Fluorescence
HN2024,Fm134,3,0.61,fluorescence,Fluorescence
HN2024,Fm156,1,0.59,fluorescence,Fluorescence
HN2024,Fm156,2,0.6,fluorescence,Fluorescence
HN2024,Fm156,3,0.59,fluorescence,Fluorescence
HN2024,Fm161,1,0.65,fluorescence,Fluorescence
HN2024,Fm161,2,0.75,fluorescence,Fluorescence
HN2024,Fm161,3,0.67,fluorescence,Fluorescence
HN2024,Fm168,1,0.51,fluorescence,Fluorescence
HN2024,Fm168,3,0.4,fluorescence,Fluorescence
HN2024,Fm170,1,0.74,fluorescence,Fluorescence
HN2024,Fm170,2,0.72,fluorescence,Fluorescence
HN2024,Fm170,3,0.3,fluorescence,Fluorescence
HN2024,Fm173,1,0.6,fluorescence,Fluorescence
HN2024,Fm173,2,0.79,fluorescence,Fluorescence
HN2024,Fm173,3,0.6,fluorescence,Fluorescence
HN2024,Fm174,1,0.65,fluorescence,Fluorescence
HN2024,Fm174,2,0.68,fluorescence,Fluorescence
HN2024,Fm174,3,0.67,fluorescence,Fluorescence
HN2024,Fm176,1,0.65,fluorescence,Fluorescence
HN2024,Fm176,2,0.34,fluorescence,Fluorescence
HN2024,Fm176,3,0.3,fluorescence,Fluorescence
HN2024,Fm181,1,0.69,fluorescence,Fluorescence
HN2024,Fm181,2,0.65,fluorescence,Fluorescence
HN2024,Fm181,3,0.61,fluorescence,Fluorescence
HN2024,Fm185,1,0.43,fluorescence,Fluorescence
HN2024,Fm185,2,0.3,fluorescence,Fluorescence
HN2024,Fm185,3,0.4,fluorescence,Fluorescence
HN2024,Fm190,1,0.77,fluorescence,Fluorescence
HN2024,Fm190,2,0.75,fluorescence,Fluorescence
HN2024,Fm190,3,0.76,fluorescence,Fluorescence
HN2024,Fm193,1,0.66,fluorescence,Fluorescence
HN2024,Fm193,2,0.68,fluorescence,Fluorescence
HN2024,Fm193,3,0.55,fluorescence,Fluorescence
HN2024,Fm194,1,0.67,fluorescence,Fluorescence
HN2024,Fm194,2,0.57,fluorescence,Fluorescence
HN2024,Fm194,3,0.67,fluorescence,Fluorescence
HN2024,Fm195,1,0.67,fluorescence,Fluorescence
HN2024,Fm195,2,0.75,fluorescence,Fluorescence
HN2024,Fm195,3,0.72,fluorescence,Fluorescence
HN2024,Fm20,1,0.64,fluorescence,Fluorescence
HN2024,Fm20,2,0.62,fluorescence,Fluorescence
HN2024,Fm20,3,0.62,fluorescence,Fluorescence
HN2024,Fm203,1,0.73,fluorescence,Fluorescence
HN2024,Fm203,2,0.79,fluorescence,Fluorescence
HN2024,Fm203,3,0.76,fluorescence,Fluorescence
HN2024,Fm208,1,0.67,fluorescence,Fluorescence
HN2024,Fm208,2,0.72,fluorescence,Fluorescence
HN2024,Fm208,3,0.67,fluorescence,Fluorescence
HN2024,Fm214,1,0.81,fluorescence,Fluorescence
HN2024,Fm214,2,0.67,fluorescence,Fluorescence
HN2024,Fm214,3,0.73,fluorescence,Fluorescence
HN2024,Fm215,1,0.73,fluorescence,Fluorescence
HN2024,Fm215,2,0.73,fluorescence,Fluorescence
HN2024,Fm215,3,0.79,fluorescence,Fluorescence
HN2024,Fm216,1,0.72,fluorescence,Fluorescence
HN2024,Fm216,2,0.74,fluorescence,Fluorescence
HN2024,Fm216,3,0.74,fluorescence,Fluorescence
HN2024,Fm219,1,0.75,fluorescence,Fluorescence
HN2024,Fm219,2,0.76,fluorescence,Fluorescence
HN2024,Fm219,3,0.74,fluorescence,Fluorescence
HN2024,Fm221,1,0.67,fluorescence,Fluorescence
HN2024,Fm221,2,0.77,fluorescence,Fluorescence
HN2024,Fm221,3,0.44,fluorescence,Fluorescence
HN2024,Fm225,1,0.58,fluorescence,Fluorescence
HN2024,Fm225,2,0.71,fluorescence,Fluorescence
HN2024,Fm225,3,0.58,fluorescence,Fluorescence
HN2024,Fm227,1,0.66,fluorescence,Fluorescence
HN2024,Fm227,2,0.33,fluorescence,Fluorescence
HN2024,Fm227,3,0.7,fluorescence,Fluorescence
HN2024,Fm233,1,0.55,fluorescence,Fluorescence
HN2024,Fm233,2,0.62,fluorescence,Fluorescence
HN2024,Fm233,3,0.53,fluorescence,Fluorescence
HN2024,Fm235,1,0.42,fluorescence,Fluorescence
HN2024,Fm235,2,0.47,fluorescence,Fluorescence
HN2024,Fm235,3,0.63,fluorescence,Fluorescence
HN2024,Fm236,1,0.78,fluorescence,Fluorescence
HN2024,Fm236,2,0.65,fluorescence,Fluorescence
HN2024,Fm236,3,0.56,fluorescence,Fluorescence
HN2024,Fm238,1,0.58,fluorescence,Fluorescence
HN2024,Fm238,2,0.67,fluorescence,Fluorescence
HN2024,Fm238,3,0.45,fluorescence,Fluorescence
HN2024,Fm249,1,0.7,fluorescence,Fluorescence
HN2024,Fm249,2,0.69,fluorescence,Fluorescence
HN2024,Fm249,3,0.66,fluorescence,Fluorescence
HN2024,Fm250,1,0.71,fluorescence,Fluorescence
HN2024,Fm250,2,0.48,fluorescence,Fluorescence
HN2024,Fm250,3,0.77,fluorescence,Fluorescence
HN2024,Fm3,1,0.62,fluorescence,Fluorescence
HN2024,Fm3,2,0.65,fluorescence,Fluorescence
HN2024,Fm3,3,0.72,fluorescence,Fluorescence
HN2024,Fm321,1,0.78,fluorescence,Fluorescence
HN2024,Fm321,2,0.57,fluorescence,Fluorescence
HN2024,Fm321,3,0.77,fluorescence,Fluorescence
HN2024,Fm322,1,0.65,fluorescence,Fluorescence
HN2024,Fm322,2,0.6,fluorescence,Fluorescence
HN2024,Fm322,3,0.65,fluorescence,Fluorescence
HN2024,Fm337,1,0.7,fluorescence,Fluorescence
HN2024,Fm337,2,0.63,fluorescence,Fluorescence
HN2024,Fm337,3,0.71,fluorescence,Fluorescence
HN2024,Fm341,1,0.71,fluorescence,Fluorescence
HN2024,Fm341,2,0.61,fluorescence,Fluorescence
HN2024,Fm341,3,0.73,fluorescence,Fluorescence
HN2024,Fm343,1,0.72,fluorescence,Fluorescence
HN2024,Fm343,2,0.74,fluorescence,Fluorescence
HN2024,Fm343,3,0.65,fluorescence,Fluorescence
HN2024,Fm344,1,0.12,fluorescence,Fluorescence
HN2024,Fm344,2,0.33,fluorescence,Fluorescence
HN2024,Fm344,3,0.65,fluorescence,Fluorescence
HN2024,Fm345,1,0.73,fluorescence,Fluorescence
HN2024,Fm345,2,0.77,fluorescence,Fluorescence
HN2024,Fm345,3,0.73,fluorescence,Fluorescence
HN2024,Fm346,1,0.75,fluorescence,Fluorescence
HN2024,Fm346,2,0.3,fluorescence,Fluorescence
HN2024,Fm347,1,0.65,fluorescence,Fluorescence
HN2024,Fm347,2,0.72,fluorescence,Fluorescence
HN2024,Fm347,3,0.68,fluorescence,Fluorescence
HN2024,Fm349,1,0.74,fluorescence,Fluorescence
HN2024,Fm349,2,0.66,fluorescence,Fluorescence
HN2024,Fm349,3,0.72,fluorescence,Fluorescence
HN2024,Fm351,1,0.65,fluorescence,Fluorescence
HN2024,Fm351,2,0.58,fluorescence,Fluorescence
HN2024,Fm351,3,0.5,fluorescence,Fluorescence
HN2024,Fm352,1,0.52,fluorescence,Fluorescence
HN2024,Fm352,2,0.62,fluorescence,Fluorescence
HN2024,Fm352,3,0.61,fluorescence,Fluorescence
HN2024,Fm354,1,0.6,fluorescence,Fluorescence
HN2024,Fm354,2,0.65,fluorescence,Fluorescence
HN2024,Fm354,3,0.63,fluorescence,Fluorescence
HN2024,Fm355,1,0.71,fluorescence,Fluorescence
HN2024,Fm355,2,0.65,fluorescence,Fluorescence
HN2024,Fm355,3,0.67,fluorescence,Fluorescence
HN2024,Fm356,1,0.7,fluorescence,Fluorescence
HN2024,Fm356,2,0.57,fluorescence,Fluorescence
HN2024,Fm356,3,0.2,fluorescence,Fluorescence
HN2024,Fm358,1,0.35,fluorescence,Fluorescence
HN2024,Fm358,2,0.2,fluorescence,Fluorescence
HN2024,Fm358,3,0.47,fluorescence,Fluorescence
HN2024,Fm359,1,0.62,fluorescence,Fluorescence
HN2024,Fm359,2,0.65,fluorescence,Fluorescence
HN2024,Fm359,3,0.7,fluorescence,Fluorescence
HN2024,Fm36,1,0.6,fluorescence,Fluorescence
HN2024,Fm36,2,0.4,fluorescence,Fluorescence
HN2024,Fm36,3,0.61,fluorescence,Fluorescence
HN2024,Fm361,1,0.75,fluorescence,Fluorescence
HN2024,Fm361,3,0.75,fluorescence,Fluorescence
HN2024,Fm363,1,0.68,fluorescence,Fluorescence
HN2024,Fm363,2,0.64,fluorescence,Fluorescence
HN2024,Fm363,3,0.7,fluorescence,Fluorescence
HN2024,Fm364,1,0.61,fluorescence,Fluorescence
HN2024,Fm364,2,0.72,fluorescence,Fluorescence
HN2024,Fm364,3,0.61,fluorescence,Fluorescence
HN2024,Fm365,1,0.5,fluorescence,Fluorescence
HN2024,Fm365,2,0.67,fluorescence,Fluorescence
HN2024,Fm365,3,0.65,fluorescence,Fluorescence
HN2024,Fm366,1,0.72,fluorescence,Fluorescence
HN2024,Fm366,2,0.7,fluorescence,Fluorescence
HN2024,Fm366,3,0.76,fluorescence,Fluorescence
HN2024,Fm368,1,0.62,fluorescence,Fluorescence
HN2024,Fm368,2,0.7,fluorescence,Fluorescence
HN2024,Fm368,3,0.51,fluorescence,Fluorescence
HN2024,Fm369,1,0.6,fluorescence,Fluorescence
HN2024,Fm369,2,0.48,fluorescence,Fluorescence
HN2024,Fm369,3,0.6,fluorescence,Fluorescence
HN2024,Fm370,1,0.5,fluorescence,Fluorescence
HN2024,Fm370,2,0.73,fluorescence,Fluorescence
HN2024,Fm370,3,0.3,fluorescence,Fluorescence
HN2024,Fm372,1,0.73,fluorescence,Fluorescence
HN2024,Fm372,2,0.71,fluorescence,Fluorescence
HN2024,Fm372,3,0.71,fluorescence,Fluorescence
HN2024,Fm375,1,0.56,fluorescence,Fluorescence
HN2024,Fm375,2,0.71,fluorescence,Fluorescence
HN2024,Fm375,3,0.55,fluorescence,Fluorescence
HN2024,Fm376,1,0.51,fluorescence,Fluorescence
HN2024,Fm376,2,0.57,fluorescence,Fluorescence
HN2024,Fm376,3,0.56,fluorescence,Fluorescence
HN2024,Fm377,1,0.68,fluorescence,Fluorescence
HN2024,Fm377,2,0.7,fluorescence,Fluorescence
HN2024,Fm377,3,0.59,fluorescence,Fluorescence
HN2024,Fm378,1,0.59,fluorescence,Fluorescence
HN2024,Fm378,2,0.6,fluorescence,Fluorescence
HN2024,Fm378,3,0.3,fluorescence,Fluorescence
HN2024,Fm379,1,0.7,fluorescence,Fluorescence
HN2024,Fm379,2,0.69,fluorescence,Fluorescence
HN2024,Fm379,3,0.72,fluorescence,Fluorescence
HN2024,Fm380,1,0.7,fluorescence,Fluorescence
HN2024,Fm380,2,0.52,fluorescence,Fluorescence
HN2024,Fm380,3,0.72,fluorescence,Fluorescence
HN2024,Fm381,1,0.65,fluorescence,Fluorescence
HN2024,Fm381,2,0.66,fluorescence,Fluorescence
HN2024,Fm381,3,0.67,fluorescence,Fluorescence
HN2024,Fm382,1,0.68,fluorescence,Fluorescence
HN2024,Fm382,2,0.78,fluorescence,Fluorescence
HN2024,Fm382,3,0.68,fluorescence,Fluorescence
HN2024,Fm384,1,0.65,fluorescence,Fluorescence
HN2024,Fm384,2,0.38,fluorescence,Fluorescence
HN2024,Fm384,3,0.3,fluorescence,Fluorescence
HN2024,Fm387,1,0.69,fluorescence,Fluorescence
HN2024,Fm387,2,0.75,fluorescence,Fluorescence
HN2024,Fm387,3,0.58,fluorescence,Fluorescence
HN2024,Fm388,1,0.63,fluorescence,Fluorescence
HN2024,Fm388,2,0.67,fluorescence,Fluorescence
HN2024,Fm388,3,0.5,fluorescence,Fluorescence
HN2024,Fm389,1,0.63,fluorescence,Fluorescence
HN2024,Fm389,2,0.3,fluorescence,Fluorescence
HN2024,Fm389,3,0.59,fluorescence,Fluorescence
HN2024,Fm391,1,0.73,fluorescence,Fluorescence
HN2024,Fm391,2,0.66,fluorescence,Fluorescence
HN2024,Fm391,3,0.7,fluorescence,Fluorescence
HN2024,Fm392,1,0.63,fluorescence,Fluorescence
HN2024,Fm392,2,0.79,fluorescence,Fluorescence
HN2024,Fm392,3,0.78,fluorescence,Fluorescence
HN2024,Fm394,1,0.71,fluorescence,Fluorescence
HN2024,Fm394,2,0.68,fluorescence,Fluorescence
HN2024,Fm394,3,0.4,fluorescence,Fluorescence
HN2024,Fm395,1,0.7,fluorescence,Fluorescence
HN2024,Fm395,2,0.64,fluorescence,Fluorescence
HN2024,Fm395,3,0.768,fluorescence,Fluorescence
HN2024,Fm396,1,0.72,fluorescence,Fluorescence
HN2024,Fm396,2,0.75,fluorescence,Fluorescence
HN2024,Fm396,3,0.6,fluorescence,Fluorescence
HN2024,Fm398,1,0.69,fluorescence,Fluorescence
HN2024,Fm398,3,0.55,fluorescence,Fluorescence
HN2024,Fm400,1,0.78,fluorescence,Fluorescence
HN2024,Fm400,2,0.61,fluorescence,Fluorescence
HN2024,Fm400,3,0.78,fluorescence,Fluorescence
HN2024,Fm401,1,0.6,fluorescence,Fluorescence
HN2024,Fm401,2,0.72,fluorescence,Fluorescence
HN2024,Fm401,3,0.56,fluorescence,Fluorescence
HN2024,Fm402,1,0.52,fluorescence,Fluorescence
HN2024,Fm402,2,0.76,fluorescence,Fluorescence
HN2024,Fm402,3,0.71,fluorescence,Fluorescence
HN2024,Fm404,2,0.68,fluorescence,Fluorescence
HN2024,Fm404,3,0.72,fluorescence,Fluorescence
HN2024,Fm405,1,0.73,fluorescence,Fluorescence
HN2024,Fm405,2,0.7,fluorescence,Fluorescence
HN2024,Fm405,3,0.55,fluorescence,Fluorescence
HN2024,Fm406,1,0.73,fluorescence,Fluorescence
HN2024,Fm406,2,0.68,fluorescence,Fluorescence
HN2024,Fm406,3,0.68,fluorescence,Fluorescence
HN2024,Fm407,1,0.7,fluorescence,Fluorescence
HN2024,Fm407,2,0.61,fluorescence,Fluorescence
HN2024,Fm407,3,0.74,fluorescence,Fluorescence
HN2024,Fm41,1,0.74,fluorescence,Fluorescence
HN2024,Fm41,2,0.72,fluorescence,Fluorescence
HN2024,Fm41,3,0.73,fluorescence,Fluorescence
HN2024,Fm410,1,0.71,fluorescence,Fluorescence
HN2024,Fm410,2,0.57,fluorescence,Fluorescence
HN2024,Fm410,3,0.53,fluorescence,Fluorescence
HN2024,Fm411,1,0.63,fluorescence,Fluorescence
HN2024,Fm411,2,0.8,fluorescence,Fluorescence
HN2024,Fm411,3,0.61,fluorescence,Fluorescence
HN2024,Fm412,1,0.66,fluorescence,Fluorescence
HN2024,Fm412,2,0.57,fluorescence,Fluorescence
HN2024,Fm412,3,0.64,fluorescence,Fluorescence
HN2024,Fm413,1,0.7,fluorescence,Fluorescence
HN2024,Fm413,2,0.53,fluorescence,Fluorescence
HN2024,Fm413,3,0.64,fluorescence,Fluorescence
HN2024,Fm414,1,0.62,fluorescence,Fluorescence
HN2024,Fm414,2,0.56,fluorescence,Fluorescence
HN2024,Fm414,3,0.72,fluorescence,Fluorescence
HN2024,Fm415,1,0.45,fluorescence,Fluorescence
HN2024,Fm415,2,0.68,fluorescence,Fluorescence
HN2024,Fm415,3,0.65,fluorescence,Fluorescence
HN2024,Fm416,1,0.66,fluorescence,Fluorescence
HN2024,Fm416,2,0.63,fluorescence,Fluorescence
HN2024,Fm416,3,0.3,fluorescence,Fluorescence
HN2024,Fm417,1,0.64,fluorescence,Fluorescence
HN2024,Fm417,2,0.49,fluorescence,Fluorescence
HN2024,Fm417,3,0.46,fluorescence,Fluorescence
HN2024,Fm418,1,0.51,fluorescence,Fluorescence
HN2024,Fm418,2,0.74,fluorescence,Fluorescence
HN2024,Fm418,3,0.74,fluorescence,Fluorescence
HN2024,Fm419,1,0.75,fluorescence,Fluorescence
HN2024,Fm419,2,0.7,fluorescence,Fluorescence
HN2024,Fm419,3,0.7,fluorescence,Fluorescence
HN2024,Fm420,1,0.75,fluorescence,Fluorescence
HN2024,Fm420,2,0.58,fluorescence,Fluorescence
HN2024,Fm420,3,0.75,fluorescence,Fluorescence
HN2024,Fm421,1,0.64,fluorescence,Fluorescence
HN2024,Fm421,2,0.7,fluorescence,Fluorescence
HN2024,Fm421,3,0.3,fluorescence,Fluorescence
HN2024,Fm428,1,0.68,fluorescence,Fluorescence
HN2024,Fm428,2,0.72,fluorescence,Fluorescence
HN2024,Fm428,3,0.55,fluorescence,Fluorescence
HN2024,Fm429,1,0.62,fluorescence,Fluorescence
HN2024,Fm429,2,0.64,fluorescence,Fluorescence
HN2024,Fm429,3,0.75,fluorescence,Fluorescence
HN2024,Fm43,1,0.65,fluorescence,Fluorescence
HN2024,Fm43,2,0.48,fluorescence,Fluorescence
HN2024,Fm43,3,0.62,fluorescence,Fluorescence
HN2024,Fm44,1,0.78,fluorescence,Fluorescence
HN2024,Fm44,2,0.45,fluorescence,Fluorescence
HN2024,Fm44,3,0.67,fluorescence,Fluorescence
HN2024,Fm442,1,0.47,fluorescence,Fluorescence
HN2024,Fm442,2,0.61,fluorescence,Fluorescence
HN2024,Fm442,3,0.59,fluorescence,Fluorescence
HN2024,Fm443,1,0.67,fluorescence,Fluorescence
HN2024,Fm443,2,0.63,fluorescence,Fluorescence
HN2024,Fm443,3,0.4,fluorescence,Fluorescence
HN2024,Fm444,1,0.62,fluorescence,Fluorescence
HN2024,Fm444,2,0.37,fluorescence,Fluorescence
HN2024,Fm444,3,0.53,fluorescence,Fluorescence
HN2024,Fm446,1,0.7,fluorescence,Fluorescence
HN2024,Fm446,2,0.74,fluorescence,Fluorescence
HN2024,Fm446,3,0.72,fluorescence,Fluorescence
HN2024,Fm458,1,0.76,fluorescence,Fluorescence
HN2024,Fm458,2,0.74,fluorescence,Fluorescence
HN2024,Fm458,3,0.74,fluorescence,Fluorescence
HN2024,Fm464,1,0.51,fluorescence,Fluorescence
HN2024,Fm464,2,0.3,fluorescence,Fluorescence
HN2024,Fm464,3,0.3,fluorescence,Fluorescence
HN2024,Fm474,1,0.44,fluorescence,Fluorescence
HN2024,Fm474,2,0.68,fluorescence,Fluorescence
HN2024,Fm474,3,0.4,fluorescence,Fluorescence
HN2024,Fm475,2,0.68,fluorescence,Fluorescence
HN2024,Fm475,3,0.71,fluorescence,Fluorescence
HN2024,Fm477,1,0.36,fluorescence,Fluorescence
HN2024,Fm477,2,0.3,fluorescence,Fluorescence
HN2024,Fm477,3,0.42,fluorescence,Fluorescence
HN2024,Fm478,1,0.63,fluorescence,Fluorescence
HN2024,Fm478,2,0.4,fluorescence,Fluorescence
HN2024,Fm478,3,0.68,fluorescence,Fluorescence
HN2024,Fm480,1,0.58,fluorescence,Fluorescence
HN2024,Fm480,2,0.54,fluorescence,Fluorescence
HN2024,Fm480,3,0.4,fluorescence,Fluorescence
HN2024,Fm482,1,0.58,fluorescence,Fluorescence
HN2024,Fm482,2,0.67,fluorescence,Fluorescence
HN2024,Fm482,3,0.72,fluorescence,Fluorescence
HN2024,Fm484,1,0.79,fluorescence,Fluorescence
HN2024,Fm484,2,0.78,fluorescence,Fluorescence
HN2024,Fm484,3,0.73,fluorescence,Fluorescence
HN2024,Fm489,1,0.65,fluorescence,Fluorescence
HN2024,Fm489,2,0.3,fluorescence,Fluorescence
HN2024,Fm489,3,0.7,fluorescence,Fluorescence
HN2024,Fm491,1,0.66,fluorescence,Fluorescence
HN2024,Fm491,2,0.62,fluorescence,Fluorescence
HN2024,Fm491,3,0.58,fluorescence,Fluorescence
HN2024,Fm492,1,0.69,fluorescence,Fluorescence
HN2024,Fm492,2,0.68,fluorescence,Fluorescence
HN2024,Fm492,3,0.66,fluorescence,Fluorescence
HN2024,Fm496,1,0.76,fluorescence,Fluorescence
HN2024,Fm496,2,0.75,fluorescence,Fluorescence
HN2024,Fm496,3,0.65,fluorescence,Fluorescence
HN2024,Fm505,1,0.74,fluorescence,Fluorescence
HN2024,Fm505,2,0.73,fluorescence,Fluorescence
HN2024,Fm505,3,0.6,fluorescence,Fluorescence
HN2024,Fm507,1,0.5,fluorescence,Fluorescence
HN2024,Fm507,2,0.44,fluorescence,Fluorescence
HN2024,Fm507,3,0.4,fluorescence,Fluorescence
HN2024,Fm510,1,0.74,fluorescence,Fluorescence
HN2024,Fm510,2,0.71,fluorescence,Fluorescence
HN2024,Fm510,3,0.7,fluorescence,Fluorescence
HN2024,Fm518,1,0.7,fluorescence,Fluorescence
HN2024,Fm518,2,0.65,fluorescence,Fluorescence
HN2024,Fm518,3,0.7,fluorescence,Fluorescence
HN2024,Fm519,1,0.66,fluorescence,Fluorescence
HN2024,Fm519,2,0.69,fluorescence,Fluorescence
HN2024,Fm519,3,0.73,fluorescence,Fluorescence
HN2024,Fm522,1,0.76,fluorescence,Fluorescence
HN2024,Fm522,2,0.3,fluorescence,Fluorescence
HN2024,Fm522,3,0.72,fluorescence,Fluorescence
HN2024,Fm523,1,0.49,fluorescence,Fluorescence
HN2024,Fm523,2,0.75,fluorescence,Fluorescence
HN2024,Fm523,3,0.78,fluorescence,Fluorescence
HN2024,Fm524,1,0.78,fluorescence,Fluorescence
HN2024,Fm524,2,0.48,fluorescence,Fluorescence
HN2024,Fm524,3,0.71,fluorescence,Fluorescence
HN2024,Fm537,1,0.7,fluorescence,Fluorescence
HN2024,Fm537,2,0.7,fluorescence,Fluorescence
HN2024,Fm537,3,0.3,fluorescence,Fluorescence
HN2024,Fm552,1,0.67,fluorescence,Fluorescence
HN2024,Fm552,2,0.55,fluorescence,Fluorescence
HN2024,Fm552,3,0.66,fluorescence,Fluorescence
HN2024,Fm56,1,0.6,fluorescence,Fluorescence
HN2024,Fm56,2,0.59,fluorescence,Fluorescence
HN2024,Fm56,3,0.67,fluorescence,Fluorescence
HN2024,Fm560,1,0.62,fluorescence,Fluorescence
HN2024,Fm560,2,0.78,fluorescence,Fluorescence
HN2024,Fm560,3,0.71,fluorescence,Fluorescence
HN2024,Fm566,1,0.72,fluorescence,Fluorescence
HN2024,Fm566,2,0.74,fluorescence,Fluorescence
HN2024,Fm566,3,0.71,fluorescence,Fluorescence
HN2024,Fm569,1,0.75,fluorescence,Fluorescence
HN2024,Fm569,2,0.68,fluorescence,Fluorescence
HN2024,Fm569,3,0.65,fluorescence,Fluorescence
HN2024,Fm585,2,0.67,fluorescence,Fluorescence
HN2024,Fm589,1,0.81,fluorescence,Fluorescence
HN2024,Fm589,2,0.77,fluorescence,Fluorescence
HN2024,Fm589,3,0.73,fluorescence,Fluorescence
HN2024,Fm590,1,0.65,fluorescence,Fluorescence
HN2024,Fm590,2,0.66,fluorescence,Fluorescence
HN2024,Fm590,3,0.63,fluorescence,Fluorescence
HN2024,Fm592,1,0.7,fluorescence,Fluorescence
HN2024,Fm592,2,0.78,fluorescence,Fluorescence
HN2024,Fm592,3,0.68,fluorescence,Fluorescence
HN2024,Fm600,1,0.51,fluorescence,Fluorescence
HN2024,Fm600,2,0.58,fluorescence,Fluorescence
HN2024,Fm600,3,0.7,fluorescence,Fluorescence
HN2024,Fm601,1,0.46,fluorescence,Fluorescence
HN2024,Fm601,2,0.47,fluorescence,Fluorescence
HN2024,Fm601,3,0.62,fluorescence,Fluorescence
HN2024,Fm610,1,0.72,fluorescence,Fluorescence
HN2024,Fm610,2,0.45,fluorescence,Fluorescence
HN2024,Fm610,3,0.6,fluorescence,Fluorescence
HN2024,Fm611,1,0.66,fluorescence,Fluorescence
HN2024,Fm611,2,0.7,fluorescence,Fluorescence
HN2024,Fm611,3,0.4,fluorescence,Fluorescence
HN2024,Fm612,1,0.67,fluorescence,Fluorescence
HN2024,Fm612,2,0.68,fluorescence,Fluorescence
HN2024,Fm612,3,0.64,fluorescence,Fluorescence
HN2024,Fm614,1,0.73,fluorescence,Fluorescence
HN2024,Fm614,2,0.73,fluorescence,Fluorescence
HN2024,Fm614,3,0.5,fluorescence,Fluorescence
HN2024,Fm615,1,0.75,fluorescence,Fluorescence
HN2024,Fm615,2,0.65,fluorescence,Fluorescence
HN2024,Fm615,3,0.7,fluorescence,Fluorescence
HN2024,Fm616,1,0.79,fluorescence,Fluorescence
HN2024,Fm616,2,0.79,fluorescence,Fluorescence
HN2024,Fm616,3,0.78,fluorescence,Fluorescence
HN2024,Fm620,1,0.59,fluorescence,Fluorescence
HN2024,Fm620,2,0.68,fluorescence,Fluorescence
HN2024,Fm620,3,0.71,fluorescence,Fluorescence
HN2024,Fm621,1,0.48,fluorescence,Fluorescence
HN2024,Fm621,2,0.63,fluorescence,Fluorescence
HN2024,Fm621,3,0.66,fluorescence,Fluorescence
HN2024,Fm65,1,0.68,fluorescence,Fluorescence
HN2024,Fm65,2,0.69,fluorescence,Fluorescence
HN2024,Fm65,3,0.63,fluorescence,Fluorescence
HN2024,Fm78,1,0.69,fluorescence,Fluorescence
HN2024,Fm78,2,0.49,fluorescence,Fluorescence
HN2024,Fm78,3,0.3,fluorescence,Fluorescence
HN2024,Fm79,1,0.74,fluorescence,Fluorescence
HN2024,Fm79,2,0.48,fluorescence,Fluorescence
HN2024,Fm79,3,0.66,fluorescence,Fluorescence
HN2024,Fm86,1,0.75,fluorescence,Fluorescence
HN2024,Fm86,2,0.5,fluorescence,Fluorescence
HN2024,Fm86,3,0.44,fluorescence,Fluorescence
HN2024,Fm9,1,0.46,fluorescence,Fluorescence
HN2024,Fm9,2,0.4,fluorescence,Fluorescence
HN2024,Fm9,3,0.62,fluorescence,Fluorescence
HN2024,Fm181,1,13.48,protein_pct,Seed protein concentration (%)
HN2024,Fm181,2,13.88,protein_pct,Seed protein concentration (%)
HN2024,Fm181,3,15.63,protein_pct,Seed protein concentration (%)
HN2024,Fm190,1,13.83,protein_pct,Seed protein concentration (%)
HN2024,Fm190,2,17.16,protein_pct,Seed protein concentration (%)
HN2024,Fm190,3,13.9,protein_pct,Seed protein concentration (%)
HN2024,Fm193,1,15.77,protein_pct,Seed protein concentration (%)
HN2024,Fm193,2,15.36,protein_pct,Seed protein concentration (%)
HN2024,Fm193,3,15.2,protein_pct,Seed protein concentration (%)
HN2024,Fm194,1,14.77,protein_pct,Seed protein concentration (%)
HN2024,Fm194,2,13.35,protein_pct,Seed protein concentration (%)
HN2024,Fm194,3,14.44,protein_pct,Seed protein concentration (%)
HN2024,Fm195,1,18.48,protein_pct,Seed protein concentration (%)
HN2024,Fm195,2,17.29,protein_pct,Seed protein concentration (%)
HN2024,Fm195,3,21.8,protein_pct,Seed protein concentration (%)
HN2024,Fm203,1,13.67,protein_pct,Seed protein concentration (%)
HN2024,Fm203,2,11.78,protein_pct,Seed protein concentration (%)
HN2024,Fm203,3,13.43,protein_pct,Seed protein concentration (%)
HN2024,Fm214,1,14.12,protein_pct,Seed protein concentration (%)
HN2024,Fm214,2,12.15,protein_pct,Seed protein concentration (%)
HN2024,Fm214,3,14.58,protein_pct,Seed protein concentration (%)
HN2024,Fm215,1,13.77,protein_pct,Seed protein concentration (%)
HN2024,Fm215,2,12.21,protein_pct,Seed protein concentration (%)
HN2024,Fm215,3,14.59,protein_pct,Seed protein concentration (%)
HN2024,Fm216,1,16.12,protein_pct,Seed protein concentration (%)
HN2024,Fm216,2,16.74,protein_pct,Seed protein concentration (%)
HN2024,Fm216,3,18.71,protein_pct,Seed protein concentration (%)
HN2024,Fm219,1,13.37,protein_pct,Seed protein concentration (%)
HN2024,Fm219,2,12.88,protein_pct,Seed protein concentration (%)
HN2024,Fm219,3,11.14,protein_pct,Seed protein concentration (%)
HN2024,Fm221,1,12.95,protein_pct,Seed protein concentration (%)
HN2024,Fm221,2,14.87,protein_pct,Seed protein concentration (%)
HN2024,Fm221,3,14.21,protein_pct,Seed protein concentration (%)
HN2024,Fm225,1,13.07,protein_pct,Seed protein concentration (%)
HN2024,Fm225,2,13.31,protein_pct,Seed protein concentration (%)
HN2024,Fm225,3,14.14,protein_pct,Seed protein concentration (%)
HN2024,Fm227,1,18.53,protein_pct,Seed protein concentration (%)
HN2024,Fm227,2,19.65,protein_pct,Seed protein concentration (%)
HN2024,Fm233,1,17.61,protein_pct,Seed protein concentration (%)
HN2024,Fm233,2,19.68,protein_pct,Seed protein concentration (%)
HN2024,Fm233,3,18.59,protein_pct,Seed protein concentration (%)
HN2024,Fm236,1,15.71,protein_pct,Seed protein concentration (%)
HN2024,Fm236,2,15.5,protein_pct,Seed protein concentration (%)
HN2024,Fm238,1,15.25,protein_pct,Seed protein concentration (%)
HN2024,Fm238,2,15.51,protein_pct,Seed protein concentration (%)
HN2024,Fm321,1,16.18,protein_pct,Seed protein concentration (%)
HN2024,Fm321,2,15.8,protein_pct,Seed protein concentration (%)
HN2024,Fm321,3,16.78,protein_pct,Seed protein concentration (%)
HN2024,Fm322,1,15.14,protein_pct,Seed protein concentration (%)
HN2024,Fm337,1,15.41,protein_pct,Seed protein concentration (%)
HN2024,Fm337,2,16.86,protein_pct,Seed protein concentration (%)
HN2024,Fm337,3,16.8,protein_pct,Seed protein concentration (%)
HN2024,Fm341,1,12.83,protein_pct,Seed protein concentration (%)
HN2024,Fm341,2,14.83,protein_pct,Seed protein concentration (%)
HN2024,Fm341,3,14.98,protein_pct,Seed protein concentration (%)
HN2024,Fm345,1,16.65,protein_pct,Seed protein concentration (%)
HN2024,Fm345,2,14.01,protein_pct,Seed protein concentration (%)
HN2024,Fm346,1,16.76,protein_pct,Seed protein concentration (%)
HN2024,Fm347,1,14.72,protein_pct,Seed protein concentration (%)
HN2024,Fm347,2,12.91,protein_pct,Seed protein concentration (%)
HN2024,Fm347,3,12.87,protein_pct,Seed protein concentration (%)
HN2024,Fm349,1,13.49,protein_pct,Seed protein concentration (%)
HN2024,Fm349,2,15.11,protein_pct,Seed protein concentration (%)
HN2024,Fm349,3,15.87,protein_pct,Seed protein concentration (%)
HN2024,Fm351,1,17.25,protein_pct,Seed protein concentration (%)
HN2024,Fm351,2,18.06,protein_pct,Seed protein concentration (%)
HN2024,Fm351,3,19.3,protein_pct,Seed protein concentration (%)
HN2024,Fm352,1,17.1,protein_pct,Seed protein concentration (%)
HN2024,Fm352,2,16.34,protein_pct,Seed protein concentration (%)
HN2024,Fm352,3,17.02,protein_pct,Seed protein concentration (%)
HN2024,Fm354,1,14.19,protein_pct,Seed protein concentration (%)
HN2024,Fm354,2,16,protein_pct,Seed protein concentration (%)
HN2024,Fm354,3,16.16,protein_pct,Seed protein concentration (%)
HN2024,Fm355,1,16.37,protein_pct,Seed protein concentration (%)
HN2024,Fm355,2,16.5,protein_pct,Seed protein concentration (%)
HN2024,Fm355,3,16.23,protein_pct,Seed protein concentration (%)
HN2024,Fm356,1,17.82,protein_pct,Seed protein concentration (%)
HN2024,Fm356,2,19.45,protein_pct,Seed protein concentration (%)
HN2024,Fm358,1,20.95,protein_pct,Seed protein concentration (%)
HN2024,Fm359,1,17.97,protein_pct,Seed protein concentration (%)
HN2024,Fm359,2,20.43,protein_pct,Seed protein concentration (%)
HN2024,Fm36,1,23.43,protein_pct,Seed protein concentration (%)
HN2024,Fm36,2,29.2,protein_pct,Seed protein concentration (%)
HN2024,Fm361,1,17.85,protein_pct,Seed protein concentration (%)
HN2024,Fm361,2,19.26,protein_pct,Seed protein concentration (%)
HN2024,Fm361,3,14.79,protein_pct,Seed protein concentration (%)
HN2024,Fm363,1,16.17,protein_pct,Seed protein concentration (%)
HN2024,Fm363,2,14.9,protein_pct,Seed protein concentration (%)
HN2024,Fm363,3,14.86,protein_pct,Seed protein concentration (%)
HN2024,Fm365,1,15.68,protein_pct,Seed protein concentration (%)
HN2024,Fm365,2,15.95,protein_pct,Seed protein concentration (%)
HN2024,Fm365,3,16.53,protein_pct,Seed protein concentration (%)
HN2024,Fm366,1,14.73,protein_pct,Seed protein concentration (%)
HN2024,Fm366,2,18.06,protein_pct,Seed protein concentration (%)
HN2024,Fm366,3,14.01,protein_pct,Seed protein concentration (%)
HN2024,Fm368,1,17.43,protein_pct,Seed protein concentration (%)
HN2024,Fm368,2,17.04,protein_pct,Seed protein concentration (%)
HN2024,Fm369,1,16.77,protein_pct,Seed protein concentration (%)
HN2024,Fm369,2,16.52,protein_pct,Seed protein concentration (%)
HN2024,Fm369,3,20.43,protein_pct,Seed protein concentration (%)
HN2024,Fm370,1,19.42,protein_pct,Seed protein concentration (%)
HN2024,Fm370,2,22.14,protein_pct,Seed protein concentration (%)
HN2024,Fm370,3,23.39,protein_pct,Seed protein concentration (%)
HN2024,Fm372,1,15.65,protein_pct,Seed protein concentration (%)
HN2024,Fm372,2,14.09,protein_pct,Seed protein concentration (%)
HN2024,Fm372,3,15.93,protein_pct,Seed protein concentration (%)
HN2024,Fm375,1,15.53,protein_pct,Seed protein concentration (%)
HN2024,Fm375,2,16.62,protein_pct,Seed protein concentration (%)
HN2024,Fm375,3,17.37,protein_pct,Seed protein concentration (%)
HN2024,Fm376,1,15.33,protein_pct,Seed protein concentration (%)
HN2024,Fm376,2,17.35,protein_pct,Seed protein concentration (%)
HN2024,Fm376,3,17.53,protein_pct,Seed protein concentration (%)
HN2024,Fm377,1,16.62,protein_pct,Seed protein concentration (%)
HN2024,Fm377,2,16.41,protein_pct,Seed protein concentration (%)
HN2024,Fm378,1,22.62,protein_pct,Seed protein concentration (%)
HN2024,Fm378,2,20.84,protein_pct,Seed protein concentration (%)
HN2024,Fm378,3,20.11,protein_pct,Seed protein concentration (%)
HN2024,Fm379,1,16.69,protein_pct,Seed protein concentration (%)
HN2024,Fm379,2,15.76,protein_pct,Seed protein concentration (%)
HN2024,Fm379,3,18.71,protein_pct,Seed protein concentration (%)
HN2024,Fm380,1,18.49,protein_pct,Seed protein concentration (%)
HN2024,Fm380,2,18.56,protein_pct,Seed protein concentration (%)
HN2024,Fm380,3,16.47,protein_pct,Seed protein concentration (%)
HN2024,Fm381,1,15.49,protein_pct,Seed protein concentration (%)
HN2024,Fm381,2,14.56,protein_pct,Seed protein concentration (%)
HN2024,Fm381,3,13.79,protein_pct,Seed protein concentration (%)
HN2024,Fm382,1,14.1,protein_pct,Seed protein concentration (%)
HN2024,Fm382,2,17.23,protein_pct,Seed protein concentration (%)
HN2024,Fm382,3,14.93,protein_pct,Seed protein concentration (%)
HN2024,Fm384,1,15.31,protein_pct,Seed protein concentration (%)
HN2024,Fm384,2,15.84,protein_pct,Seed protein concentration (%)
HN2024,Fm384,3,17.93,protein_pct,Seed protein concentration (%)
HN2024,Fm388,1,17.13,protein_pct,Seed protein concentration (%)
HN2024,Fm388,2,18.51,protein_pct,Seed protein concentration (%)
HN2024,Fm388,3,15.13,protein_pct,Seed protein concentration (%)
HN2024,Fm389,1,20.72,protein_pct,Seed protein concentration (%)
HN2024,Fm389,2,17.47,protein_pct,Seed protein concentration (%)
HN2024,Fm389,3,17.44,protein_pct,Seed protein concentration (%)
HN2024,Fm391,1,16.21,protein_pct,Seed protein concentration (%)
HN2024,Fm391,2,15.7,protein_pct,Seed protein concentration (%)
HN2024,Fm391,3,18.91,protein_pct,Seed protein concentration (%)
HN2024,Fm392,1,13.1,protein_pct,Seed protein concentration (%)
HN2024,Fm392,2,13.82,protein_pct,Seed protein concentration (%)
HN2024,Fm392,3,15.11,protein_pct,Seed protein concentration (%)
HN2024,Fm394,1,15.21,protein_pct,Seed protein concentration (%)
HN2024,Fm394,2,14.93,protein_pct,Seed protein concentration (%)
HN2024,Fm394,3,15.4,protein_pct,Seed protein concentration (%)
HN2024,Fm395,1,18.72,protein_pct,Seed protein concentration (%)
HN2024,Fm395,2,14.15,protein_pct,Seed protein concentration (%)
HN2024,Fm395,3,17.09,protein_pct,Seed protein concentration (%)
HN2024,Fm396,1,22.14,protein_pct,Seed protein concentration (%)
HN2024,Fm396,2,19.89,protein_pct,Seed protein concentration (%)
HN2024,Fm396,3,16.75,protein_pct,Seed protein concentration (%)
HN2024,Fm398,1,18,protein_pct,Seed protein concentration (%)
HN2024,Fm398,2,17.09,protein_pct,Seed protein concentration (%)
HN2024,Fm400,1,14.27,protein_pct,Seed protein concentration (%)
HN2024,Fm400,2,14.48,protein_pct,Seed protein concentration (%)
HN2024,Fm400,3,18.49,protein_pct,Seed protein concentration (%)
HN2024,Fm401,1,17.32,protein_pct,Seed protein concentration (%)
HN2024,Fm401,2,18.66,protein_pct,Seed protein concentration (%)
HN2024,Fm401,3,16.23,protein_pct,Seed protein concentration (%)
HN2024,Fm402,1,13.49,protein_pct,Seed protein concentration (%)
HN2024,Fm402,2,14.62,protein_pct,Seed protein concentration (%)
HN2024,Fm402,3,14.79,protein_pct,Seed protein concentration (%)
HN2024,Fm404,2,14.04,protein_pct,Seed protein concentration (%)
HN2024,Fm404,3,17.4,protein_pct,Seed protein concentration (%)
HN2024,Fm405,1,16.43,protein_pct,Seed protein concentration (%)
HN2024,Fm405,2,15.57,protein_pct,Seed protein concentration (%)
HN2024,Fm406,1,16.12,protein_pct,Seed protein concentration (%)
HN2024,Fm406,2,15.42,protein_pct,Seed protein concentration (%)
HN2024,Fm406,3,15.71,protein_pct,Seed protein concentration (%)
HN2024,Fm407,1,14.57,protein_pct,Seed protein concentration (%)
HN2024,Fm407,2,13.27,protein_pct,Seed protein concentration (%)
HN2024,Fm407,3,16.99,protein_pct,Seed protein concentration (%)
HN2024,Fm41,1,17.69,protein_pct,Seed protein concentration (%)
HN2024,Fm41,2,17.95,protein_pct,Seed protein concentration (%)
HN2024,Fm410,1,17.11,protein_pct,Seed protein concentration (%)
HN2024,Fm410,2,16.18,protein_pct,Seed protein concentration (%)
HN2024,Fm410,3,17.57,protein_pct,Seed protein concentration (%)
HN2024,Fm411,1,15.02,protein_pct,Seed protein concentration (%)
HN2024,Fm411,2,14.01,protein_pct,Seed protein concentration (%)
HN2024,Fm411,3,15.64,protein_pct,Seed protein concentration (%)
HN2024,Fm412,1,14.3,protein_pct,Seed protein concentration (%)
HN2024,Fm412,2,13.69,protein_pct,Seed protein concentration (%)
HN2024,Fm412,3,17.01,protein_pct,Seed protein concentration (%)
HN2024,Fm413,1,18.68,protein_pct,Seed protein concentration (%)
HN2024,Fm413,2,17.89,protein_pct,Seed protein concentration (%)
HN2024,Fm413,3,18.74,protein_pct,Seed protein concentration (%)
HN2024,Fm414,1,15.61,protein_pct,Seed protein concentration (%)
HN2024,Fm414,2,17.55,protein_pct,Seed protein concentration (%)
HN2024,Fm414,3,18.89,protein_pct,Seed protein concentration (%)
HN2024,Fm415,1,15.02,protein_pct,Seed protein concentration (%)
HN2024,Fm415,2,13.63,protein_pct,Seed protein concentration (%)
HN2024,Fm415,3,14.26,protein_pct,Seed protein concentration (%)
HN2024,Fm416,1,16.64,protein_pct,Seed protein concentration (%)
HN2024,Fm416,2,16.43,protein_pct,Seed protein concentration (%)
HN2024,Fm416,3,22.63,protein_pct,Seed protein concentration (%)
HN2024,Fm417,1,21.73,protein_pct,Seed protein concentration (%)
HN2024,Fm417,2,21.91,protein_pct,Seed protein concentration (%)
HN2024,Fm418,1,23.5,protein_pct,Seed protein concentration (%)
HN2024,Fm419,1,12.42,protein_pct,Seed protein concentration (%)
HN2024,Fm419,2,14.51,protein_pct,Seed protein concentration (%)
HN2024,Fm419,3,18.34,protein_pct,Seed protein concentration (%)
HN2024,Fm420,1,16.05,protein_pct,Seed protein concentration (%)
HN2024,Fm420,2,15.22,protein_pct,Seed protein concentration (%)
HN2024,Fm420,3,16.48,protein_pct,Seed protein concentration (%)
HN2024,Fm421,1,15.99,protein_pct,Seed protein concentration (%)
HN2024,Fm421,2,17.59,protein_pct,Seed protein concentration (%)
HN2024,Fm428,1,14.74,protein_pct,Seed protein concentration (%)
HN2024,Fm428,2,14.93,protein_pct,Seed protein concentration (%)
HN2024,Fm428,3,13.01,protein_pct,Seed protein concentration (%)
HN2024,Fm429,1,15.63,protein_pct,Seed protein concentration (%)
HN2024,Fm429,2,14.57,protein_pct,Seed protein concentration (%)
HN2024,Fm429,3,16.09,protein_pct,Seed protein concentration (%)
HN2024,Fm44,1,19.66,protein_pct,Seed protein concentration (%)
HN2024,Fm44,2,18.99,protein_pct,Seed protein concentration (%)
HN2024,Fm44,3,15.52,protein_pct,Seed protein concentration (%)
HN2024,Fm442,1,15.26,protein_pct,Seed protein concentration (%)
HN2024,Fm442,2,17.2,protein_pct,Seed protein concentration (%)
HN2024,Fm442,3,16.99,protein_pct,Seed protein concentration (%)
HN2024,Fm443,1,14.8,protein_pct,Seed protein concentration (%)
HN2024,Fm443,2,14.61,protein_pct,Seed protein concentration (%)
HN2024,Fm443,3,14.86,protein_pct,Seed protein concentration (%)
HN2024,Fm444,1,26.52,protein_pct,Seed protein concentration (%)
HN2024,Fm444,2,17.88,protein_pct,Seed protein concentration (%)
HN2024,Fm444,3,18.18,protein_pct,Seed protein concentration (%)
HN2024,Fm446,1,13.56,protein_pct,Seed protein concentration (%)
HN2024,Fm446,2,17.77,protein_pct,Seed protein concentration (%)
HN2024,Fm446,3,16.5,protein_pct,Seed protein concentration (%)
HN2024,Fm464,1,20.06,protein_pct,Seed protein concentration (%)
HN2024,Fm474,1,19.45,protein_pct,Seed protein concentration (%)
HN2024,Fm474,2,22.46,protein_pct,Seed protein concentration (%)
HN2024,Fm474,3,25.65,protein_pct,Seed protein concentration (%)
HN2024,Fm475,1,15.17,protein_pct,Seed protein concentration (%)
HN2024,Fm475,2,16.18,protein_pct,Seed protein concentration (%)
HN2024,Fm475,3,14.53,protein_pct,Seed protein concentration (%)
HN2024,Fm477,1,16.63,protein_pct,Seed protein concentration (%)
HN2024,Fm477,2,18.41,protein_pct,Seed protein concentration (%)
HN2024,Fm478,1,18.91,protein_pct,Seed protein concentration (%)
HN2024,Fm478,2,17.47,protein_pct,Seed protein concentration (%)
HN2024,Fm480,1,20.04,protein_pct,Seed protein concentration (%)
HN2024,Fm480,2,20.22,protein_pct,Seed protein concentration (%)
HN2024,Fm482,1,16.75,protein_pct,Seed protein concentration (%)
HN2024,Fm482,2,15.56,protein_pct,Seed protein concentration (%)
HN2024,Fm484,1,20.19,protein_pct,Seed protein concentration (%)
HN2024,Fm484,2,15.58,protein_pct,Seed protein concentration (%)
HN2024,Fm489,1,16.66,protein_pct,Seed protein concentration (%)
HN2024,Fm489,2,16.1,protein_pct,Seed protein concentration (%)
HN2024,Fm491,1,18.06,protein_pct,Seed protein concentration (%)
HN2024,Fm491,2,17.03,protein_pct,Seed protein concentration (%)
HN2024,Fm492,1,13.74,protein_pct,Seed protein concentration (%)
HN2024,Fm492,2,16.65,protein_pct,Seed protein concentration (%)
HN2024,Fm496,1,16.16,protein_pct,Seed protein concentration (%)
HN2024,Fm496,2,14.74,protein_pct,Seed protein concentration (%)
HN2024,Fm496,3,14.22,protein_pct,Seed protein concentration (%)
HN2024,Fm505,1,15.49,protein_pct,Seed protein concentration (%)
HN2024,Fm507,1,16,protein_pct,Seed protein concentration (%)
HN2024,Fm518,1,0.06,protein_pct,Seed protein concentration (%)
HN2024,Fm518,2,14.07,protein_pct,Seed protein concentration (%)
HN2024,Fm518,3,14.67,protein_pct,Seed protein concentration (%)
HN2024,Fm519,1,19.11,protein_pct,Seed protein concentration (%)
HN2024,Fm519,2,18.67,protein_pct,Seed protein concentration (%)
HN2024,Fm519,3,17.03,protein_pct,Seed protein concentration (%)
HN2024,Fm523,1,15.36,protein_pct,Seed protein concentration (%)
HN2024,Fm523,2,16.31,protein_pct,Seed protein concentration (%)
HN2024,Fm523,3,14.9,protein_pct,Seed protein concentration (%)
HN2024,Fm524,1,13.37,protein_pct,Seed protein concentration (%)
HN2024,Fm524,2,13.38,protein_pct,Seed protein concentration (%)
HN2024,Fm524,3,13.58,protein_pct,Seed protein concentration (%)
HN2024,Fm537,1,16.58,protein_pct,Seed protein concentration (%)
HN2024,Fm537,2,18.42,protein_pct,Seed protein concentration (%)
HN2024,Fm537,3,19.42,protein_pct,Seed protein concentration (%)
HN2024,Fm552,1,14.09,protein_pct,Seed protein concentration (%)
HN2024,Fm552,2,15.72,protein_pct,Seed protein concentration (%)
HN2024,Fm552,3,16.28,protein_pct,Seed protein concentration (%)
HN2024,Fm560,1,13.57,protein_pct,Seed protein concentration (%)
HN2024,Fm560,2,12.77,protein_pct,Seed protein concentration (%)
HN2024,Fm560,3,13.5,protein_pct,Seed protein concentration (%)
HN2024,Fm566,1,17.09,protein_pct,Seed protein concentration (%)
HN2024,Fm566,2,11.47,protein_pct,Seed protein concentration (%)
HN2024,Fm566,3,16.96,protein_pct,Seed protein concentration (%)
HN2024,Fm569,1,12.68,protein_pct,Seed protein concentration (%)
HN2024,Fm569,2,12.78,protein_pct,Seed protein concentration (%)
HN2024,Fm569,3,13.8,protein_pct,Seed protein concentration (%)
HN2024,Fm585,1,15.95,protein_pct,Seed protein concentration (%)
HN2024,Fm589,1,12.33,protein_pct,Seed protein concentration (%)
HN2024,Fm589,2,12.57,protein_pct,Seed protein concentration (%)
HN2024,Fm589,3,15.57,protein_pct,Seed protein concentration (%)
HN2024,Fm590,1,15.88,protein_pct,Seed protein concentration (%)
HN2024,Fm590,2,12.47,protein_pct,Seed protein concentration (%)
HN2024,Fm590,3,13.68,protein_pct,Seed protein concentration (%)
HN2024,Fm592,1,13.11,protein_pct,Seed protein concentration (%)
HN2024,Fm592,2,13.41,protein_pct,Seed protein concentration (%)
HN2024,Fm592,3,13.66,protein_pct,Seed protein concentration (%)
HN2024,Fm600,1,20.14,protein_pct,Seed protein concentration (%)
HN2024,Fm600,2,18.37,protein_pct,Seed protein concentration (%)
HN2024,Fm600,3,19.53,protein_pct,Seed protein concentration (%)
HN2024,Fm610,1,18.45,protein_pct,Seed protein concentration (%)
HN2024,Fm610,2,18.13,protein_pct,Seed protein concentration (%)
HN2024,Fm610,3,17.67,protein_pct,Seed protein concentration (%)
HN2024,Fm611,1,17.66,protein_pct,Seed protein concentration (%)
HN2024,Fm611,2,15.12,protein_pct,Seed protein concentration (%)
HN2024,Fm611,3,16.75,protein_pct,Seed protein concentration (%)
HN2024,Fm612,1,16.04,protein_pct,Seed protein concentration (%)
HN2024,Fm612,2,17.08,protein_pct,Seed protein concentration (%)
HN2024,Fm612,3,16.38,protein_pct,Seed protein concentration (%)
HN2024,Fm614,1,17.71,protein_pct,Seed protein concentration (%)
HN2024,Fm614,2,20.58,protein_pct,Seed protein concentration (%)
HN2024,Fm614,3,0,protein_pct,Seed protein concentration (%)
HN2024,Fm615,1,20.93,protein_pct,Seed protein concentration (%)
HN2024,Fm615,2,20.77,protein_pct,Seed protein concentration (%)
HN2024,Fm615,3,24.03,protein_pct,Seed protein concentration (%)
HN2024,Fm616,1,11.87,protein_pct,Seed protein concentration (%)
HN2024,Fm616,2,13.65,protein_pct,Seed protein concentration (%)
HN2024,Fm616,3,12.71,protein_pct,Seed protein concentration (%)
HN2024,Fm620,1,12.44,protein_pct,Seed protein concentration (%)
HN2024,Fm620,2,12.88,protein_pct,Seed protein concentration (%)
HN2024,Fm620,3,12.88,protein_pct,Seed protein concentration (%)
HN2024,Fm621,1,15.09,protein_pct,Seed protein concentration (%)
HN2024,Fm621,2,15.36,protein_pct,Seed protein concentration (%)
HN2024,Fm621,3,16.26,protein_pct,Seed protein concentration (%)
HN2024,Fm65,1,20.23,protein_pct,Seed protein concentration (%)
HN2024,Fm65,2,20.73,protein_pct,Seed protein concentration (%)
HN2024,Fm65,3,20.11,protein_pct,Seed protein concentration (%)
