dataset,trait,model,SNP,Chr,Pos,P.value,minus_log10_p,bonferroni_threshold,markers_tested,MAF,nobs,Effect,ld_start,ld_end,linked_snps_in_interval,linked_snps_in_search_window,max_window_bp,ld_r2_threshold,max_linked_gap_bp,max_interval_radius_bp,trait_specific_maf_pass,gene_id,scaffold,gene_start,gene_end,strand,gene_symbol,gene_biotype,description,product,gene_relation,distance_to_lead_bp
2023,dtf,BLINK,SCAFFOLD_7_17136277,7,17136277,5.91550534268771e-12,11.2280081490637,5.8914535040598e-08,848687,0.12,125,9.03484194679238,17002268,17259331,111,430,1e+06,0.2,20000,250000,TRUE,LOC101753172,SCAFFOLD_7,17002444,17011830,+,LOC101753172,protein_coding,NA,methyltransferase-like protein 13,LD_interval,124447
2023,dtf,BLINK,SCAFFOLD_7_17136277,7,17136277,5.91550534268771e-12,11.2280081490637,5.8914535040598e-08,848687,0.12,125,9.03484194679238,17002268,17259331,111,430,1e+06,0.2,20000,250000,TRUE,LOC101753580,SCAFFOLD_7,17021745,17024912,+,LOC101753580,protein_coding,NA,RPM1-interacting protein 4,LD_interval,111365
2023,dtf,BLINK,SCAFFOLD_7_17136277,7,17136277,5.91550534268771e-12,11.2280081490637,5.8914535040598e-08,848687,0.12,125,9.03484194679238,17002268,17259331,111,430,1e+06,0.2,20000,250000,TRUE,LOC101754003,SCAFFOLD_7,17025225,17027968,-,LOC101754003,protein_coding,NA,"violaxanthin de-epoxidase, chloroplastic",LD_interval,108309
2023,dtf,BLINK,SCAFFOLD_7_17136277,7,17136277,5.91550534268771e-12,11.2280081490637,5.8914535040598e-08,848687,0.12,125,9.03484194679238,17002268,17259331,111,430,1e+06,0.2,20000,250000,TRUE,LOC101754398,SCAFFOLD_7,17028139,17035694,+,LOC101754398,protein_coding,NA,uncharacterized LOC101754398,LD_interval,100583
2023,dtf,BLINK,SCAFFOLD_7_17136277,7,17136277,5.91550534268771e-12,11.2280081490637,5.8914535040598e-08,848687,0.12,125,9.03484194679238,17002268,17259331,111,430,1e+06,0.2,20000,250000,TRUE,LOC101754797,SCAFFOLD_7,17035960,17039310,-,LOC101754797,protein_coding,NA,"stearoyl-[acyl-carrier-protein] 9-desaturase 5, chloroplastic",LD_interval,96967
2023,dtf,BLINK,SCAFFOLD_7_17136277,7,17136277,5.91550534268771e-12,11.2280081490637,5.8914535040598e-08,848687,0.12,125,9.03484194679238,17002268,17259331,111,430,1e+06,0.2,20000,250000,TRUE,LOC101761309,SCAFFOLD_7,17055372,17061889,-,LOC101761309,protein_coding,NA,uncharacterized LOC101761309,LD_interval,74388
2023,dtf,BLINK,SCAFFOLD_7_17136277,7,17136277,5.91550534268771e-12,11.2280081490637,5.8914535040598e-08,848687,0.12,125,9.03484194679238,17002268,17259331,111,430,1e+06,0.2,20000,250000,TRUE,LOC101761697,SCAFFOLD_7,17063900,17065569,+,LOC101761697,protein_coding,NA,"acyl-acyl carrier protein thioesterase ATL4, chloroplastic",LD_interval,70708
2023,dtf,BLINK,SCAFFOLD_7_17136277,7,17136277,5.91550534268771e-12,11.2280081490637,5.8914535040598e-08,848687,0.12,125,9.03484194679238,17002268,17259331,111,430,1e+06,0.2,20000,250000,TRUE,LOC101755199,SCAFFOLD_7,17073335,17076143,+,LOC101755199,protein_coding,NA,uncharacterized protein At3g27210,LD_interval,60134
2023,dtf,BLINK,SCAFFOLD_7_17136277,7,17136277,5.91550534268771e-12,11.2280081490637,5.8914535040598e-08,848687,0.12,125,9.03484194679238,17002268,17259331,111,430,1e+06,0.2,20000,250000,TRUE,LOC101756014,SCAFFOLD_7,17085122,17088167,-,LOC101756014,protein_coding,NA,"F-box/kelch-repeat protein At1g67480, transcript variant X2",LD_interval,48110
2023,dtf,BLINK,SCAFFOLD_7_17136277,7,17136277,5.91550534268771e-12,11.2280081490637,5.8914535040598e-08,848687,0.12,125,9.03484194679238,17002268,17259331,111,430,1e+06,0.2,20000,250000,TRUE,LOC101762524,SCAFFOLD_7,17122919,17127291,-,LOC101762524,lncRNA,NA,"",LD_interval,8986
2023,dtf,BLINK,SCAFFOLD_7_17136277,7,17136277,5.91550534268771e-12,11.2280081490637,5.8914535040598e-08,848687,0.12,125,9.03484194679238,17002268,17259331,111,430,1e+06,0.2,20000,250000,TRUE,LOC101756691,SCAFFOLD_7,17191092,17193270,-,LOC101756691,lncRNA,NA,"",LD_interval,54815
2023,dtf,BLINK,SCAFFOLD_7_17136277,7,17136277,5.91550534268771e-12,11.2280081490637,5.8914535040598e-08,848687,0.12,125,9.03484194679238,17002268,17259331,111,430,1e+06,0.2,20000,250000,TRUE,LOC111258059,SCAFFOLD_7,17211206,17211857,-,LOC111258059,lncRNA,NA,"",LD_interval,74929
2023,dtf,BLINK,SCAFFOLD_7_17136277,7,17136277,5.91550534268771e-12,11.2280081490637,5.8914535040598e-08,848687,0.12,125,9.03484194679238,17002268,17259331,111,430,1e+06,0.2,20000,250000,TRUE,LOC111257892,SCAFFOLD_7,17229816,17235694,-,LOC111257892,lncRNA,NA,"",LD_interval,93539
2023,dtf,BLINK,SCAFFOLD_7_17097268,7,17097268,5.73947763578339e-08,7.24112763203061,5.8914535040598e-08,848687,0.024,125,7.21830364737305,17074775,17342573,115,185,1e+06,0.2,20000,250000,FALSE,LOC101755199,SCAFFOLD_7,17073335,17076143,+,LOC101755199,protein_coding,NA,uncharacterized protein At3g27210,LD_interval,21125
2023,dtf,BLINK,SCAFFOLD_7_17097268,7,17097268,5.73947763578339e-08,7.24112763203061,5.8914535040598e-08,848687,0.024,125,7.21830364737305,17074775,17342573,115,185,1e+06,0.2,20000,250000,FALSE,LOC101756014,SCAFFOLD_7,17085122,17088167,-,LOC101756014,protein_coding,NA,"F-box/kelch-repeat protein At1g67480, transcript variant X2",LD_interval,9101
2023,dtf,BLINK,SCAFFOLD_7_17097268,7,17097268,5.73947763578339e-08,7.24112763203061,5.8914535040598e-08,848687,0.024,125,7.21830364737305,17074775,17342573,115,185,1e+06,0.2,20000,250000,FALSE,LOC101762524,SCAFFOLD_7,17122919,17127291,-,LOC101762524,lncRNA,NA,"",LD_interval,25651
2023,dtf,BLINK,SCAFFOLD_7_17097268,7,17097268,5.73947763578339e-08,7.24112763203061,5.8914535040598e-08,848687,0.024,125,7.21830364737305,17074775,17342573,115,185,1e+06,0.2,20000,250000,FALSE,LOC101756691,SCAFFOLD_7,17191092,17193270,-,LOC101756691,lncRNA,NA,"",LD_interval,93824
2023,dtf,BLINK,SCAFFOLD_7_17097268,7,17097268,5.73947763578339e-08,7.24112763203061,5.8914535040598e-08,848687,0.024,125,7.21830364737305,17074775,17342573,115,185,1e+06,0.2,20000,250000,FALSE,LOC111258059,SCAFFOLD_7,17211206,17211857,-,LOC111258059,lncRNA,NA,"",LD_interval,113938
2023,dtf,BLINK,SCAFFOLD_7_17097268,7,17097268,5.73947763578339e-08,7.24112763203061,5.8914535040598e-08,848687,0.024,125,7.21830364737305,17074775,17342573,115,185,1e+06,0.2,20000,250000,FALSE,LOC111257892,SCAFFOLD_7,17229816,17235694,-,LOC111257892,lncRNA,NA,"",LD_interval,132548
2023,dtf,BLINK,SCAFFOLD_7_17097268,7,17097268,5.73947763578339e-08,7.24112763203061,5.8914535040598e-08,848687,0.024,125,7.21830364737305,17074775,17342573,115,185,1e+06,0.2,20000,250000,FALSE,LOC101762927,SCAFFOLD_7,17261301,17272546,-,LOC101762927,protein_coding,NA,dynamin-related protein 3A,LD_interval,164033
2023,dtf,BLINK,SCAFFOLD_7_17097268,7,17097268,5.73947763578339e-08,7.24112763203061,5.8914535040598e-08,848687,0.024,125,7.21830364737305,17074775,17342573,115,185,1e+06,0.2,20000,250000,FALSE,LOC101763334,SCAFFOLD_7,17286296,17289073,-,LOC101763334,protein_coding,NA,protein FLOWERING LOCUS T,LD_interval,189028
2023,dtf,BLINK,SCAFFOLD_7_17097268,7,17097268,5.73947763578339e-08,7.24112763203061,5.8914535040598e-08,848687,0.024,125,7.21830364737305,17074775,17342573,115,185,1e+06,0.2,20000,250000,FALSE,LOC101756967,SCAFFOLD_7,17310479,17314952,+,LOC101756967,protein_coding,NA,"uncharacterized LOC101756967, transcript variant X2",LD_interval,213211
2023,dtf,BLINK,SCAFFOLD_7_17097268,7,17097268,5.73947763578339e-08,7.24112763203061,5.8914535040598e-08,848687,0.024,125,7.21830364737305,17074775,17342573,115,185,1e+06,0.2,20000,250000,FALSE,LOC101757625,SCAFFOLD_7,17315430,17317488,-,LOC101757625,protein_coding,NA,60S ribosomal protein L37a-1,LD_interval,218162
2023,dtf,FarmCPU,SCAFFOLD_7_17136277,7,17136277,2.65867197566936e-23,22.5753352421888,5.8914535040598e-08,848687,0.12,125,10.87717197611,17002268,17259331,111,430,1e+06,0.2,20000,250000,TRUE,LOC101753172,SCAFFOLD_7,17002444,17011830,+,LOC101753172,protein_coding,NA,methyltransferase-like protein 13,LD_interval,124447
2023,dtf,FarmCPU,SCAFFOLD_7_17136277,7,17136277,2.65867197566936e-23,22.5753352421888,5.8914535040598e-08,848687,0.12,125,10.87717197611,17002268,17259331,111,430,1e+06,0.2,20000,250000,TRUE,LOC101753580,SCAFFOLD_7,17021745,17024912,+,LOC101753580,protein_coding,NA,RPM1-interacting protein 4,LD_interval,111365
2023,dtf,FarmCPU,SCAFFOLD_7_17136277,7,17136277,2.65867197566936e-23,22.5753352421888,5.8914535040598e-08,848687,0.12,125,10.87717197611,17002268,17259331,111,430,1e+06,0.2,20000,250000,TRUE,LOC101754003,SCAFFOLD_7,17025225,17027968,-,LOC101754003,protein_coding,NA,"violaxanthin de-epoxidase, chloroplastic",LD_interval,108309
2023,dtf,FarmCPU,SCAFFOLD_7_17136277,7,17136277,2.65867197566936e-23,22.5753352421888,5.8914535040598e-08,848687,0.12,125,10.87717197611,17002268,17259331,111,430,1e+06,0.2,20000,250000,TRUE,LOC101754398,SCAFFOLD_7,17028139,17035694,+,LOC101754398,protein_coding,NA,uncharacterized LOC101754398,LD_interval,100583
2023,dtf,FarmCPU,SCAFFOLD_7_17136277,7,17136277,2.65867197566936e-23,22.5753352421888,5.8914535040598e-08,848687,0.12,125,10.87717197611,17002268,17259331,111,430,1e+06,0.2,20000,250000,TRUE,LOC101754797,SCAFFOLD_7,17035960,17039310,-,LOC101754797,protein_coding,NA,"stearoyl-[acyl-carrier-protein] 9-desaturase 5, chloroplastic",LD_interval,96967
2023,dtf,FarmCPU,SCAFFOLD_7_17136277,7,17136277,2.65867197566936e-23,22.5753352421888,5.8914535040598e-08,848687,0.12,125,10.87717197611,17002268,17259331,111,430,1e+06,0.2,20000,250000,TRUE,LOC101761309,SCAFFOLD_7,17055372,17061889,-,LOC101761309,protein_coding,NA,uncharacterized LOC101761309,LD_interval,74388
2023,dtf,FarmCPU,SCAFFOLD_7_17136277,7,17136277,2.65867197566936e-23,22.5753352421888,5.8914535040598e-08,848687,0.12,125,10.87717197611,17002268,17259331,111,430,1e+06,0.2,20000,250000,TRUE,LOC101761697,SCAFFOLD_7,17063900,17065569,+,LOC101761697,protein_coding,NA,"acyl-acyl carrier protein thioesterase ATL4, chloroplastic",LD_interval,70708
2023,dtf,FarmCPU,SCAFFOLD_7_17136277,7,17136277,2.65867197566936e-23,22.5753352421888,5.8914535040598e-08,848687,0.12,125,10.87717197611,17002268,17259331,111,430,1e+06,0.2,20000,250000,TRUE,LOC101755199,SCAFFOLD_7,17073335,17076143,+,LOC101755199,protein_coding,NA,uncharacterized protein At3g27210,LD_interval,60134
2023,dtf,FarmCPU,SCAFFOLD_7_17136277,7,17136277,2.65867197566936e-23,22.5753352421888,5.8914535040598e-08,848687,0.12,125,10.87717197611,17002268,17259331,111,430,1e+06,0.2,20000,250000,TRUE,LOC101756014,SCAFFOLD_7,17085122,17088167,-,LOC101756014,protein_coding,NA,"F-box/kelch-repeat protein At1g67480, transcript variant X2",LD_interval,48110
2023,dtf,FarmCPU,SCAFFOLD_7_17136277,7,17136277,2.65867197566936e-23,22.5753352421888,5.8914535040598e-08,848687,0.12,125,10.87717197611,17002268,17259331,111,430,1e+06,0.2,20000,250000,TRUE,LOC101762524,SCAFFOLD_7,17122919,17127291,-,LOC101762524,lncRNA,NA,"",LD_interval,8986
2023,dtf,FarmCPU,SCAFFOLD_7_17136277,7,17136277,2.65867197566936e-23,22.5753352421888,5.8914535040598e-08,848687,0.12,125,10.87717197611,17002268,17259331,111,430,1e+06,0.2,20000,250000,TRUE,LOC101756691,SCAFFOLD_7,17191092,17193270,-,LOC101756691,lncRNA,NA,"",LD_interval,54815
2023,dtf,FarmCPU,SCAFFOLD_7_17136277,7,17136277,2.65867197566936e-23,22.5753352421888,5.8914535040598e-08,848687,0.12,125,10.87717197611,17002268,17259331,111,430,1e+06,0.2,20000,250000,TRUE,LOC111258059,SCAFFOLD_7,17211206,17211857,-,LOC111258059,lncRNA,NA,"",LD_interval,74929
2023,dtf,FarmCPU,SCAFFOLD_7_17136277,7,17136277,2.65867197566936e-23,22.5753352421888,5.8914535040598e-08,848687,0.12,125,10.87717197611,17002268,17259331,111,430,1e+06,0.2,20000,250000,TRUE,LOC111257892,SCAFFOLD_7,17229816,17235694,-,LOC111257892,lncRNA,NA,"",LD_interval,93539
2023,dtf,FarmCPU,SCAFFOLD_8_6080159,8,6080159,1.66315558985363e-13,12.7790671202008,5.8914535040598e-08,848687,0.128,125,-1.15132215242136,5895319,6154203,134,202,1e+06,0.2,20000,250000,TRUE,LOC101765223,SCAFFOLD_8,5892626,5903105,-,LOC101765223,protein_coding,NA,DNA polymerase delta catalytic subunit,LD_interval,177054
2023,dtf,FarmCPU,SCAFFOLD_8_6080159,8,6080159,1.66315558985363e-13,12.7790671202008,5.8914535040598e-08,848687,0.128,125,-1.15132215242136,5895319,6154203,134,202,1e+06,0.2,20000,250000,TRUE,LOC101765631,SCAFFOLD_8,5914548,5918795,-,LOC101765631,protein_coding,NA,"uncharacterized LOC101765631, transcript variant X4",LD_interval,161364
2023,dtf,FarmCPU,SCAFFOLD_8_6080159,8,6080159,1.66315558985363e-13,12.7790671202008,5.8914535040598e-08,848687,0.128,125,-1.15132215242136,5895319,6154203,134,202,1e+06,0.2,20000,250000,TRUE,LOC111258304,SCAFFOLD_8,5926525,5930191,+,LOC111258304,protein_coding,NA,WD repeat-containing protein 44-like,LD_interval,149968
2023,dtf,FarmCPU,SCAFFOLD_8_6080159,8,6080159,1.66315558985363e-13,12.7790671202008,5.8914535040598e-08,848687,0.128,125,-1.15132215242136,5895319,6154203,134,202,1e+06,0.2,20000,250000,TRUE,LOC101766733,SCAFFOLD_8,5932165,5934109,-,LOC101766733,protein_coding,NA,1-aminocyclopropane-1-carboxylate oxidase,LD_interval,146050
2023,dtf,FarmCPU,SCAFFOLD_8_6080159,8,6080159,1.66315558985363e-13,12.7790671202008,5.8914535040598e-08,848687,0.128,125,-1.15132215242136,5895319,6154203,134,202,1e+06,0.2,20000,250000,TRUE,LOC101767145,SCAFFOLD_8,5974177,5977069,-,LOC101767145,lncRNA,NA,"",LD_interval,103090
2023,dtf,FarmCPU,SCAFFOLD_8_6080159,8,6080159,1.66315558985363e-13,12.7790671202008,5.8914535040598e-08,848687,0.128,125,-1.15132215242136,5895319,6154203,134,202,1e+06,0.2,20000,250000,TRUE,LOC101767409,SCAFFOLD_8,5996391,6004566,-,LOC101767409,protein_coding,NA,DNA topoisomerase 2-binding protein 1,LD_interval,75593
2023,dtf,FarmCPU,SCAFFOLD_8_6080159,8,6080159,1.66315558985363e-13,12.7790671202008,5.8914535040598e-08,848687,0.128,125,-1.15132215242136,5895319,6154203,134,202,1e+06,0.2,20000,250000,TRUE,LOC101767810,SCAFFOLD_8,6016649,6022131,-,LOC101767810,protein_coding,NA,"probable NAD kinase 2, chloroplastic",LD_interval,58028
2023,dtf,FarmCPU,SCAFFOLD_8_6080159,8,6080159,1.66315558985363e-13,12.7790671202008,5.8914535040598e-08,848687,0.128,125,-1.15132215242136,5895319,6154203,134,202,1e+06,0.2,20000,250000,TRUE,LOC101766461,SCAFFOLD_8,6033221,6045411,-,LOC101766461,protein_coding,NA,wall-associated receptor kinase 2,LD_interval,34748
2023,dtf,FarmCPU,SCAFFOLD_8_6080159,8,6080159,1.66315558985363e-13,12.7790671202008,5.8914535040598e-08,848687,0.128,125,-1.15132215242136,5895319,6154203,134,202,1e+06,0.2,20000,250000,TRUE,LOC101766879,SCAFFOLD_8,6055190,6061962,-,LOC101766879,protein_coding,NA,wall-associated receptor kinase 2,LD_interval,18197
2023,dtf,FarmCPU,SCAFFOLD_8_6080159,8,6080159,1.66315558985363e-13,12.7790671202008,5.8914535040598e-08,848687,0.128,125,-1.15132215242136,5895319,6154203,134,202,1e+06,0.2,20000,250000,TRUE,LOC101767290,SCAFFOLD_8,6088046,6092622,-,LOC101767290,protein_coding,NA,wall-associated receptor kinase 2,LD_interval,7887
2023,dtf,FarmCPU,SCAFFOLD_8_6080159,8,6080159,1.66315558985363e-13,12.7790671202008,5.8914535040598e-08,848687,0.128,125,-1.15132215242136,5895319,6154203,134,202,1e+06,0.2,20000,250000,TRUE,LOC101767687,SCAFFOLD_8,6097342,6099359,+,LOC101767687,protein_coding,NA,F-box/LRR-repeat protein At4g14103,LD_interval,17183
2023,dtf,FarmCPU,SCAFFOLD_8_6080159,8,6080159,1.66315558985363e-13,12.7790671202008,5.8914535040598e-08,848687,0.128,125,-1.15132215242136,5895319,6154203,134,202,1e+06,0.2,20000,250000,TRUE,LOC101768486,SCAFFOLD_8,6103688,6106734,+,LOC101768486,protein_coding,NA,"DNA-directed RNA polymerases I, II, and III subunit RPABC5",LD_interval,23529
2023,dtf,FarmCPU,SCAFFOLD_8_6080159,8,6080159,1.66315558985363e-13,12.7790671202008,5.8914535040598e-08,848687,0.128,125,-1.15132215242136,5895319,6154203,134,202,1e+06,0.2,20000,250000,TRUE,LOC101768884,SCAFFOLD_8,6107557,6111922,-,LOC101768884,protein_coding,NA,probable receptor-like serine/threonine-protein kinase At5g57670,LD_interval,27398
2023,dtf,FarmCPU,SCAFFOLD_7_17136004,7,17136004,3.17949176465889e-13,12.4976422955641,5.8914535040598e-08,848687,0.132,125,-1.73970276876856,17002268,17259331,104,425,1e+06,0.2,20000,250000,TRUE,LOC101753172,SCAFFOLD_7,17002444,17011830,+,LOC101753172,protein_coding,NA,methyltransferase-like protein 13,LD_interval,124174
2023,dtf,FarmCPU,SCAFFOLD_7_17136004,7,17136004,3.17949176465889e-13,12.4976422955641,5.8914535040598e-08,848687,0.132,125,-1.73970276876856,17002268,17259331,104,425,1e+06,0.2,20000,250000,TRUE,LOC101753580,SCAFFOLD_7,17021745,17024912,+,LOC101753580,protein_coding,NA,RPM1-interacting protein 4,LD_interval,111092
2023,dtf,FarmCPU,SCAFFOLD_7_17136004,7,17136004,3.17949176465889e-13,12.4976422955641,5.8914535040598e-08,848687,0.132,125,-1.73970276876856,17002268,17259331,104,425,1e+06,0.2,20000,250000,TRUE,LOC101754003,SCAFFOLD_7,17025225,17027968,-,LOC101754003,protein_coding,NA,"violaxanthin de-epoxidase, chloroplastic",LD_interval,108036
2023,dtf,FarmCPU,SCAFFOLD_7_17136004,7,17136004,3.17949176465889e-13,12.4976422955641,5.8914535040598e-08,848687,0.132,125,-1.73970276876856,17002268,17259331,104,425,1e+06,0.2,20000,250000,TRUE,LOC101754398,SCAFFOLD_7,17028139,17035694,+,LOC101754398,protein_coding,NA,uncharacterized LOC101754398,LD_interval,100310
2023,dtf,FarmCPU,SCAFFOLD_7_17136004,7,17136004,3.17949176465889e-13,12.4976422955641,5.8914535040598e-08,848687,0.132,125,-1.73970276876856,17002268,17259331,104,425,1e+06,0.2,20000,250000,TRUE,LOC101754797,SCAFFOLD_7,17035960,17039310,-,LOC101754797,protein_coding,NA,"stearoyl-[acyl-carrier-protein] 9-desaturase 5, chloroplastic",LD_interval,96694
2023,dtf,FarmCPU,SCAFFOLD_7_17136004,7,17136004,3.17949176465889e-13,12.4976422955641,5.8914535040598e-08,848687,0.132,125,-1.73970276876856,17002268,17259331,104,425,1e+06,0.2,20000,250000,TRUE,LOC101761309,SCAFFOLD_7,17055372,17061889,-,LOC101761309,protein_coding,NA,uncharacterized LOC101761309,LD_interval,74115
2023,dtf,FarmCPU,SCAFFOLD_7_17136004,7,17136004,3.17949176465889e-13,12.4976422955641,5.8914535040598e-08,848687,0.132,125,-1.73970276876856,17002268,17259331,104,425,1e+06,0.2,20000,250000,TRUE,LOC101761697,SCAFFOLD_7,17063900,17065569,+,LOC101761697,protein_coding,NA,"acyl-acyl carrier protein thioesterase ATL4, chloroplastic",LD_interval,70435
2023,dtf,FarmCPU,SCAFFOLD_7_17136004,7,17136004,3.17949176465889e-13,12.4976422955641,5.8914535040598e-08,848687,0.132,125,-1.73970276876856,17002268,17259331,104,425,1e+06,0.2,20000,250000,TRUE,LOC101755199,SCAFFOLD_7,17073335,17076143,+,LOC101755199,protein_coding,NA,uncharacterized protein At3g27210,LD_interval,59861
2023,dtf,FarmCPU,SCAFFOLD_7_17136004,7,17136004,3.17949176465889e-13,12.4976422955641,5.8914535040598e-08,848687,0.132,125,-1.73970276876856,17002268,17259331,104,425,1e+06,0.2,20000,250000,TRUE,LOC101756014,SCAFFOLD_7,17085122,17088167,-,LOC101756014,protein_coding,NA,"F-box/kelch-repeat protein At1g67480, transcript variant X2",LD_interval,47837
2023,dtf,FarmCPU,SCAFFOLD_7_17136004,7,17136004,3.17949176465889e-13,12.4976422955641,5.8914535040598e-08,848687,0.132,125,-1.73970276876856,17002268,17259331,104,425,1e+06,0.2,20000,250000,TRUE,LOC101762524,SCAFFOLD_7,17122919,17127291,-,LOC101762524,lncRNA,NA,"",LD_interval,8713
2023,dtf,FarmCPU,SCAFFOLD_7_17136004,7,17136004,3.17949176465889e-13,12.4976422955641,5.8914535040598e-08,848687,0.132,125,-1.73970276876856,17002268,17259331,104,425,1e+06,0.2,20000,250000,TRUE,LOC101756691,SCAFFOLD_7,17191092,17193270,-,LOC101756691,lncRNA,NA,"",LD_interval,55088
2023,dtf,FarmCPU,SCAFFOLD_7_17136004,7,17136004,3.17949176465889e-13,12.4976422955641,5.8914535040598e-08,848687,0.132,125,-1.73970276876856,17002268,17259331,104,425,1e+06,0.2,20000,250000,TRUE,LOC111258059,SCAFFOLD_7,17211206,17211857,-,LOC111258059,lncRNA,NA,"",LD_interval,75202
2023,dtf,FarmCPU,SCAFFOLD_7_17136004,7,17136004,3.17949176465889e-13,12.4976422955641,5.8914535040598e-08,848687,0.132,125,-1.73970276876856,17002268,17259331,104,425,1e+06,0.2,20000,250000,TRUE,LOC111257892,SCAFFOLD_7,17229816,17235694,-,LOC111257892,lncRNA,NA,"",LD_interval,93812
2023,dtf,FarmCPU,SCAFFOLD_8_6077729,8,6077729,6.78551784567969e-13,12.1684170029874,5.8914535040598e-08,848687,0.144,125,-5.85821708508546,5905704,6154261,153,283,1e+06,0.2,20000,250000,TRUE,LOC101765631,SCAFFOLD_8,5914548,5918795,-,LOC101765631,protein_coding,NA,"uncharacterized LOC101765631, transcript variant X4",LD_interval,158934
2023,dtf,FarmCPU,SCAFFOLD_8_6077729,8,6077729,6.78551784567969e-13,12.1684170029874,5.8914535040598e-08,848687,0.144,125,-5.85821708508546,5905704,6154261,153,283,1e+06,0.2,20000,250000,TRUE,LOC111258304,SCAFFOLD_8,5926525,5930191,+,LOC111258304,protein_coding,NA,WD repeat-containing protein 44-like,LD_interval,147538
2023,dtf,FarmCPU,SCAFFOLD_8_6077729,8,6077729,6.78551784567969e-13,12.1684170029874,5.8914535040598e-08,848687,0.144,125,-5.85821708508546,5905704,6154261,153,283,1e+06,0.2,20000,250000,TRUE,LOC101766733,SCAFFOLD_8,5932165,5934109,-,LOC101766733,protein_coding,NA,1-aminocyclopropane-1-carboxylate oxidase,LD_interval,143620
2023,dtf,FarmCPU,SCAFFOLD_8_6077729,8,6077729,6.78551784567969e-13,12.1684170029874,5.8914535040598e-08,848687,0.144,125,-5.85821708508546,5905704,6154261,153,283,1e+06,0.2,20000,250000,TRUE,LOC101767145,SCAFFOLD_8,5974177,5977069,-,LOC101767145,lncRNA,NA,"",LD_interval,100660
2023,dtf,FarmCPU,SCAFFOLD_8_6077729,8,6077729,6.78551784567969e-13,12.1684170029874,5.8914535040598e-08,848687,0.144,125,-5.85821708508546,5905704,6154261,153,283,1e+06,0.2,20000,250000,TRUE,LOC101767409,SCAFFOLD_8,5996391,6004566,-,LOC101767409,protein_coding,NA,DNA topoisomerase 2-binding protein 1,LD_interval,73163
2023,dtf,FarmCPU,SCAFFOLD_8_6077729,8,6077729,6.78551784567969e-13,12.1684170029874,5.8914535040598e-08,848687,0.144,125,-5.85821708508546,5905704,6154261,153,283,1e+06,0.2,20000,250000,TRUE,LOC101767810,SCAFFOLD_8,6016649,6022131,-,LOC101767810,protein_coding,NA,"probable NAD kinase 2, chloroplastic",LD_interval,55598
2023,dtf,FarmCPU,SCAFFOLD_8_6077729,8,6077729,6.78551784567969e-13,12.1684170029874,5.8914535040598e-08,848687,0.144,125,-5.85821708508546,5905704,6154261,153,283,1e+06,0.2,20000,250000,TRUE,LOC101766461,SCAFFOLD_8,6033221,6045411,-,LOC101766461,protein_coding,NA,wall-associated receptor kinase 2,LD_interval,32318
2023,dtf,FarmCPU,SCAFFOLD_8_6077729,8,6077729,6.78551784567969e-13,12.1684170029874,5.8914535040598e-08,848687,0.144,125,-5.85821708508546,5905704,6154261,153,283,1e+06,0.2,20000,250000,TRUE,LOC101766879,SCAFFOLD_8,6055190,6061962,-,LOC101766879,protein_coding,NA,wall-associated receptor kinase 2,LD_interval,15767
2023,dtf,FarmCPU,SCAFFOLD_8_6077729,8,6077729,6.78551784567969e-13,12.1684170029874,5.8914535040598e-08,848687,0.144,125,-5.85821708508546,5905704,6154261,153,283,1e+06,0.2,20000,250000,TRUE,LOC101767290,SCAFFOLD_8,6088046,6092622,-,LOC101767290,protein_coding,NA,wall-associated receptor kinase 2,LD_interval,10317
2023,dtf,FarmCPU,SCAFFOLD_8_6077729,8,6077729,6.78551784567969e-13,12.1684170029874,5.8914535040598e-08,848687,0.144,125,-5.85821708508546,5905704,6154261,153,283,1e+06,0.2,20000,250000,TRUE,LOC101767687,SCAFFOLD_8,6097342,6099359,+,LOC101767687,protein_coding,NA,F-box/LRR-repeat protein At4g14103,LD_interval,19613
2023,dtf,FarmCPU,SCAFFOLD_8_6077729,8,6077729,6.78551784567969e-13,12.1684170029874,5.8914535040598e-08,848687,0.144,125,-5.85821708508546,5905704,6154261,153,283,1e+06,0.2,20000,250000,TRUE,LOC101768486,SCAFFOLD_8,6103688,6106734,+,LOC101768486,protein_coding,NA,"DNA-directed RNA polymerases I, II, and III subunit RPABC5",LD_interval,25959
2023,dtf,FarmCPU,SCAFFOLD_8_6077729,8,6077729,6.78551784567969e-13,12.1684170029874,5.8914535040598e-08,848687,0.144,125,-5.85821708508546,5905704,6154261,153,283,1e+06,0.2,20000,250000,TRUE,LOC101768884,SCAFFOLD_8,6107557,6111922,-,LOC101768884,protein_coding,NA,probable receptor-like serine/threonine-protein kinase At5g57670,LD_interval,29828
2023,dtf,FarmCPU,SCAFFOLD_6_17566131,6,17566131,6.74497524262364e-11,10.1710196400635,5.8914535040598e-08,848687,0.052,125,-1.41806768452672,17563982,17594625,14,63,1e+06,0.2,20000,250000,TRUE,LOC101768714,SCAFFOLD_6,17567772,17573205,+,LOC101768714,protein_coding,NA,"uncharacterized LOC101768714, transcript variant X2",LD_interval,1641
2023,dtf,FarmCPU,SCAFFOLD_5_22061824,5,22061824,9.38262612233007e-11,10.0276755890397,5.8914535040598e-08,848687,0.2,125,14.5945286327934,21981585,22116511,101,869,1e+06,0.2,20000,250000,TRUE,LOC101760163,SCAFFOLD_5,21985324,21989217,-,LOC101760163,protein_coding,NA,"uncharacterized LOC101760163, transcript variant X2",LD_interval,72607
2023,dtf,FarmCPU,SCAFFOLD_5_22061824,5,22061824,9.38262612233007e-11,10.0276755890397,5.8914535040598e-08,848687,0.2,125,14.5945286327934,21981585,22116511,101,869,1e+06,0.2,20000,250000,TRUE,LOC101760568,SCAFFOLD_5,22015787,22024529,+,LOC101760568,protein_coding,NA,"nicotinamide adenine dinucleotide transporter 2, mitochondrial",LD_interval,37295
2023,dtf,FarmCPU,SCAFFOLD_5_22061824,5,22061824,9.38262612233007e-11,10.0276755890397,5.8914535040598e-08,848687,0.2,125,14.5945286327934,21981585,22116511,101,869,1e+06,0.2,20000,250000,TRUE,LOC101786371,SCAFFOLD_5,22110608,22115206,-,LOC101786371,protein_coding,NA,uncharacterized LOC101786371,LD_interval,48784
2023,dtf,FarmCPU,SCAFFOLD_4_19579692,4,19579692,9.52332922075218e-11,10.0212112018838,5.8914535040598e-08,848687,0.172,125,6.29130145854673,19579509,19580211,7,32,1e+06,0.2,20000,250000,TRUE,LOC101753000,SCAFFOLD_4,19583268,19584466,-,LOC101753000,lncRNA,NA,"",nearest_gene,3576
2023,dtf,FarmCPU,SCAFFOLD_2_23103649,2,23103649,5.39319018122598e-10,9.26815426482203,5.8914535040598e-08,848687,0.068,125,7.08613811527403,23103573,23103649,2,2,1e+06,0.2,20000,250000,TRUE,LOC101759939,SCAFFOLD_2,23093439,23100825,+,LOC101759939,protein_coding,NA,"uncharacterized LOC101759939, transcript variant X1",nearest_gene,2824
2023,dtf,FarmCPU,SCAFFOLD_4_19653541,4,19653541,2.36437354586344e-09,8.62628390846281,5.8914535040598e-08,848687,0.112,125,-1.03829636001242,19653541,19660524,2,58,1e+06,0.2,20000,250000,TRUE,LOC101777572,SCAFFOLD_4,19612929,19637516,-,LOC101777572,protein_coding,NA,uncharacterized LOC101777572,nearest_gene,16025
2023,dtf,FarmCPU,SCAFFOLD_6_17599173,6,17599173,4.09643315006858e-09,8.38759412802373,5.8914535040598e-08,848687,0.056,125,-8.8240166981612,17552471,17610827,17,233,1e+06,0.2,20000,250000,TRUE,LOC101768714,SCAFFOLD_6,17567772,17573205,+,LOC101768714,protein_coding,NA,"uncharacterized LOC101768714, transcript variant X2",LD_interval,25968
2023,dtf,FarmCPU,SCAFFOLD_5_37485238,5,37485238,5.27609509624112e-09,8.27768738533936,5.8914535040598e-08,848687,0.108,125,8.03836097753052,37457585,37487995,34,217,1e+06,0.2,20000,250000,TRUE,LOC101773407,SCAFFOLD_5,37464108,37465150,+,LOC101773407,protein_coding,NA,protein DOG1-like 2,LD_interval,20088
2023,dtf,FarmCPU,SCAFFOLD_5_37485238,5,37485238,5.27609509624112e-09,8.27768738533936,5.8914535040598e-08,848687,0.108,125,8.03836097753052,37457585,37487995,34,217,1e+06,0.2,20000,250000,TRUE,LOC101768415,SCAFFOLD_5,37487888,37489870,-,LOC101768415,protein_coding,NA,CBL-interacting protein kinase 30,LD_interval,2650
2023,dtf,FarmCPU,SCAFFOLD_2_2990856,2,2990856,2.28263920605663e-08,7.64156272766935,5.8914535040598e-08,848687,0.056,125,7.35917442562939,2990856,2990856,1,22,1e+06,0.2,20000,250000,TRUE,LOC101769809,SCAFFOLD_2,2983620,2992239,+,LOC101769809,protein_coding,NA,uncharacterized LOC101769809,contains_lead_snp,0
2023,height_cm,BLINK,SCAFFOLD_1_38761213,1,38761213,2.96505397234618e-12,11.5279673968431,5.8914535040598e-08,848687,0.0891472868217054,129,-9.90430418379704,38666037,38783890,34,73,1e+06,0.2,20000,250000,TRUE,LOC101761527,SCAFFOLD_1,38766621,38771429,+,LOC101761527,protein_coding,NA,"pentatricopeptide repeat-containing protein At1g73400, mitochondrial, transcript variant X1",LD_interval,5408
2023,height_cm,BLINK,SCAFFOLD_1_38761213,1,38761213,2.96505397234618e-12,11.5279673968431,5.8914535040598e-08,848687,0.0891472868217054,129,-9.90430418379704,38666037,38783890,34,73,1e+06,0.2,20000,250000,TRUE,LOC101762209,SCAFFOLD_1,38773009,38776447,+,LOC101762209,protein_coding,NA,F-box protein FBX14,LD_interval,11796
2023,panicle_length_cm,BLINK,SCAFFOLD_3_47440311,3,47440311,3.90473028399145e-15,14.4084089592821,5.8914535040598e-08,848687,0.381720430107527,93,-1.83488090257769,47190311,47477947,273,1462,1e+06,0.2,20000,250000,TRUE,LOC101768369,SCAFFOLD_3,47185798,47191677,+,LOC101768369,protein_coding,NA,"CSC1-like protein HYP1, transcript variant X2",LD_interval,248634
2023,panicle_length_cm,BLINK,SCAFFOLD_3_47440311,3,47440311,3.90473028399145e-15,14.4084089592821,5.8914535040598e-08,848687,0.381720430107527,93,-1.83488090257769,47190311,47477947,273,1462,1e+06,0.2,20000,250000,TRUE,LOC101780522,SCAFFOLD_3,47195836,47197418,+,LOC101780522,protein_coding,NA,uncharacterized LOC101780522,LD_interval,242893
2023,panicle_length_cm,BLINK,SCAFFOLD_3_47440311,3,47440311,3.90473028399145e-15,14.4084089592821,5.8914535040598e-08,848687,0.381720430107527,93,-1.83488090257769,47190311,47477947,273,1462,1e+06,0.2,20000,250000,TRUE,LOC101769051,SCAFFOLD_3,47197548,47201585,-,LOC101769051,protein_coding,NA,"GDP-Man:Man(3)GlcNAc(2)-PP-Dol alpha-1,2-mannosyltransferase",LD_interval,238726
2023,panicle_length_cm,BLINK,SCAFFOLD_3_47440311,3,47440311,3.90473028399145e-15,14.4084089592821,5.8914535040598e-08,848687,0.381720430107527,93,-1.83488090257769,47190311,47477947,273,1462,1e+06,0.2,20000,250000,TRUE,LOC101769457,SCAFFOLD_3,47203563,47208214,-,LOC101769457,protein_coding,NA,BTB/POZ domain-containing protein NPY4,LD_interval,232097
2023,panicle_length_cm,BLINK,SCAFFOLD_3_47440311,3,47440311,3.90473028399145e-15,14.4084089592821,5.8914535040598e-08,848687,0.381720430107527,93,-1.83488090257769,47190311,47477947,273,1462,1e+06,0.2,20000,250000,TRUE,LOC101770129,SCAFFOLD_3,47216420,47217914,-,LOC101770129,protein_coding,NA,zinc finger protein 1,LD_interval,222397
2023,panicle_length_cm,BLINK,SCAFFOLD_3_47440311,3,47440311,3.90473028399145e-15,14.4084089592821,5.8914535040598e-08,848687,0.381720430107527,93,-1.83488090257769,47190311,47477947,273,1462,1e+06,0.2,20000,250000,TRUE,LOC101770523,SCAFFOLD_3,47224999,47230906,+,LOC101770523,protein_coding,NA,"nucleobase-ascorbate transporter 3, transcript variant X1",LD_interval,209405
2023,panicle_length_cm,BLINK,SCAFFOLD_3_47440311,3,47440311,3.90473028399145e-15,14.4084089592821,5.8914535040598e-08,848687,0.381720430107527,93,-1.83488090257769,47190311,47477947,273,1462,1e+06,0.2,20000,250000,TRUE,LOC105913931,SCAFFOLD_3,47232424,47238455,+,LOC105913931,lncRNA,NA,"",LD_interval,201856
2023,panicle_length_cm,BLINK,SCAFFOLD_3_47440311,3,47440311,3.90473028399145e-15,14.4084089592821,5.8914535040598e-08,848687,0.381720430107527,93,-1.83488090257769,47190311,47477947,273,1462,1e+06,0.2,20000,250000,TRUE,LOC111256590,SCAFFOLD_3,47333098,47334967,+,LOC111256590,protein_coding,NA,uncharacterized LOC111256590,LD_interval,105344
2023,panicle_length_cm,BLINK,SCAFFOLD_3_47440311,3,47440311,3.90473028399145e-15,14.4084089592821,5.8914535040598e-08,848687,0.381720430107527,93,-1.83488090257769,47190311,47477947,273,1462,1e+06,0.2,20000,250000,TRUE,LOC101772666,SCAFFOLD_3,47382158,47386329,+,LOC101772666,protein_coding,NA,putative disease resistance protein At5g47280,LD_interval,53982
2023,panicle_length_cm,BLINK,SCAFFOLD_3_47440311,3,47440311,3.90473028399145e-15,14.4084089592821,5.8914535040598e-08,848687,0.381720430107527,93,-1.83488090257769,47190311,47477947,273,1462,1e+06,0.2,20000,250000,TRUE,LOC101772001,SCAFFOLD_3,47386658,47389672,-,LOC101772001,protein_coding,NA,serine/threonine-protein kinase SAPK9,LD_interval,50639
2023,panicle_length_cm,BLINK,SCAFFOLD_3_47440311,3,47440311,3.90473028399145e-15,14.4084089592821,5.8914535040598e-08,848687,0.381720430107527,93,-1.83488090257769,47190311,47477947,273,1462,1e+06,0.2,20000,250000,TRUE,LOC101773071,SCAFFOLD_3,47403151,47405476,+,LOC101773071,protein_coding,NA,transcription factor HHO3,LD_interval,34835
2023,panicle_length_cm,BLINK,SCAFFOLD_3_47440311,3,47440311,3.90473028399145e-15,14.4084089592821,5.8914535040598e-08,848687,0.381720430107527,93,-1.83488090257769,47190311,47477947,273,1462,1e+06,0.2,20000,250000,TRUE,LOC101773476,SCAFFOLD_3,47406396,47410720,+,LOC101773476,protein_coding,NA,protein misato homolog 1,LD_interval,29591
2023,panicle_length_cm,BLINK,SCAFFOLD_3_47440311,3,47440311,3.90473028399145e-15,14.4084089592821,5.8914535040598e-08,848687,0.381720430107527,93,-1.83488090257769,47190311,47477947,273,1462,1e+06,0.2,20000,250000,TRUE,LOC101773894,SCAFFOLD_3,47414642,47420159,+,LOC101773894,protein_coding,NA,"calcium-transporting ATPase 10, plasma membrane-type",LD_interval,20152
2023,panicle_length_cm,BLINK,SCAFFOLD_3_47440311,3,47440311,3.90473028399145e-15,14.4084089592821,5.8914535040598e-08,848687,0.381720430107527,93,-1.83488090257769,47190311,47477947,273,1462,1e+06,0.2,20000,250000,TRUE,LOC101774293,SCAFFOLD_3,47428147,47430458,-,LOC101774293,protein_coding,NA,cyclin-D5-2,LD_interval,9853
2023,panicle_length_cm,BLINK,SCAFFOLD_3_47440311,3,47440311,3.90473028399145e-15,14.4084089592821,5.8914535040598e-08,848687,0.381720430107527,93,-1.83488090257769,47190311,47477947,273,1462,1e+06,0.2,20000,250000,TRUE,LOC101774702,SCAFFOLD_3,47435787,47438784,-,LOC101774702,protein_coding,NA,"cytoplasmic tRNA 2-thiolation protein 2, transcript variant X2",LD_interval,1527
2023,panicle_length_cm,BLINK,SCAFFOLD_3_47440311,3,47440311,3.90473028399145e-15,14.4084089592821,5.8914535040598e-08,848687,0.381720430107527,93,-1.83488090257769,47190311,47477947,273,1462,1e+06,0.2,20000,250000,TRUE,LOC101780927,SCAFFOLD_3,47440689,47441789,-,LOC101780927,protein_coding,NA,transcription factor bHLH139,LD_interval,378
2023,panicle_length_cm,BLINK,SCAFFOLD_3_47440311,3,47440311,3.90473028399145e-15,14.4084089592821,5.8914535040598e-08,848687,0.381720430107527,93,-1.83488090257769,47190311,47477947,273,1462,1e+06,0.2,20000,250000,TRUE,LOC101775105,SCAFFOLD_3,47451270,47453805,-,LOC101775105,protein_coding,NA,adenine phosphoribosyltransferase 1,LD_interval,10959
2023,panicle_length_cm,BLINK,SCAFFOLD_3_47440311,3,47440311,3.90473028399145e-15,14.4084089592821,5.8914535040598e-08,848687,0.381720430107527,93,-1.83488090257769,47190311,47477947,273,1462,1e+06,0.2,20000,250000,TRUE,LOC101781333,SCAFFOLD_3,47455409,47469599,-,LOC101781333,protein_coding,NA,"kinesin-like protein KIN-12F, transcript variant X2",LD_interval,15098
2023,panicle_length_cm,BLINK,SCAFFOLD_3_47440311,3,47440311,3.90473028399145e-15,14.4084089592821,5.8914535040598e-08,848687,0.381720430107527,93,-1.83488090257769,47190311,47477947,273,1462,1e+06,0.2,20000,250000,TRUE,LOC111256850,SCAFFOLD_3,47475285,47476830,+,LOC111256850,protein_coding,NA,pectinesterase/pectinesterase inhibitor PPE8B-like,LD_interval,34974
2023,panicle_length_cm,BLINK,SCAFFOLD_3_47440311,3,47440311,3.90473028399145e-15,14.4084089592821,5.8914535040598e-08,848687,0.381720430107527,93,-1.83488090257769,47190311,47477947,273,1462,1e+06,0.2,20000,250000,TRUE,LOC101782128,SCAFFOLD_3,47477505,47486098,+,LOC101782128,lncRNA,NA,"",LD_interval,37194
2023,panicle_length_cm,BLINK,SCAFFOLD_3_47423528,3,47423528,9.96406801989656e-11,10.001563316406,5.8914535040598e-08,848687,0.403225806451613,93,-0.460970717932877,47173528,47477947,301,1562,1e+06,0.2,20000,250000,TRUE,LOC101767968,SCAFFOLD_3,47179414,47181780,-,LOC101767968,protein_coding,NA,isoflavone 3'-hydroxylase,LD_interval,241748
2023,panicle_length_cm,BLINK,SCAFFOLD_3_47423528,3,47423528,9.96406801989656e-11,10.001563316406,5.8914535040598e-08,848687,0.403225806451613,93,-0.460970717932877,47173528,47477947,301,1562,1e+06,0.2,20000,250000,TRUE,LOC101768369,SCAFFOLD_3,47185798,47191677,+,LOC101768369,protein_coding,NA,"CSC1-like protein HYP1, transcript variant X2",LD_interval,231851
2023,panicle_length_cm,BLINK,SCAFFOLD_3_47423528,3,47423528,9.96406801989656e-11,10.001563316406,5.8914535040598e-08,848687,0.403225806451613,93,-0.460970717932877,47173528,47477947,301,1562,1e+06,0.2,20000,250000,TRUE,LOC101780522,SCAFFOLD_3,47195836,47197418,+,LOC101780522,protein_coding,NA,uncharacterized LOC101780522,LD_interval,226110
2023,panicle_length_cm,BLINK,SCAFFOLD_3_47423528,3,47423528,9.96406801989656e-11,10.001563316406,5.8914535040598e-08,848687,0.403225806451613,93,-0.460970717932877,47173528,47477947,301,1562,1e+06,0.2,20000,250000,TRUE,LOC101769051,SCAFFOLD_3,47197548,47201585,-,LOC101769051,protein_coding,NA,"GDP-Man:Man(3)GlcNAc(2)-PP-Dol alpha-1,2-mannosyltransferase",LD_interval,221943
2023,panicle_length_cm,BLINK,SCAFFOLD_3_47423528,3,47423528,9.96406801989656e-11,10.001563316406,5.8914535040598e-08,848687,0.403225806451613,93,-0.460970717932877,47173528,47477947,301,1562,1e+06,0.2,20000,250000,TRUE,LOC101769457,SCAFFOLD_3,47203563,47208214,-,LOC101769457,protein_coding,NA,BTB/POZ domain-containing protein NPY4,LD_interval,215314
2023,panicle_length_cm,BLINK,SCAFFOLD_3_47423528,3,47423528,9.96406801989656e-11,10.001563316406,5.8914535040598e-08,848687,0.403225806451613,93,-0.460970717932877,47173528,47477947,301,1562,1e+06,0.2,20000,250000,TRUE,LOC101770129,SCAFFOLD_3,47216420,47217914,-,LOC101770129,protein_coding,NA,zinc finger protein 1,LD_interval,205614
2023,panicle_length_cm,BLINK,SCAFFOLD_3_47423528,3,47423528,9.96406801989656e-11,10.001563316406,5.8914535040598e-08,848687,0.403225806451613,93,-0.460970717932877,47173528,47477947,301,1562,1e+06,0.2,20000,250000,TRUE,LOC101770523,SCAFFOLD_3,47224999,47230906,+,LOC101770523,protein_coding,NA,"nucleobase-ascorbate transporter 3, transcript variant X1",LD_interval,192622
2023,panicle_length_cm,BLINK,SCAFFOLD_3_47423528,3,47423528,9.96406801989656e-11,10.001563316406,5.8914535040598e-08,848687,0.403225806451613,93,-0.460970717932877,47173528,47477947,301,1562,1e+06,0.2,20000,250000,TRUE,LOC105913931,SCAFFOLD_3,47232424,47238455,+,LOC105913931,lncRNA,NA,"",LD_interval,185073
2023,panicle_length_cm,BLINK,SCAFFOLD_3_47423528,3,47423528,9.96406801989656e-11,10.001563316406,5.8914535040598e-08,848687,0.403225806451613,93,-0.460970717932877,47173528,47477947,301,1562,1e+06,0.2,20000,250000,TRUE,LOC111256590,SCAFFOLD_3,47333098,47334967,+,LOC111256590,protein_coding,NA,uncharacterized LOC111256590,LD_interval,88561
2023,panicle_length_cm,BLINK,SCAFFOLD_3_47423528,3,47423528,9.96406801989656e-11,10.001563316406,5.8914535040598e-08,848687,0.403225806451613,93,-0.460970717932877,47173528,47477947,301,1562,1e+06,0.2,20000,250000,TRUE,LOC101772666,SCAFFOLD_3,47382158,47386329,+,LOC101772666,protein_coding,NA,putative disease resistance protein At5g47280,LD_interval,37199
2023,panicle_length_cm,BLINK,SCAFFOLD_3_47423528,3,47423528,9.96406801989656e-11,10.001563316406,5.8914535040598e-08,848687,0.403225806451613,93,-0.460970717932877,47173528,47477947,301,1562,1e+06,0.2,20000,250000,TRUE,LOC101772001,SCAFFOLD_3,47386658,47389672,-,LOC101772001,protein_coding,NA,serine/threonine-protein kinase SAPK9,LD_interval,33856
2023,panicle_length_cm,BLINK,SCAFFOLD_3_47423528,3,47423528,9.96406801989656e-11,10.001563316406,5.8914535040598e-08,848687,0.403225806451613,93,-0.460970717932877,47173528,47477947,301,1562,1e+06,0.2,20000,250000,TRUE,LOC101773071,SCAFFOLD_3,47403151,47405476,+,LOC101773071,protein_coding,NA,transcription factor HHO3,LD_interval,18052
2023,panicle_length_cm,BLINK,SCAFFOLD_3_47423528,3,47423528,9.96406801989656e-11,10.001563316406,5.8914535040598e-08,848687,0.403225806451613,93,-0.460970717932877,47173528,47477947,301,1562,1e+06,0.2,20000,250000,TRUE,LOC101773476,SCAFFOLD_3,47406396,47410720,+,LOC101773476,protein_coding,NA,protein misato homolog 1,LD_interval,12808
2023,panicle_length_cm,BLINK,SCAFFOLD_3_47423528,3,47423528,9.96406801989656e-11,10.001563316406,5.8914535040598e-08,848687,0.403225806451613,93,-0.460970717932877,47173528,47477947,301,1562,1e+06,0.2,20000,250000,TRUE,LOC101773894,SCAFFOLD_3,47414642,47420159,+,LOC101773894,protein_coding,NA,"calcium-transporting ATPase 10, plasma membrane-type",LD_interval,3369
2023,panicle_length_cm,BLINK,SCAFFOLD_3_47423528,3,47423528,9.96406801989656e-11,10.001563316406,5.8914535040598e-08,848687,0.403225806451613,93,-0.460970717932877,47173528,47477947,301,1562,1e+06,0.2,20000,250000,TRUE,LOC101774293,SCAFFOLD_3,47428147,47430458,-,LOC101774293,protein_coding,NA,cyclin-D5-2,LD_interval,4619
2023,panicle_length_cm,BLINK,SCAFFOLD_3_47423528,3,47423528,9.96406801989656e-11,10.001563316406,5.8914535040598e-08,848687,0.403225806451613,93,-0.460970717932877,47173528,47477947,301,1562,1e+06,0.2,20000,250000,TRUE,LOC101774702,SCAFFOLD_3,47435787,47438784,-,LOC101774702,protein_coding,NA,"cytoplasmic tRNA 2-thiolation protein 2, transcript variant X2",LD_interval,12259
2023,panicle_length_cm,BLINK,SCAFFOLD_3_47423528,3,47423528,9.96406801989656e-11,10.001563316406,5.8914535040598e-08,848687,0.403225806451613,93,-0.460970717932877,47173528,47477947,301,1562,1e+06,0.2,20000,250000,TRUE,LOC101780927,SCAFFOLD_3,47440689,47441789,-,LOC101780927,protein_coding,NA,transcription factor bHLH139,LD_interval,17161
2023,panicle_length_cm,BLINK,SCAFFOLD_3_47423528,3,47423528,9.96406801989656e-11,10.001563316406,5.8914535040598e-08,848687,0.403225806451613,93,-0.460970717932877,47173528,47477947,301,1562,1e+06,0.2,20000,250000,TRUE,LOC101775105,SCAFFOLD_3,47451270,47453805,-,LOC101775105,protein_coding,NA,adenine phosphoribosyltransferase 1,LD_interval,27742
2023,panicle_length_cm,BLINK,SCAFFOLD_3_47423528,3,47423528,9.96406801989656e-11,10.001563316406,5.8914535040598e-08,848687,0.403225806451613,93,-0.460970717932877,47173528,47477947,301,1562,1e+06,0.2,20000,250000,TRUE,LOC101781333,SCAFFOLD_3,47455409,47469599,-,LOC101781333,protein_coding,NA,"kinesin-like protein KIN-12F, transcript variant X2",LD_interval,31881
2023,panicle_length_cm,BLINK,SCAFFOLD_3_47423528,3,47423528,9.96406801989656e-11,10.001563316406,5.8914535040598e-08,848687,0.403225806451613,93,-0.460970717932877,47173528,47477947,301,1562,1e+06,0.2,20000,250000,TRUE,LOC111256850,SCAFFOLD_3,47475285,47476830,+,LOC111256850,protein_coding,NA,pectinesterase/pectinesterase inhibitor PPE8B-like,LD_interval,51757
2023,panicle_length_cm,BLINK,SCAFFOLD_3_47423528,3,47423528,9.96406801989656e-11,10.001563316406,5.8914535040598e-08,848687,0.403225806451613,93,-0.460970717932877,47173528,47477947,301,1562,1e+06,0.2,20000,250000,TRUE,LOC101782128,SCAFFOLD_3,47477505,47486098,+,LOC101782128,lncRNA,NA,"",LD_interval,53977
2023,panicle_length_cm,BLINK,SCAFFOLD_9_8442221,9,8442221,1.39303308110261e-10,9.85603857002993,5.8914535040598e-08,848687,0.435483870967742,93,1.32263651109398,8320323,8624445,156,576,1e+06,0.2,20000,250000,TRUE,LOC101770406,SCAFFOLD_9,8316127,8320925,+,LOC101770406,protein_coding,NA,"protein UPSTREAM OF FLC, transcript variant X3",LD_interval,121296
2023,panicle_length_cm,BLINK,SCAFFOLD_9_8442221,9,8442221,1.39303308110261e-10,9.85603857002993,5.8914535040598e-08,848687,0.435483870967742,93,1.32263651109398,8320323,8624445,156,576,1e+06,0.2,20000,250000,TRUE,LOC101784727,SCAFFOLD_9,8321667,8322485,-,LOC101784727,protein_coding,NA,uncharacterized LOC101784727,LD_interval,119736
2023,panicle_length_cm,BLINK,SCAFFOLD_9_8442221,9,8442221,1.39303308110261e-10,9.85603857002993,5.8914535040598e-08,848687,0.435483870967742,93,1.32263651109398,8320323,8624445,156,576,1e+06,0.2,20000,250000,TRUE,LOC101771328,SCAFFOLD_9,8324777,8326476,-,LOC101771328,protein_coding,NA,UDP-glycosyltransferase 91D1,LD_interval,115745
2023,panicle_length_cm,BLINK,SCAFFOLD_9_8442221,9,8442221,1.39303308110261e-10,9.85603857002993,5.8914535040598e-08,848687,0.435483870967742,93,1.32263651109398,8320323,8624445,156,576,1e+06,0.2,20000,250000,TRUE,LOC101771723,SCAFFOLD_9,8330139,8331721,-,LOC101771723,protein_coding,NA,CLAVATA3/ESR (CLE)-related protein 25,LD_interval,110500
2023,panicle_length_cm,BLINK,SCAFFOLD_9_8442221,9,8442221,1.39303308110261e-10,9.85603857002993,5.8914535040598e-08,848687,0.435483870967742,93,1.32263651109398,8320323,8624445,156,576,1e+06,0.2,20000,250000,TRUE,LOC111255747,SCAFFOLD_9,8331414,8332552,+,LOC111255747,lncRNA,NA,"",LD_interval,109669
2023,panicle_length_cm,BLINK,SCAFFOLD_9_8442221,9,8442221,1.39303308110261e-10,9.85603857002993,5.8914535040598e-08,848687,0.435483870967742,93,1.32263651109398,8320323,8624445,156,576,1e+06,0.2,20000,250000,TRUE,LOC101772128,SCAFFOLD_9,8340348,8343328,-,LOC101772128,protein_coding,NA,beta-glucuronosyltransferase GlcAT14B,LD_interval,98893
2023,panicle_length_cm,BLINK,SCAFFOLD_9_8442221,9,8442221,1.39303308110261e-10,9.85603857002993,5.8914535040598e-08,848687,0.435483870967742,93,1.32263651109398,8320323,8624445,156,576,1e+06,0.2,20000,250000,TRUE,LOC101785119,SCAFFOLD_9,8345029,8350609,-,LOC101785119,protein_coding,NA,HIPL1 protein,LD_interval,91612
2023,panicle_length_cm,BLINK,SCAFFOLD_9_8442221,9,8442221,1.39303308110261e-10,9.85603857002993,5.8914535040598e-08,848687,0.435483870967742,93,1.32263651109398,8320323,8624445,156,576,1e+06,0.2,20000,250000,TRUE,LOC101772534,SCAFFOLD_9,8357694,8361509,-,LOC101772534,protein_coding,NA,uncharacterized protein At4g38062,LD_interval,80712
2023,panicle_length_cm,BLINK,SCAFFOLD_9_8442221,9,8442221,1.39303308110261e-10,9.85603857002993,5.8914535040598e-08,848687,0.435483870967742,93,1.32263651109398,8320323,8624445,156,576,1e+06,0.2,20000,250000,TRUE,LOC101772939,SCAFFOLD_9,8367075,8373673,+,LOC101772939,protein_coding,NA,"1,4-dihydroxy-2-naphthoyl-CoA thioesterase 1, transcript variant X1",LD_interval,68548
2023,panicle_length_cm,BLINK,SCAFFOLD_9_8442221,9,8442221,1.39303308110261e-10,9.85603857002993,5.8914535040598e-08,848687,0.435483870967742,93,1.32263651109398,8320323,8624445,156,576,1e+06,0.2,20000,250000,TRUE,LOC101773638,SCAFFOLD_9,8407821,8408336,+,LOC101773638,protein_coding,NA,uncharacterized LOC101773638,LD_interval,33885
2023,panicle_length_cm,BLINK,SCAFFOLD_9_8442221,9,8442221,1.39303308110261e-10,9.85603857002993,5.8914535040598e-08,848687,0.435483870967742,93,1.32263651109398,8320323,8624445,156,576,1e+06,0.2,20000,250000,TRUE,LOC101774043,SCAFFOLD_9,8416471,8419040,-,LOC101774043,protein_coding,NA,costars family protein,LD_interval,23181
2023,panicle_length_cm,BLINK,SCAFFOLD_9_8442221,9,8442221,1.39303308110261e-10,9.85603857002993,5.8914535040598e-08,848687,0.435483870967742,93,1.32263651109398,8320323,8624445,156,576,1e+06,0.2,20000,250000,TRUE,LOC101774452,SCAFFOLD_9,8423699,8428653,+,LOC101774452,protein_coding,NA,tetratricopeptide repeat protein 38,LD_interval,13568
2023,panicle_length_cm,BLINK,SCAFFOLD_9_8442221,9,8442221,1.39303308110261e-10,9.85603857002993,5.8914535040598e-08,848687,0.435483870967742,93,1.32263651109398,8320323,8624445,156,576,1e+06,0.2,20000,250000,TRUE,LOC101774847,SCAFFOLD_9,8429594,8434818,-,LOC101774847,protein_coding,NA,polygalacturonate 4-alpha-galacturonosyltransferase-like,LD_interval,7403
2023,panicle_length_cm,BLINK,SCAFFOLD_9_8442221,9,8442221,1.39303308110261e-10,9.85603857002993,5.8914535040598e-08,848687,0.435483870967742,93,1.32263651109398,8320323,8624445,156,576,1e+06,0.2,20000,250000,TRUE,LOC111258419,SCAFFOLD_9,8444889,8448892,+,LOC111258419,protein_coding,NA,uncharacterized LOC111258419,LD_interval,2668
2023,panicle_length_cm,BLINK,SCAFFOLD_9_8442221,9,8442221,1.39303308110261e-10,9.85603857002993,5.8914535040598e-08,848687,0.435483870967742,93,1.32263651109398,8320323,8624445,156,576,1e+06,0.2,20000,250000,TRUE,LOC101775251,SCAFFOLD_9,8451772,8459979,+,LOC101775251,protein_coding,NA,uncharacterized LOC101775251,LD_interval,9551
2023,panicle_length_cm,BLINK,SCAFFOLD_9_8442221,9,8442221,1.39303308110261e-10,9.85603857002993,5.8914535040598e-08,848687,0.435483870967742,93,1.32263651109398,8320323,8624445,156,576,1e+06,0.2,20000,250000,TRUE,LOC101776335,SCAFFOLD_9,8460441,8466547,+,LOC101776335,protein_coding,NA,putative disease resistance RPP13-like protein 1,LD_interval,18220
2023,panicle_length_cm,BLINK,SCAFFOLD_9_8442221,9,8442221,1.39303308110261e-10,9.85603857002993,5.8914535040598e-08,848687,0.435483870967742,93,1.32263651109398,8320323,8624445,156,576,1e+06,0.2,20000,250000,TRUE,LOC101777828,SCAFFOLD_9,8481409,8488407,+,LOC101777828,protein_coding,NA,"putative disease resistance RPP13-like protein 1, transcript variant X1",LD_interval,39188
2023,panicle_length_cm,BLINK,SCAFFOLD_9_8442221,9,8442221,1.39303308110261e-10,9.85603857002993,5.8914535040598e-08,848687,0.435483870967742,93,1.32263651109398,8320323,8624445,156,576,1e+06,0.2,20000,250000,TRUE,LOC111255903,SCAFFOLD_9,8508039,8509121,+,LOC111255903,lncRNA,NA,"",LD_interval,65818
2023,panicle_length_cm,BLINK,SCAFFOLD_9_8442221,9,8442221,1.39303308110261e-10,9.85603857002993,5.8914535040598e-08,848687,0.435483870967742,93,1.32263651109398,8320323,8624445,156,576,1e+06,0.2,20000,250000,TRUE,LOC111258420,SCAFFOLD_9,8509773,8510387,+,LOC111258420,protein_coding,NA,putative disease resistance protein RGA3,LD_interval,67552
2023,panicle_length_cm,BLINK,SCAFFOLD_9_8442221,9,8442221,1.39303308110261e-10,9.85603857002993,5.8914535040598e-08,848687,0.435483870967742,93,1.32263651109398,8320323,8624445,156,576,1e+06,0.2,20000,250000,TRUE,LOC111258421,SCAFFOLD_9,8524096,8525300,+,LOC111258421,protein_coding,NA,uncharacterized LOC111258421,LD_interval,81875
2023,panicle_length_cm,BLINK,SCAFFOLD_9_8442221,9,8442221,1.39303308110261e-10,9.85603857002993,5.8914535040598e-08,848687,0.435483870967742,93,1.32263651109398,8320323,8624445,156,576,1e+06,0.2,20000,250000,TRUE,LOC101777150,SCAFFOLD_9,8525297,8540812,+,LOC101777150,protein_coding,NA,"putative disease resistance RPP13-like protein 1, transcript variant X3",LD_interval,83076
2023,panicle_length_cm,BLINK,SCAFFOLD_9_8442221,9,8442221,1.39303308110261e-10,9.85603857002993,5.8914535040598e-08,848687,0.435483870967742,93,1.32263651109398,8320323,8624445,156,576,1e+06,0.2,20000,250000,TRUE,LOC111255902,SCAFFOLD_9,8540938,8547758,-,LOC111255902,lncRNA,NA,"",LD_interval,98717
2023,panicle_length_cm,BLINK,SCAFFOLD_9_8442221,9,8442221,1.39303308110261e-10,9.85603857002993,5.8914535040598e-08,848687,0.435483870967742,93,1.32263651109398,8320323,8624445,156,576,1e+06,0.2,20000,250000,TRUE,LOC101778509,SCAFFOLD_9,8548207,8555362,-,LOC101778509,protein_coding,NA,plasma membrane ATPase 1,LD_interval,105986
2023,panicle_length_cm,BLINK,SCAFFOLD_9_8442221,9,8442221,1.39303308110261e-10,9.85603857002993,5.8914535040598e-08,848687,0.435483870967742,93,1.32263651109398,8320323,8624445,156,576,1e+06,0.2,20000,250000,TRUE,LOC101778915,SCAFFOLD_9,8559092,8576603,-,LOC101778915,protein_coding,NA,"inositol hexakisphosphate and diphosphoinositol-pentakisphosphate kinase VIP2, transcript variant X2",LD_interval,116871
2023,panicle_length_cm,BLINK,SCAFFOLD_9_8442221,9,8442221,1.39303308110261e-10,9.85603857002993,5.8914535040598e-08,848687,0.435483870967742,93,1.32263651109398,8320323,8624445,156,576,1e+06,0.2,20000,250000,TRUE,LOC101779325,SCAFFOLD_9,8582525,8589433,+,LOC101779325,protein_coding,NA,embryonic stem cell-specific 5-hydroxymethylcytosine-binding protein,LD_interval,140304
2023,panicle_length_cm,BLINK,SCAFFOLD_9_8442221,9,8442221,1.39303308110261e-10,9.85603857002993,5.8914535040598e-08,848687,0.435483870967742,93,1.32263651109398,8320323,8624445,156,576,1e+06,0.2,20000,250000,TRUE,LOC111255946,SCAFFOLD_9,8589993,8591388,+,LOC111255946,protein_coding,NA,uncharacterized LOC111255946,LD_interval,147772
2023,panicle_length_cm,BLINK,SCAFFOLD_9_8442221,9,8442221,1.39303308110261e-10,9.85603857002993,5.8914535040598e-08,848687,0.435483870967742,93,1.32263651109398,8320323,8624445,156,576,1e+06,0.2,20000,250000,TRUE,LOC101779715,SCAFFOLD_9,8599269,8603404,-,LOC101779715,protein_coding,NA,calcium-dependent protein kinase 9,LD_interval,157048
2023,panicle_length_cm,BLINK,SCAFFOLD_9_8442221,9,8442221,1.39303308110261e-10,9.85603857002993,5.8914535040598e-08,848687,0.435483870967742,93,1.32263651109398,8320323,8624445,156,576,1e+06,0.2,20000,250000,TRUE,LOC101780116,SCAFFOLD_9,8605264,8610351,-,LOC101780116,protein_coding,NA,"glycine, alanine and asparagine-rich protein",LD_interval,163043
2023,panicle_length_cm,BLINK,SCAFFOLD_9_8442221,9,8442221,1.39303308110261e-10,9.85603857002993,5.8914535040598e-08,848687,0.435483870967742,93,1.32263651109398,8320323,8624445,156,576,1e+06,0.2,20000,250000,TRUE,LOC101752586,SCAFFOLD_9,8612005,8612472,-,LOC101752586,protein_coding,NA,cell division control protein 2 homolog 3,LD_interval,169784
2023,panicle_length_cm,BLINK,SCAFFOLD_9_8442221,9,8442221,1.39303308110261e-10,9.85603857002993,5.8914535040598e-08,848687,0.435483870967742,93,1.32263651109398,8320323,8624445,156,576,1e+06,0.2,20000,250000,TRUE,LOC101781060,SCAFFOLD_9,8615838,8620659,+,LOC101781060,protein_coding,NA,formin-like protein 14,LD_interval,173617
2023,panicle_length_cm,BLINK,SCAFFOLD_9_8442221,9,8442221,1.39303308110261e-10,9.85603857002993,5.8914535040598e-08,848687,0.435483870967742,93,1.32263651109398,8320323,8624445,156,576,1e+06,0.2,20000,250000,TRUE,LOC101780516,SCAFFOLD_9,8620979,8623953,-,LOC101780516,protein_coding,NA,"uncharacterized LOC101780516, transcript variant X3",LD_interval,178758
2023,panicle_length_cm,BLINK,SCAFFOLD_3_47440057,3,47440057,4.35860047319687e-10,9.3606529383322,5.8914535040598e-08,848687,0.365591397849462,93,-0.31149338662455,47190057,47477947,237,1213,1e+06,0.2,20000,250000,TRUE,LOC101768369,SCAFFOLD_3,47185798,47191677,+,LOC101768369,protein_coding,NA,"CSC1-like protein HYP1, transcript variant X2",LD_interval,248380
2023,panicle_length_cm,BLINK,SCAFFOLD_3_47440057,3,47440057,4.35860047319687e-10,9.3606529383322,5.8914535040598e-08,848687,0.365591397849462,93,-0.31149338662455,47190057,47477947,237,1213,1e+06,0.2,20000,250000,TRUE,LOC101780522,SCAFFOLD_3,47195836,47197418,+,LOC101780522,protein_coding,NA,uncharacterized LOC101780522,LD_interval,242639
2023,panicle_length_cm,BLINK,SCAFFOLD_3_47440057,3,47440057,4.35860047319687e-10,9.3606529383322,5.8914535040598e-08,848687,0.365591397849462,93,-0.31149338662455,47190057,47477947,237,1213,1e+06,0.2,20000,250000,TRUE,LOC101769051,SCAFFOLD_3,47197548,47201585,-,LOC101769051,protein_coding,NA,"GDP-Man:Man(3)GlcNAc(2)-PP-Dol alpha-1,2-mannosyltransferase",LD_interval,238472
2023,panicle_length_cm,BLINK,SCAFFOLD_3_47440057,3,47440057,4.35860047319687e-10,9.3606529383322,5.8914535040598e-08,848687,0.365591397849462,93,-0.31149338662455,47190057,47477947,237,1213,1e+06,0.2,20000,250000,TRUE,LOC101769457,SCAFFOLD_3,47203563,47208214,-,LOC101769457,protein_coding,NA,BTB/POZ domain-containing protein NPY4,LD_interval,231843
2023,panicle_length_cm,BLINK,SCAFFOLD_3_47440057,3,47440057,4.35860047319687e-10,9.3606529383322,5.8914535040598e-08,848687,0.365591397849462,93,-0.31149338662455,47190057,47477947,237,1213,1e+06,0.2,20000,250000,TRUE,LOC101770129,SCAFFOLD_3,47216420,47217914,-,LOC101770129,protein_coding,NA,zinc finger protein 1,LD_interval,222143
2023,panicle_length_cm,BLINK,SCAFFOLD_3_47440057,3,47440057,4.35860047319687e-10,9.3606529383322,5.8914535040598e-08,848687,0.365591397849462,93,-0.31149338662455,47190057,47477947,237,1213,1e+06,0.2,20000,250000,TRUE,LOC101770523,SCAFFOLD_3,47224999,47230906,+,LOC101770523,protein_coding,NA,"nucleobase-ascorbate transporter 3, transcript variant X1",LD_interval,209151
2023,panicle_length_cm,BLINK,SCAFFOLD_3_47440057,3,47440057,4.35860047319687e-10,9.3606529383322,5.8914535040598e-08,848687,0.365591397849462,93,-0.31149338662455,47190057,47477947,237,1213,1e+06,0.2,20000,250000,TRUE,LOC105913931,SCAFFOLD_3,47232424,47238455,+,LOC105913931,lncRNA,NA,"",LD_interval,201602
2023,panicle_length_cm,BLINK,SCAFFOLD_3_47440057,3,47440057,4.35860047319687e-10,9.3606529383322,5.8914535040598e-08,848687,0.365591397849462,93,-0.31149338662455,47190057,47477947,237,1213,1e+06,0.2,20000,250000,TRUE,LOC111256590,SCAFFOLD_3,47333098,47334967,+,LOC111256590,protein_coding,NA,uncharacterized LOC111256590,LD_interval,105090
2023,panicle_length_cm,BLINK,SCAFFOLD_3_47440057,3,47440057,4.35860047319687e-10,9.3606529383322,5.8914535040598e-08,848687,0.365591397849462,93,-0.31149338662455,47190057,47477947,237,1213,1e+06,0.2,20000,250000,TRUE,LOC101772666,SCAFFOLD_3,47382158,47386329,+,LOC101772666,protein_coding,NA,putative disease resistance protein At5g47280,LD_interval,53728
2023,panicle_length_cm,BLINK,SCAFFOLD_3_47440057,3,47440057,4.35860047319687e-10,9.3606529383322,5.8914535040598e-08,848687,0.365591397849462,93,-0.31149338662455,47190057,47477947,237,1213,1e+06,0.2,20000,250000,TRUE,LOC101772001,SCAFFOLD_3,47386658,47389672,-,LOC101772001,protein_coding,NA,serine/threonine-protein kinase SAPK9,LD_interval,50385
2023,panicle_length_cm,BLINK,SCAFFOLD_3_47440057,3,47440057,4.35860047319687e-10,9.3606529383322,5.8914535040598e-08,848687,0.365591397849462,93,-0.31149338662455,47190057,47477947,237,1213,1e+06,0.2,20000,250000,TRUE,LOC101773071,SCAFFOLD_3,47403151,47405476,+,LOC101773071,protein_coding,NA,transcription factor HHO3,LD_interval,34581
2023,panicle_length_cm,BLINK,SCAFFOLD_3_47440057,3,47440057,4.35860047319687e-10,9.3606529383322,5.8914535040598e-08,848687,0.365591397849462,93,-0.31149338662455,47190057,47477947,237,1213,1e+06,0.2,20000,250000,TRUE,LOC101773476,SCAFFOLD_3,47406396,47410720,+,LOC101773476,protein_coding,NA,protein misato homolog 1,LD_interval,29337
2023,panicle_length_cm,BLINK,SCAFFOLD_3_47440057,3,47440057,4.35860047319687e-10,9.3606529383322,5.8914535040598e-08,848687,0.365591397849462,93,-0.31149338662455,47190057,47477947,237,1213,1e+06,0.2,20000,250000,TRUE,LOC101773894,SCAFFOLD_3,47414642,47420159,+,LOC101773894,protein_coding,NA,"calcium-transporting ATPase 10, plasma membrane-type",LD_interval,19898
2023,panicle_length_cm,BLINK,SCAFFOLD_3_47440057,3,47440057,4.35860047319687e-10,9.3606529383322,5.8914535040598e-08,848687,0.365591397849462,93,-0.31149338662455,47190057,47477947,237,1213,1e+06,0.2,20000,250000,TRUE,LOC101774293,SCAFFOLD_3,47428147,47430458,-,LOC101774293,protein_coding,NA,cyclin-D5-2,LD_interval,9599
2023,panicle_length_cm,BLINK,SCAFFOLD_3_47440057,3,47440057,4.35860047319687e-10,9.3606529383322,5.8914535040598e-08,848687,0.365591397849462,93,-0.31149338662455,47190057,47477947,237,1213,1e+06,0.2,20000,250000,TRUE,LOC101774702,SCAFFOLD_3,47435787,47438784,-,LOC101774702,protein_coding,NA,"cytoplasmic tRNA 2-thiolation protein 2, transcript variant X2",LD_interval,1273
2023,panicle_length_cm,BLINK,SCAFFOLD_3_47440057,3,47440057,4.35860047319687e-10,9.3606529383322,5.8914535040598e-08,848687,0.365591397849462,93,-0.31149338662455,47190057,47477947,237,1213,1e+06,0.2,20000,250000,TRUE,LOC101780927,SCAFFOLD_3,47440689,47441789,-,LOC101780927,protein_coding,NA,transcription factor bHLH139,LD_interval,632
2023,panicle_length_cm,BLINK,SCAFFOLD_3_47440057,3,47440057,4.35860047319687e-10,9.3606529383322,5.8914535040598e-08,848687,0.365591397849462,93,-0.31149338662455,47190057,47477947,237,1213,1e+06,0.2,20000,250000,TRUE,LOC101775105,SCAFFOLD_3,47451270,47453805,-,LOC101775105,protein_coding,NA,adenine phosphoribosyltransferase 1,LD_interval,11213
2023,panicle_length_cm,BLINK,SCAFFOLD_3_47440057,3,47440057,4.35860047319687e-10,9.3606529383322,5.8914535040598e-08,848687,0.365591397849462,93,-0.31149338662455,47190057,47477947,237,1213,1e+06,0.2,20000,250000,TRUE,LOC101781333,SCAFFOLD_3,47455409,47469599,-,LOC101781333,protein_coding,NA,"kinesin-like protein KIN-12F, transcript variant X2",LD_interval,15352
2023,panicle_length_cm,BLINK,SCAFFOLD_3_47440057,3,47440057,4.35860047319687e-10,9.3606529383322,5.8914535040598e-08,848687,0.365591397849462,93,-0.31149338662455,47190057,47477947,237,1213,1e+06,0.2,20000,250000,TRUE,LOC111256850,SCAFFOLD_3,47475285,47476830,+,LOC111256850,protein_coding,NA,pectinesterase/pectinesterase inhibitor PPE8B-like,LD_interval,35228
2023,panicle_length_cm,BLINK,SCAFFOLD_3_47440057,3,47440057,4.35860047319687e-10,9.3606529383322,5.8914535040598e-08,848687,0.365591397849462,93,-0.31149338662455,47190057,47477947,237,1213,1e+06,0.2,20000,250000,TRUE,LOC101782128,SCAFFOLD_3,47477505,47486098,+,LOC101782128,lncRNA,NA,"",LD_interval,37448
2023,panicle_length_cm,BLINK,SCAFFOLD_3_47423965,3,47423965,9.60523655226455e-10,9.01749193511482,5.8914535040598e-08,848687,0.263440860215054,93,0.458586499361694,47352851,47472164,90,373,1e+06,0.2,20000,250000,TRUE,LOC101772666,SCAFFOLD_3,47382158,47386329,+,LOC101772666,protein_coding,NA,putative disease resistance protein At5g47280,LD_interval,37636
2023,panicle_length_cm,BLINK,SCAFFOLD_3_47423965,3,47423965,9.60523655226455e-10,9.01749193511482,5.8914535040598e-08,848687,0.263440860215054,93,0.458586499361694,47352851,47472164,90,373,1e+06,0.2,20000,250000,TRUE,LOC101772001,SCAFFOLD_3,47386658,47389672,-,LOC101772001,protein_coding,NA,serine/threonine-protein kinase SAPK9,LD_interval,34293
2023,panicle_length_cm,BLINK,SCAFFOLD_3_47423965,3,47423965,9.60523655226455e-10,9.01749193511482,5.8914535040598e-08,848687,0.263440860215054,93,0.458586499361694,47352851,47472164,90,373,1e+06,0.2,20000,250000,TRUE,LOC101773071,SCAFFOLD_3,47403151,47405476,+,LOC101773071,protein_coding,NA,transcription factor HHO3,LD_interval,18489
2023,panicle_length_cm,BLINK,SCAFFOLD_3_47423965,3,47423965,9.60523655226455e-10,9.01749193511482,5.8914535040598e-08,848687,0.263440860215054,93,0.458586499361694,47352851,47472164,90,373,1e+06,0.2,20000,250000,TRUE,LOC101773476,SCAFFOLD_3,47406396,47410720,+,LOC101773476,protein_coding,NA,protein misato homolog 1,LD_interval,13245
2023,panicle_length_cm,BLINK,SCAFFOLD_3_47423965,3,47423965,9.60523655226455e-10,9.01749193511482,5.8914535040598e-08,848687,0.263440860215054,93,0.458586499361694,47352851,47472164,90,373,1e+06,0.2,20000,250000,TRUE,LOC101773894,SCAFFOLD_3,47414642,47420159,+,LOC101773894,protein_coding,NA,"calcium-transporting ATPase 10, plasma membrane-type",LD_interval,3806
2023,panicle_length_cm,BLINK,SCAFFOLD_3_47423965,3,47423965,9.60523655226455e-10,9.01749193511482,5.8914535040598e-08,848687,0.263440860215054,93,0.458586499361694,47352851,47472164,90,373,1e+06,0.2,20000,250000,TRUE,LOC101774293,SCAFFOLD_3,47428147,47430458,-,LOC101774293,protein_coding,NA,cyclin-D5-2,LD_interval,4182
2023,panicle_length_cm,BLINK,SCAFFOLD_3_47423965,3,47423965,9.60523655226455e-10,9.01749193511482,5.8914535040598e-08,848687,0.263440860215054,93,0.458586499361694,47352851,47472164,90,373,1e+06,0.2,20000,250000,TRUE,LOC101774702,SCAFFOLD_3,47435787,47438784,-,LOC101774702,protein_coding,NA,"cytoplasmic tRNA 2-thiolation protein 2, transcript variant X2",LD_interval,11822
2023,panicle_length_cm,BLINK,SCAFFOLD_3_47423965,3,47423965,9.60523655226455e-10,9.01749193511482,5.8914535040598e-08,848687,0.263440860215054,93,0.458586499361694,47352851,47472164,90,373,1e+06,0.2,20000,250000,TRUE,LOC101780927,SCAFFOLD_3,47440689,47441789,-,LOC101780927,protein_coding,NA,transcription factor bHLH139,LD_interval,16724
2023,panicle_length_cm,BLINK,SCAFFOLD_3_47423965,3,47423965,9.60523655226455e-10,9.01749193511482,5.8914535040598e-08,848687,0.263440860215054,93,0.458586499361694,47352851,47472164,90,373,1e+06,0.2,20000,250000,TRUE,LOC101775105,SCAFFOLD_3,47451270,47453805,-,LOC101775105,protein_coding,NA,adenine phosphoribosyltransferase 1,LD_interval,27305
2023,panicle_length_cm,BLINK,SCAFFOLD_3_47423965,3,47423965,9.60523655226455e-10,9.01749193511482,5.8914535040598e-08,848687,0.263440860215054,93,0.458586499361694,47352851,47472164,90,373,1e+06,0.2,20000,250000,TRUE,LOC101781333,SCAFFOLD_3,47455409,47469599,-,LOC101781333,protein_coding,NA,"kinesin-like protein KIN-12F, transcript variant X2",LD_interval,31444
2023,panicle_length_cm,BLINK,SCAFFOLD_3_47420200,3,47420200,1.08453835253934e-09,8.96475508541863,5.8914535040598e-08,848687,0.236559139784946,93,0.103988811630222,47214536,47472164,142,575,1e+06,0.2,20000,250000,TRUE,LOC101770129,SCAFFOLD_3,47216420,47217914,-,LOC101770129,protein_coding,NA,zinc finger protein 1,LD_interval,202286
2023,panicle_length_cm,BLINK,SCAFFOLD_3_47420200,3,47420200,1.08453835253934e-09,8.96475508541863,5.8914535040598e-08,848687,0.236559139784946,93,0.103988811630222,47214536,47472164,142,575,1e+06,0.2,20000,250000,TRUE,LOC101770523,SCAFFOLD_3,47224999,47230906,+,LOC101770523,protein_coding,NA,"nucleobase-ascorbate transporter 3, transcript variant X1",LD_interval,189294
2023,panicle_length_cm,BLINK,SCAFFOLD_3_47420200,3,47420200,1.08453835253934e-09,8.96475508541863,5.8914535040598e-08,848687,0.236559139784946,93,0.103988811630222,47214536,47472164,142,575,1e+06,0.2,20000,250000,TRUE,LOC105913931,SCAFFOLD_3,47232424,47238455,+,LOC105913931,lncRNA,NA,"",LD_interval,181745
2023,panicle_length_cm,BLINK,SCAFFOLD_3_47420200,3,47420200,1.08453835253934e-09,8.96475508541863,5.8914535040598e-08,848687,0.236559139784946,93,0.103988811630222,47214536,47472164,142,575,1e+06,0.2,20000,250000,TRUE,LOC111256590,SCAFFOLD_3,47333098,47334967,+,LOC111256590,protein_coding,NA,uncharacterized LOC111256590,LD_interval,85233
2023,panicle_length_cm,BLINK,SCAFFOLD_3_47420200,3,47420200,1.08453835253934e-09,8.96475508541863,5.8914535040598e-08,848687,0.236559139784946,93,0.103988811630222,47214536,47472164,142,575,1e+06,0.2,20000,250000,TRUE,LOC101772666,SCAFFOLD_3,47382158,47386329,+,LOC101772666,protein_coding,NA,putative disease resistance protein At5g47280,LD_interval,33871
2023,panicle_length_cm,BLINK,SCAFFOLD_3_47420200,3,47420200,1.08453835253934e-09,8.96475508541863,5.8914535040598e-08,848687,0.236559139784946,93,0.103988811630222,47214536,47472164,142,575,1e+06,0.2,20000,250000,TRUE,LOC101772001,SCAFFOLD_3,47386658,47389672,-,LOC101772001,protein_coding,NA,serine/threonine-protein kinase SAPK9,LD_interval,30528
2023,panicle_length_cm,BLINK,SCAFFOLD_3_47420200,3,47420200,1.08453835253934e-09,8.96475508541863,5.8914535040598e-08,848687,0.236559139784946,93,0.103988811630222,47214536,47472164,142,575,1e+06,0.2,20000,250000,TRUE,LOC101773071,SCAFFOLD_3,47403151,47405476,+,LOC101773071,protein_coding,NA,transcription factor HHO3,LD_interval,14724
2023,panicle_length_cm,BLINK,SCAFFOLD_3_47420200,3,47420200,1.08453835253934e-09,8.96475508541863,5.8914535040598e-08,848687,0.236559139784946,93,0.103988811630222,47214536,47472164,142,575,1e+06,0.2,20000,250000,TRUE,LOC101773476,SCAFFOLD_3,47406396,47410720,+,LOC101773476,protein_coding,NA,protein misato homolog 1,LD_interval,9480
2023,panicle_length_cm,BLINK,SCAFFOLD_3_47420200,3,47420200,1.08453835253934e-09,8.96475508541863,5.8914535040598e-08,848687,0.236559139784946,93,0.103988811630222,47214536,47472164,142,575,1e+06,0.2,20000,250000,TRUE,LOC101773894,SCAFFOLD_3,47414642,47420159,+,LOC101773894,protein_coding,NA,"calcium-transporting ATPase 10, plasma membrane-type",LD_interval,41
2023,panicle_length_cm,BLINK,SCAFFOLD_3_47420200,3,47420200,1.08453835253934e-09,8.96475508541863,5.8914535040598e-08,848687,0.236559139784946,93,0.103988811630222,47214536,47472164,142,575,1e+06,0.2,20000,250000,TRUE,LOC101774293,SCAFFOLD_3,47428147,47430458,-,LOC101774293,protein_coding,NA,cyclin-D5-2,LD_interval,7947
2023,panicle_length_cm,BLINK,SCAFFOLD_3_47420200,3,47420200,1.08453835253934e-09,8.96475508541863,5.8914535040598e-08,848687,0.236559139784946,93,0.103988811630222,47214536,47472164,142,575,1e+06,0.2,20000,250000,TRUE,LOC101774702,SCAFFOLD_3,47435787,47438784,-,LOC101774702,protein_coding,NA,"cytoplasmic tRNA 2-thiolation protein 2, transcript variant X2",LD_interval,15587
2023,panicle_length_cm,BLINK,SCAFFOLD_3_47420200,3,47420200,1.08453835253934e-09,8.96475508541863,5.8914535040598e-08,848687,0.236559139784946,93,0.103988811630222,47214536,47472164,142,575,1e+06,0.2,20000,250000,TRUE,LOC101780927,SCAFFOLD_3,47440689,47441789,-,LOC101780927,protein_coding,NA,transcription factor bHLH139,LD_interval,20489
2023,panicle_length_cm,BLINK,SCAFFOLD_3_47420200,3,47420200,1.08453835253934e-09,8.96475508541863,5.8914535040598e-08,848687,0.236559139784946,93,0.103988811630222,47214536,47472164,142,575,1e+06,0.2,20000,250000,TRUE,LOC101775105,SCAFFOLD_3,47451270,47453805,-,LOC101775105,protein_coding,NA,adenine phosphoribosyltransferase 1,LD_interval,31070
2023,panicle_length_cm,BLINK,SCAFFOLD_3_47420200,3,47420200,1.08453835253934e-09,8.96475508541863,5.8914535040598e-08,848687,0.236559139784946,93,0.103988811630222,47214536,47472164,142,575,1e+06,0.2,20000,250000,TRUE,LOC101781333,SCAFFOLD_3,47455409,47469599,-,LOC101781333,protein_coding,NA,"kinesin-like protein KIN-12F, transcript variant X2",LD_interval,35209
2023,panicle_length_cm,BLINK,SCAFFOLD_3_47453746,3,47453746,1.16906393012395e-09,8.93216173884595,5.8914535040598e-08,848687,0.360215053763441,93,-0.0884408791280099,47203746,47477947,242,1378,1e+06,0.2,20000,250000,TRUE,LOC101769457,SCAFFOLD_3,47203563,47208214,-,LOC101769457,protein_coding,NA,BTB/POZ domain-containing protein NPY4,LD_interval,245532
2023,panicle_length_cm,BLINK,SCAFFOLD_3_47453746,3,47453746,1.16906393012395e-09,8.93216173884595,5.8914535040598e-08,848687,0.360215053763441,93,-0.0884408791280099,47203746,47477947,242,1378,1e+06,0.2,20000,250000,TRUE,LOC101770129,SCAFFOLD_3,47216420,47217914,-,LOC101770129,protein_coding,NA,zinc finger protein 1,LD_interval,235832
2023,panicle_length_cm,BLINK,SCAFFOLD_3_47453746,3,47453746,1.16906393012395e-09,8.93216173884595,5.8914535040598e-08,848687,0.360215053763441,93,-0.0884408791280099,47203746,47477947,242,1378,1e+06,0.2,20000,250000,TRUE,LOC101770523,SCAFFOLD_3,47224999,47230906,+,LOC101770523,protein_coding,NA,"nucleobase-ascorbate transporter 3, transcript variant X1",LD_interval,222840
2023,panicle_length_cm,BLINK,SCAFFOLD_3_47453746,3,47453746,1.16906393012395e-09,8.93216173884595,5.8914535040598e-08,848687,0.360215053763441,93,-0.0884408791280099,47203746,47477947,242,1378,1e+06,0.2,20000,250000,TRUE,LOC105913931,SCAFFOLD_3,47232424,47238455,+,LOC105913931,lncRNA,NA,"",LD_interval,215291
2023,panicle_length_cm,BLINK,SCAFFOLD_3_47453746,3,47453746,1.16906393012395e-09,8.93216173884595,5.8914535040598e-08,848687,0.360215053763441,93,-0.0884408791280099,47203746,47477947,242,1378,1e+06,0.2,20000,250000,TRUE,LOC111256590,SCAFFOLD_3,47333098,47334967,+,LOC111256590,protein_coding,NA,uncharacterized LOC111256590,LD_interval,118779
2023,panicle_length_cm,BLINK,SCAFFOLD_3_47453746,3,47453746,1.16906393012395e-09,8.93216173884595,5.8914535040598e-08,848687,0.360215053763441,93,-0.0884408791280099,47203746,47477947,242,1378,1e+06,0.2,20000,250000,TRUE,LOC101772666,SCAFFOLD_3,47382158,47386329,+,LOC101772666,protein_coding,NA,putative disease resistance protein At5g47280,LD_interval,67417
2023,panicle_length_cm,BLINK,SCAFFOLD_3_47453746,3,47453746,1.16906393012395e-09,8.93216173884595,5.8914535040598e-08,848687,0.360215053763441,93,-0.0884408791280099,47203746,47477947,242,1378,1e+06,0.2,20000,250000,TRUE,LOC101772001,SCAFFOLD_3,47386658,47389672,-,LOC101772001,protein_coding,NA,serine/threonine-protein kinase SAPK9,LD_interval,64074
2023,panicle_length_cm,BLINK,SCAFFOLD_3_47453746,3,47453746,1.16906393012395e-09,8.93216173884595,5.8914535040598e-08,848687,0.360215053763441,93,-0.0884408791280099,47203746,47477947,242,1378,1e+06,0.2,20000,250000,TRUE,LOC101773071,SCAFFOLD_3,47403151,47405476,+,LOC101773071,protein_coding,NA,transcription factor HHO3,LD_interval,48270
2023,panicle_length_cm,BLINK,SCAFFOLD_3_47453746,3,47453746,1.16906393012395e-09,8.93216173884595,5.8914535040598e-08,848687,0.360215053763441,93,-0.0884408791280099,47203746,47477947,242,1378,1e+06,0.2,20000,250000,TRUE,LOC101773476,SCAFFOLD_3,47406396,47410720,+,LOC101773476,protein_coding,NA,protein misato homolog 1,LD_interval,43026
2023,panicle_length_cm,BLINK,SCAFFOLD_3_47453746,3,47453746,1.16906393012395e-09,8.93216173884595,5.8914535040598e-08,848687,0.360215053763441,93,-0.0884408791280099,47203746,47477947,242,1378,1e+06,0.2,20000,250000,TRUE,LOC101773894,SCAFFOLD_3,47414642,47420159,+,LOC101773894,protein_coding,NA,"calcium-transporting ATPase 10, plasma membrane-type",LD_interval,33587
2023,panicle_length_cm,BLINK,SCAFFOLD_3_47453746,3,47453746,1.16906393012395e-09,8.93216173884595,5.8914535040598e-08,848687,0.360215053763441,93,-0.0884408791280099,47203746,47477947,242,1378,1e+06,0.2,20000,250000,TRUE,LOC101774293,SCAFFOLD_3,47428147,47430458,-,LOC101774293,protein_coding,NA,cyclin-D5-2,LD_interval,23288
2023,panicle_length_cm,BLINK,SCAFFOLD_3_47453746,3,47453746,1.16906393012395e-09,8.93216173884595,5.8914535040598e-08,848687,0.360215053763441,93,-0.0884408791280099,47203746,47477947,242,1378,1e+06,0.2,20000,250000,TRUE,LOC101774702,SCAFFOLD_3,47435787,47438784,-,LOC101774702,protein_coding,NA,"cytoplasmic tRNA 2-thiolation protein 2, transcript variant X2",LD_interval,14962
2023,panicle_length_cm,BLINK,SCAFFOLD_3_47453746,3,47453746,1.16906393012395e-09,8.93216173884595,5.8914535040598e-08,848687,0.360215053763441,93,-0.0884408791280099,47203746,47477947,242,1378,1e+06,0.2,20000,250000,TRUE,LOC101780927,SCAFFOLD_3,47440689,47441789,-,LOC101780927,protein_coding,NA,transcription factor bHLH139,LD_interval,11957
2023,panicle_length_cm,BLINK,SCAFFOLD_3_47453746,3,47453746,1.16906393012395e-09,8.93216173884595,5.8914535040598e-08,848687,0.360215053763441,93,-0.0884408791280099,47203746,47477947,242,1378,1e+06,0.2,20000,250000,TRUE,LOC101775105,SCAFFOLD_3,47451270,47453805,-,LOC101775105,protein_coding,NA,adenine phosphoribosyltransferase 1,contains_lead_snp,0
2023,panicle_length_cm,BLINK,SCAFFOLD_3_47453746,3,47453746,1.16906393012395e-09,8.93216173884595,5.8914535040598e-08,848687,0.360215053763441,93,-0.0884408791280099,47203746,47477947,242,1378,1e+06,0.2,20000,250000,TRUE,LOC101781333,SCAFFOLD_3,47455409,47469599,-,LOC101781333,protein_coding,NA,"kinesin-like protein KIN-12F, transcript variant X2",LD_interval,1663
2023,panicle_length_cm,BLINK,SCAFFOLD_3_47453746,3,47453746,1.16906393012395e-09,8.93216173884595,5.8914535040598e-08,848687,0.360215053763441,93,-0.0884408791280099,47203746,47477947,242,1378,1e+06,0.2,20000,250000,TRUE,LOC111256850,SCAFFOLD_3,47475285,47476830,+,LOC111256850,protein_coding,NA,pectinesterase/pectinesterase inhibitor PPE8B-like,LD_interval,21539
2023,panicle_length_cm,BLINK,SCAFFOLD_3_47453746,3,47453746,1.16906393012395e-09,8.93216173884595,5.8914535040598e-08,848687,0.360215053763441,93,-0.0884408791280099,47203746,47477947,242,1378,1e+06,0.2,20000,250000,TRUE,LOC101782128,SCAFFOLD_3,47477505,47486098,+,LOC101782128,lncRNA,NA,"",LD_interval,23759
2023,panicle_length_cm,BLINK,SCAFFOLD_3_47446767,3,47446767,3.62558754010204e-09,8.44062160433496,5.8914535040598e-08,848687,0.349462365591398,93,-0.0398392865127553,47196767,47477947,239,1294,1e+06,0.2,20000,250000,TRUE,LOC101780522,SCAFFOLD_3,47195836,47197418,+,LOC101780522,protein_coding,NA,uncharacterized LOC101780522,LD_interval,249349
2023,panicle_length_cm,BLINK,SCAFFOLD_3_47446767,3,47446767,3.62558754010204e-09,8.44062160433496,5.8914535040598e-08,848687,0.349462365591398,93,-0.0398392865127553,47196767,47477947,239,1294,1e+06,0.2,20000,250000,TRUE,LOC101769051,SCAFFOLD_3,47197548,47201585,-,LOC101769051,protein_coding,NA,"GDP-Man:Man(3)GlcNAc(2)-PP-Dol alpha-1,2-mannosyltransferase",LD_interval,245182
2023,panicle_length_cm,BLINK,SCAFFOLD_3_47446767,3,47446767,3.62558754010204e-09,8.44062160433496,5.8914535040598e-08,848687,0.349462365591398,93,-0.0398392865127553,47196767,47477947,239,1294,1e+06,0.2,20000,250000,TRUE,LOC101769457,SCAFFOLD_3,47203563,47208214,-,LOC101769457,protein_coding,NA,BTB/POZ domain-containing protein NPY4,LD_interval,238553
2023,panicle_length_cm,BLINK,SCAFFOLD_3_47446767,3,47446767,3.62558754010204e-09,8.44062160433496,5.8914535040598e-08,848687,0.349462365591398,93,-0.0398392865127553,47196767,47477947,239,1294,1e+06,0.2,20000,250000,TRUE,LOC101770129,SCAFFOLD_3,47216420,47217914,-,LOC101770129,protein_coding,NA,zinc finger protein 1,LD_interval,228853
2023,panicle_length_cm,BLINK,SCAFFOLD_3_47446767,3,47446767,3.62558754010204e-09,8.44062160433496,5.8914535040598e-08,848687,0.349462365591398,93,-0.0398392865127553,47196767,47477947,239,1294,1e+06,0.2,20000,250000,TRUE,LOC101770523,SCAFFOLD_3,47224999,47230906,+,LOC101770523,protein_coding,NA,"nucleobase-ascorbate transporter 3, transcript variant X1",LD_interval,215861
2023,panicle_length_cm,BLINK,SCAFFOLD_3_47446767,3,47446767,3.62558754010204e-09,8.44062160433496,5.8914535040598e-08,848687,0.349462365591398,93,-0.0398392865127553,47196767,47477947,239,1294,1e+06,0.2,20000,250000,TRUE,LOC105913931,SCAFFOLD_3,47232424,47238455,+,LOC105913931,lncRNA,NA,"",LD_interval,208312
2023,panicle_length_cm,BLINK,SCAFFOLD_3_47446767,3,47446767,3.62558754010204e-09,8.44062160433496,5.8914535040598e-08,848687,0.349462365591398,93,-0.0398392865127553,47196767,47477947,239,1294,1e+06,0.2,20000,250000,TRUE,LOC111256590,SCAFFOLD_3,47333098,47334967,+,LOC111256590,protein_coding,NA,uncharacterized LOC111256590,LD_interval,111800
2023,panicle_length_cm,BLINK,SCAFFOLD_3_47446767,3,47446767,3.62558754010204e-09,8.44062160433496,5.8914535040598e-08,848687,0.349462365591398,93,-0.0398392865127553,47196767,47477947,239,1294,1e+06,0.2,20000,250000,TRUE,LOC101772666,SCAFFOLD_3,47382158,47386329,+,LOC101772666,protein_coding,NA,putative disease resistance protein At5g47280,LD_interval,60438
2023,panicle_length_cm,BLINK,SCAFFOLD_3_47446767,3,47446767,3.62558754010204e-09,8.44062160433496,5.8914535040598e-08,848687,0.349462365591398,93,-0.0398392865127553,47196767,47477947,239,1294,1e+06,0.2,20000,250000,TRUE,LOC101772001,SCAFFOLD_3,47386658,47389672,-,LOC101772001,protein_coding,NA,serine/threonine-protein kinase SAPK9,LD_interval,57095
2023,panicle_length_cm,BLINK,SCAFFOLD_3_47446767,3,47446767,3.62558754010204e-09,8.44062160433496,5.8914535040598e-08,848687,0.349462365591398,93,-0.0398392865127553,47196767,47477947,239,1294,1e+06,0.2,20000,250000,TRUE,LOC101773071,SCAFFOLD_3,47403151,47405476,+,LOC101773071,protein_coding,NA,transcription factor HHO3,LD_interval,41291
2023,panicle_length_cm,BLINK,SCAFFOLD_3_47446767,3,47446767,3.62558754010204e-09,8.44062160433496,5.8914535040598e-08,848687,0.349462365591398,93,-0.0398392865127553,47196767,47477947,239,1294,1e+06,0.2,20000,250000,TRUE,LOC101773476,SCAFFOLD_3,47406396,47410720,+,LOC101773476,protein_coding,NA,protein misato homolog 1,LD_interval,36047
2023,panicle_length_cm,BLINK,SCAFFOLD_3_47446767,3,47446767,3.62558754010204e-09,8.44062160433496,5.8914535040598e-08,848687,0.349462365591398,93,-0.0398392865127553,47196767,47477947,239,1294,1e+06,0.2,20000,250000,TRUE,LOC101773894,SCAFFOLD_3,47414642,47420159,+,LOC101773894,protein_coding,NA,"calcium-transporting ATPase 10, plasma membrane-type",LD_interval,26608
2023,panicle_length_cm,BLINK,SCAFFOLD_3_47446767,3,47446767,3.62558754010204e-09,8.44062160433496,5.8914535040598e-08,848687,0.349462365591398,93,-0.0398392865127553,47196767,47477947,239,1294,1e+06,0.2,20000,250000,TRUE,LOC101774293,SCAFFOLD_3,47428147,47430458,-,LOC101774293,protein_coding,NA,cyclin-D5-2,LD_interval,16309
2023,panicle_length_cm,BLINK,SCAFFOLD_3_47446767,3,47446767,3.62558754010204e-09,8.44062160433496,5.8914535040598e-08,848687,0.349462365591398,93,-0.0398392865127553,47196767,47477947,239,1294,1e+06,0.2,20000,250000,TRUE,LOC101774702,SCAFFOLD_3,47435787,47438784,-,LOC101774702,protein_coding,NA,"cytoplasmic tRNA 2-thiolation protein 2, transcript variant X2",LD_interval,7983
2023,panicle_length_cm,BLINK,SCAFFOLD_3_47446767,3,47446767,3.62558754010204e-09,8.44062160433496,5.8914535040598e-08,848687,0.349462365591398,93,-0.0398392865127553,47196767,47477947,239,1294,1e+06,0.2,20000,250000,TRUE,LOC101780927,SCAFFOLD_3,47440689,47441789,-,LOC101780927,protein_coding,NA,transcription factor bHLH139,LD_interval,4978
2023,panicle_length_cm,BLINK,SCAFFOLD_3_47446767,3,47446767,3.62558754010204e-09,8.44062160433496,5.8914535040598e-08,848687,0.349462365591398,93,-0.0398392865127553,47196767,47477947,239,1294,1e+06,0.2,20000,250000,TRUE,LOC101775105,SCAFFOLD_3,47451270,47453805,-,LOC101775105,protein_coding,NA,adenine phosphoribosyltransferase 1,LD_interval,4503
2023,panicle_length_cm,BLINK,SCAFFOLD_3_47446767,3,47446767,3.62558754010204e-09,8.44062160433496,5.8914535040598e-08,848687,0.349462365591398,93,-0.0398392865127553,47196767,47477947,239,1294,1e+06,0.2,20000,250000,TRUE,LOC101781333,SCAFFOLD_3,47455409,47469599,-,LOC101781333,protein_coding,NA,"kinesin-like protein KIN-12F, transcript variant X2",LD_interval,8642
2023,panicle_length_cm,BLINK,SCAFFOLD_3_47446767,3,47446767,3.62558754010204e-09,8.44062160433496,5.8914535040598e-08,848687,0.349462365591398,93,-0.0398392865127553,47196767,47477947,239,1294,1e+06,0.2,20000,250000,TRUE,LOC111256850,SCAFFOLD_3,47475285,47476830,+,LOC111256850,protein_coding,NA,pectinesterase/pectinesterase inhibitor PPE8B-like,LD_interval,28518
2023,panicle_length_cm,BLINK,SCAFFOLD_3_47446767,3,47446767,3.62558754010204e-09,8.44062160433496,5.8914535040598e-08,848687,0.349462365591398,93,-0.0398392865127553,47196767,47477947,239,1294,1e+06,0.2,20000,250000,TRUE,LOC101782128,SCAFFOLD_3,47477505,47486098,+,LOC101782128,lncRNA,NA,"",LD_interval,30738
2023,panicle_length_cm,BLINK,SCAFFOLD_3_47433021,3,47433021,4.01533221727167e-09,8.39627851659724,5.8914535040598e-08,848687,0.376344086021505,93,-0.276853353245963,47183021,47477947,294,1531,1e+06,0.2,20000,250000,TRUE,LOC101768369,SCAFFOLD_3,47185798,47191677,+,LOC101768369,protein_coding,NA,"CSC1-like protein HYP1, transcript variant X2",LD_interval,241344
2023,panicle_length_cm,BLINK,SCAFFOLD_3_47433021,3,47433021,4.01533221727167e-09,8.39627851659724,5.8914535040598e-08,848687,0.376344086021505,93,-0.276853353245963,47183021,47477947,294,1531,1e+06,0.2,20000,250000,TRUE,LOC101780522,SCAFFOLD_3,47195836,47197418,+,LOC101780522,protein_coding,NA,uncharacterized LOC101780522,LD_interval,235603
2023,panicle_length_cm,BLINK,SCAFFOLD_3_47433021,3,47433021,4.01533221727167e-09,8.39627851659724,5.8914535040598e-08,848687,0.376344086021505,93,-0.276853353245963,47183021,47477947,294,1531,1e+06,0.2,20000,250000,TRUE,LOC101769051,SCAFFOLD_3,47197548,47201585,-,LOC101769051,protein_coding,NA,"GDP-Man:Man(3)GlcNAc(2)-PP-Dol alpha-1,2-mannosyltransferase",LD_interval,231436
2023,panicle_length_cm,BLINK,SCAFFOLD_3_47433021,3,47433021,4.01533221727167e-09,8.39627851659724,5.8914535040598e-08,848687,0.376344086021505,93,-0.276853353245963,47183021,47477947,294,1531,1e+06,0.2,20000,250000,TRUE,LOC101769457,SCAFFOLD_3,47203563,47208214,-,LOC101769457,protein_coding,NA,BTB/POZ domain-containing protein NPY4,LD_interval,224807
2023,panicle_length_cm,BLINK,SCAFFOLD_3_47433021,3,47433021,4.01533221727167e-09,8.39627851659724,5.8914535040598e-08,848687,0.376344086021505,93,-0.276853353245963,47183021,47477947,294,1531,1e+06,0.2,20000,250000,TRUE,LOC101770129,SCAFFOLD_3,47216420,47217914,-,LOC101770129,protein_coding,NA,zinc finger protein 1,LD_interval,215107
2023,panicle_length_cm,BLINK,SCAFFOLD_3_47433021,3,47433021,4.01533221727167e-09,8.39627851659724,5.8914535040598e-08,848687,0.376344086021505,93,-0.276853353245963,47183021,47477947,294,1531,1e+06,0.2,20000,250000,TRUE,LOC101770523,SCAFFOLD_3,47224999,47230906,+,LOC101770523,protein_coding,NA,"nucleobase-ascorbate transporter 3, transcript variant X1",LD_interval,202115
2023,panicle_length_cm,BLINK,SCAFFOLD_3_47433021,3,47433021,4.01533221727167e-09,8.39627851659724,5.8914535040598e-08,848687,0.376344086021505,93,-0.276853353245963,47183021,47477947,294,1531,1e+06,0.2,20000,250000,TRUE,LOC105913931,SCAFFOLD_3,47232424,47238455,+,LOC105913931,lncRNA,NA,"",LD_interval,194566
2023,panicle_length_cm,BLINK,SCAFFOLD_3_47433021,3,47433021,4.01533221727167e-09,8.39627851659724,5.8914535040598e-08,848687,0.376344086021505,93,-0.276853353245963,47183021,47477947,294,1531,1e+06,0.2,20000,250000,TRUE,LOC111256590,SCAFFOLD_3,47333098,47334967,+,LOC111256590,protein_coding,NA,uncharacterized LOC111256590,LD_interval,98054
2023,panicle_length_cm,BLINK,SCAFFOLD_3_47433021,3,47433021,4.01533221727167e-09,8.39627851659724,5.8914535040598e-08,848687,0.376344086021505,93,-0.276853353245963,47183021,47477947,294,1531,1e+06,0.2,20000,250000,TRUE,LOC101772666,SCAFFOLD_3,47382158,47386329,+,LOC101772666,protein_coding,NA,putative disease resistance protein At5g47280,LD_interval,46692
2023,panicle_length_cm,BLINK,SCAFFOLD_3_47433021,3,47433021,4.01533221727167e-09,8.39627851659724,5.8914535040598e-08,848687,0.376344086021505,93,-0.276853353245963,47183021,47477947,294,1531,1e+06,0.2,20000,250000,TRUE,LOC101772001,SCAFFOLD_3,47386658,47389672,-,LOC101772001,protein_coding,NA,serine/threonine-protein kinase SAPK9,LD_interval,43349
2023,panicle_length_cm,BLINK,SCAFFOLD_3_47433021,3,47433021,4.01533221727167e-09,8.39627851659724,5.8914535040598e-08,848687,0.376344086021505,93,-0.276853353245963,47183021,47477947,294,1531,1e+06,0.2,20000,250000,TRUE,LOC101773071,SCAFFOLD_3,47403151,47405476,+,LOC101773071,protein_coding,NA,transcription factor HHO3,LD_interval,27545
2023,panicle_length_cm,BLINK,SCAFFOLD_3_47433021,3,47433021,4.01533221727167e-09,8.39627851659724,5.8914535040598e-08,848687,0.376344086021505,93,-0.276853353245963,47183021,47477947,294,1531,1e+06,0.2,20000,250000,TRUE,LOC101773476,SCAFFOLD_3,47406396,47410720,+,LOC101773476,protein_coding,NA,protein misato homolog 1,LD_interval,22301
2023,panicle_length_cm,BLINK,SCAFFOLD_3_47433021,3,47433021,4.01533221727167e-09,8.39627851659724,5.8914535040598e-08,848687,0.376344086021505,93,-0.276853353245963,47183021,47477947,294,1531,1e+06,0.2,20000,250000,TRUE,LOC101773894,SCAFFOLD_3,47414642,47420159,+,LOC101773894,protein_coding,NA,"calcium-transporting ATPase 10, plasma membrane-type",LD_interval,12862
2023,panicle_length_cm,BLINK,SCAFFOLD_3_47433021,3,47433021,4.01533221727167e-09,8.39627851659724,5.8914535040598e-08,848687,0.376344086021505,93,-0.276853353245963,47183021,47477947,294,1531,1e+06,0.2,20000,250000,TRUE,LOC101774293,SCAFFOLD_3,47428147,47430458,-,LOC101774293,protein_coding,NA,cyclin-D5-2,LD_interval,2563
2023,panicle_length_cm,BLINK,SCAFFOLD_3_47433021,3,47433021,4.01533221727167e-09,8.39627851659724,5.8914535040598e-08,848687,0.376344086021505,93,-0.276853353245963,47183021,47477947,294,1531,1e+06,0.2,20000,250000,TRUE,LOC101774702,SCAFFOLD_3,47435787,47438784,-,LOC101774702,protein_coding,NA,"cytoplasmic tRNA 2-thiolation protein 2, transcript variant X2",LD_interval,2766
2023,panicle_length_cm,BLINK,SCAFFOLD_3_47433021,3,47433021,4.01533221727167e-09,8.39627851659724,5.8914535040598e-08,848687,0.376344086021505,93,-0.276853353245963,47183021,47477947,294,1531,1e+06,0.2,20000,250000,TRUE,LOC101780927,SCAFFOLD_3,47440689,47441789,-,LOC101780927,protein_coding,NA,transcription factor bHLH139,LD_interval,7668
2023,panicle_length_cm,BLINK,SCAFFOLD_3_47433021,3,47433021,4.01533221727167e-09,8.39627851659724,5.8914535040598e-08,848687,0.376344086021505,93,-0.276853353245963,47183021,47477947,294,1531,1e+06,0.2,20000,250000,TRUE,LOC101775105,SCAFFOLD_3,47451270,47453805,-,LOC101775105,protein_coding,NA,adenine phosphoribosyltransferase 1,LD_interval,18249
2023,panicle_length_cm,BLINK,SCAFFOLD_3_47433021,3,47433021,4.01533221727167e-09,8.39627851659724,5.8914535040598e-08,848687,0.376344086021505,93,-0.276853353245963,47183021,47477947,294,1531,1e+06,0.2,20000,250000,TRUE,LOC101781333,SCAFFOLD_3,47455409,47469599,-,LOC101781333,protein_coding,NA,"kinesin-like protein KIN-12F, transcript variant X2",LD_interval,22388
2023,panicle_length_cm,BLINK,SCAFFOLD_3_47433021,3,47433021,4.01533221727167e-09,8.39627851659724,5.8914535040598e-08,848687,0.376344086021505,93,-0.276853353245963,47183021,47477947,294,1531,1e+06,0.2,20000,250000,TRUE,LOC111256850,SCAFFOLD_3,47475285,47476830,+,LOC111256850,protein_coding,NA,pectinesterase/pectinesterase inhibitor PPE8B-like,LD_interval,42264
2023,panicle_length_cm,BLINK,SCAFFOLD_3_47433021,3,47433021,4.01533221727167e-09,8.39627851659724,5.8914535040598e-08,848687,0.376344086021505,93,-0.276853353245963,47183021,47477947,294,1531,1e+06,0.2,20000,250000,TRUE,LOC101782128,SCAFFOLD_3,47477505,47486098,+,LOC101782128,lncRNA,NA,"",LD_interval,44484
2023,panicle_length_cm,BLINK,SCAFFOLD_3_47428046,3,47428046,1.92713932542335e-08,7.7150868862396,5.8914535040598e-08,848687,0.39247311827957,93,-0.142574857506036,47178046,47477947,298,1537,1e+06,0.2,20000,250000,TRUE,LOC101767968,SCAFFOLD_3,47179414,47181780,-,LOC101767968,protein_coding,NA,isoflavone 3'-hydroxylase,LD_interval,246266
2023,panicle_length_cm,BLINK,SCAFFOLD_3_47428046,3,47428046,1.92713932542335e-08,7.7150868862396,5.8914535040598e-08,848687,0.39247311827957,93,-0.142574857506036,47178046,47477947,298,1537,1e+06,0.2,20000,250000,TRUE,LOC101768369,SCAFFOLD_3,47185798,47191677,+,LOC101768369,protein_coding,NA,"CSC1-like protein HYP1, transcript variant X2",LD_interval,236369
2023,panicle_length_cm,BLINK,SCAFFOLD_3_47428046,3,47428046,1.92713932542335e-08,7.7150868862396,5.8914535040598e-08,848687,0.39247311827957,93,-0.142574857506036,47178046,47477947,298,1537,1e+06,0.2,20000,250000,TRUE,LOC101780522,SCAFFOLD_3,47195836,47197418,+,LOC101780522,protein_coding,NA,uncharacterized LOC101780522,LD_interval,230628
2023,panicle_length_cm,BLINK,SCAFFOLD_3_47428046,3,47428046,1.92713932542335e-08,7.7150868862396,5.8914535040598e-08,848687,0.39247311827957,93,-0.142574857506036,47178046,47477947,298,1537,1e+06,0.2,20000,250000,TRUE,LOC101769051,SCAFFOLD_3,47197548,47201585,-,LOC101769051,protein_coding,NA,"GDP-Man:Man(3)GlcNAc(2)-PP-Dol alpha-1,2-mannosyltransferase",LD_interval,226461
2023,panicle_length_cm,BLINK,SCAFFOLD_3_47428046,3,47428046,1.92713932542335e-08,7.7150868862396,5.8914535040598e-08,848687,0.39247311827957,93,-0.142574857506036,47178046,47477947,298,1537,1e+06,0.2,20000,250000,TRUE,LOC101769457,SCAFFOLD_3,47203563,47208214,-,LOC101769457,protein_coding,NA,BTB/POZ domain-containing protein NPY4,LD_interval,219832
2023,panicle_length_cm,BLINK,SCAFFOLD_3_47428046,3,47428046,1.92713932542335e-08,7.7150868862396,5.8914535040598e-08,848687,0.39247311827957,93,-0.142574857506036,47178046,47477947,298,1537,1e+06,0.2,20000,250000,TRUE,LOC101770129,SCAFFOLD_3,47216420,47217914,-,LOC101770129,protein_coding,NA,zinc finger protein 1,LD_interval,210132
2023,panicle_length_cm,BLINK,SCAFFOLD_3_47428046,3,47428046,1.92713932542335e-08,7.7150868862396,5.8914535040598e-08,848687,0.39247311827957,93,-0.142574857506036,47178046,47477947,298,1537,1e+06,0.2,20000,250000,TRUE,LOC101770523,SCAFFOLD_3,47224999,47230906,+,LOC101770523,protein_coding,NA,"nucleobase-ascorbate transporter 3, transcript variant X1",LD_interval,197140
2023,panicle_length_cm,BLINK,SCAFFOLD_3_47428046,3,47428046,1.92713932542335e-08,7.7150868862396,5.8914535040598e-08,848687,0.39247311827957,93,-0.142574857506036,47178046,47477947,298,1537,1e+06,0.2,20000,250000,TRUE,LOC105913931,SCAFFOLD_3,47232424,47238455,+,LOC105913931,lncRNA,NA,"",LD_interval,189591
2023,panicle_length_cm,BLINK,SCAFFOLD_3_47428046,3,47428046,1.92713932542335e-08,7.7150868862396,5.8914535040598e-08,848687,0.39247311827957,93,-0.142574857506036,47178046,47477947,298,1537,1e+06,0.2,20000,250000,TRUE,LOC111256590,SCAFFOLD_3,47333098,47334967,+,LOC111256590,protein_coding,NA,uncharacterized LOC111256590,LD_interval,93079
2023,panicle_length_cm,BLINK,SCAFFOLD_3_47428046,3,47428046,1.92713932542335e-08,7.7150868862396,5.8914535040598e-08,848687,0.39247311827957,93,-0.142574857506036,47178046,47477947,298,1537,1e+06,0.2,20000,250000,TRUE,LOC101772666,SCAFFOLD_3,47382158,47386329,+,LOC101772666,protein_coding,NA,putative disease resistance protein At5g47280,LD_interval,41717
2023,panicle_length_cm,BLINK,SCAFFOLD_3_47428046,3,47428046,1.92713932542335e-08,7.7150868862396,5.8914535040598e-08,848687,0.39247311827957,93,-0.142574857506036,47178046,47477947,298,1537,1e+06,0.2,20000,250000,TRUE,LOC101772001,SCAFFOLD_3,47386658,47389672,-,LOC101772001,protein_coding,NA,serine/threonine-protein kinase SAPK9,LD_interval,38374
2023,panicle_length_cm,BLINK,SCAFFOLD_3_47428046,3,47428046,1.92713932542335e-08,7.7150868862396,5.8914535040598e-08,848687,0.39247311827957,93,-0.142574857506036,47178046,47477947,298,1537,1e+06,0.2,20000,250000,TRUE,LOC101773071,SCAFFOLD_3,47403151,47405476,+,LOC101773071,protein_coding,NA,transcription factor HHO3,LD_interval,22570
2023,panicle_length_cm,BLINK,SCAFFOLD_3_47428046,3,47428046,1.92713932542335e-08,7.7150868862396,5.8914535040598e-08,848687,0.39247311827957,93,-0.142574857506036,47178046,47477947,298,1537,1e+06,0.2,20000,250000,TRUE,LOC101773476,SCAFFOLD_3,47406396,47410720,+,LOC101773476,protein_coding,NA,protein misato homolog 1,LD_interval,17326
2023,panicle_length_cm,BLINK,SCAFFOLD_3_47428046,3,47428046,1.92713932542335e-08,7.7150868862396,5.8914535040598e-08,848687,0.39247311827957,93,-0.142574857506036,47178046,47477947,298,1537,1e+06,0.2,20000,250000,TRUE,LOC101773894,SCAFFOLD_3,47414642,47420159,+,LOC101773894,protein_coding,NA,"calcium-transporting ATPase 10, plasma membrane-type",LD_interval,7887
2023,panicle_length_cm,BLINK,SCAFFOLD_3_47428046,3,47428046,1.92713932542335e-08,7.7150868862396,5.8914535040598e-08,848687,0.39247311827957,93,-0.142574857506036,47178046,47477947,298,1537,1e+06,0.2,20000,250000,TRUE,LOC101774293,SCAFFOLD_3,47428147,47430458,-,LOC101774293,protein_coding,NA,cyclin-D5-2,LD_interval,101
2023,panicle_length_cm,BLINK,SCAFFOLD_3_47428046,3,47428046,1.92713932542335e-08,7.7150868862396,5.8914535040598e-08,848687,0.39247311827957,93,-0.142574857506036,47178046,47477947,298,1537,1e+06,0.2,20000,250000,TRUE,LOC101774702,SCAFFOLD_3,47435787,47438784,-,LOC101774702,protein_coding,NA,"cytoplasmic tRNA 2-thiolation protein 2, transcript variant X2",LD_interval,7741
2023,panicle_length_cm,BLINK,SCAFFOLD_3_47428046,3,47428046,1.92713932542335e-08,7.7150868862396,5.8914535040598e-08,848687,0.39247311827957,93,-0.142574857506036,47178046,47477947,298,1537,1e+06,0.2,20000,250000,TRUE,LOC101780927,SCAFFOLD_3,47440689,47441789,-,LOC101780927,protein_coding,NA,transcription factor bHLH139,LD_interval,12643
2023,panicle_length_cm,BLINK,SCAFFOLD_3_47428046,3,47428046,1.92713932542335e-08,7.7150868862396,5.8914535040598e-08,848687,0.39247311827957,93,-0.142574857506036,47178046,47477947,298,1537,1e+06,0.2,20000,250000,TRUE,LOC101775105,SCAFFOLD_3,47451270,47453805,-,LOC101775105,protein_coding,NA,adenine phosphoribosyltransferase 1,LD_interval,23224
2023,panicle_length_cm,BLINK,SCAFFOLD_3_47428046,3,47428046,1.92713932542335e-08,7.7150868862396,5.8914535040598e-08,848687,0.39247311827957,93,-0.142574857506036,47178046,47477947,298,1537,1e+06,0.2,20000,250000,TRUE,LOC101781333,SCAFFOLD_3,47455409,47469599,-,LOC101781333,protein_coding,NA,"kinesin-like protein KIN-12F, transcript variant X2",LD_interval,27363
2023,panicle_length_cm,BLINK,SCAFFOLD_3_47428046,3,47428046,1.92713932542335e-08,7.7150868862396,5.8914535040598e-08,848687,0.39247311827957,93,-0.142574857506036,47178046,47477947,298,1537,1e+06,0.2,20000,250000,TRUE,LOC111256850,SCAFFOLD_3,47475285,47476830,+,LOC111256850,protein_coding,NA,pectinesterase/pectinesterase inhibitor PPE8B-like,LD_interval,47239
2023,panicle_length_cm,BLINK,SCAFFOLD_3_47428046,3,47428046,1.92713932542335e-08,7.7150868862396,5.8914535040598e-08,848687,0.39247311827957,93,-0.142574857506036,47178046,47477947,298,1537,1e+06,0.2,20000,250000,TRUE,LOC101782128,SCAFFOLD_3,47477505,47486098,+,LOC101782128,lncRNA,NA,"",LD_interval,49459
2023,panicle_length_cm,BLINK,SCAFFOLD_3_47421587,3,47421587,2.52029399946179e-08,7.59854879457703,5.8914535040598e-08,848687,0.419354838709677,93,-0.0215387059834577,47171587,47477947,291,1471,1e+06,0.2,20000,250000,TRUE,LOC101767968,SCAFFOLD_3,47179414,47181780,-,LOC101767968,protein_coding,NA,isoflavone 3'-hydroxylase,LD_interval,239807
2023,panicle_length_cm,BLINK,SCAFFOLD_3_47421587,3,47421587,2.52029399946179e-08,7.59854879457703,5.8914535040598e-08,848687,0.419354838709677,93,-0.0215387059834577,47171587,47477947,291,1471,1e+06,0.2,20000,250000,TRUE,LOC101768369,SCAFFOLD_3,47185798,47191677,+,LOC101768369,protein_coding,NA,"CSC1-like protein HYP1, transcript variant X2",LD_interval,229910
2023,panicle_length_cm,BLINK,SCAFFOLD_3_47421587,3,47421587,2.52029399946179e-08,7.59854879457703,5.8914535040598e-08,848687,0.419354838709677,93,-0.0215387059834577,47171587,47477947,291,1471,1e+06,0.2,20000,250000,TRUE,LOC101780522,SCAFFOLD_3,47195836,47197418,+,LOC101780522,protein_coding,NA,uncharacterized LOC101780522,LD_interval,224169
2023,panicle_length_cm,BLINK,SCAFFOLD_3_47421587,3,47421587,2.52029399946179e-08,7.59854879457703,5.8914535040598e-08,848687,0.419354838709677,93,-0.0215387059834577,47171587,47477947,291,1471,1e+06,0.2,20000,250000,TRUE,LOC101769051,SCAFFOLD_3,47197548,47201585,-,LOC101769051,protein_coding,NA,"GDP-Man:Man(3)GlcNAc(2)-PP-Dol alpha-1,2-mannosyltransferase",LD_interval,220002
2023,panicle_length_cm,BLINK,SCAFFOLD_3_47421587,3,47421587,2.52029399946179e-08,7.59854879457703,5.8914535040598e-08,848687,0.419354838709677,93,-0.0215387059834577,47171587,47477947,291,1471,1e+06,0.2,20000,250000,TRUE,LOC101769457,SCAFFOLD_3,47203563,47208214,-,LOC101769457,protein_coding,NA,BTB/POZ domain-containing protein NPY4,LD_interval,213373
2023,panicle_length_cm,BLINK,SCAFFOLD_3_47421587,3,47421587,2.52029399946179e-08,7.59854879457703,5.8914535040598e-08,848687,0.419354838709677,93,-0.0215387059834577,47171587,47477947,291,1471,1e+06,0.2,20000,250000,TRUE,LOC101770129,SCAFFOLD_3,47216420,47217914,-,LOC101770129,protein_coding,NA,zinc finger protein 1,LD_interval,203673
2023,panicle_length_cm,BLINK,SCAFFOLD_3_47421587,3,47421587,2.52029399946179e-08,7.59854879457703,5.8914535040598e-08,848687,0.419354838709677,93,-0.0215387059834577,47171587,47477947,291,1471,1e+06,0.2,20000,250000,TRUE,LOC101770523,SCAFFOLD_3,47224999,47230906,+,LOC101770523,protein_coding,NA,"nucleobase-ascorbate transporter 3, transcript variant X1",LD_interval,190681
2023,panicle_length_cm,BLINK,SCAFFOLD_3_47421587,3,47421587,2.52029399946179e-08,7.59854879457703,5.8914535040598e-08,848687,0.419354838709677,93,-0.0215387059834577,47171587,47477947,291,1471,1e+06,0.2,20000,250000,TRUE,LOC105913931,SCAFFOLD_3,47232424,47238455,+,LOC105913931,lncRNA,NA,"",LD_interval,183132
2023,panicle_length_cm,BLINK,SCAFFOLD_3_47421587,3,47421587,2.52029399946179e-08,7.59854879457703,5.8914535040598e-08,848687,0.419354838709677,93,-0.0215387059834577,47171587,47477947,291,1471,1e+06,0.2,20000,250000,TRUE,LOC111256590,SCAFFOLD_3,47333098,47334967,+,LOC111256590,protein_coding,NA,uncharacterized LOC111256590,LD_interval,86620
2023,panicle_length_cm,BLINK,SCAFFOLD_3_47421587,3,47421587,2.52029399946179e-08,7.59854879457703,5.8914535040598e-08,848687,0.419354838709677,93,-0.0215387059834577,47171587,47477947,291,1471,1e+06,0.2,20000,250000,TRUE,LOC101772666,SCAFFOLD_3,47382158,47386329,+,LOC101772666,protein_coding,NA,putative disease resistance protein At5g47280,LD_interval,35258
2023,panicle_length_cm,BLINK,SCAFFOLD_3_47421587,3,47421587,2.52029399946179e-08,7.59854879457703,5.8914535040598e-08,848687,0.419354838709677,93,-0.0215387059834577,47171587,47477947,291,1471,1e+06,0.2,20000,250000,TRUE,LOC101772001,SCAFFOLD_3,47386658,47389672,-,LOC101772001,protein_coding,NA,serine/threonine-protein kinase SAPK9,LD_interval,31915
2023,panicle_length_cm,BLINK,SCAFFOLD_3_47421587,3,47421587,2.52029399946179e-08,7.59854879457703,5.8914535040598e-08,848687,0.419354838709677,93,-0.0215387059834577,47171587,47477947,291,1471,1e+06,0.2,20000,250000,TRUE,LOC101773071,SCAFFOLD_3,47403151,47405476,+,LOC101773071,protein_coding,NA,transcription factor HHO3,LD_interval,16111
2023,panicle_length_cm,BLINK,SCAFFOLD_3_47421587,3,47421587,2.52029399946179e-08,7.59854879457703,5.8914535040598e-08,848687,0.419354838709677,93,-0.0215387059834577,47171587,47477947,291,1471,1e+06,0.2,20000,250000,TRUE,LOC101773476,SCAFFOLD_3,47406396,47410720,+,LOC101773476,protein_coding,NA,protein misato homolog 1,LD_interval,10867
2023,panicle_length_cm,BLINK,SCAFFOLD_3_47421587,3,47421587,2.52029399946179e-08,7.59854879457703,5.8914535040598e-08,848687,0.419354838709677,93,-0.0215387059834577,47171587,47477947,291,1471,1e+06,0.2,20000,250000,TRUE,LOC101773894,SCAFFOLD_3,47414642,47420159,+,LOC101773894,protein_coding,NA,"calcium-transporting ATPase 10, plasma membrane-type",LD_interval,1428
2023,panicle_length_cm,BLINK,SCAFFOLD_3_47421587,3,47421587,2.52029399946179e-08,7.59854879457703,5.8914535040598e-08,848687,0.419354838709677,93,-0.0215387059834577,47171587,47477947,291,1471,1e+06,0.2,20000,250000,TRUE,LOC101774293,SCAFFOLD_3,47428147,47430458,-,LOC101774293,protein_coding,NA,cyclin-D5-2,LD_interval,6560
2023,panicle_length_cm,BLINK,SCAFFOLD_3_47421587,3,47421587,2.52029399946179e-08,7.59854879457703,5.8914535040598e-08,848687,0.419354838709677,93,-0.0215387059834577,47171587,47477947,291,1471,1e+06,0.2,20000,250000,TRUE,LOC101774702,SCAFFOLD_3,47435787,47438784,-,LOC101774702,protein_coding,NA,"cytoplasmic tRNA 2-thiolation protein 2, transcript variant X2",LD_interval,14200
2023,panicle_length_cm,BLINK,SCAFFOLD_3_47421587,3,47421587,2.52029399946179e-08,7.59854879457703,5.8914535040598e-08,848687,0.419354838709677,93,-0.0215387059834577,47171587,47477947,291,1471,1e+06,0.2,20000,250000,TRUE,LOC101780927,SCAFFOLD_3,47440689,47441789,-,LOC101780927,protein_coding,NA,transcription factor bHLH139,LD_interval,19102
2023,panicle_length_cm,BLINK,SCAFFOLD_3_47421587,3,47421587,2.52029399946179e-08,7.59854879457703,5.8914535040598e-08,848687,0.419354838709677,93,-0.0215387059834577,47171587,47477947,291,1471,1e+06,0.2,20000,250000,TRUE,LOC101775105,SCAFFOLD_3,47451270,47453805,-,LOC101775105,protein_coding,NA,adenine phosphoribosyltransferase 1,LD_interval,29683
2023,panicle_length_cm,BLINK,SCAFFOLD_3_47421587,3,47421587,2.52029399946179e-08,7.59854879457703,5.8914535040598e-08,848687,0.419354838709677,93,-0.0215387059834577,47171587,47477947,291,1471,1e+06,0.2,20000,250000,TRUE,LOC101781333,SCAFFOLD_3,47455409,47469599,-,LOC101781333,protein_coding,NA,"kinesin-like protein KIN-12F, transcript variant X2",LD_interval,33822
2023,panicle_length_cm,BLINK,SCAFFOLD_3_47421587,3,47421587,2.52029399946179e-08,7.59854879457703,5.8914535040598e-08,848687,0.419354838709677,93,-0.0215387059834577,47171587,47477947,291,1471,1e+06,0.2,20000,250000,TRUE,LOC111256850,SCAFFOLD_3,47475285,47476830,+,LOC111256850,protein_coding,NA,pectinesterase/pectinesterase inhibitor PPE8B-like,LD_interval,53698
2023,panicle_length_cm,BLINK,SCAFFOLD_3_47421587,3,47421587,2.52029399946179e-08,7.59854879457703,5.8914535040598e-08,848687,0.419354838709677,93,-0.0215387059834577,47171587,47477947,291,1471,1e+06,0.2,20000,250000,TRUE,LOC101782128,SCAFFOLD_3,47477505,47486098,+,LOC101782128,lncRNA,NA,"",LD_interval,55918
2023,pedicel_length_cm,BLINK,SCAFFOLD_6_33510626,6,33510626,1.0261087790926e-13,12.988806596675,5.8914535040598e-08,848687,0.032258064516129,93,3.13226160684369,33489160,33516779,15,53,1e+06,0.2,20000,250000,FALSE,LOC101784904,SCAFFOLD_6,33488724,33491477,-,LOC101784904,protein_coding,NA,"RPM1-interacting protein 4, transcript variant X2",LD_interval,19149
2023,pedicel_length_cm,BLINK,SCAFFOLD_6_33510626,6,33510626,1.0261087790926e-13,12.988806596675,5.8914535040598e-08,848687,0.032258064516129,93,3.13226160684369,33489160,33516779,15,53,1e+06,0.2,20000,250000,FALSE,LOC101786099,SCAFFOLD_6,33498788,33502473,+,LOC101786099,protein_coding,NA,"ankyrin repeat and SAM domain-containing protein 6, transcript variant X1",LD_interval,8153
2023,pedicel_length_cm,BLINK,SCAFFOLD_6_33510626,6,33510626,1.0261087790926e-13,12.988806596675,5.8914535040598e-08,848687,0.032258064516129,93,3.13226160684369,33489160,33516779,15,53,1e+06,0.2,20000,250000,FALSE,LOC101786768,SCAFFOLD_6,33503989,33510295,+,LOC101786768,protein_coding,NA,"UBX domain-containing protein 1, transcript variant X3",LD_interval,331
2023,pedicel_length_cm,BLINK,SCAFFOLD_8_10301084,8,10301084,9.14433418319857e-12,11.0388479108644,5.8914535040598e-08,848687,0.0752688172043011,93,1.79423499779031,10295598,10319221,23,337,1e+06,0.2,20000,250000,TRUE,LOC101760245,SCAFFOLD_8,10294827,10296487,+,LOC101760245,protein_coding,NA,60S ribosomal protein L18a,LD_interval,4597
2023,pedicel_length_cm,BLINK,SCAFFOLD_7_10664898,7,10664898,6.26604398641777e-09,8.20300656078029,5.8914535040598e-08,848687,0.021505376344086,93,2.68619669081634,10661277,10729041,29,276,1e+06,0.2,20000,250000,FALSE,LOC101753061,SCAFFOLD_7,10663507,10664241,+,LOC101753061,protein_coding,NA,"Holliday junction resolvase MOC1, chloroplastic-like",LD_interval,657
2023,pedicel_length_cm,BLINK,SCAFFOLD_7_10664898,7,10664898,6.26604398641777e-09,8.20300656078029,5.8914535040598e-08,848687,0.021505376344086,93,2.68619669081634,10661277,10729041,29,276,1e+06,0.2,20000,250000,FALSE,LOC101762368,SCAFFOLD_7,10679559,10680313,+,LOC101762368,lncRNA,NA,"",LD_interval,14661
2023,pedicel_length_cm,BLINK,SCAFFOLD_3_39272434,3,39272434,1.564704752813e-08,7.80556759825861,5.8914535040598e-08,848687,0.0591397849462366,93,1.89996048512393,39173613,39440042,100,429,1e+06,0.2,20000,250000,TRUE,LOC101782393,SCAFFOLD_3,39192608,39197261,-,LOC101782393,protein_coding,NA,putative mediator of RNA polymerase II transcription subunit 26,LD_interval,75173
2023,pedicel_length_cm,BLINK,SCAFFOLD_3_39272434,3,39272434,1.564704752813e-08,7.80556759825861,5.8914535040598e-08,848687,0.0591397849462366,93,1.89996048512393,39173613,39440042,100,429,1e+06,0.2,20000,250000,TRUE,LOC101759715,SCAFFOLD_3,39250817,39252765,+,LOC101759715,protein_coding,NA,pectate lyase,LD_interval,19669
2023,pedicel_length_cm,BLINK,SCAFFOLD_3_39272434,3,39272434,1.564704752813e-08,7.80556759825861,5.8914535040598e-08,848687,0.0591397849462366,93,1.89996048512393,39173613,39440042,100,429,1e+06,0.2,20000,250000,TRUE,LOC101760532,SCAFFOLD_3,39275414,39285331,-,LOC101760532,protein_coding,NA,"putative disease resistance RPP13-like protein 3, transcript variant X2",LD_interval,2980
2023,pedicel_length_cm,BLINK,SCAFFOLD_3_39272434,3,39272434,1.564704752813e-08,7.80556759825861,5.8914535040598e-08,848687,0.0591397849462366,93,1.89996048512393,39173613,39440042,100,429,1e+06,0.2,20000,250000,TRUE,LOC101783486,SCAFFOLD_3,39299050,39302513,-,LOC101783486,protein_coding,NA,putative E3 ubiquitin-protein ligase SINA-like 9,LD_interval,26616
2023,pedicel_length_cm,BLINK,SCAFFOLD_3_39272434,3,39272434,1.564704752813e-08,7.80556759825861,5.8914535040598e-08,848687,0.0591397849462366,93,1.89996048512393,39173613,39440042,100,429,1e+06,0.2,20000,250000,TRUE,LOC101784557,SCAFFOLD_3,39341506,39345233,-,LOC101784557,protein_coding,NA,ABC transporter F family member 1,LD_interval,69072
2023,pedicel_length_cm,BLINK,SCAFFOLD_3_39272434,3,39272434,1.564704752813e-08,7.80556759825861,5.8914535040598e-08,848687,0.0591397849462366,93,1.89996048512393,39173613,39440042,100,429,1e+06,0.2,20000,250000,TRUE,LOC101785354,SCAFFOLD_3,39347924,39365108,-,LOC101785354,protein_coding,NA,"wall-associated receptor kinase 2-like, transcript variant X1",LD_interval,75490
2023,pedicel_length_cm,BLINK,SCAFFOLD_3_39272434,3,39272434,1.564704752813e-08,7.80556759825861,5.8914535040598e-08,848687,0.0591397849462366,93,1.89996048512393,39173613,39440042,100,429,1e+06,0.2,20000,250000,TRUE,LOC101760949,SCAFFOLD_3,39423703,39424743,+,LOC101760949,protein_coding,NA,putative cyclin-dependent kinase F-2,LD_interval,151269
2023,pedicel_length_cm,BLINK,SCAFFOLD_8_1914271,8,1914271,1.7226761195921e-08,7.76379636660062,5.8914535040598e-08,848687,0.381720430107527,93,0.541517456502664,1906724,1924843,26,26,1e+06,0.2,20000,250000,TRUE,LOC111258280,SCAFFOLD_8,1904501,1908364,-,LOC111258280,lncRNA,NA,"",LD_interval,5907
2023,pedicel_length_cm,BLINK,SCAFFOLD_8_1914271,8,1914271,1.7226761195921e-08,7.76379636660062,5.8914535040598e-08,848687,0.381720430107527,93,0.541517456502664,1906724,1924843,26,26,1e+06,0.2,20000,250000,TRUE,LOC101782925,SCAFFOLD_8,1910199,1912260,-,LOC101782925,protein_coding,NA,seipin-1,LD_interval,2011
2023,pedicel_length_cm,BLINK,SCAFFOLD_8_1914271,8,1914271,1.7226761195921e-08,7.76379636660062,5.8914535040598e-08,848687,0.381720430107527,93,0.541517456502664,1906724,1924843,26,26,1e+06,0.2,20000,250000,TRUE,LOC101776565,SCAFFOLD_8,1918199,1919089,-,LOC101776565,protein_coding,NA,phytosulfokines 5,LD_interval,3928
2023,pedicel_length_cm,FarmCPU,SCAFFOLD_8_36935954,8,36935954,1.88832244808864e-14,13.7239238440059,5.8914535040598e-08,848687,0.032258064516129,93,0.0934317967343977,36829466,36958571,40,247,1e+06,0.2,20000,250000,FALSE,LOC101783472,SCAFFOLD_8,36830538,36832793,+,LOC101783472,lncRNA,NA,"",LD_interval,103161
2023,pedicel_length_cm,FarmCPU,SCAFFOLD_8_36935954,8,36935954,1.88832244808864e-14,13.7239238440059,5.8914535040598e-08,848687,0.032258064516129,93,0.0934317967343977,36829466,36958571,40,247,1e+06,0.2,20000,250000,FALSE,LOC101777819,SCAFFOLD_8,36833050,36836002,-,LOC101777819,protein_coding,NA,protein FAR1-RELATED SEQUENCE 5-like,LD_interval,99952
2023,pedicel_length_cm,FarmCPU,SCAFFOLD_8_36935954,8,36935954,1.88832244808864e-14,13.7239238440059,5.8914535040598e-08,848687,0.032258064516129,93,0.0934317967343977,36829466,36958571,40,247,1e+06,0.2,20000,250000,FALSE,LOC101783735,SCAFFOLD_8,36841673,36842449,+,LOC101783735,protein_coding,NA,dirigent protein 1,LD_interval,93505
2023,pedicel_length_cm,FarmCPU,SCAFFOLD_8_36935954,8,36935954,1.88832244808864e-14,13.7239238440059,5.8914535040598e-08,848687,0.032258064516129,93,0.0934317967343977,36829466,36958571,40,247,1e+06,0.2,20000,250000,FALSE,LOC101784145,SCAFFOLD_8,36848699,36856033,-,LOC101784145,protein_coding,NA,"nodulin homeobox, transcript variant X1",LD_interval,79921
2023,pedicel_length_cm,FarmCPU,SCAFFOLD_8_36935954,8,36935954,1.88832244808864e-14,13.7239238440059,5.8914535040598e-08,848687,0.032258064516129,93,0.0934317967343977,36829466,36958571,40,247,1e+06,0.2,20000,250000,FALSE,TRNAN-GUU-9,SCAFFOLD_8,36856130,36856203,+,TRNAN-GUU,tRNA,NA,"",LD_interval,79751
2023,pedicel_length_cm,FarmCPU,SCAFFOLD_8_36935954,8,36935954,1.88832244808864e-14,13.7239238440059,5.8914535040598e-08,848687,0.032258064516129,93,0.0934317967343977,36829466,36958571,40,247,1e+06,0.2,20000,250000,FALSE,LOC101784816,SCAFFOLD_8,36856512,36865072,-,LOC101784816,protein_coding,NA,"sister-chromatid cohesion protein 3, transcript variant X3",LD_interval,70882
2023,pedicel_length_cm,FarmCPU,SCAFFOLD_8_36935954,8,36935954,1.88832244808864e-14,13.7239238440059,5.8914535040598e-08,848687,0.032258064516129,93,0.0934317967343977,36829466,36958571,40,247,1e+06,0.2,20000,250000,FALSE,LOC101785745,SCAFFOLD_8,36866134,36870610,-,LOC101785745,protein_coding,NA,sodium/hydrogen exchanger 2,LD_interval,65344
2023,pedicel_length_cm,FarmCPU,SCAFFOLD_8_36935954,8,36935954,1.88832244808864e-14,13.7239238440059,5.8914535040598e-08,848687,0.032258064516129,93,0.0934317967343977,36829466,36958571,40,247,1e+06,0.2,20000,250000,FALSE,LOC101786151,SCAFFOLD_8,36873495,36877495,-,LOC101786151,protein_coding,NA,"kinesin-like protein KIN-14O, transcript variant X1",LD_interval,58459
2023,pedicel_length_cm,FarmCPU,SCAFFOLD_8_36935954,8,36935954,1.88832244808864e-14,13.7239238440059,5.8914535040598e-08,848687,0.032258064516129,93,0.0934317967343977,36829466,36958571,40,247,1e+06,0.2,20000,250000,FALSE,LOC101779041,SCAFFOLD_8,36937164,36937764,-,LOC101779041,protein_coding,NA,CASP-like protein 1U1,LD_interval,1210
2023,pedicel_length_cm,FarmCPU,SCAFFOLD_8_36935954,8,36935954,1.88832244808864e-14,13.7239238440059,5.8914535040598e-08,848687,0.032258064516129,93,0.0934317967343977,36829466,36958571,40,247,1e+06,0.2,20000,250000,FALSE,LOC101752801,SCAFFOLD_8,36939817,36940380,-,LOC101752801,protein_coding,NA,CASP-like protein 1U3,LD_interval,3863
2023,pedicel_length_cm,FarmCPU,SCAFFOLD_8_36935954,8,36935954,1.88832244808864e-14,13.7239238440059,5.8914535040598e-08,848687,0.032258064516129,93,0.0934317967343977,36829466,36958571,40,247,1e+06,0.2,20000,250000,FALSE,LOC101753215,SCAFFOLD_8,36942611,36943183,-,LOC101753215,protein_coding,NA,CASP-like protein 1U3,LD_interval,6657
2023,pedicel_length_cm,FarmCPU,SCAFFOLD_8_36935954,8,36935954,1.88832244808864e-14,13.7239238440059,5.8914535040598e-08,848687,0.032258064516129,93,0.0934317967343977,36829466,36958571,40,247,1e+06,0.2,20000,250000,FALSE,LOC101779447,SCAFFOLD_8,36944100,36944708,-,LOC101779447,protein_coding,NA,CASP-like protein 1U4,LD_interval,8146
2023,pedicel_length_cm,FarmCPU,SCAFFOLD_8_36935954,8,36935954,1.88832244808864e-14,13.7239238440059,5.8914535040598e-08,848687,0.032258064516129,93,0.0934317967343977,36829466,36958571,40,247,1e+06,0.2,20000,250000,FALSE,LOC101753624,SCAFFOLD_8,36945503,36947617,-,LOC101753624,protein_coding,NA,tropinone reductase homolog At2g29170,LD_interval,9549
2023,pedicel_length_cm,FarmCPU,SCAFFOLD_8_36935954,8,36935954,1.88832244808864e-14,13.7239238440059,5.8914535040598e-08,848687,0.032258064516129,93,0.0934317967343977,36829466,36958571,40,247,1e+06,0.2,20000,250000,FALSE,LOC101754434,SCAFFOLD_8,36957183,36959677,-,LOC101754434,protein_coding,NA,tropinone reductase homolog At5g06060,LD_interval,21229
2023,pedicel_length_cm,FarmCPU,SCAFFOLD_2_32565066,2,32565066,1.42724071690479e-12,11.8455027730613,5.8914535040598e-08,848687,0.043010752688172,93,0.499484475704397,32560925,32572409,5,82,1e+06,0.2,20000,250000,FALSE,LOC101774392,SCAFFOLD_2,32546370,32553573,-,LOC101774392,protein_coding,NA,"uncharacterized protein C227.17c, transcript variant X4",nearest_gene,11493
2023,pedicel_length_cm,FarmCPU,SCAFFOLD_2_32479851,2,32479851,6.08158339400653e-12,11.2159833335969,5.8914535040598e-08,848687,0.021505376344086,93,4.21562749942019,32450150,32479851,4,82,1e+06,0.2,20000,250000,FALSE,LOC101771556,SCAFFOLD_2,32504709,32506077,-,LOC101771556,protein_coding,NA,transmembrane protein 45B,nearest_gene,24858
2023,pedicel_length_cm,FarmCPU,SCAFFOLD_3_26817959,3,26817959,3.09072587452664e-11,10.5099395120702,5.8914535040598e-08,848687,0.408602150537634,93,3.42833865594239,26567959,26892870,164,1484,1e+06,0.2,20000,250000,TRUE,LOC101781453,SCAFFOLD_3,26566158,26578892,-,LOC101781453,protein_coding,NA,protein NRT1/ PTR FAMILY 2.7,LD_interval,239067
2023,pedicel_length_cm,FarmCPU,SCAFFOLD_3_26817959,3,26817959,3.09072587452664e-11,10.5099395120702,5.8914535040598e-08,848687,0.408602150537634,93,3.42833865594239,26567959,26892870,164,1484,1e+06,0.2,20000,250000,TRUE,LOC101781856,SCAFFOLD_3,26595819,26598239,+,LOC101781856,protein_coding,NA,uncharacterized LOC101781856,LD_interval,219720
2023,pedicel_length_cm,FarmCPU,SCAFFOLD_3_26817959,3,26817959,3.09072587452664e-11,10.5099395120702,5.8914535040598e-08,848687,0.408602150537634,93,3.42833865594239,26567959,26892870,164,1484,1e+06,0.2,20000,250000,TRUE,LOC101782258,SCAFFOLD_3,26607929,26609383,+,LOC101782258,protein_coding,NA,uncharacterized LOC101782258,LD_interval,208576
2023,pedicel_length_cm,FarmCPU,SCAFFOLD_3_26817959,3,26817959,3.09072587452664e-11,10.5099395120702,5.8914535040598e-08,848687,0.408602150537634,93,3.42833865594239,26567959,26892870,164,1484,1e+06,0.2,20000,250000,TRUE,LOC101782665,SCAFFOLD_3,26620061,26625050,+,LOC101782665,protein_coding,NA,"ruBisCO large subunit-binding protein subunit alpha, chloroplastic",LD_interval,192909
2023,pedicel_length_cm,FarmCPU,SCAFFOLD_3_26817959,3,26817959,3.09072587452664e-11,10.5099395120702,5.8914535040598e-08,848687,0.408602150537634,93,3.42833865594239,26567959,26892870,164,1484,1e+06,0.2,20000,250000,TRUE,LOC101773228,SCAFFOLD_3,26649153,26650903,+,LOC101773228,protein_coding,NA,protein NRT1/ PTR FAMILY 5.1,LD_interval,167056
2023,pedicel_length_cm,FarmCPU,SCAFFOLD_3_26817959,3,26817959,3.09072587452664e-11,10.5099395120702,5.8914535040598e-08,848687,0.408602150537634,93,3.42833865594239,26567959,26892870,164,1484,1e+06,0.2,20000,250000,TRUE,LOC101783082,SCAFFOLD_3,26655541,26656762,-,LOC101783082,protein_coding,NA,"cell wall protein RBR3, transcript variant X2",LD_interval,161197
2023,pedicel_length_cm,FarmCPU,SCAFFOLD_3_26817959,3,26817959,3.09072587452664e-11,10.5099395120702,5.8914535040598e-08,848687,0.408602150537634,93,3.42833865594239,26567959,26892870,164,1484,1e+06,0.2,20000,250000,TRUE,LOC111256588,SCAFFOLD_3,26672479,26674379,+,LOC111256588,lncRNA,NA,"",LD_interval,143580
2023,pedicel_length_cm,FarmCPU,SCAFFOLD_3_26817959,3,26817959,3.09072587452664e-11,10.5099395120702,5.8914535040598e-08,848687,0.408602150537634,93,3.42833865594239,26567959,26892870,164,1484,1e+06,0.2,20000,250000,TRUE,LOC101783742,SCAFFOLD_3,26679729,26685419,+,LOC101783742,protein_coding,NA,"prosaposin, transcript variant X6",LD_interval,132540
2023,pedicel_length_cm,FarmCPU,SCAFFOLD_3_26817959,3,26817959,3.09072587452664e-11,10.5099395120702,5.8914535040598e-08,848687,0.408602150537634,93,3.42833865594239,26567959,26892870,164,1484,1e+06,0.2,20000,250000,TRUE,LOC101784956,SCAFFOLD_3,26687667,26689244,+,LOC101784956,protein_coding,NA,CBL-interacting protein kinase 22,LD_interval,128715
2023,pedicel_length_cm,FarmCPU,SCAFFOLD_3_26817959,3,26817959,3.09072587452664e-11,10.5099395120702,5.8914535040598e-08,848687,0.408602150537634,93,3.42833865594239,26567959,26892870,164,1484,1e+06,0.2,20000,250000,TRUE,LOC101786556,SCAFFOLD_3,26768178,26770357,+,LOC101786556,protein_coding,NA,adenine/guanine permease AZG1,LD_interval,47602
2023,pedicel_length_cm,FarmCPU,SCAFFOLD_3_26817959,3,26817959,3.09072587452664e-11,10.5099395120702,5.8914535040598e-08,848687,0.408602150537634,93,3.42833865594239,26567959,26892870,164,1484,1e+06,0.2,20000,250000,TRUE,LOC101774849,SCAFFOLD_3,26805879,26815599,+,LOC101774849,protein_coding,NA,"NADP-dependent malic enzyme, chloroplastic, transcript variant X3",LD_interval,2360
2023,pedicel_length_cm,FarmCPU,SCAFFOLD_3_26817959,3,26817959,3.09072587452664e-11,10.5099395120702,5.8914535040598e-08,848687,0.408602150537634,93,3.42833865594239,26567959,26892870,164,1484,1e+06,0.2,20000,250000,TRUE,LOC101786950,SCAFFOLD_3,26830792,26835574,-,LOC101786950,protein_coding,NA,CBL-interacting protein kinase 18,LD_interval,12833
2023,pedicel_length_cm,FarmCPU,SCAFFOLD_3_26817959,3,26817959,3.09072587452664e-11,10.5099395120702,5.8914535040598e-08,848687,0.408602150537634,93,3.42833865594239,26567959,26892870,164,1484,1e+06,0.2,20000,250000,TRUE,LOC101753090,SCAFFOLD_3,26859465,26860154,-,LOC101753090,lncRNA,NA,"",LD_interval,41506
2023,pedicel_length_cm,FarmCPU,SCAFFOLD_3_26817959,3,26817959,3.09072587452664e-11,10.5099395120702,5.8914535040598e-08,848687,0.408602150537634,93,3.42833865594239,26567959,26892870,164,1484,1e+06,0.2,20000,250000,TRUE,LOC111256819,SCAFFOLD_3,26873868,26877141,+,LOC111256819,protein_coding,NA,uncharacterized LOC111256819,LD_interval,55909
2023,pedicel_length_cm,FarmCPU,SCAFFOLD_3_26719057,3,26719057,5.0419447344908e-11,10.2974019190002,5.8914535040598e-08,848687,0.0645161290322581,93,0.361794201571867,26685671,26747134,23,638,1e+06,0.2,20000,250000,TRUE,LOC101784956,SCAFFOLD_3,26687667,26689244,+,LOC101784956,protein_coding,NA,CBL-interacting protein kinase 22,LD_interval,29813
2023,pedicel_length_cm,FarmCPU,SCAFFOLD_6_30719876,6,30719876,6.59104772413302e-11,10.1810455437304,5.8914535040598e-08,848687,0.032258064516129,93,0.0617314297259665,30719876,30735957,3,31,1e+06,0.2,20000,250000,FALSE,LOC105914608,SCAFFOLD_6,30719436,30721091,-,LOC105914608,protein_coding,NA,uncharacterized LOC105914608,contains_lead_snp,0
2023,pedicel_length_cm,FarmCPU,SCAFFOLD_6_30719876,6,30719876,6.59104772413302e-11,10.1810455437304,5.8914535040598e-08,848687,0.032258064516129,93,0.0617314297259665,30719876,30735957,3,31,1e+06,0.2,20000,250000,FALSE,LOC106804396,SCAFFOLD_6,30724561,30725681,-,LOC106804396,protein_coding,NA,uncharacterized mitochondrial protein AtMg00810-like,LD_interval,4685
2023,pedicel_length_cm,FarmCPU,SCAFFOLD_6_30799288,6,30799288,4.84041346027644e-09,8.31511754004003,5.8914535040598e-08,848687,0.258064516129032,93,1.15646151455776,30799155,30799297,6,7,1e+06,0.2,20000,250000,TRUE,LOC111257680,SCAFFOLD_6,30794678,30795663,-,LOC111257680,lncRNA,NA,"",nearest_gene,3625
2023,pedicel_length_cm,FarmCPU,SCAFFOLD_8_36845614,8,36845614,2.57298180616783e-08,7.58956328472197,5.8914535040598e-08,848687,0.0698924731182796,93,0.981308144596018,36829466,36880553,11,76,1e+06,0.2,20000,250000,TRUE,LOC101783472,SCAFFOLD_8,36830538,36832793,+,LOC101783472,lncRNA,NA,"",LD_interval,12821
2023,pedicel_length_cm,FarmCPU,SCAFFOLD_8_36845614,8,36845614,2.57298180616783e-08,7.58956328472197,5.8914535040598e-08,848687,0.0698924731182796,93,0.981308144596018,36829466,36880553,11,76,1e+06,0.2,20000,250000,TRUE,LOC101777819,SCAFFOLD_8,36833050,36836002,-,LOC101777819,protein_coding,NA,protein FAR1-RELATED SEQUENCE 5-like,LD_interval,9612
2023,pedicel_length_cm,FarmCPU,SCAFFOLD_8_36845614,8,36845614,2.57298180616783e-08,7.58956328472197,5.8914535040598e-08,848687,0.0698924731182796,93,0.981308144596018,36829466,36880553,11,76,1e+06,0.2,20000,250000,TRUE,LOC101783735,SCAFFOLD_8,36841673,36842449,+,LOC101783735,protein_coding,NA,dirigent protein 1,LD_interval,3165
2023,pedicel_length_cm,FarmCPU,SCAFFOLD_8_36845614,8,36845614,2.57298180616783e-08,7.58956328472197,5.8914535040598e-08,848687,0.0698924731182796,93,0.981308144596018,36829466,36880553,11,76,1e+06,0.2,20000,250000,TRUE,LOC101784145,SCAFFOLD_8,36848699,36856033,-,LOC101784145,protein_coding,NA,"nodulin homeobox, transcript variant X1",LD_interval,3085
2023,pedicel_length_cm,FarmCPU,SCAFFOLD_8_36845614,8,36845614,2.57298180616783e-08,7.58956328472197,5.8914535040598e-08,848687,0.0698924731182796,93,0.981308144596018,36829466,36880553,11,76,1e+06,0.2,20000,250000,TRUE,TRNAN-GUU-9,SCAFFOLD_8,36856130,36856203,+,TRNAN-GUU,tRNA,NA,"",LD_interval,10516
2023,pedicel_length_cm,FarmCPU,SCAFFOLD_8_36845614,8,36845614,2.57298180616783e-08,7.58956328472197,5.8914535040598e-08,848687,0.0698924731182796,93,0.981308144596018,36829466,36880553,11,76,1e+06,0.2,20000,250000,TRUE,LOC101784816,SCAFFOLD_8,36856512,36865072,-,LOC101784816,protein_coding,NA,"sister-chromatid cohesion protein 3, transcript variant X3",LD_interval,10898
2023,pedicel_length_cm,FarmCPU,SCAFFOLD_8_36845614,8,36845614,2.57298180616783e-08,7.58956328472197,5.8914535040598e-08,848687,0.0698924731182796,93,0.981308144596018,36829466,36880553,11,76,1e+06,0.2,20000,250000,TRUE,LOC101785745,SCAFFOLD_8,36866134,36870610,-,LOC101785745,protein_coding,NA,sodium/hydrogen exchanger 2,LD_interval,20520
2023,pedicel_length_cm,FarmCPU,SCAFFOLD_8_36845614,8,36845614,2.57298180616783e-08,7.58956328472197,5.8914535040598e-08,848687,0.0698924731182796,93,0.981308144596018,36829466,36880553,11,76,1e+06,0.2,20000,250000,TRUE,LOC101786151,SCAFFOLD_8,36873495,36877495,-,LOC101786151,protein_coding,NA,"kinesin-like protein KIN-14O, transcript variant X1",LD_interval,27881
2023,pedicel_length_cm,MLM,SCAFFOLD_1_26518653,1,26518653,4.79401412104381e-08,7.31930069106115,5.8914535040598e-08,848687,0.0161290322580645,93,7.61931843000954,26518653,26538483,3,17,1e+06,0.2,20000,250000,FALSE,TRNAG-GCC-4,SCAFFOLD_1,26526973,26527043,+,TRNAG-GCC,tRNA,NA,"",LD_interval,8320
2023,pedicel_length_cm,MLM,SCAFFOLD_1_26518653,1,26518653,4.79401412104381e-08,7.31930069106115,5.8914535040598e-08,848687,0.0161290322580645,93,7.61931843000954,26518653,26538483,3,17,1e+06,0.2,20000,250000,FALSE,LOC101757999,SCAFFOLD_1,26536110,26537206,-,LOC101757999,protein_coding,NA,NDR1/HIN1-like protein 1,LD_interval,17457
2023,pedicel_length_cm,MLM,SCAFFOLD_7_3876048,7,3876048,4.79401412104381e-08,7.31930069106115,5.8914535040598e-08,848687,0.0161290322580645,93,7.61931843000954,3876048,3876048,1,108,1e+06,0.2,20000,250000,FALSE,LOC101778059,SCAFFOLD_7,3867708,3899316,+,LOC101778059,protein_coding,NA,"probable RNA-dependent RNA polymerase 3, transcript variant X1",contains_lead_snp,0
2023,pedicel_length_cm,MLM,SCAFFOLD_7_8340204,7,8340204,4.79401412104381e-08,7.31930069106115,5.8914535040598e-08,848687,0.0161290322580645,93,7.61931843000954,8340204,8404506,23,309,1e+06,0.2,20000,250000,FALSE,LOC101778188,SCAFFOLD_7,8314270,8320598,-,LOC101778188,protein_coding,NA,"glucose-6-phosphate 1-dehydrogenase 2, chloroplastic",nearest_gene,19606
2023,pedicel_length_cm,MLM,SCAFFOLD_7_31481489,7,31481489,4.79401412104381e-08,7.31930069106115,5.8914535040598e-08,848687,0.0161290322580645,93,7.61931843000954,31444431,31515406,10,70,1e+06,0.2,20000,250000,FALSE,LOC101767936,SCAFFOLD_7,31445174,31449258,+,LOC101767936,protein_coding,NA,"pheophytinase, chloroplastic",LD_interval,32231
2023,pedicel_length_cm,MLM,SCAFFOLD_7_31481489,7,31481489,4.79401412104381e-08,7.31930069106115,5.8914535040598e-08,848687,0.0161290322580645,93,7.61931843000954,31444431,31515406,10,70,1e+06,0.2,20000,250000,FALSE,LOC105914789,SCAFFOLD_7,31449395,31450860,+,LOC105914789,misc_RNA,NA,uncharacterized LOC105914789,LD_interval,30629
2023,pedicel_length_cm,MLM,SCAFFOLD_7_31481489,7,31481489,4.79401412104381e-08,7.31930069106115,5.8914535040598e-08,848687,0.0161290322580645,93,7.61931843000954,31444431,31515406,10,70,1e+06,0.2,20000,250000,FALSE,LOC101768338,SCAFFOLD_7,31450968,31454221,-,LOC101768338,protein_coding,NA,uncharacterized vacuolar membrane protein YML018C,LD_interval,27268
2023,pedicel_length_cm,MLM,SCAFFOLD_7_31481489,7,31481489,4.79401412104381e-08,7.31930069106115,5.8914535040598e-08,848687,0.0161290322580645,93,7.61931843000954,31444431,31515406,10,70,1e+06,0.2,20000,250000,FALSE,LOC101760490,SCAFFOLD_7,31458521,31461994,-,LOC101760490,protein_coding,NA,ubiquitin carboxyl-terminal hydrolase 22,LD_interval,19495
2023,pedicel_length_cm,MLM,SCAFFOLD_7_31481489,7,31481489,4.79401412104381e-08,7.31930069106115,5.8914535040598e-08,848687,0.0161290322580645,93,7.61931843000954,31444431,31515406,10,70,1e+06,0.2,20000,250000,FALSE,LOC111258028,SCAFFOLD_7,31475872,31476527,+,LOC111258028,lncRNA,NA,"",LD_interval,4962
2023,pedicel_length_cm,MLM,SCAFFOLD_7_31481489,7,31481489,4.79401412104381e-08,7.31930069106115,5.8914535040598e-08,848687,0.0161290322580645,93,7.61931843000954,31444431,31515406,10,70,1e+06,0.2,20000,250000,FALSE,LOC101769024,SCAFFOLD_7,31477259,31481034,-,LOC101769024,protein_coding,NA,glycerol kinase,LD_interval,455
2023,pedicel_length_cm,MLM,SCAFFOLD_7_31481489,7,31481489,4.79401412104381e-08,7.31930069106115,5.8914535040598e-08,848687,0.0161290322580645,93,7.61931843000954,31444431,31515406,10,70,1e+06,0.2,20000,250000,FALSE,LOC105914790,SCAFFOLD_7,31483224,31486041,+,LOC105914790,protein_coding,NA,uncharacterized LOC105914790,LD_interval,1735
2023,pedicel_length_cm,MLM,SCAFFOLD_7_31481489,7,31481489,4.79401412104381e-08,7.31930069106115,5.8914535040598e-08,848687,0.0161290322580645,93,7.61931843000954,31444431,31515406,10,70,1e+06,0.2,20000,250000,FALSE,LOC101769423,SCAFFOLD_7,31489670,31491364,+,LOC101769423,protein_coding,NA,putative leucine-rich repeat receptor-like serine/threonine-protein kinase At2g24130,LD_interval,8181
2023,pedicel_length_cm,MLM,SCAFFOLD_7_31481489,7,31481489,4.79401412104381e-08,7.31930069106115,5.8914535040598e-08,848687,0.0161290322580645,93,7.61931843000954,31444431,31515406,10,70,1e+06,0.2,20000,250000,FALSE,LOC105914791,SCAFFOLD_7,31492038,31494580,+,LOC105914791,protein_coding,NA,polygalacturonase inhibitor 1-like,LD_interval,10549
2023,pedicel_length_cm,MLM,SCAFFOLD_7_31481489,7,31481489,4.79401412104381e-08,7.31930069106115,5.8914535040598e-08,848687,0.0161290322580645,93,7.61931843000954,31444431,31515406,10,70,1e+06,0.2,20000,250000,FALSE,LOC101769826,SCAFFOLD_7,31496077,31501143,-,LOC101769826,protein_coding,NA,"BRCA1-associated protein, transcript variant X2",LD_interval,14588
2023,pedicel_length_cm,MLM,SCAFFOLD_7_31481489,7,31481489,4.79401412104381e-08,7.31930069106115,5.8914535040598e-08,848687,0.0161290322580645,93,7.61931843000954,31444431,31515406,10,70,1e+06,0.2,20000,250000,FALSE,LOC101770369,SCAFFOLD_7,31502732,31503828,+,LOC101770369,protein_coding,NA,uncharacterized LOC101770369,LD_interval,21243
2023,pedicel_length_cm,MLM,SCAFFOLD_7_31481489,7,31481489,4.79401412104381e-08,7.31930069106115,5.8914535040598e-08,848687,0.0161290322580645,93,7.61931843000954,31444431,31515406,10,70,1e+06,0.2,20000,250000,FALSE,LOC101770783,SCAFFOLD_7,31506918,31512244,+,LOC101770783,protein_coding,NA,crossover junction endonuclease EME1,LD_interval,25429
2023,thousand_seed_weight_g,BLINK,SCAFFOLD_1_33452294,1,33452294,4.62548432451453e-11,10.334842786503,5.8914535040598e-08,848687,0.0930232558139535,86,-0.339179571448717,33452185,33452314,6,6,1e+06,0.2,20000,250000,TRUE,LOC101757340,SCAFFOLD_1,33448347,33450533,+,LOC101757340,protein_coding,NA,cytochrome P450 709B2,nearest_gene,1761
2023,thousand_seed_weight_g,BLINK,SCAFFOLD_4_35189988,4,35189988,1.37593641069106e-09,8.8614016366849,5.8914535040598e-08,848687,0.0465116279069767,86,-0.319589062091457,35182134,35208494,33,63,1e+06,0.2,20000,250000,FALSE,LOC101770300,SCAFFOLD_4,35202256,35204430,-,LOC101770300,protein_coding,NA,uncharacterized LOC101770300,LD_interval,12268
2023,thousand_seed_weight_g,BLINK,SCAFFOLD_4_6234334,4,6234334,1.34365699085726e-08,7.87171158395368,5.8914535040598e-08,848687,0.38953488372093,86,0.119105496803891,6192411,6400243,133,446,1e+06,0.2,20000,250000,TRUE,LOC101766628,SCAFFOLD_4,6193737,6195357,-,LOC101766628,protein_coding,NA,uncharacterized LOC101766628,LD_interval,38977
2023,thousand_seed_weight_g,BLINK,SCAFFOLD_4_6234334,4,6234334,1.34365699085726e-08,7.87171158395368,5.8914535040598e-08,848687,0.38953488372093,86,0.119105496803891,6192411,6400243,133,446,1e+06,0.2,20000,250000,TRUE,LOC101767448,SCAFFOLD_4,6199897,6207306,+,LOC101767448,protein_coding,NA,"alternative NAD(P)H-ubiquinone oxidoreductase C1, chloroplastic/mitochondrial, transcript variant X1",LD_interval,27028
2023,thousand_seed_weight_g,BLINK,SCAFFOLD_4_6234334,4,6234334,1.34365699085726e-08,7.87171158395368,5.8914535040598e-08,848687,0.38953488372093,86,0.119105496803891,6192411,6400243,133,446,1e+06,0.2,20000,250000,TRUE,LOC101767040,SCAFFOLD_4,6207539,6208870,-,LOC101767040,protein_coding,NA,2-hydroxyisoflavanone dehydratase,LD_interval,25464
2023,thousand_seed_weight_g,BLINK,SCAFFOLD_4_6234334,4,6234334,1.34365699085726e-08,7.87171158395368,5.8914535040598e-08,848687,0.38953488372093,86,0.119105496803891,6192411,6400243,133,446,1e+06,0.2,20000,250000,TRUE,LOC101768124,SCAFFOLD_4,6213957,6215120,-,LOC101768124,protein_coding,NA,"tuliposide A-converting enzyme 1, chloroplastic",LD_interval,19214
2023,thousand_seed_weight_g,BLINK,SCAFFOLD_4_6234334,4,6234334,1.34365699085726e-08,7.87171158395368,5.8914535040598e-08,848687,0.38953488372093,86,0.119105496803891,6192411,6400243,133,446,1e+06,0.2,20000,250000,TRUE,LOC101768527,SCAFFOLD_4,6218410,6219604,-,LOC101768527,protein_coding,NA,2-hydroxyisoflavanone dehydratase,LD_interval,14730
2023,thousand_seed_weight_g,BLINK,SCAFFOLD_4_6234334,4,6234334,1.34365699085726e-08,7.87171158395368,5.8914535040598e-08,848687,0.38953488372093,86,0.119105496803891,6192411,6400243,133,446,1e+06,0.2,20000,250000,TRUE,LOC101768926,SCAFFOLD_4,6220775,6222684,-,LOC101768926,protein_coding,NA,probable carboxylesterase 7,LD_interval,11650
2023,thousand_seed_weight_g,BLINK,SCAFFOLD_4_6234334,4,6234334,1.34365699085726e-08,7.87171158395368,5.8914535040598e-08,848687,0.38953488372093,86,0.119105496803891,6192411,6400243,133,446,1e+06,0.2,20000,250000,TRUE,LOC101769338,SCAFFOLD_4,6227268,6228661,-,LOC101769338,protein_coding,NA,"tuliposide A-converting enzyme 1, chloroplastic",LD_interval,5673
2023,thousand_seed_weight_g,BLINK,SCAFFOLD_4_6234334,4,6234334,1.34365699085726e-08,7.87171158395368,5.8914535040598e-08,848687,0.38953488372093,86,0.119105496803891,6192411,6400243,133,446,1e+06,0.2,20000,250000,TRUE,LOC101765021,SCAFFOLD_4,6233223,6234917,+,LOC101765021,protein_coding,NA,uncharacterized protein DDB_G0271670,contains_lead_snp,0
2023,thousand_seed_weight_g,BLINK,SCAFFOLD_4_6234334,4,6234334,1.34365699085726e-08,7.87171158395368,5.8914535040598e-08,848687,0.38953488372093,86,0.119105496803891,6192411,6400243,133,446,1e+06,0.2,20000,250000,TRUE,LOC101769739,SCAFFOLD_4,6236642,6237890,-,LOC101769739,protein_coding,NA,"26.2 kDa heat shock protein, mitochondrial",LD_interval,2308
2023,thousand_seed_weight_g,BLINK,SCAFFOLD_4_6234334,4,6234334,1.34365699085726e-08,7.87171158395368,5.8914535040598e-08,848687,0.38953488372093,86,0.119105496803891,6192411,6400243,133,446,1e+06,0.2,20000,250000,TRUE,LOC101770149,SCAFFOLD_4,6238577,6243097,-,LOC101770149,protein_coding,NA,"uncharacterized LOC101770149, transcript variant X2",LD_interval,4243
2023,thousand_seed_weight_g,BLINK,SCAFFOLD_4_6234334,4,6234334,1.34365699085726e-08,7.87171158395368,5.8914535040598e-08,848687,0.38953488372093,86,0.119105496803891,6192411,6400243,133,446,1e+06,0.2,20000,250000,TRUE,LOC101770830,SCAFFOLD_4,6248213,6248895,-,LOC101770830,protein_coding,NA,uncharacterized LOC101770830,LD_interval,13879
2023,thousand_seed_weight_g,BLINK,SCAFFOLD_4_6234334,4,6234334,1.34365699085726e-08,7.87171158395368,5.8914535040598e-08,848687,0.38953488372093,86,0.119105496803891,6192411,6400243,133,446,1e+06,0.2,20000,250000,TRUE,LOC101771217,SCAFFOLD_4,6278426,6280112,+,LOC101771217,protein_coding,NA,cyclin-dependent kinase inhibitor 1,LD_interval,44092
2023,thousand_seed_weight_g,BLINK,SCAFFOLD_4_6234334,4,6234334,1.34365699085726e-08,7.87171158395368,5.8914535040598e-08,848687,0.38953488372093,86,0.119105496803891,6192411,6400243,133,446,1e+06,0.2,20000,250000,TRUE,LOC101771616,SCAFFOLD_4,6285645,6290272,+,LOC101771616,protein_coding,NA,uncharacterized LOC101771616,LD_interval,51311
2023,thousand_seed_weight_g,BLINK,SCAFFOLD_4_6234334,4,6234334,1.34365699085726e-08,7.87171158395368,5.8914535040598e-08,848687,0.38953488372093,86,0.119105496803891,6192411,6400243,133,446,1e+06,0.2,20000,250000,TRUE,LOC101772020,SCAFFOLD_4,6293017,6293668,+,LOC101772020,protein_coding,NA,uncharacterized LOC101772020,LD_interval,58683
2023,thousand_seed_weight_g,BLINK,SCAFFOLD_4_6234334,4,6234334,1.34365699085726e-08,7.87171158395368,5.8914535040598e-08,848687,0.38953488372093,86,0.119105496803891,6192411,6400243,133,446,1e+06,0.2,20000,250000,TRUE,LOC101765414,SCAFFOLD_4,6296153,6297673,-,LOC101765414,protein_coding,NA,glutathione S-transferase T3-like,LD_interval,61819
2023,thousand_seed_weight_g,BLINK,SCAFFOLD_4_6234334,4,6234334,1.34365699085726e-08,7.87171158395368,5.8914535040598e-08,848687,0.38953488372093,86,0.119105496803891,6192411,6400243,133,446,1e+06,0.2,20000,250000,TRUE,LOC101772423,SCAFFOLD_4,6309164,6309740,+,LOC101772423,protein_coding,NA,uncharacterized LOC101772423,LD_interval,74830
2023,thousand_seed_weight_g,BLINK,SCAFFOLD_4_6234334,4,6234334,1.34365699085726e-08,7.87171158395368,5.8914535040598e-08,848687,0.38953488372093,86,0.119105496803891,6192411,6400243,133,446,1e+06,0.2,20000,250000,TRUE,LOC101765814,SCAFFOLD_4,6316541,6319769,+,LOC101765814,protein_coding,NA,protein FAR1-RELATED SEQUENCE 5,LD_interval,82207
2023,thousand_seed_weight_g,BLINK,SCAFFOLD_4_6234334,4,6234334,1.34365699085726e-08,7.87171158395368,5.8914535040598e-08,848687,0.38953488372093,86,0.119105496803891,6192411,6400243,133,446,1e+06,0.2,20000,250000,TRUE,LOC101772825,SCAFFOLD_4,6338601,6348550,-,LOC101772825,protein_coding,NA,trafficking protein particle complex II-specific subunit 130 homolog,LD_interval,104267
2023,thousand_seed_weight_g,BLINK,SCAFFOLD_4_6234334,4,6234334,1.34365699085726e-08,7.87171158395368,5.8914535040598e-08,848687,0.38953488372093,86,0.119105496803891,6192411,6400243,133,446,1e+06,0.2,20000,250000,TRUE,LOC101773237,SCAFFOLD_4,6362660,6366728,+,LOC101773237,protein_coding,NA,"protein TIC 22, chloroplastic",LD_interval,128326
2023,thousand_seed_weight_g,BLINK,SCAFFOLD_4_6234334,4,6234334,1.34365699085726e-08,7.87171158395368,5.8914535040598e-08,848687,0.38953488372093,86,0.119105496803891,6192411,6400243,133,446,1e+06,0.2,20000,250000,TRUE,LOC101766641,SCAFFOLD_4,6366891,6369708,+,LOC101766641,protein_coding,NA,probable fucosyltransferase 7,LD_interval,132557
2023,thousand_seed_weight_g,BLINK,SCAFFOLD_4_6234334,4,6234334,1.34365699085726e-08,7.87171158395368,5.8914535040598e-08,848687,0.38953488372093,86,0.119105496803891,6192411,6400243,133,446,1e+06,0.2,20000,250000,TRUE,LOC101773647,SCAFFOLD_4,6373323,6375193,-,LOC101773647,protein_coding,NA,galactoside 2-alpha-L-fucosyltransferase,LD_interval,138989
2023,thousand_seed_weight_g,BLINK,SCAFFOLD_4_6234334,4,6234334,1.34365699085726e-08,7.87171158395368,5.8914535040598e-08,848687,0.38953488372093,86,0.119105496803891,6192411,6400243,133,446,1e+06,0.2,20000,250000,TRUE,LOC101767055,SCAFFOLD_4,6382700,6384619,+,LOC101767055,protein_coding,NA,probable fucosyltransferase 7,LD_interval,148366
2023,thousand_seed_weight_g,BLINK,SCAFFOLD_4_6234334,4,6234334,1.34365699085726e-08,7.87171158395368,5.8914535040598e-08,848687,0.38953488372093,86,0.119105496803891,6192411,6400243,133,446,1e+06,0.2,20000,250000,TRUE,LOC101767463,SCAFFOLD_4,6390475,6393045,+,LOC101767463,protein_coding,NA,galactoside 2-alpha-L-fucosyltransferase,LD_interval,156141
2024_N120,days_to_harvest,BLINK,SCAFFOLD_1_22503775,1,22503775,1.96288469630893e-08,7.7071052109591,5.8914535040598e-08,848687,0.03125,80,30.3855628945779,22502203,22516010,22,111,1e+06,0.2,20000,250000,FALSE,LOC101783550,SCAFFOLD_1,22442740,22459115,+,LOC101783550,protein_coding,NA,importin beta-like SAD2,nearest_gene,44660
2024_N120,days_to_harvest,FarmCPU,SCAFFOLD_1_22503775,1,22503775,2.83546784505742e-29,28.5473752733624,5.8914535040598e-08,848687,0.03125,80,49.1685444190159,22502203,22516010,22,111,1e+06,0.2,20000,250000,FALSE,LOC101783550,SCAFFOLD_1,22442740,22459115,+,LOC101783550,protein_coding,NA,importin beta-like SAD2,nearest_gene,44660
2024_N120,days_to_harvest,FarmCPU,SCAFFOLD_8_30155739,8,30155739,1.15854557082629e-12,11.9360868787759,5.8914535040598e-08,848687,0.3125,80,-3.8044004371869,30020160,30173555,127,465,1e+06,0.2,20000,250000,TRUE,LOC101762815,SCAFFOLD_8,30020706,30021101,+,LOC101762815,protein_coding,NA,DNA repair helicase XPD-like,LD_interval,134638
2024_N120,days_to_harvest,FarmCPU,SCAFFOLD_8_30155739,8,30155739,1.15854557082629e-12,11.9360868787759,5.8914535040598e-08,848687,0.3125,80,-3.8044004371869,30020160,30173555,127,465,1e+06,0.2,20000,250000,TRUE,LOC101756176,SCAFFOLD_8,30025218,30028554,+,LOC101756176,lncRNA,NA,"",LD_interval,127185
2024_N120,days_to_harvest,FarmCPU,SCAFFOLD_8_30155739,8,30155739,1.15854557082629e-12,11.9360868787759,5.8914535040598e-08,848687,0.3125,80,-3.8044004371869,30020160,30173555,127,465,1e+06,0.2,20000,250000,TRUE,LOC101763224,SCAFFOLD_8,30029064,30030374,-,LOC101763224,protein_coding,NA,probable F-box protein At4g22060,LD_interval,125365
2024_N120,days_to_harvest,FarmCPU,SCAFFOLD_8_30155739,8,30155739,1.15854557082629e-12,11.9360868787759,5.8914535040598e-08,848687,0.3125,80,-3.8044004371869,30020160,30173555,127,465,1e+06,0.2,20000,250000,TRUE,LOC101755783,SCAFFOLD_8,30038206,30039545,+,LOC101755783,protein_coding,NA,DNA-binding protein HEXBP,LD_interval,116194
2024_N120,days_to_harvest,FarmCPU,SCAFFOLD_8_30155739,8,30155739,1.15854557082629e-12,11.9360868787759,5.8914535040598e-08,848687,0.3125,80,-3.8044004371869,30020160,30173555,127,465,1e+06,0.2,20000,250000,TRUE,LOC101763631,SCAFFOLD_8,30060742,30061490,-,LOC101763631,protein_coding,NA,uncharacterized LOC101763631,LD_interval,94249
2024_N120,days_to_harvest,FarmCPU,SCAFFOLD_8_30155739,8,30155739,1.15854557082629e-12,11.9360868787759,5.8914535040598e-08,848687,0.3125,80,-3.8044004371869,30020160,30173555,127,465,1e+06,0.2,20000,250000,TRUE,LOC101754686,SCAFFOLD_8,30084187,30096027,-,LOC101754686,protein_coding,NA,"uncharacterized LOC101754686, transcript variant X1",LD_interval,59712
2024_N120,days_to_harvest,FarmCPU,SCAFFOLD_8_30155739,8,30155739,1.15854557082629e-12,11.9360868787759,5.8914535040598e-08,848687,0.3125,80,-3.8044004371869,30020160,30173555,127,465,1e+06,0.2,20000,250000,TRUE,LOC101764031,SCAFFOLD_8,30097079,30099886,-,LOC101764031,protein_coding,NA,zinc finger MYM-type protein 1-like,LD_interval,55853
2024_N120,days_to_harvest,FarmCPU,SCAFFOLD_8_30155739,8,30155739,1.15854557082629e-12,11.9360868787759,5.8914535040598e-08,848687,0.3125,80,-3.8044004371869,30020160,30173555,127,465,1e+06,0.2,20000,250000,TRUE,LOC101752950,SCAFFOLD_8,30112396,30124971,-,LOC101752950,protein_coding,NA,"protein ALWAYS EARLY 2, transcript variant X2",LD_interval,30768
2024_N120,days_to_harvest,FarmCPU,SCAFFOLD_8_30155739,8,30155739,1.15854557082629e-12,11.9360868787759,5.8914535040598e-08,848687,0.3125,80,-3.8044004371869,30020160,30173555,127,465,1e+06,0.2,20000,250000,TRUE,LOC101764842,SCAFFOLD_8,30139521,30153944,-,LOC101764842,protein_coding,NA,transcription factor IIIB 90 kDa subunit-like,LD_interval,1795
2024_N120,days_to_harvest,FarmCPU,SCAFFOLD_8_30155739,8,30155739,1.15854557082629e-12,11.9360868787759,5.8914535040598e-08,848687,0.3125,80,-3.8044004371869,30020160,30173555,127,465,1e+06,0.2,20000,250000,TRUE,LOC101765238,SCAFFOLD_8,30155031,30161015,-,LOC101765238,protein_coding,NA,uncharacterized LOC101765238,contains_lead_snp,0
2024_N120,days_to_harvest,FarmCPU,SCAFFOLD_1_22505166,1,22505166,1.35612217970483e-11,10.8677011809843,5.8914535040598e-08,848687,0.03125,80,-345.011852958117,22502203,22516010,22,111,1e+06,0.2,20000,250000,FALSE,LOC101783550,SCAFFOLD_1,22442740,22459115,+,LOC101783550,protein_coding,NA,importin beta-like SAD2,nearest_gene,46051
2024_N120,days_to_harvest,FarmCPU,SCAFFOLD_9_18607874,9,18607874,6.7843992501043e-10,9.16848860252387,5.8914535040598e-08,848687,0.06875,80,7.84479345735208,18607849,18607930,6,7,1e+06,0.2,20000,250000,TRUE,LOC101756095,SCAFFOLD_9,18591424,18601641,-,LOC101756095,protein_coding,NA,"ABC transporter G family member 25, transcript variant X1",nearest_gene,6233
2024_N120,days_to_harvest,FarmCPU,SCAFFOLD_1_3690946,1,3690946,1.46299187422321e-08,7.83475808603451,5.8914535040598e-08,848687,0.3,80,-6.19724144148676,3688505,3693347,14,87,1e+06,0.2,20000,250000,TRUE,LOC111257402,SCAFFOLD_1,3694312,3700461,+,LOC111257402,lncRNA,NA,"",nearest_gene,3366
2024_N120,days_to_harvest,FarmCPU,SCAFFOLD_9_34064046,9,34064046,5.41457961054495e-08,7.26643525647318,5.8914535040598e-08,848687,0.40625,80,5.11439145955396,34064046,34064046,1,1,1e+06,0.2,20000,250000,TRUE,LOC101756883,SCAFFOLD_9,34064430,34069425,+,LOC101756883,protein_coding,NA,"cell number regulator 4-like, transcript variant X2",nearest_gene,384
2024_N120,dtf,BLINK,SCAFFOLD_8_3818991,8,3818991,1.02319891921624e-20,19.9900399272654,5.8914535040598e-08,848687,0.1125,80,20.9560874625276,3679391,3880445,163,414,1e+06,0.2,20000,250000,TRUE,LOC101771844,SCAFFOLD_8,3683168,3686630,-,LOC101771844,protein_coding,NA,uncharacterized LOC101771844,LD_interval,132361
2024_N120,dtf,BLINK,SCAFFOLD_8_3818991,8,3818991,1.02319891921624e-20,19.9900399272654,5.8914535040598e-08,848687,0.1125,80,20.9560874625276,3679391,3880445,163,414,1e+06,0.2,20000,250000,TRUE,LOC101753351,SCAFFOLD_8,3728383,3732767,-,LOC101753351,protein_coding,NA,"uncharacterized LOC101753351, transcript variant X3",LD_interval,86224
2024_N120,dtf,BLINK,SCAFFOLD_8_3818991,8,3818991,1.02319891921624e-20,19.9900399272654,5.8914535040598e-08,848687,0.1125,80,20.9560874625276,3679391,3880445,163,414,1e+06,0.2,20000,250000,TRUE,LOC101754827,SCAFFOLD_8,3836836,3838919,+,LOC101754827,protein_coding,NA,leucine-rich repeat receptor protein kinase MSL1,LD_interval,17845
2024_N120,dtf,BLINK,SCAFFOLD_8_7342725,8,7342725,8.11317106104102e-14,13.0908093671033,5.8914535040598e-08,848687,0.175,80,8.12404629404555,7135838,7428834,290,767,1e+06,0.2,20000,250000,TRUE,LOC101784670,SCAFFOLD_8,7136279,7139313,-,LOC101784670,protein_coding,NA,serine/threonine-protein kinase WNK4,LD_interval,203412
2024_N120,dtf,BLINK,SCAFFOLD_8_7342725,8,7342725,8.11317106104102e-14,13.0908093671033,5.8914535040598e-08,848687,0.175,80,8.12404629404555,7135838,7428834,290,767,1e+06,0.2,20000,250000,TRUE,LOC101784679,SCAFFOLD_8,7258460,7259112,-,LOC101784679,protein_coding,NA,F-box/FBD/LRR-repeat protein At5g56420-like,LD_interval,83613
2024_N120,dtf,BLINK,SCAFFOLD_8_7342725,8,7342725,8.11317106104102e-14,13.0908093671033,5.8914535040598e-08,848687,0.175,80,8.12404629404555,7135838,7428834,290,767,1e+06,0.2,20000,250000,TRUE,LOC101785063,SCAFFOLD_8,7283577,7290873,+,LOC101785063,protein_coding,NA,"protein ZINC INDUCED FACILITATOR-LIKE 1, transcript variant X1",LD_interval,51852
2024_N120,dtf,BLINK,SCAFFOLD_8_7342725,8,7342725,8.11317106104102e-14,13.0908093671033,5.8914535040598e-08,848687,0.175,80,8.12404629404555,7135838,7428834,290,767,1e+06,0.2,20000,250000,TRUE,LOC111258309,SCAFFOLD_8,7325131,7336924,-,LOC111258309,protein_coding,NA,F-box/LRR-repeat protein At3g58940-like,LD_interval,5801
2024_N120,dtf,BLINK,SCAFFOLD_8_7342725,8,7342725,8.11317106104102e-14,13.0908093671033,5.8914535040598e-08,848687,0.175,80,8.12404629404555,7135838,7428834,290,767,1e+06,0.2,20000,250000,TRUE,LOC101752543,SCAFFOLD_8,7343455,7344063,+,LOC101752543,protein_coding,NA,putative F-box/LRR-repeat protein At4g13960,LD_interval,730
2024_N120,dtf,BLINK,SCAFFOLD_8_7342725,8,7342725,8.11317106104102e-14,13.0908093671033,5.8914535040598e-08,848687,0.175,80,8.12404629404555,7135838,7428834,290,767,1e+06,0.2,20000,250000,TRUE,LOC101753363,SCAFFOLD_8,7354530,7363301,-,LOC101753363,protein_coding,NA,uncharacterized LOC101753363,LD_interval,11805
2024_N120,dtf,BLINK,SCAFFOLD_8_7342725,8,7342725,8.11317106104102e-14,13.0908093671033,5.8914535040598e-08,848687,0.175,80,8.12404629404555,7135838,7428834,290,767,1e+06,0.2,20000,250000,TRUE,LOC101753770,SCAFFOLD_8,7380725,7383797,+,LOC101753770,protein_coding,NA,receptor-like protein kinase HSL1,LD_interval,38000
2024_N120,dtf,BLINK,SCAFFOLD_8_7342725,8,7342725,8.11317106104102e-14,13.0908093671033,5.8914535040598e-08,848687,0.175,80,8.12404629404555,7135838,7428834,290,767,1e+06,0.2,20000,250000,TRUE,LOC101754171,SCAFFOLD_8,7387784,7389035,+,LOC101754171,protein_coding,NA,F-box/FBD/LRR-repeat protein At5g22660,LD_interval,45059
2024_N120,dtf,BLINK,SCAFFOLD_8_7342725,8,7342725,8.11317106104102e-14,13.0908093671033,5.8914535040598e-08,848687,0.175,80,8.12404629404555,7135838,7428834,290,767,1e+06,0.2,20000,250000,TRUE,LOC101785873,SCAFFOLD_8,7413270,7413828,+,LOC101785873,protein_coding,NA,10 kDa prolamin,LD_interval,70545
2024_N120,dtf,BLINK,SCAFFOLD_8_7342725,8,7342725,8.11317106104102e-14,13.0908093671033,5.8914535040598e-08,848687,0.175,80,8.12404629404555,7135838,7428834,290,767,1e+06,0.2,20000,250000,TRUE,LOC105915031,SCAFFOLD_8,7416163,7422963,-,LOC105915031,lncRNA,NA,"",LD_interval,73438
2024_N120,dtf,BLINK,SCAFFOLD_9_13669831,9,13669831,4.07854522353028e-10,9.3894947178068,5.8914535040598e-08,848687,0.1,80,9.62185969956614,13669831,13671439,6,13,1e+06,0.2,20000,250000,TRUE,LOC101764451,SCAFFOLD_9,13656216,13658375,-,LOC101764451,protein_coding,NA,cytochrome P450 89A2,nearest_gene,11456
2024_N120,dtf,FarmCPU,SCAFFOLD_8_3818991,8,3818991,6.84893973708863e-19,18.1643766550728,5.8914535040598e-08,848687,0.1125,80,14.0739094247735,3679391,3880445,163,414,1e+06,0.2,20000,250000,TRUE,LOC101771844,SCAFFOLD_8,3683168,3686630,-,LOC101771844,protein_coding,NA,uncharacterized LOC101771844,LD_interval,132361
2024_N120,dtf,FarmCPU,SCAFFOLD_8_3818991,8,3818991,6.84893973708863e-19,18.1643766550728,5.8914535040598e-08,848687,0.1125,80,14.0739094247735,3679391,3880445,163,414,1e+06,0.2,20000,250000,TRUE,LOC101753351,SCAFFOLD_8,3728383,3732767,-,LOC101753351,protein_coding,NA,"uncharacterized LOC101753351, transcript variant X3",LD_interval,86224
2024_N120,dtf,FarmCPU,SCAFFOLD_8_3818991,8,3818991,6.84893973708863e-19,18.1643766550728,5.8914535040598e-08,848687,0.1125,80,14.0739094247735,3679391,3880445,163,414,1e+06,0.2,20000,250000,TRUE,LOC101754827,SCAFFOLD_8,3836836,3838919,+,LOC101754827,protein_coding,NA,leucine-rich repeat receptor protein kinase MSL1,LD_interval,17845
2024_N120,dtf,FarmCPU,SCAFFOLD_1_22503775,1,22503775,1.25915880628738e-16,15.8999194928112,5.8914535040598e-08,848687,0.03125,80,24.2684991842664,22502203,22516010,22,111,1e+06,0.2,20000,250000,FALSE,LOC101783550,SCAFFOLD_1,22442740,22459115,+,LOC101783550,protein_coding,NA,importin beta-like SAD2,nearest_gene,44660
2024_N120,dtf,FarmCPU,SCAFFOLD_6_11125994,6,11125994,2.61351786009307e-15,14.5827745277019,5.8914535040598e-08,848687,0.15,80,-6.53003474220613,11125893,11125994,2,12,1e+06,0.2,20000,250000,TRUE,LOC101763710,SCAFFOLD_6,11122531,11126455,+,LOC101763710,lncRNA,NA,"",contains_lead_snp,0
2024_N120,dtf,FarmCPU,SCAFFOLD_8_7342725,8,7342725,9.2854002379361e-14,13.0321993716893,5.8914535040598e-08,848687,0.175,80,5.00520977650686,7135838,7428834,290,767,1e+06,0.2,20000,250000,TRUE,LOC101784670,SCAFFOLD_8,7136279,7139313,-,LOC101784670,protein_coding,NA,serine/threonine-protein kinase WNK4,LD_interval,203412
2024_N120,dtf,FarmCPU,SCAFFOLD_8_7342725,8,7342725,9.2854002379361e-14,13.0321993716893,5.8914535040598e-08,848687,0.175,80,5.00520977650686,7135838,7428834,290,767,1e+06,0.2,20000,250000,TRUE,LOC101784679,SCAFFOLD_8,7258460,7259112,-,LOC101784679,protein_coding,NA,F-box/FBD/LRR-repeat protein At5g56420-like,LD_interval,83613
2024_N120,dtf,FarmCPU,SCAFFOLD_8_7342725,8,7342725,9.2854002379361e-14,13.0321993716893,5.8914535040598e-08,848687,0.175,80,5.00520977650686,7135838,7428834,290,767,1e+06,0.2,20000,250000,TRUE,LOC101785063,SCAFFOLD_8,7283577,7290873,+,LOC101785063,protein_coding,NA,"protein ZINC INDUCED FACILITATOR-LIKE 1, transcript variant X1",LD_interval,51852
2024_N120,dtf,FarmCPU,SCAFFOLD_8_7342725,8,7342725,9.2854002379361e-14,13.0321993716893,5.8914535040598e-08,848687,0.175,80,5.00520977650686,7135838,7428834,290,767,1e+06,0.2,20000,250000,TRUE,LOC111258309,SCAFFOLD_8,7325131,7336924,-,LOC111258309,protein_coding,NA,F-box/LRR-repeat protein At3g58940-like,LD_interval,5801
2024_N120,dtf,FarmCPU,SCAFFOLD_8_7342725,8,7342725,9.2854002379361e-14,13.0321993716893,5.8914535040598e-08,848687,0.175,80,5.00520977650686,7135838,7428834,290,767,1e+06,0.2,20000,250000,TRUE,LOC101752543,SCAFFOLD_8,7343455,7344063,+,LOC101752543,protein_coding,NA,putative F-box/LRR-repeat protein At4g13960,LD_interval,730
2024_N120,dtf,FarmCPU,SCAFFOLD_8_7342725,8,7342725,9.2854002379361e-14,13.0321993716893,5.8914535040598e-08,848687,0.175,80,5.00520977650686,7135838,7428834,290,767,1e+06,0.2,20000,250000,TRUE,LOC101753363,SCAFFOLD_8,7354530,7363301,-,LOC101753363,protein_coding,NA,uncharacterized LOC101753363,LD_interval,11805
2024_N120,dtf,FarmCPU,SCAFFOLD_8_7342725,8,7342725,9.2854002379361e-14,13.0321993716893,5.8914535040598e-08,848687,0.175,80,5.00520977650686,7135838,7428834,290,767,1e+06,0.2,20000,250000,TRUE,LOC101753770,SCAFFOLD_8,7380725,7383797,+,LOC101753770,protein_coding,NA,receptor-like protein kinase HSL1,LD_interval,38000
2024_N120,dtf,FarmCPU,SCAFFOLD_8_7342725,8,7342725,9.2854002379361e-14,13.0321993716893,5.8914535040598e-08,848687,0.175,80,5.00520977650686,7135838,7428834,290,767,1e+06,0.2,20000,250000,TRUE,LOC101754171,SCAFFOLD_8,7387784,7389035,+,LOC101754171,protein_coding,NA,F-box/FBD/LRR-repeat protein At5g22660,LD_interval,45059
2024_N120,dtf,FarmCPU,SCAFFOLD_8_7342725,8,7342725,9.2854002379361e-14,13.0321993716893,5.8914535040598e-08,848687,0.175,80,5.00520977650686,7135838,7428834,290,767,1e+06,0.2,20000,250000,TRUE,LOC101785873,SCAFFOLD_8,7413270,7413828,+,LOC101785873,protein_coding,NA,10 kDa prolamin,LD_interval,70545
2024_N120,dtf,FarmCPU,SCAFFOLD_8_7342725,8,7342725,9.2854002379361e-14,13.0321993716893,5.8914535040598e-08,848687,0.175,80,5.00520977650686,7135838,7428834,290,767,1e+06,0.2,20000,250000,TRUE,LOC105915031,SCAFFOLD_8,7416163,7422963,-,LOC105915031,lncRNA,NA,"",LD_interval,73438
2024_N120,dtf,FarmCPU,SCAFFOLD_9_32219154,9,32219154,3.92039816639039e-11,10.4066698226008,5.8914535040598e-08,848687,0.20625,80,4.65077658644981,32032621,32469154,225,674,1e+06,0.2,20000,250000,TRUE,LOC101765535,SCAFFOLD_9,32033210,32034419,-,LOC101765535,protein_coding,NA,uncharacterized LOC101765535,LD_interval,184735
2024_N120,dtf,FarmCPU,SCAFFOLD_9_32219154,9,32219154,3.92039816639039e-11,10.4066698226008,5.8914535040598e-08,848687,0.20625,80,4.65077658644981,32032621,32469154,225,674,1e+06,0.2,20000,250000,TRUE,LOC101765946,SCAFFOLD_9,32041004,32043962,-,LOC101765946,lncRNA,NA,"",LD_interval,175192
2024_N120,dtf,FarmCPU,SCAFFOLD_9_32219154,9,32219154,3.92039816639039e-11,10.4066698226008,5.8914535040598e-08,848687,0.20625,80,4.65077658644981,32032621,32469154,225,674,1e+06,0.2,20000,250000,TRUE,LOC101766217,SCAFFOLD_9,32044504,32046723,-,LOC101766217,lncRNA,NA,"",LD_interval,172431
2024_N120,dtf,FarmCPU,SCAFFOLD_9_32219154,9,32219154,3.92039816639039e-11,10.4066698226008,5.8914535040598e-08,848687,0.20625,80,4.65077658644981,32032621,32469154,225,674,1e+06,0.2,20000,250000,TRUE,LOC106804544,SCAFFOLD_9,32047059,32047775,+,LOC106804544,lncRNA,NA,"",LD_interval,171379
2024_N120,dtf,FarmCPU,SCAFFOLD_9_32219154,9,32219154,3.92039816639039e-11,10.4066698226008,5.8914535040598e-08,848687,0.20625,80,4.65077658644981,32032621,32469154,225,674,1e+06,0.2,20000,250000,TRUE,LOC101766625,SCAFFOLD_9,32054341,32056218,-,LOC101766625,protein_coding,NA,proline-rich protein 4,LD_interval,162936
2024_N120,dtf,FarmCPU,SCAFFOLD_9_32219154,9,32219154,3.92039816639039e-11,10.4066698226008,5.8914535040598e-08,848687,0.20625,80,4.65077658644981,32032621,32469154,225,674,1e+06,0.2,20000,250000,TRUE,LOC101767038,SCAFFOLD_9,32084875,32086037,+,LOC101767038,protein_coding,NA,proline-rich protein 4,LD_interval,133117
2024_N120,dtf,FarmCPU,SCAFFOLD_9_32219154,9,32219154,3.92039816639039e-11,10.4066698226008,5.8914535040598e-08,848687,0.20625,80,4.65077658644981,32032621,32469154,225,674,1e+06,0.2,20000,250000,TRUE,LOC101767446,SCAFFOLD_9,32101332,32102611,+,LOC101767446,protein_coding,NA,proline-rich protein 4,LD_interval,116543
2024_N120,dtf,FarmCPU,SCAFFOLD_9_32219154,9,32219154,3.92039816639039e-11,10.4066698226008,5.8914535040598e-08,848687,0.20625,80,4.65077658644981,32032621,32469154,225,674,1e+06,0.2,20000,250000,TRUE,LOC101767848,SCAFFOLD_9,32108053,32109367,+,LOC101767848,protein_coding,NA,proline-rich protein 4,LD_interval,109787
2024_N120,dtf,FarmCPU,SCAFFOLD_9_32219154,9,32219154,3.92039816639039e-11,10.4066698226008,5.8914535040598e-08,848687,0.20625,80,4.65077658644981,32032621,32469154,225,674,1e+06,0.2,20000,250000,TRUE,LOC101768255,SCAFFOLD_9,32140690,32143105,+,LOC101768255,protein_coding,NA,uncharacterized LOC101768255,LD_interval,76049
2024_N120,dtf,FarmCPU,SCAFFOLD_9_32219154,9,32219154,3.92039816639039e-11,10.4066698226008,5.8914535040598e-08,848687,0.20625,80,4.65077658644981,32032621,32469154,225,674,1e+06,0.2,20000,250000,TRUE,LOC101768660,SCAFFOLD_9,32146210,32147400,-,LOC101768660,protein_coding,NA,uncharacterized LOC101768660,LD_interval,71754
2024_N120,dtf,FarmCPU,SCAFFOLD_9_32219154,9,32219154,3.92039816639039e-11,10.4066698226008,5.8914535040598e-08,848687,0.20625,80,4.65077658644981,32032621,32469154,225,674,1e+06,0.2,20000,250000,TRUE,LOC101769066,SCAFFOLD_9,32193865,32194775,-,LOC101769066,protein_coding,NA,uncharacterized LOC101769066,LD_interval,24379
2024_N120,dtf,FarmCPU,SCAFFOLD_9_32219154,9,32219154,3.92039816639039e-11,10.4066698226008,5.8914535040598e-08,848687,0.20625,80,4.65077658644981,32032621,32469154,225,674,1e+06,0.2,20000,250000,TRUE,LOC101769472,SCAFFOLD_9,32196321,32197559,-,LOC101769472,protein_coding,NA,"uncharacterized LOC101769472, transcript variant X1",LD_interval,21595
2024_N120,dtf,FarmCPU,SCAFFOLD_9_32219154,9,32219154,3.92039816639039e-11,10.4066698226008,5.8914535040598e-08,848687,0.20625,80,4.65077658644981,32032621,32469154,225,674,1e+06,0.2,20000,250000,TRUE,LOC101770275,SCAFFOLD_9,32200795,32205874,-,LOC101770275,protein_coding,NA,auxin transporter-like protein 3,LD_interval,13280
2024_N120,dtf,FarmCPU,SCAFFOLD_9_32219154,9,32219154,3.92039816639039e-11,10.4066698226008,5.8914535040598e-08,848687,0.20625,80,4.65077658644981,32032621,32469154,225,674,1e+06,0.2,20000,250000,TRUE,LOC101770679,SCAFFOLD_9,32257956,32260076,-,LOC101770679,protein_coding,NA,thaumatin-like protein 1b,LD_interval,38802
2024_N120,dtf,FarmCPU,SCAFFOLD_9_32219154,9,32219154,3.92039816639039e-11,10.4066698226008,5.8914535040598e-08,848687,0.20625,80,4.65077658644981,32032621,32469154,225,674,1e+06,0.2,20000,250000,TRUE,LOC101771079,SCAFFOLD_9,32359188,32361556,+,LOC101771079,protein_coding,NA,thaumatin-like protein 1b,LD_interval,140034
2024_N120,dtf,FarmCPU,SCAFFOLD_9_32219154,9,32219154,3.92039816639039e-11,10.4066698226008,5.8914535040598e-08,848687,0.20625,80,4.65077658644981,32032621,32469154,225,674,1e+06,0.2,20000,250000,TRUE,LOC101771470,SCAFFOLD_9,32389943,32391631,+,LOC101771470,protein_coding,NA,uncharacterized LOC101771470,LD_interval,170789
2024_N120,dtf,FarmCPU,SCAFFOLD_9_32219154,9,32219154,3.92039816639039e-11,10.4066698226008,5.8914535040598e-08,848687,0.20625,80,4.65077658644981,32032621,32469154,225,674,1e+06,0.2,20000,250000,TRUE,LOC101771863,SCAFFOLD_9,32426850,32428481,-,LOC101771863,protein_coding,NA,cytochrome P450 76M5,LD_interval,207696
2024_N120,dtf,FarmCPU,SCAFFOLD_8_39107500,8,39107500,2.30428236504829e-09,8.63746430386489,5.8914535040598e-08,848687,0.275,80,-2.55744206389972,39102537,39107669,6,13,1e+06,0.2,20000,250000,TRUE,LOC101773056,SCAFFOLD_8,39102123,39103147,+,LOC101773056,protein_coding,NA,ethylene-responsive transcription factor ERF094,LD_interval,4353
2024_N120,dtf,FarmCPU,SCAFFOLD_5_28169833,5,28169833,1.39073375893927e-08,7.85675600307093,5.8914535040598e-08,848687,0.16875,80,4.24142024424358,28169664,28169940,9,9,1e+06,0.2,20000,250000,TRUE,LOC101785265,SCAFFOLD_5,28156007,28163277,-,LOC101785265,protein_coding,NA,ABC transporter G family member 36,nearest_gene,6556
2024_N120,dtf,FarmCPU,SCAFFOLD_6_14291395,6,14291395,1.39239515773239e-08,7.85623749571076,5.8914535040598e-08,848687,0.2,80,3.58888976614697,14291338,14291402,4,4,1e+06,0.2,20000,250000,TRUE,LOC111257755,SCAFFOLD_6,14328650,14329427,-,LOC111257755,lncRNA,NA,"",nearest_gene,37255
2024_N120,height_cm,BLINK,SCAFFOLD_8_33914787,8,33914787,2.35133830675019e-11,10.6286848807923,5.8914535040598e-08,848687,0.469135802469136,81,-5.44849569474678,33903955,33922739,10,52,1e+06,0.2,20000,250000,TRUE,LOC101755507,SCAFFOLD_8,33903022,33907072,+,LOC101755507,protein_coding,NA,putative disease resistance RPP13-like protein 3,LD_interval,7715
2024_N120,height_cm,BLINK,SCAFFOLD_8_33914787,8,33914787,2.35133830675019e-11,10.6286848807923,5.8914535040598e-08,848687,0.469135802469136,81,-5.44849569474678,33903955,33922739,10,52,1e+06,0.2,20000,250000,TRUE,LOC101756584,SCAFFOLD_8,33919100,33922131,+,LOC101756584,protein_coding,NA,(S)-beta-bisabolene synthase,LD_interval,4313
2024_N120,height_cm,BLINK,SCAFFOLD_2_21670415,2,21670415,2.90781700547809e-10,9.53643292794083,5.8914535040598e-08,848687,0.0493827160493827,81,12.1157906829051,21630473,21685019,16,273,1e+06,0.2,20000,250000,FALSE,LOC101773428,SCAFFOLD_2,21704034,21710002,+,LOC101773428,protein_coding,NA,"serine/threonine-protein phosphatase 2A 65 kDa regulatory subunit A beta isoform, transcript variant X1",nearest_gene,33619
2024_N120,height_cm,BLINK,SCAFFOLD_9_35698956,9,35698956,1.79086618956535e-08,7.7469368626738,5.8914535040598e-08,848687,0.265432098765432,81,6.03327402700508,35698859,35698963,4,4,1e+06,0.2,20000,250000,TRUE,LOC101768523,SCAFFOLD_9,35701492,35703846,-,LOC101768523,protein_coding,NA,NADH dehydrogenase [ubiquinone] 1 beta subcomplex subunit 10-A,nearest_gene,2536
2024_N120,height_cm,FarmCPU,SCAFFOLD_9_9021917,9,9021917,5.08271507300192e-14,13.2939042353084,5.8914535040598e-08,848687,0.0925925925925926,81,9.10980801590284,8954295,9097979,77,235,1e+06,0.2,20000,250000,TRUE,LOC101756237,SCAFFOLD_9,8955831,8957082,-,LOC101756237,protein_coding,NA,probable galacturonosyltransferase-like 1,LD_interval,64835
2024_N120,height_cm,FarmCPU,SCAFFOLD_9_9021917,9,9021917,5.08271507300192e-14,13.2939042353084,5.8914535040598e-08,848687,0.0925925925925926,81,9.10980801590284,8954295,9097979,77,235,1e+06,0.2,20000,250000,TRUE,LOC101761597,SCAFFOLD_9,8963801,8965937,-,LOC101761597,protein_coding,NA,E3 ubiquitin-protein ligase RNF185,LD_interval,55980
2024_N120,height_cm,FarmCPU,SCAFFOLD_9_9021917,9,9021917,5.08271507300192e-14,13.2939042353084,5.8914535040598e-08,848687,0.0925925925925926,81,9.10980801590284,8954295,9097979,77,235,1e+06,0.2,20000,250000,TRUE,LOC101756635,SCAFFOLD_9,8986700,8988195,+,LOC101756635,protein_coding,NA,1-aminocyclopropane-1-carboxylate oxidase homolog 4,LD_interval,33722
2024_N120,height_cm,FarmCPU,SCAFFOLD_9_9021917,9,9021917,5.08271507300192e-14,13.2939042353084,5.8914535040598e-08,848687,0.0925925925925926,81,9.10980801590284,8954295,9097979,77,235,1e+06,0.2,20000,250000,TRUE,LOC101757050,SCAFFOLD_9,8992565,8993546,+,LOC101757050,protein_coding,NA,protein ALP1-like,LD_interval,28371
2024_N120,height_cm,FarmCPU,SCAFFOLD_9_9021917,9,9021917,5.08271507300192e-14,13.2939042353084,5.8914535040598e-08,848687,0.0925925925925926,81,9.10980801590284,8954295,9097979,77,235,1e+06,0.2,20000,250000,TRUE,LOC101757445,SCAFFOLD_9,8994348,8995388,+,LOC101757445,protein_coding,NA,uncharacterized LOC101757445,LD_interval,26529
2024_N120,height_cm,FarmCPU,SCAFFOLD_9_9021917,9,9021917,5.08271507300192e-14,13.2939042353084,5.8914535040598e-08,848687,0.0925925925925926,81,9.10980801590284,8954295,9097979,77,235,1e+06,0.2,20000,250000,TRUE,LOC101757844,SCAFFOLD_9,9013217,9014140,+,LOC101757844,protein_coding,NA,uncharacterized LOC101757844,LD_interval,7777
2024_N120,height_cm,FarmCPU,SCAFFOLD_9_9021917,9,9021917,5.08271507300192e-14,13.2939042353084,5.8914535040598e-08,848687,0.0925925925925926,81,9.10980801590284,8954295,9097979,77,235,1e+06,0.2,20000,250000,TRUE,LOC101762011,SCAFFOLD_9,9014875,9016030,-,LOC101762011,protein_coding,NA,translation initiation factor IF-2,LD_interval,5887
2024_N120,height_cm,FarmCPU,SCAFFOLD_9_9021917,9,9021917,5.08271507300192e-14,13.2939042353084,5.8914535040598e-08,848687,0.0925925925925926,81,9.10980801590284,8954295,9097979,77,235,1e+06,0.2,20000,250000,TRUE,LOC101762430,SCAFFOLD_9,9018759,9022620,-,LOC101762430,protein_coding,NA,thymocyte nuclear protein 1,contains_lead_snp,0
2024_N120,height_cm,FarmCPU,SCAFFOLD_9_9021917,9,9021917,5.08271507300192e-14,13.2939042353084,5.8914535040598e-08,848687,0.0925925925925926,81,9.10980801590284,8954295,9097979,77,235,1e+06,0.2,20000,250000,TRUE,LOC101758259,SCAFFOLD_9,9034696,9035166,+,LOC101758259,protein_coding,NA,ocs element-binding factor 1,LD_interval,12779
2024_N120,height_cm,FarmCPU,SCAFFOLD_9_9021917,9,9021917,5.08271507300192e-14,13.2939042353084,5.8914535040598e-08,848687,0.0925925925925926,81,9.10980801590284,8954295,9097979,77,235,1e+06,0.2,20000,250000,TRUE,LOC101763093,SCAFFOLD_9,9041530,9043312,+,LOC101763093,protein_coding,NA,uncharacterized LOC101763093,LD_interval,19613
2024_N120,height_cm,FarmCPU,SCAFFOLD_9_9021917,9,9021917,5.08271507300192e-14,13.2939042353084,5.8914535040598e-08,848687,0.0925925925925926,81,9.10980801590284,8954295,9097979,77,235,1e+06,0.2,20000,250000,TRUE,LOC101763498,SCAFFOLD_9,9052586,9053606,-,LOC101763498,protein_coding,NA,translation initiation factor IF-2,LD_interval,30669
2024_N120,height_cm,FarmCPU,SCAFFOLD_9_9021917,9,9021917,5.08271507300192e-14,13.2939042353084,5.8914535040598e-08,848687,0.0925925925925926,81,9.10980801590284,8954295,9097979,77,235,1e+06,0.2,20000,250000,TRUE,LOC101758664,SCAFFOLD_9,9059256,9060602,+,LOC101758664,protein_coding,NA,exopolygalacturonase,LD_interval,37339
2024_N120,height_cm,FarmCPU,SCAFFOLD_9_9021917,9,9021917,5.08271507300192e-14,13.2939042353084,5.8914535040598e-08,848687,0.0925925925925926,81,9.10980801590284,8954295,9097979,77,235,1e+06,0.2,20000,250000,TRUE,LOC101763902,SCAFFOLD_9,9068812,9071655,-,LOC101763902,protein_coding,NA,growth-regulating factor 9,LD_interval,46895
2024_N120,height_cm,FarmCPU,SCAFFOLD_9_9021917,9,9021917,5.08271507300192e-14,13.2939042353084,5.8914535040598e-08,848687,0.0925925925925926,81,9.10980801590284,8954295,9097979,77,235,1e+06,0.2,20000,250000,TRUE,LOC101764310,SCAFFOLD_9,9079692,9085394,-,LOC101764310,protein_coding,NA,DUF21 domain-containing protein At2g14520,LD_interval,57775
2024_N120,height_cm,FarmCPU,SCAFFOLD_9_9021917,9,9021917,5.08271507300192e-14,13.2939042353084,5.8914535040598e-08,848687,0.0925925925925926,81,9.10980801590284,8954295,9097979,77,235,1e+06,0.2,20000,250000,TRUE,LOC101764716,SCAFFOLD_9,9090189,9097654,+,LOC101764716,protein_coding,NA,"CSC1-like protein RXW8, transcript variant X2",LD_interval,68272
2024_N120,height_cm,FarmCPU,SCAFFOLD_8_33914787,8,33914787,8.78768972686888e-13,12.056125285421,5.8914535040598e-08,848687,0.469135802469136,81,-3.90262617568121,33903955,33922739,10,52,1e+06,0.2,20000,250000,TRUE,LOC101755507,SCAFFOLD_8,33903022,33907072,+,LOC101755507,protein_coding,NA,putative disease resistance RPP13-like protein 3,LD_interval,7715
2024_N120,height_cm,FarmCPU,SCAFFOLD_8_33914787,8,33914787,8.78768972686888e-13,12.056125285421,5.8914535040598e-08,848687,0.469135802469136,81,-3.90262617568121,33903955,33922739,10,52,1e+06,0.2,20000,250000,TRUE,LOC101756584,SCAFFOLD_8,33919100,33922131,+,LOC101756584,protein_coding,NA,(S)-beta-bisabolene synthase,LD_interval,4313
2024_N120,height_cm,FarmCPU,SCAFFOLD_4_32564308,4,32564308,3.06129879734198e-11,10.5140942791241,5.8914535040598e-08,848687,0.209876543209877,81,-4.36086274745822,32564308,32573742,2,84,1e+06,0.2,20000,250000,TRUE,LOC101781478,SCAFFOLD_4,32558706,32563622,-,LOC101781478,protein_coding,NA,"protein ABHD17C, transcript variant X2",nearest_gene,686
2024_N120,height_cm,FarmCPU,SCAFFOLD_1_21707198,1,21707198,7.47934117675004e-10,9.12613665559855,5.8914535040598e-08,848687,0.0987654320987654,81,-6.23103376495531,21707168,21707246,3,3,1e+06,0.2,20000,250000,TRUE,LOC101769915,SCAFFOLD_1,21712242,21719935,+,LOC101769915,protein_coding,NA,"tRNA pseudouridine synthase A 1, transcript variant X1",nearest_gene,5044
2024_N120,height_cm,FarmCPU,SCAFFOLD_3_34180972,3,34180972,9.80814871945326e-10,9.00841295763518,5.8914535040598e-08,848687,0.209876543209877,81,-12.6657876409599,34131688,34374522,251,997,1e+06,0.2,20000,250000,TRUE,LOC101769328,SCAFFOLD_3,34133868,34135397,-,LOC101769328,protein_coding,NA,uncharacterized LOC101769328,LD_interval,45575
2024_N120,height_cm,FarmCPU,SCAFFOLD_3_34180972,3,34180972,9.80814871945326e-10,9.00841295763518,5.8914535040598e-08,848687,0.209876543209877,81,-12.6657876409599,34131688,34374522,251,997,1e+06,0.2,20000,250000,TRUE,LOC105914083,SCAFFOLD_3,34135397,34137699,-,LOC105914083,lncRNA,NA,"",LD_interval,43273
2024_N120,height_cm,FarmCPU,SCAFFOLD_3_34180972,3,34180972,9.80814871945326e-10,9.00841295763518,5.8914535040598e-08,848687,0.209876543209877,81,-12.6657876409599,34131688,34374522,251,997,1e+06,0.2,20000,250000,TRUE,LOC105914090,SCAFFOLD_3,34140163,34140973,-,LOC105914090,protein_coding,NA,cell number regulator 6-like,LD_interval,39999
2024_N120,height_cm,FarmCPU,SCAFFOLD_3_34180972,3,34180972,9.80814871945326e-10,9.00841295763518,5.8914535040598e-08,848687,0.209876543209877,81,-12.6657876409599,34131688,34374522,251,997,1e+06,0.2,20000,250000,TRUE,LOC101768103,SCAFFOLD_3,34160651,34163895,-,LOC101768103,protein_coding,NA,sulfite oxidase,LD_interval,17077
2024_N120,height_cm,FarmCPU,SCAFFOLD_3_34180972,3,34180972,9.80814871945326e-10,9.00841295763518,5.8914535040598e-08,848687,0.209876543209877,81,-12.6657876409599,34131688,34374522,251,997,1e+06,0.2,20000,250000,TRUE,LOC101768505,SCAFFOLD_3,34190166,34195216,-,LOC101768505,protein_coding,NA,uncharacterized LOC101768505,LD_interval,9194
2024_N120,height_cm,FarmCPU,SCAFFOLD_3_34180972,3,34180972,9.80814871945326e-10,9.00841295763518,5.8914535040598e-08,848687,0.209876543209877,81,-12.6657876409599,34131688,34374522,251,997,1e+06,0.2,20000,250000,TRUE,LOC101768903,SCAFFOLD_3,34210441,34212279,-,LOC101768903,protein_coding,NA,cytochrome P450 94B3,LD_interval,29469
2024_N120,height_cm,FarmCPU,SCAFFOLD_3_34180972,3,34180972,9.80814871945326e-10,9.00841295763518,5.8914535040598e-08,848687,0.209876543209877,81,-12.6657876409599,34131688,34374522,251,997,1e+06,0.2,20000,250000,TRUE,LOC101769315,SCAFFOLD_3,34217542,34225716,-,LOC101769315,protein_coding,NA,"proline--tRNA ligase, cytoplasmic",LD_interval,36570
2024_N120,height_cm,FarmCPU,SCAFFOLD_3_34180972,3,34180972,9.80814871945326e-10,9.00841295763518,5.8914535040598e-08,848687,0.209876543209877,81,-12.6657876409599,34131688,34374522,251,997,1e+06,0.2,20000,250000,TRUE,LOC101770140,SCAFFOLD_3,34238077,34242291,-,LOC101770140,protein_coding,NA,wall-associated receptor kinase 4,LD_interval,57105
2024_N120,height_cm,FarmCPU,SCAFFOLD_3_34180972,3,34180972,9.80814871945326e-10,9.00841295763518,5.8914535040598e-08,848687,0.209876543209877,81,-12.6657876409599,34131688,34374522,251,997,1e+06,0.2,20000,250000,TRUE,LOC101769719,SCAFFOLD_3,34264025,34268020,+,LOC101769719,protein_coding,NA,"wall-associated receptor kinase 2, transcript variant X2",LD_interval,83053
2024_N120,height_cm,FarmCPU,SCAFFOLD_3_34180972,3,34180972,9.80814871945326e-10,9.00841295763518,5.8914535040598e-08,848687,0.209876543209877,81,-12.6657876409599,34131688,34374522,251,997,1e+06,0.2,20000,250000,TRUE,LOC101770520,SCAFFOLD_3,34275864,34283619,-,LOC101770520,protein_coding,NA,"ATPase family AAA domain-containing protein FIGL1, transcript variant X4",LD_interval,94892
2024_N120,height_cm,FarmCPU,SCAFFOLD_3_34180972,3,34180972,9.80814871945326e-10,9.00841295763518,5.8914535040598e-08,848687,0.209876543209877,81,-12.6657876409599,34131688,34374522,251,997,1e+06,0.2,20000,250000,TRUE,LOC101770127,SCAFFOLD_3,34290621,34292374,+,LOC101770127,protein_coding,NA,disease resistance protein RGA2,LD_interval,109649
2024_N120,height_cm,FarmCPU,SCAFFOLD_3_34180972,3,34180972,9.80814871945326e-10,9.00841295763518,5.8914535040598e-08,848687,0.209876543209877,81,-12.6657876409599,34131688,34374522,251,997,1e+06,0.2,20000,250000,TRUE,LOC101770930,SCAFFOLD_3,34292631,34296478,+,LOC101770930,protein_coding,NA,"uncharacterized LOC101770930, transcript variant X2",LD_interval,111659
2024_N120,height_cm,FarmCPU,SCAFFOLD_3_34180972,3,34180972,9.80814871945326e-10,9.00841295763518,5.8914535040598e-08,848687,0.209876543209877,81,-12.6657876409599,34131688,34374522,251,997,1e+06,0.2,20000,250000,TRUE,LOC111256625,SCAFFOLD_3,34303567,34304472,-,LOC111256625,lncRNA,NA,"",LD_interval,122595
2024_N120,height_cm,FarmCPU,SCAFFOLD_3_34180972,3,34180972,9.80814871945326e-10,9.00841295763518,5.8914535040598e-08,848687,0.209876543209877,81,-12.6657876409599,34131688,34374522,251,997,1e+06,0.2,20000,250000,TRUE,LOC101771320,SCAFFOLD_3,34305380,34308584,-,LOC101771320,protein_coding,NA,chloride channel protein CLC-a,LD_interval,124408
2024_N120,height_cm,FarmCPU,SCAFFOLD_3_34180972,3,34180972,9.80814871945326e-10,9.00841295763518,5.8914535040598e-08,848687,0.209876543209877,81,-12.6657876409599,34131688,34374522,251,997,1e+06,0.2,20000,250000,TRUE,LOC101771998,SCAFFOLD_3,34326922,34327798,-,LOC101771998,protein_coding,NA,probable signal peptidase complex subunit 1,LD_interval,145950
2024_N120,height_cm,FarmCPU,SCAFFOLD_3_34180972,3,34180972,9.80814871945326e-10,9.00841295763518,5.8914535040598e-08,848687,0.209876543209877,81,-12.6657876409599,34131688,34374522,251,997,1e+06,0.2,20000,250000,TRUE,LOC101772400,SCAFFOLD_3,34365379,34367751,-,LOC101772400,protein_coding,NA,"polygalacturonase At1g48100, transcript variant X2",LD_interval,184407
2024_N120,height_cm,FarmCPU,SCAFFOLD_3_34180972,3,34180972,9.80814871945326e-10,9.00841295763518,5.8914535040598e-08,848687,0.209876543209877,81,-12.6657876409599,34131688,34374522,251,997,1e+06,0.2,20000,250000,TRUE,LOC101772805,SCAFFOLD_3,34367982,34370807,+,LOC101772805,lncRNA,NA,"",LD_interval,187010
2024_N120,height_cm,FarmCPU,SCAFFOLD_3_38341311,3,38341311,1.65758644658829e-08,7.78052381297008,5.8914535040598e-08,848687,0.117283950617284,81,2.15952127152132,38330387,38542479,159,698,1e+06,0.2,20000,250000,TRUE,LOC105914094,SCAFFOLD_3,38332774,38334238,-,LOC105914094,lncRNA,NA,"",LD_interval,7073
2024_N120,height_cm,FarmCPU,SCAFFOLD_3_38341311,3,38341311,1.65758644658829e-08,7.78052381297008,5.8914535040598e-08,848687,0.117283950617284,81,2.15952127152132,38330387,38542479,159,698,1e+06,0.2,20000,250000,TRUE,LOC101773891,SCAFFOLD_3,38359656,38364300,+,LOC101773891,protein_coding,NA,"uncharacterized LOC101773891, transcript variant X2",LD_interval,18345
2024_N120,height_cm,FarmCPU,SCAFFOLD_3_38341311,3,38341311,1.65758644658829e-08,7.78052381297008,5.8914535040598e-08,848687,0.117283950617284,81,2.15952127152132,38330387,38542479,159,698,1e+06,0.2,20000,250000,TRUE,LOC101782944,SCAFFOLD_3,38442953,38446903,+,LOC101782944,protein_coding,NA,"ent-kaur-16-ene synthase, chloroplastic-like",LD_interval,101642
2024_N120,height_cm,FarmCPU,SCAFFOLD_3_38341311,3,38341311,1.65758644658829e-08,7.78052381297008,5.8914535040598e-08,848687,0.117283950617284,81,2.15952127152132,38330387,38542479,159,698,1e+06,0.2,20000,250000,TRUE,LOC111256835,SCAFFOLD_3,38487434,38488350,-,LOC111256835,lncRNA,NA,"",LD_interval,146123
2024_N120,height_cm,FarmCPU,SCAFFOLD_3_38341311,3,38341311,1.65758644658829e-08,7.78052381297008,5.8914535040598e-08,848687,0.117283950617284,81,2.15952127152132,38330387,38542479,159,698,1e+06,0.2,20000,250000,TRUE,LOC111256656,SCAFFOLD_3,38501053,38502536,-,LOC111256656,lncRNA,NA,"",LD_interval,159742
2024_N120,height_cm,FarmCPU,SCAFFOLD_3_38341311,3,38341311,1.65758644658829e-08,7.78052381297008,5.8914535040598e-08,848687,0.117283950617284,81,2.15952127152132,38330387,38542479,159,698,1e+06,0.2,20000,250000,TRUE,LOC105914131,SCAFFOLD_3,38510780,38516102,-,LOC105914131,protein_coding,NA,zinc finger BED domain-containing protein RICESLEEPER 2-like,LD_interval,169469
2024_N120,height_cm,FarmCPU,SCAFFOLD_3_38341311,3,38341311,1.65758644658829e-08,7.78052381297008,5.8914535040598e-08,848687,0.117283950617284,81,2.15952127152132,38330387,38542479,159,698,1e+06,0.2,20000,250000,TRUE,LOC111256679,SCAFFOLD_3,38538851,38540493,-,LOC111256679,lncRNA,NA,"",LD_interval,197540
2024_N120,height_cm,FarmCPU,SCAFFOLD_3_38281324,3,38281324,2.32335572846408e-08,7.63388429037998,5.8914535040598e-08,848687,0.271604938271605,81,4.0609166444861,38281324,38281380,3,3,1e+06,0.2,20000,250000,TRUE,LOC101772527,SCAFFOLD_3,38267748,38288238,+,LOC101772527,lncRNA,NA,"",contains_lead_snp,0
2024_N120,number_of_tillers,BLINK,SCAFFOLD_8_33517935,8,33517935,9.05515169402991e-21,20.0431042698857,5.8914535040598e-08,848687,0.0493827160493827,81,3.19056598858569,33516269,33555447,29,156,1e+06,0.2,20000,250000,FALSE,LOC101756052,SCAFFOLD_8,33522591,33524654,-,LOC101756052,protein_coding,NA,probable WRKY transcription factor 63,LD_interval,4656
2024_N120,number_of_tillers,BLINK,SCAFFOLD_8_33517935,8,33517935,9.05515169402991e-21,20.0431042698857,5.8914535040598e-08,848687,0.0493827160493827,81,3.19056598858569,33516269,33555447,29,156,1e+06,0.2,20000,250000,FALSE,LOC101782920,SCAFFOLD_8,33535056,33538039,-,LOC101782920,protein_coding,NA,probable LRR receptor-like serine/threonine-protein kinase At3g47570,LD_interval,17121
2024_N120,number_of_tillers,BLINK,SCAFFOLD_8_33517935,8,33517935,9.05515169402991e-21,20.0431042698857,5.8914535040598e-08,848687,0.0493827160493827,81,3.19056598858569,33516269,33555447,29,156,1e+06,0.2,20000,250000,FALSE,LOC111258293,SCAFFOLD_8,33553753,33554601,+,LOC111258293,lncRNA,NA,"",LD_interval,35818
2024_N120,number_of_tillers,BLINK,SCAFFOLD_4_17869260,4,17869260,3.46359707209219e-20,19.4604726361538,5.8914535040598e-08,848687,0.0308641975308642,81,4.49636827826877,17867650,17920488,11,405,1e+06,0.2,20000,250000,FALSE,LOC101764327,SCAFFOLD_4,17828718,17833891,-,LOC101764327,protein_coding,NA,phosphate transporter PHO1-3,nearest_gene,35369
2024_N120,number_of_tillers,BLINK,SCAFFOLD_3_12082128,3,12082128,8.35266514350729e-20,19.0781749290146,5.8914535040598e-08,848687,0.0246913580246914,81,5.98122413316204,12082128,12082128,1,51,1e+06,0.2,20000,250000,FALSE,LOC101770253,SCAFFOLD_3,12084287,12086611,-,LOC101770253,protein_coding,NA,ras-related protein Rab7,nearest_gene,2159
2024_N120,number_of_tillers,BLINK,SCAFFOLD_8_33516269,8,33516269,3.9406463774283e-11,10.4044325357566,5.8914535040598e-08,848687,0.0432098765432099,81,0.222700582484308,33516269,33555447,18,124,1e+06,0.2,20000,250000,FALSE,LOC101756052,SCAFFOLD_8,33522591,33524654,-,LOC101756052,protein_coding,NA,probable WRKY transcription factor 63,LD_interval,6322
2024_N120,number_of_tillers,BLINK,SCAFFOLD_8_33516269,8,33516269,3.9406463774283e-11,10.4044325357566,5.8914535040598e-08,848687,0.0432098765432099,81,0.222700582484308,33516269,33555447,18,124,1e+06,0.2,20000,250000,FALSE,LOC101782920,SCAFFOLD_8,33535056,33538039,-,LOC101782920,protein_coding,NA,probable LRR receptor-like serine/threonine-protein kinase At3g47570,LD_interval,18787
2024_N120,number_of_tillers,BLINK,SCAFFOLD_8_33516269,8,33516269,3.9406463774283e-11,10.4044325357566,5.8914535040598e-08,848687,0.0432098765432099,81,0.222700582484308,33516269,33555447,18,124,1e+06,0.2,20000,250000,FALSE,LOC111258293,SCAFFOLD_8,33553753,33554601,+,LOC111258293,lncRNA,NA,"",LD_interval,37484
2024_N120,number_of_tillers,BLINK,SCAFFOLD_4_22532145,4,22532145,6.33251257556116e-10,9.19842393908319,5.8914535040598e-08,848687,0.141975308641975,81,1.14578003231212,22519512,22532145,14,69,1e+06,0.2,20000,250000,TRUE,LOC101755538,SCAFFOLD_4,22442531,22446657,-,LOC101755538,protein_coding,NA,ankyrin repeat-containing protein NPR4,nearest_gene,85488
2024_N120,number_of_tillers,BLINK,SCAFFOLD_8_21279441,8,21279441,4.8342189664801e-09,8.31567368206649,5.8914535040598e-08,848687,0.0987654320987654,81,1.1469706143431,21279441,21279590,7,19,1e+06,0.2,20000,250000,TRUE,LOC101760090,SCAFFOLD_8,21292717,21293731,-,LOC101760090,protein_coding,NA,dehydrin DHN1,nearest_gene,13276
2024_N120,number_of_tillers,BLINK,SCAFFOLD_3_11991031,3,11991031,3.44282954680653e-08,7.46308447851921,5.8914535040598e-08,848687,0.0493827160493827,81,-0.0201172366073348,11991031,11998397,2,80,1e+06,0.2,20000,250000,FALSE,LOC101765778,SCAFFOLD_3,11989311,11991483,-,LOC101765778,protein_coding,NA,uncharacterized LOC101765778,contains_lead_snp,0
2024_N120,number_of_tillers,BLINK,SCAFFOLD_3_11991031,3,11991031,3.44282954680653e-08,7.46308447851921,5.8914535040598e-08,848687,0.0493827160493827,81,-0.0201172366073348,11991031,11998397,2,80,1e+06,0.2,20000,250000,FALSE,LOC101766197,SCAFFOLD_3,11993993,11997219,+,LOC101766197,protein_coding,NA,"protein REVERSION-TO-ETHYLENE SENSITIVITY1, transcript variant X1",LD_interval,2962
2024_N120,number_of_tillers,FarmCPU,SCAFFOLD_4_17869260,4,17869260,1.63417130364314e-49,48.7867024200634,5.8914535040598e-08,848687,0.0308641975308642,81,10.1186205270872,17867650,17920488,11,405,1e+06,0.2,20000,250000,FALSE,LOC101764327,SCAFFOLD_4,17828718,17833891,-,LOC101764327,protein_coding,NA,phosphate transporter PHO1-3,nearest_gene,35369
2024_N120,number_of_tillers,FarmCPU,SCAFFOLD_3_9637687,3,9637687,1.75623217694629e-12,11.7554180701491,5.8914535040598e-08,848687,0.0493827160493827,81,2.115156912651,9574257,9637687,8,41,1e+06,0.2,20000,250000,FALSE,LOC101780095,SCAFFOLD_3,9578801,9580223,-,LOC101780095,protein_coding,NA,phospholipase A1-II 6,LD_interval,57464
2024_N120,number_of_tillers,FarmCPU,SCAFFOLD_3_9637687,3,9637687,1.75623217694629e-12,11.7554180701491,5.8914535040598e-08,848687,0.0493827160493827,81,2.115156912651,9574257,9637687,8,41,1e+06,0.2,20000,250000,FALSE,LOC101780499,SCAFFOLD_3,9583347,9587891,+,LOC101780499,protein_coding,NA,"protein CHUP1, chloroplastic",LD_interval,49796
2024_N120,number_of_tillers,FarmCPU,SCAFFOLD_3_9637687,3,9637687,1.75623217694629e-12,11.7554180701491,5.8914535040598e-08,848687,0.0493827160493827,81,2.115156912651,9574257,9637687,8,41,1e+06,0.2,20000,250000,FALSE,LOC101780901,SCAFFOLD_3,9606618,9607706,-,LOC101780901,protein_coding,NA,uncharacterized LOC101780901,LD_interval,29981
2024_N120,number_of_tillers,FarmCPU,SCAFFOLD_3_9637687,3,9637687,1.75623217694629e-12,11.7554180701491,5.8914535040598e-08,848687,0.0493827160493827,81,2.115156912651,9574257,9637687,8,41,1e+06,0.2,20000,250000,FALSE,LOC101781570,SCAFFOLD_3,9612062,9615825,+,LOC101781570,protein_coding,NA,"ketol-acid reductoisomerase, chloroplastic",LD_interval,21862
2024_N120,number_of_tillers,FarmCPU,SCAFFOLD_4_17903922,4,17903922,2.03847646573543e-12,11.6906942981241,5.8914535040598e-08,848687,0.0246913580246914,81,0.540717667682462,17903922,17910284,3,44,1e+06,0.2,20000,250000,FALSE,LOC101764731,SCAFFOLD_4,17933472,17937454,+,LOC101764731,lncRNA,NA,"",nearest_gene,29550
2024_N120,number_of_tillers,FarmCPU,SCAFFOLD_9_41180314,9,41180314,6.48851767253128e-12,11.1878545081565,5.8914535040598e-08,848687,0.0493827160493827,81,1.78184861753463,41179593,41190765,3,32,1e+06,0.2,20000,250000,FALSE,LOC101780933,SCAFFOLD_9,41161561,41166091,-,LOC101780933,protein_coding,NA,"uncharacterized LOC101780933, transcript variant X1",nearest_gene,14223
2024_N120,number_of_tillers,FarmCPU,SCAFFOLD_9_53175090,9,53175090,3.642800865761e-09,8.43856456888021,5.8914535040598e-08,848687,0.141975308641975,81,-0.561449791601535,53165105,53175090,3,26,1e+06,0.2,20000,250000,TRUE,LOC101785510,SCAFFOLD_9,53160494,53166160,+,LOC101785510,protein_coding,NA,probable galacturonosyltransferase 14,LD_interval,8930
2024_N120,number_of_tillers,FarmCPU,SCAFFOLD_9_53175090,9,53175090,3.642800865761e-09,8.43856456888021,5.8914535040598e-08,848687,0.141975308641975,81,-0.561449791601535,53165105,53175090,3,26,1e+06,0.2,20000,250000,TRUE,LOC101785921,SCAFFOLD_9,53166966,53171646,-,LOC101785921,protein_coding,NA,"heparanase-like protein 1, transcript variant X2",LD_interval,3444
2024_N120,number_of_tillers,MLM,SCAFFOLD_4_17869260,4,17869260,6.52617312718052e-10,9.18534140937409,5.8914535040598e-08,848687,0.0308641975308642,81,11.0096945257925,17867650,17920488,11,405,1e+06,0.2,20000,250000,FALSE,LOC101764327,SCAFFOLD_4,17828718,17833891,-,LOC101764327,protein_coding,NA,phosphate transporter PHO1-3,nearest_gene,35369
2024_N120,number_of_tillers,MLM,SCAFFOLD_7_16545835,7,16545835,3.30916179084518e-09,8.48028199888621,5.8914535040598e-08,848687,0.0308641975308642,81,8.60718177376204,16528272,16700489,39,103,1e+06,0.2,20000,250000,FALSE,LOC101755221,SCAFFOLD_7,16526635,16529450,-,LOC101755221,protein_coding,NA,wall-associated receptor kinase 2,LD_interval,16385
2024_N120,number_of_tillers,MLM,SCAFFOLD_7_16545835,7,16545835,3.30916179084518e-09,8.48028199888621,5.8914535040598e-08,848687,0.0308641975308642,81,8.60718177376204,16528272,16700489,39,103,1e+06,0.2,20000,250000,FALSE,LOC101777781,SCAFFOLD_7,16558246,16564635,+,LOC101777781,protein_coding,NA,"mitochondrial inner membrane protein OXA1-like, transcript variant X1",LD_interval,12411
2024_N120,number_of_tillers,MLM,SCAFFOLD_7_16545835,7,16545835,3.30916179084518e-09,8.48028199888621,5.8914535040598e-08,848687,0.0308641975308642,81,8.60718177376204,16528272,16700489,39,103,1e+06,0.2,20000,250000,FALSE,LOC101778190,SCAFFOLD_7,16611519,16613393,+,LOC101778190,protein_coding,NA,"short-chain dehydrogenase/reductase 2b, transcript variant X2",LD_interval,65684
2024_N120,number_of_tillers,MLM,SCAFFOLD_7_16545835,7,16545835,3.30916179084518e-09,8.48028199888621,5.8914535040598e-08,848687,0.0308641975308642,81,8.60718177376204,16528272,16700489,39,103,1e+06,0.2,20000,250000,FALSE,LOC111257891,SCAFFOLD_7,16613048,16614081,-,LOC111257891,lncRNA,NA,"",LD_interval,67213
2024_N120,number_of_tillers,MLM,SCAFFOLD_7_16545835,7,16545835,3.30916179084518e-09,8.48028199888621,5.8914535040598e-08,848687,0.0308641975308642,81,8.60718177376204,16528272,16700489,39,103,1e+06,0.2,20000,250000,FALSE,LOC101778589,SCAFFOLD_7,16621963,16625126,+,LOC101778589,protein_coding,NA,chloroplast envelope quinone oxidoreductase homolog,LD_interval,76128
2024_N120,number_of_tillers,MLM,SCAFFOLD_7_16545835,7,16545835,3.30916179084518e-09,8.48028199888621,5.8914535040598e-08,848687,0.0308641975308642,81,8.60718177376204,16528272,16700489,39,103,1e+06,0.2,20000,250000,FALSE,LOC101779004,SCAFFOLD_7,16626243,16632847,-,LOC101779004,protein_coding,NA,ras GTPase-activating protein-binding protein 1,LD_interval,80408
2024_N120,number_of_tillers,MLM,SCAFFOLD_7_16545835,7,16545835,3.30916179084518e-09,8.48028199888621,5.8914535040598e-08,848687,0.0308641975308642,81,8.60718177376204,16528272,16700489,39,103,1e+06,0.2,20000,250000,FALSE,LOC101779410,SCAFFOLD_7,16653915,16657541,-,LOC101779410,protein_coding,NA,uncharacterized LOC101779410,LD_interval,108080
2024_N120,number_of_tillers,MLM,SCAFFOLD_7_16545835,7,16545835,3.30916179084518e-09,8.48028199888621,5.8914535040598e-08,848687,0.0308641975308642,81,8.60718177376204,16528272,16700489,39,103,1e+06,0.2,20000,250000,FALSE,LOC101779798,SCAFFOLD_7,16662756,16668212,+,LOC101779798,protein_coding,NA,protein DETOXIFICATION 16,LD_interval,116921
2024_N120,number_of_tillers,MLM,SCAFFOLD_7_16545835,7,16545835,3.30916179084518e-09,8.48028199888621,5.8914535040598e-08,848687,0.0308641975308642,81,8.60718177376204,16528272,16700489,39,103,1e+06,0.2,20000,250000,FALSE,LOC101780210,SCAFFOLD_7,16673880,16676390,+,LOC101780210,protein_coding,NA,protein DETOXIFICATION 16,LD_interval,128045
2024_N120,number_of_tillers,MLM,SCAFFOLD_7_16545835,7,16545835,3.30916179084518e-09,8.48028199888621,5.8914535040598e-08,848687,0.0308641975308642,81,8.60718177376204,16528272,16700489,39,103,1e+06,0.2,20000,250000,FALSE,LOC101756437,SCAFFOLD_7,16700177,16703233,+,LOC101756437,protein_coding,NA,protein FAR1-RELATED SEQUENCE 5-like,LD_interval,154342
2024_N120,number_of_tillers,MLM,SCAFFOLD_8_39050149,8,39050149,4.97234116882597e-09,8.30343908062266,5.8914535040598e-08,848687,0.0308641975308642,81,8.37723804822325,39014489,39068804,18,42,1e+06,0.2,20000,250000,FALSE,LOC101769304,SCAFFOLD_8,39041515,39051919,-,LOC101769304,protein_coding,NA,"beta-glucosidase-like SFR2, chloroplastic, transcript variant X4",contains_lead_snp,0
2024_N120,number_of_tillers,MLM,SCAFFOLD_8_39050149,8,39050149,4.97234116882597e-09,8.30343908062266,5.8914535040598e-08,848687,0.0308641975308642,81,8.37723804822325,39014489,39068804,18,42,1e+06,0.2,20000,250000,FALSE,LOC101768894,SCAFFOLD_8,39045065,39045909,+,LOC101768894,protein_coding,NA,uncharacterized LOC101768894,LD_interval,4240
2024_N120,number_of_tillers,MLM,SCAFFOLD_8_39050149,8,39050149,4.97234116882597e-09,8.30343908062266,5.8914535040598e-08,848687,0.0308641975308642,81,8.37723804822325,39014489,39068804,18,42,1e+06,0.2,20000,250000,FALSE,LOC101776455,SCAFFOLD_8,39052939,39054816,-,LOC101776455,protein_coding,NA,pectinesterase QRT1,LD_interval,2790
2024_N120,number_of_tillers,MLM,SCAFFOLD_8_39050149,8,39050149,4.97234116882597e-09,8.30343908062266,5.8914535040598e-08,848687,0.0308641975308642,81,8.37723804822325,39014489,39068804,18,42,1e+06,0.2,20000,250000,FALSE,LOC101771445,SCAFFOLD_8,39057714,39060834,-,LOC101771445,protein_coding,NA,transcription factor JAMYB,LD_interval,7565
2024_N120,number_of_tillers,MLM,SCAFFOLD_5_25977518,5,25977518,5.07546698428468e-09,8.29452399294822,5.8914535040598e-08,848687,0.037037037037037,81,9.39800353127532,25969985,25994429,15,133,1e+06,0.2,20000,250000,FALSE,LOC101755968,SCAFFOLD_5,25984307,25987424,-,LOC101755968,protein_coding,NA,cysteine-rich receptor-like protein kinase 6,LD_interval,6789
2024_N120,number_of_tillers,MLM,SCAFFOLD_1_11382373,1,11382373,6.12178736902759e-09,8.21312175903494,5.8914535040598e-08,848687,0.0185185185185185,81,11.9766266570047,11366021,11390374,13,120,1e+06,0.2,20000,250000,FALSE,LOC101776642,SCAFFOLD_1,11373908,11376988,+,LOC101776642,protein_coding,NA,L-gulonolactone oxidase 3,LD_interval,5385
2024_N120,number_of_tillers,MLM,SCAFFOLD_1_11382373,1,11382373,6.12178736902759e-09,8.21312175903494,5.8914535040598e-08,848687,0.0185185185185185,81,11.9766266570047,11366021,11390374,13,120,1e+06,0.2,20000,250000,FALSE,LOC101779394,SCAFFOLD_1,11378052,11380211,-,LOC101779394,protein_coding,NA,serine/threonine-protein kinase AGC1-5,LD_interval,2162
2024_N120,number_of_tillers,MLM,SCAFFOLD_6_8636014,6,8636014,6.12178736902759e-09,8.21312175903494,5.8914535040598e-08,848687,0.0185185185185185,81,11.9766266570047,8627247,8719180,24,143,1e+06,0.2,20000,250000,FALSE,LOC101770340,SCAFFOLD_6,8695578,8699722,-,LOC101770340,protein_coding,NA,"uncharacterized LOC101770340, transcript variant X5",LD_interval,59564
2024_N120,number_of_tillers,MLM,SCAFFOLD_6_8636014,6,8636014,6.12178736902759e-09,8.21312175903494,5.8914535040598e-08,848687,0.0185185185185185,81,11.9766266570047,8627247,8719180,24,143,1e+06,0.2,20000,250000,FALSE,LOC101770744,SCAFFOLD_6,8699860,8702783,-,LOC101770744,protein_coding,NA,"uncharacterized LOC101770744, transcript variant X2",LD_interval,63846
2024_N120,number_of_tillers,MLM,SCAFFOLD_6_8636014,6,8636014,6.12178736902759e-09,8.21312175903494,5.8914535040598e-08,848687,0.0185185185185185,81,11.9766266570047,8627247,8719180,24,143,1e+06,0.2,20000,250000,FALSE,LOC101771267,SCAFFOLD_6,8704585,8711322,-,LOC101771267,protein_coding,NA,disease resistance protein RPM1,LD_interval,68571
2024_N120,number_of_tillers,MLM,SCAFFOLD_7_12448312,7,12448312,6.12178736902759e-09,8.21312175903494,5.8914535040598e-08,848687,0.0185185185185185,81,11.9766266570047,12394561,12466386,33,359,1e+06,0.2,20000,250000,FALSE,LOC101785178,SCAFFOLD_7,12393087,12408782,+,LOC101785178,protein_coding,NA,"vacuolar protein sorting-associated protein 54, chloroplastic, transcript variant X2",LD_interval,39530
2024_N120,number_of_tillers,MLM,SCAFFOLD_7_12448312,7,12448312,6.12178736902759e-09,8.21312175903494,5.8914535040598e-08,848687,0.0185185185185185,81,11.9766266570047,12394561,12466386,33,359,1e+06,0.2,20000,250000,FALSE,LOC101785584,SCAFFOLD_7,12409897,12413394,+,LOC101785584,protein_coding,NA,"thylakoid lumenal 15.0 kDa protein 2, chloroplastic",LD_interval,34918
2024_N120,number_of_tillers,MLM,SCAFFOLD_7_12448312,7,12448312,6.12178736902759e-09,8.21312175903494,5.8914535040598e-08,848687,0.0185185185185185,81,11.9766266570047,12394561,12466386,33,359,1e+06,0.2,20000,250000,FALSE,LOC101785986,SCAFFOLD_7,12413614,12414543,-,LOC101785986,protein_coding,NA,putative cyclin-dependent kinase F-2,LD_interval,33769
2024_N120,number_of_tillers,MLM,SCAFFOLD_7_12448312,7,12448312,6.12178736902759e-09,8.21312175903494,5.8914535040598e-08,848687,0.0185185185185185,81,11.9766266570047,12394561,12466386,33,359,1e+06,0.2,20000,250000,FALSE,LOC101786392,SCAFFOLD_7,12440625,12444336,+,LOC101786392,protein_coding,NA,uncharacterized LOC101786392,LD_interval,3976
2024_N120,number_of_tillers,MLM,SCAFFOLD_8_23333916,8,23333916,6.12178736902759e-09,8.21312175903494,5.8914535040598e-08,848687,0.0185185185185185,81,11.9766266570047,23333916,23333916,1,21,1e+06,0.2,20000,250000,FALSE,LOC101782784,SCAFFOLD_8,23276898,23278459,+,LOC101782784,protein_coding,NA,probable methyltransferase At1g27930,nearest_gene,55457
2024_N120,number_of_tillers,MLM,SCAFFOLD_8_39043378,8,39043378,1.05331437995968e-08,7.97744198674017,5.8914535040598e-08,848687,0.037037037037037,81,7.8256352589741,39014489,39068804,18,42,1e+06,0.2,20000,250000,FALSE,LOC101769304,SCAFFOLD_8,39041515,39051919,-,LOC101769304,protein_coding,NA,"beta-glucosidase-like SFR2, chloroplastic, transcript variant X4",contains_lead_snp,0
2024_N120,number_of_tillers,MLM,SCAFFOLD_8_39043378,8,39043378,1.05331437995968e-08,7.97744198674017,5.8914535040598e-08,848687,0.037037037037037,81,7.8256352589741,39014489,39068804,18,42,1e+06,0.2,20000,250000,FALSE,LOC101768894,SCAFFOLD_8,39045065,39045909,+,LOC101768894,protein_coding,NA,uncharacterized LOC101768894,LD_interval,1687
2024_N120,number_of_tillers,MLM,SCAFFOLD_8_39043378,8,39043378,1.05331437995968e-08,7.97744198674017,5.8914535040598e-08,848687,0.037037037037037,81,7.8256352589741,39014489,39068804,18,42,1e+06,0.2,20000,250000,FALSE,LOC101776455,SCAFFOLD_8,39052939,39054816,-,LOC101776455,protein_coding,NA,pectinesterase QRT1,LD_interval,9561
2024_N120,number_of_tillers,MLM,SCAFFOLD_8_39043378,8,39043378,1.05331437995968e-08,7.97744198674017,5.8914535040598e-08,848687,0.037037037037037,81,7.8256352589741,39014489,39068804,18,42,1e+06,0.2,20000,250000,FALSE,LOC101771445,SCAFFOLD_8,39057714,39060834,-,LOC101771445,protein_coding,NA,transcription factor JAMYB,LD_interval,14336
2024_N120,number_of_tillers,MLM,SCAFFOLD_3_12082128,3,12082128,1.56673763638209e-08,7.80500372376839,5.8914535040598e-08,848687,0.0246913580246914,81,12.4357325092937,12082128,12082128,1,51,1e+06,0.2,20000,250000,FALSE,LOC101770253,SCAFFOLD_3,12084287,12086611,-,LOC101770253,protein_coding,NA,ras-related protein Rab7,nearest_gene,2159
2024_N120,number_of_tillers,MLM,SCAFFOLD_7_16946630,7,16946630,2.22720573090551e-08,7.65223966456889,5.8914535040598e-08,848687,0.0493827160493827,81,6.9625637150632,16946630,16946630,1,101,1e+06,0.2,20000,250000,FALSE,LOC101760487,SCAFFOLD_7,16947871,16949464,+,LOC101760487,protein_coding,NA,UDP-glycosyltransferase 92A1,nearest_gene,1241
2024_N120,number_of_tillers,MLM,SCAFFOLD_7_13081725,7,13081725,2.3122107509007e-08,7.63597258384067,5.8914535040598e-08,848687,0.0432098765432099,81,7.56593281321918,13057258,13181187,44,275,1e+06,0.2,20000,250000,FALSE,LOC101757893,SCAFFOLD_7,13071654,13076096,+,LOC101757893,protein_coding,NA,pentatricopeptide repeat-containing protein At4g33990-like,LD_interval,5629
2024_N120,number_of_tillers,MLM,SCAFFOLD_7_13081725,7,13081725,2.3122107509007e-08,7.63597258384067,5.8914535040598e-08,848687,0.0432098765432099,81,7.56593281321918,13057258,13181187,44,275,1e+06,0.2,20000,250000,FALSE,LOC101778605,SCAFFOLD_7,13088410,13093419,+,LOC101778605,protein_coding,NA,probable L-type lectin-domain containing receptor kinase S.5,LD_interval,6685
2024_N120,number_of_tillers,MLM,SCAFFOLD_7_13081725,7,13081725,2.3122107509007e-08,7.63597258384067,5.8914535040598e-08,848687,0.0432098765432099,81,7.56593281321918,13057258,13181187,44,275,1e+06,0.2,20000,250000,FALSE,LOC101758311,SCAFFOLD_7,13104900,13110364,+,LOC101758311,protein_coding,NA,nucleotide pyrophosphatase/phosphodiesterase,LD_interval,23175
2024_N120,number_of_tillers,MLM,SCAFFOLD_7_13081725,7,13081725,2.3122107509007e-08,7.63597258384067,5.8914535040598e-08,848687,0.0432098765432099,81,7.56593281321918,13057258,13181187,44,275,1e+06,0.2,20000,250000,FALSE,LOC101779424,SCAFFOLD_7,13110839,13111750,+,LOC101779424,protein_coding,NA,MADS-box transcription factor 47-like,LD_interval,29114
2024_N120,number_of_tillers,MLM,SCAFFOLD_7_13081725,7,13081725,2.3122107509007e-08,7.63597258384067,5.8914535040598e-08,848687,0.0432098765432099,81,7.56593281321918,13057258,13181187,44,275,1e+06,0.2,20000,250000,FALSE,LOC101758719,SCAFFOLD_7,13115150,13118770,+,LOC101758719,protein_coding,NA,L-type lectin-domain containing receptor kinase IX.1,LD_interval,33425
2024_N120,number_of_tillers,MLM,SCAFFOLD_7_13081725,7,13081725,2.3122107509007e-08,7.63597258384067,5.8914535040598e-08,848687,0.0432098765432099,81,7.56593281321918,13057258,13181187,44,275,1e+06,0.2,20000,250000,FALSE,LOC101759122,SCAFFOLD_7,13130741,13132211,-,LOC101759122,protein_coding,NA,WRKY transcription factor WRKY51,LD_interval,49016
2024_N120,number_of_tillers,MLM,SCAFFOLD_7_13081725,7,13081725,2.3122107509007e-08,7.63597258384067,5.8914535040598e-08,848687,0.0432098765432099,81,7.56593281321918,13057258,13181187,44,275,1e+06,0.2,20000,250000,FALSE,LOC101763043,SCAFFOLD_7,13143814,13148851,+,LOC101763043,protein_coding,NA,"disease resistance protein RGA2, transcript variant X2",LD_interval,62089
2024_N120,number_of_tillers,MLM,SCAFFOLD_7_13081725,7,13081725,2.3122107509007e-08,7.63597258384067,5.8914535040598e-08,848687,0.0432098765432099,81,7.56593281321918,13057258,13181187,44,275,1e+06,0.2,20000,250000,FALSE,LOC101762631,SCAFFOLD_7,13150636,13151542,+,LOC101762631,protein_coding,NA,pathogenesis-related protein 1A,LD_interval,68911
2024_N120,number_of_tillers,MLM,SCAFFOLD_7_13081725,7,13081725,2.3122107509007e-08,7.63597258384067,5.8914535040598e-08,848687,0.0432098765432099,81,7.56593281321918,13057258,13181187,44,275,1e+06,0.2,20000,250000,FALSE,LOC101780224,SCAFFOLD_7,13162319,13162861,+,LOC101780224,protein_coding,NA,pathogenesis-related protein 1C,LD_interval,80594
2024_N120,number_of_tillers,MLM,SCAFFOLD_7_13081725,7,13081725,2.3122107509007e-08,7.63597258384067,5.8914535040598e-08,848687,0.0432098765432099,81,7.56593281321918,13057258,13181187,44,275,1e+06,0.2,20000,250000,FALSE,LOC101762235,SCAFFOLD_7,13163496,13168541,+,LOC101762235,protein_coding,NA,"protein root UVB sensitive 1, chloroplastic",LD_interval,81771
2024_N120,number_of_tillers,MLM,SCAFFOLD_7_13081725,7,13081725,2.3122107509007e-08,7.63597258384067,5.8914535040598e-08,848687,0.0432098765432099,81,7.56593281321918,13057258,13181187,44,275,1e+06,0.2,20000,250000,FALSE,LOC101761951,SCAFFOLD_7,13168695,13170136,-,LOC101761951,lncRNA,NA,"",LD_interval,86970
2024_N120,number_of_tillers,MLM,SCAFFOLD_7_13081725,7,13081725,2.3122107509007e-08,7.63597258384067,5.8914535040598e-08,848687,0.0432098765432099,81,7.56593281321918,13057258,13181187,44,275,1e+06,0.2,20000,250000,FALSE,LOC101780622,SCAFFOLD_7,13173384,13177707,+,LOC101780622,protein_coding,NA,"short-chain dehydrogenase TIC 32, chloroplastic, transcript variant X3",LD_interval,91659
2024_N120,number_of_tillers,MLM,SCAFFOLD_4_19918410,4,19918410,3.41489993702308e-08,7.46662201743937,5.8914535040598e-08,848687,0.0246913580246914,81,10.2084620664334,19918410,19918410,1,45,1e+06,0.2,20000,250000,FALSE,LOC101755421,SCAFFOLD_4,19838434,19838904,-,LOC101755421,protein_coding,NA,E3 ubiquitin-protein ligase RHA2A,nearest_gene,79506
2024_N120,number_of_tillers,MLM,SCAFFOLD_3_33333968,3,33333968,3.61304546747966e-08,7.44212657312579,5.8914535040598e-08,848687,0.481481481481481,81,-13.8250768064606,33333968,33333968,1,15,1e+06,0.2,20000,250000,TRUE,LOC101764846,SCAFFOLD_3,33204003,33218345,-,LOC101764846,protein_coding,NA,"isoflavone reductase homolog, transcript variant X2",nearest_gene,115623
2024_N120,number_of_tillers,MLM,SCAFFOLD_7_12808312,7,12808312,3.74406753253041e-08,7.42665632640274,5.8914535040598e-08,848687,0.037037037037037,81,7.24467450201865,12730888,12877840,72,272,1e+06,0.2,20000,250000,FALSE,LOC101752913,SCAFFOLD_7,12730699,12738680,-,LOC101752913,protein_coding,NA,uncharacterized LOC101752913,LD_interval,69632
2024_N120,number_of_tillers,MLM,SCAFFOLD_7_12808312,7,12808312,3.74406753253041e-08,7.42665632640274,5.8914535040598e-08,848687,0.037037037037037,81,7.24467450201865,12730888,12877840,72,272,1e+06,0.2,20000,250000,FALSE,LOC111257940,SCAFFOLD_7,12795348,12796243,-,LOC111257940,protein_coding,NA,uncharacterized LOC111257940,LD_interval,12069
2024_N120,number_of_tillers,MLM,SCAFFOLD_7_12808312,7,12808312,3.74406753253041e-08,7.42665632640274,5.8914535040598e-08,848687,0.037037037037037,81,7.24467450201865,12730888,12877840,72,272,1e+06,0.2,20000,250000,FALSE,LOC101754002,SCAFFOLD_7,12815152,12823059,+,LOC101754002,protein_coding,NA,"uncharacterized LOC101754002, transcript variant X7",LD_interval,6840
2024_N120,number_of_tillers,MLM,SCAFFOLD_7_12808312,7,12808312,3.74406753253041e-08,7.42665632640274,5.8914535040598e-08,848687,0.037037037037037,81,7.24467450201865,12730888,12877840,72,272,1e+06,0.2,20000,250000,FALSE,LOC101754652,SCAFFOLD_7,12823539,12826125,-,LOC101754652,protein_coding,NA,"proteoglycan 4, transcript variant X1",LD_interval,15227
2024_N120,number_of_tillers,MLM,SCAFFOLD_7_12808312,7,12808312,3.74406753253041e-08,7.42665632640274,5.8914535040598e-08,848687,0.037037037037037,81,7.24467450201865,12730888,12877840,72,272,1e+06,0.2,20000,250000,FALSE,LOC101755336,SCAFFOLD_7,12853525,12858079,-,LOC101755336,lncRNA,NA,"",LD_interval,45213
2024_N120,number_of_tillers,MLM,SCAFFOLD_7_12808312,7,12808312,3.74406753253041e-08,7.42665632640274,5.8914535040598e-08,848687,0.037037037037037,81,7.24467450201865,12730888,12877840,72,272,1e+06,0.2,20000,250000,FALSE,LOC101755742,SCAFFOLD_7,12865052,12876871,+,LOC101755742,protein_coding,NA,general transcription factor 3C polypeptide 5,LD_interval,56740
2024_N120,number_of_tillers,MLM,SCAFFOLD_7_12808312,7,12808312,3.74406753253041e-08,7.42665632640274,5.8914535040598e-08,848687,0.037037037037037,81,7.24467450201865,12730888,12877840,72,272,1e+06,0.2,20000,250000,FALSE,TRNAH-GUG-8,SCAFFOLD_7,12877659,12877730,-,TRNAH-GUG,tRNA,NA,"",LD_interval,69347
2024_N120,number_of_tillers,MLM,SCAFFOLD_6_8041207,6,8041207,4.11459421045932e-08,7.38567298933342,5.8914535040598e-08,848687,0.0308641975308642,81,9.44051418701756,7881500,8084083,35,118,1e+06,0.2,20000,250000,FALSE,LOC101754635,SCAFFOLD_6,7896861,7898378,+,LOC101754635,protein_coding,NA,O-methyltransferase ZRP4,LD_interval,142829
2024_N120,number_of_tillers,MLM,SCAFFOLD_6_8041207,6,8041207,4.11459421045932e-08,7.38567298933342,5.8914535040598e-08,848687,0.0308641975308642,81,9.44051418701756,7881500,8084083,35,118,1e+06,0.2,20000,250000,FALSE,LOC101754244,SCAFFOLD_6,7917835,7920746,+,LOC101754244,protein_coding,NA,"uncharacterized LOC101754244, transcript variant X4",LD_interval,120461
2024_N120,number_of_tillers,MLM,SCAFFOLD_6_8041207,6,8041207,4.11459421045932e-08,7.38567298933342,5.8914535040598e-08,848687,0.0308641975308642,81,9.44051418701756,7881500,8084083,35,118,1e+06,0.2,20000,250000,FALSE,LOC101753849,SCAFFOLD_6,7922609,7926909,+,LOC101753849,protein_coding,NA,molybdate-anion transporter,LD_interval,114298
2024_N120,number_of_tillers,MLM,SCAFFOLD_6_8041207,6,8041207,4.11459421045932e-08,7.38567298933342,5.8914535040598e-08,848687,0.0308641975308642,81,9.44051418701756,7881500,8084083,35,118,1e+06,0.2,20000,250000,FALSE,LOC101760607,SCAFFOLD_6,7927278,7932666,+,LOC101760607,protein_coding,NA,uncharacterized LOC101760607,LD_interval,108541
2024_N120,number_of_tillers,MLM,SCAFFOLD_6_8041207,6,8041207,4.11459421045932e-08,7.38567298933342,5.8914535040598e-08,848687,0.0308641975308642,81,9.44051418701756,7881500,8084083,35,118,1e+06,0.2,20000,250000,FALSE,LOC101753434,SCAFFOLD_6,7933014,7933790,-,LOC101753434,protein_coding,NA,uncharacterized LOC101753434,LD_interval,107417
2024_N120,number_of_tillers,MLM,SCAFFOLD_6_8041207,6,8041207,4.11459421045932e-08,7.38567298933342,5.8914535040598e-08,848687,0.0308641975308642,81,9.44051418701756,7881500,8084083,35,118,1e+06,0.2,20000,250000,FALSE,LOC111257552,SCAFFOLD_6,7934844,7935479,+,LOC111257552,protein_coding,NA,uncharacterized LOC111257552,LD_interval,105728
2024_N120,number_of_tillers,MLM,SCAFFOLD_6_8041207,6,8041207,4.11459421045932e-08,7.38567298933342,5.8914535040598e-08,848687,0.0308641975308642,81,9.44051418701756,7881500,8084083,35,118,1e+06,0.2,20000,250000,FALSE,LOC101752896,SCAFFOLD_6,7946846,7948610,-,LOC101752896,protein_coding,NA,"beta-carotene isomerase D27, chloroplastic",LD_interval,92597
2024_N120,number_of_tillers,MLM,SCAFFOLD_6_8041207,6,8041207,4.11459421045932e-08,7.38567298933342,5.8914535040598e-08,848687,0.0308641975308642,81,9.44051418701756,7881500,8084083,35,118,1e+06,0.2,20000,250000,FALSE,LOC111257742,SCAFFOLD_6,7962669,7964443,-,LOC111257742,protein_coding,NA,3'-N-debenzoyl-2'-deoxytaxol N-benzoyltransferase-like,LD_interval,76764
2024_N120,number_of_tillers,MLM,SCAFFOLD_6_8041207,6,8041207,4.11459421045932e-08,7.38567298933342,5.8914535040598e-08,848687,0.0308641975308642,81,9.44051418701756,7881500,8084083,35,118,1e+06,0.2,20000,250000,FALSE,LOC101752485,SCAFFOLD_6,7981859,7984857,-,LOC101752485,protein_coding,NA,NAC domain-containing protein 35,LD_interval,56350
2024_N120,number_of_tillers,MLM,SCAFFOLD_6_8041207,6,8041207,4.11459421045932e-08,7.38567298933342,5.8914535040598e-08,848687,0.0308641975308642,81,9.44051418701756,7881500,8084083,35,118,1e+06,0.2,20000,250000,FALSE,LOC101758976,SCAFFOLD_6,8000110,8001697,+,LOC101758976,protein_coding,NA,uncharacterized LOC101758976,LD_interval,39510
2024_N120,number_of_tillers,MLM,SCAFFOLD_6_8041207,6,8041207,4.11459421045932e-08,7.38567298933342,5.8914535040598e-08,848687,0.0308641975308642,81,9.44051418701756,7881500,8084083,35,118,1e+06,0.2,20000,250000,FALSE,LOC101759375,SCAFFOLD_6,8003182,8007288,-,LOC101759375,protein_coding,NA,cytochrome P450 88A1,LD_interval,33919
2024_N120,number_of_tillers,MLM,SCAFFOLD_6_8041207,6,8041207,4.11459421045932e-08,7.38567298933342,5.8914535040598e-08,848687,0.0308641975308642,81,9.44051418701756,7881500,8084083,35,118,1e+06,0.2,20000,250000,FALSE,LOC105914519,SCAFFOLD_6,8015146,8019533,-,LOC105914519,lncRNA,NA,"",LD_interval,21674
2024_N120,number_of_tillers,MLM,SCAFFOLD_6_8041207,6,8041207,4.11459421045932e-08,7.38567298933342,5.8914535040598e-08,848687,0.0308641975308642,81,9.44051418701756,7881500,8084083,35,118,1e+06,0.2,20000,250000,FALSE,LOC101763033,SCAFFOLD_6,8019680,8021987,-,LOC101763033,protein_coding,NA,uncharacterized LOC101763033,LD_interval,19220
2024_N120,number_of_tillers,MLM,SCAFFOLD_6_8041207,6,8041207,4.11459421045932e-08,7.38567298933342,5.8914535040598e-08,848687,0.0308641975308642,81,9.44051418701756,7881500,8084083,35,118,1e+06,0.2,20000,250000,FALSE,LOC101760049,SCAFFOLD_6,8022938,8027673,-,LOC101760049,protein_coding,NA,"E3 ubiquitin-protein ligase CHIP, transcript variant X2",LD_interval,13534
2024_N120,number_of_tillers,MLM,SCAFFOLD_6_8041207,6,8041207,4.11459421045932e-08,7.38567298933342,5.8914535040598e-08,848687,0.0308641975308642,81,9.44051418701756,7881500,8084083,35,118,1e+06,0.2,20000,250000,FALSE,LOC101760451,SCAFFOLD_6,8028572,8036397,+,LOC101760451,protein_coding,NA,squamous cell carcinoma antigen recognized by T-cells 3,LD_interval,4810
2024_N120,number_of_tillers,MLM,SCAFFOLD_6_8041207,6,8041207,4.11459421045932e-08,7.38567298933342,5.8914535040598e-08,848687,0.0308641975308642,81,9.44051418701756,7881500,8084083,35,118,1e+06,0.2,20000,250000,FALSE,LOC101761142,SCAFFOLD_6,8036939,8039933,-,LOC101761142,protein_coding,NA,fructokinase-2,LD_interval,1274
2024_N120,number_of_tillers,MLM,SCAFFOLD_6_8041207,6,8041207,4.11459421045932e-08,7.38567298933342,5.8914535040598e-08,848687,0.0308641975308642,81,9.44051418701756,7881500,8084083,35,118,1e+06,0.2,20000,250000,FALSE,LOC101761528,SCAFFOLD_6,8051872,8053311,-,LOC101761528,protein_coding,NA,peroxidase 47,LD_interval,10665
2024_N120,number_of_tillers,MLM,SCAFFOLD_6_8041207,6,8041207,4.11459421045932e-08,7.38567298933342,5.8914535040598e-08,848687,0.0308641975308642,81,9.44051418701756,7881500,8084083,35,118,1e+06,0.2,20000,250000,FALSE,LOC101761930,SCAFFOLD_6,8062881,8070160,-,LOC101761930,protein_coding,NA,GDSL esterase/lipase At1g71691,LD_interval,21674
2024_N120,number_of_tillers,MLM,SCAFFOLD_6_8041207,6,8041207,4.11459421045932e-08,7.38567298933342,5.8914535040598e-08,848687,0.0308641975308642,81,9.44051418701756,7881500,8084083,35,118,1e+06,0.2,20000,250000,FALSE,LOC101763844,SCAFFOLD_6,8071104,8074598,-,LOC101763844,protein_coding,NA,SPX and EXS domain-containing protein 3-like,LD_interval,29897
2024_N120,number_of_tillers,MLM,SCAFFOLD_6_8041207,6,8041207,4.11459421045932e-08,7.38567298933342,5.8914535040598e-08,848687,0.0308641975308642,81,9.44051418701756,7881500,8084083,35,118,1e+06,0.2,20000,250000,FALSE,LOC101762348,SCAFFOLD_6,8074369,8076036,-,LOC101762348,protein_coding,NA,agmatine coumaroyltransferase-2,LD_interval,33162
2024_N120,number_of_tillers,MLM,SCAFFOLD_8_33517935,8,33517935,4.18065398692381e-08,7.37875577547473,5.8914535040598e-08,848687,0.0493827160493827,81,6.44120359741345,33516269,33555447,29,156,1e+06,0.2,20000,250000,FALSE,LOC101756052,SCAFFOLD_8,33522591,33524654,-,LOC101756052,protein_coding,NA,probable WRKY transcription factor 63,LD_interval,4656
2024_N120,number_of_tillers,MLM,SCAFFOLD_8_33517935,8,33517935,4.18065398692381e-08,7.37875577547473,5.8914535040598e-08,848687,0.0493827160493827,81,6.44120359741345,33516269,33555447,29,156,1e+06,0.2,20000,250000,FALSE,LOC101782920,SCAFFOLD_8,33535056,33538039,-,LOC101782920,protein_coding,NA,probable LRR receptor-like serine/threonine-protein kinase At3g47570,LD_interval,17121
2024_N120,number_of_tillers,MLM,SCAFFOLD_8_33517935,8,33517935,4.18065398692381e-08,7.37875577547473,5.8914535040598e-08,848687,0.0493827160493827,81,6.44120359741345,33516269,33555447,29,156,1e+06,0.2,20000,250000,FALSE,LOC111258293,SCAFFOLD_8,33553753,33554601,+,LOC111258293,lncRNA,NA,"",LD_interval,35818
2024_N120,number_of_tillers,MLM,SCAFFOLD_8_16061545,8,16061545,4.34591794648809e-08,7.36191847767584,5.8914535040598e-08,848687,0.037037037037037,81,7.1230940309739,16061545,16061545,1,12,1e+06,0.2,20000,250000,FALSE,LOC101763479,SCAFFOLD_8,16065145,16080841,+,LOC101763479,protein_coding,NA,receptor protein kinase-like protein ZAR1,nearest_gene,3600
2024_N120,number_of_tillers,MLM,SCAFFOLD_7_12984901,7,12984901,5.80502984063689e-08,7.23619554343779,5.8914535040598e-08,848687,0.0246913580246914,81,9.70308922172639,12949168,13019523,42,334,1e+06,0.2,20000,250000,FALSE,LOC101756143,SCAFFOLD_7,12986800,13015190,+,LOC101756143,protein_coding,NA,"achilleol B synthase, transcript variant X4",LD_interval,1899
2024_N120,number_of_tillers,MLM,SCAFFOLD_7_12984901,7,12984901,5.80502984063689e-08,7.23619554343779,5.8914535040598e-08,848687,0.0246913580246914,81,9.70308922172639,12949168,13019523,42,334,1e+06,0.2,20000,250000,FALSE,LOC111257923,SCAFFOLD_7,12999803,13003125,+,LOC111257923,lncRNA,NA,"",LD_interval,14902
2024_N120,number_of_tillers,MLM,SCAFFOLD_7_12984901,7,12984901,5.80502984063689e-08,7.23619554343779,5.8914535040598e-08,848687,0.0246913580246914,81,9.70308922172639,12949168,13019523,42,334,1e+06,0.2,20000,250000,FALSE,LOC101757110,SCAFFOLD_7,13016940,13027101,+,LOC101757110,protein_coding,NA,"kinesin-like protein KIN-14F, transcript variant X5",LD_interval,32039
2024_N120,number_of_tillers,MLM,SCAFFOLD_7_12143351,7,12143351,5.85946666647581e-08,7.23214191202757,5.8914535040598e-08,848687,0.0246913580246914,81,9.70212093140548,12035437,12361425,114,353,1e+06,0.2,20000,250000,FALSE,LOC101766036,SCAFFOLD_7,12037896,12039626,-,LOC101766036,protein_coding,NA,FBD-associated F-box protein At5g56370,LD_interval,103725
2024_N120,number_of_tillers,MLM,SCAFFOLD_7_12143351,7,12143351,5.85946666647581e-08,7.23214191202757,5.8914535040598e-08,848687,0.0246913580246914,81,9.70212093140548,12035437,12361425,114,353,1e+06,0.2,20000,250000,FALSE,LOC101766445,SCAFFOLD_7,12043769,12045824,-,LOC101766445,protein_coding,NA,putative F-box/FBD/LRR-repeat protein At1g78760,LD_interval,97527
2024_N120,number_of_tillers,MLM,SCAFFOLD_7_12143351,7,12143351,5.85946666647581e-08,7.23214191202757,5.8914535040598e-08,848687,0.0246913580246914,81,9.70212093140548,12035437,12361425,114,353,1e+06,0.2,20000,250000,FALSE,LOC105914748,SCAFFOLD_7,12061825,12063248,-,LOC105914748,protein_coding,NA,loricrin-like,LD_interval,80103
2024_N120,number_of_tillers,MLM,SCAFFOLD_7_12143351,7,12143351,5.85946666647581e-08,7.23214191202757,5.8914535040598e-08,848687,0.0246913580246914,81,9.70212093140548,12035437,12361425,114,353,1e+06,0.2,20000,250000,FALSE,LOC101783835,SCAFFOLD_7,12078727,12080861,+,LOC101783835,protein_coding,NA,F-box/LRR-repeat protein 13,LD_interval,62490
2024_N120,number_of_tillers,MLM,SCAFFOLD_7_12143351,7,12143351,5.85946666647581e-08,7.23214191202757,5.8914535040598e-08,848687,0.0246913580246914,81,9.70212093140548,12035437,12361425,114,353,1e+06,0.2,20000,250000,FALSE,LOC101767671,SCAFFOLD_7,12086575,12088474,+,LOC101767671,protein_coding,NA,probable FBD-associated F-box protein At1g32375,LD_interval,54877
2024_N120,number_of_tillers,MLM,SCAFFOLD_7_12143351,7,12143351,5.85946666647581e-08,7.23214191202757,5.8914535040598e-08,848687,0.0246913580246914,81,9.70212093140548,12035437,12361425,114,353,1e+06,0.2,20000,250000,FALSE,LOC101783573,SCAFFOLD_7,12106271,12113511,-,LOC101783573,lncRNA,NA,"",LD_interval,29840
2024_N120,number_of_tillers,MLM,SCAFFOLD_7_12143351,7,12143351,5.85946666647581e-08,7.23214191202757,5.8914535040598e-08,848687,0.0246913580246914,81,9.70212093140548,12035437,12361425,114,353,1e+06,0.2,20000,250000,FALSE,LOC101768475,SCAFFOLD_7,12115757,12117149,+,LOC101768475,protein_coding,NA,L10-interacting MYB domain-containing protein,LD_interval,26202
2024_N120,number_of_tillers,MLM,SCAFFOLD_7_12143351,7,12143351,5.85946666647581e-08,7.23214191202757,5.8914535040598e-08,848687,0.0246913580246914,81,9.70212093140548,12035437,12361425,114,353,1e+06,0.2,20000,250000,FALSE,LOC111257938,SCAFFOLD_7,12117099,12118725,+,LOC111257938,protein_coding,NA,putative nuclease HARBI1,LD_interval,24626
2024_N120,number_of_tillers,MLM,SCAFFOLD_7_12143351,7,12143351,5.85946666647581e-08,7.23214191202757,5.8914535040598e-08,848687,0.0246913580246914,81,9.70212093140548,12035437,12361425,114,353,1e+06,0.2,20000,250000,FALSE,LOC101768874,SCAFFOLD_7,12120039,12120872,+,LOC101768874,protein_coding,NA,binding partner of ACD11 1,LD_interval,22479
2024_N120,number_of_tillers,MLM,SCAFFOLD_7_12143351,7,12143351,5.85946666647581e-08,7.23214191202757,5.8914535040598e-08,848687,0.0246913580246914,81,9.70212093140548,12035437,12361425,114,353,1e+06,0.2,20000,250000,FALSE,LOC101782887,SCAFFOLD_7,12124840,12133623,-,LOC101782887,protein_coding,NA,"ABC transporter C family member 4, transcript variant X1",LD_interval,9728
2024_N120,number_of_tillers,MLM,SCAFFOLD_7_12143351,7,12143351,5.85946666647581e-08,7.23214191202757,5.8914535040598e-08,848687,0.0246913580246914,81,9.70212093140548,12035437,12361425,114,353,1e+06,0.2,20000,250000,FALSE,LOC111257806,SCAFFOLD_7,12137824,12139302,+,LOC111257806,lncRNA,NA,"",LD_interval,4049
2024_N120,number_of_tillers,MLM,SCAFFOLD_7_12143351,7,12143351,5.85946666647581e-08,7.23214191202757,5.8914535040598e-08,848687,0.0246913580246914,81,9.70212093140548,12035437,12361425,114,353,1e+06,0.2,20000,250000,FALSE,LOC111257817,SCAFFOLD_7,12141806,12142023,+,LOC111257817,lncRNA,NA,"",LD_interval,1328
2024_N120,number_of_tillers,MLM,SCAFFOLD_7_12143351,7,12143351,5.85946666647581e-08,7.23214191202757,5.8914535040598e-08,848687,0.0246913580246914,81,9.70212093140548,12035437,12361425,114,353,1e+06,0.2,20000,250000,FALSE,LOC101769695,SCAFFOLD_7,12166972,12174818,-,LOC101769695,protein_coding,NA,ABC transporter C family member 4,LD_interval,23621
2024_N120,number_of_tillers,MLM,SCAFFOLD_7_12143351,7,12143351,5.85946666647581e-08,7.23214191202757,5.8914535040598e-08,848687,0.0246913580246914,81,9.70212093140548,12035437,12361425,114,353,1e+06,0.2,20000,250000,FALSE,LOC101780865,SCAFFOLD_7,12190288,12209961,+,LOC101780865,protein_coding,NA,"uncharacterized LOC101780865, transcript variant X5",LD_interval,46937
2024_N120,number_of_tillers,MLM,SCAFFOLD_7_12143351,7,12143351,5.85946666647581e-08,7.23214191202757,5.8914535040598e-08,848687,0.0246913580246914,81,9.70212093140548,12035437,12361425,114,353,1e+06,0.2,20000,250000,FALSE,LOC101770100,SCAFFOLD_7,12258654,12259061,-,LOC101770100,protein_coding,NA,uncharacterized LOC101770100,LD_interval,115303
2024_N120,number_of_tillers,MLM,SCAFFOLD_7_12143351,7,12143351,5.85946666647581e-08,7.23214191202757,5.8914535040598e-08,848687,0.0246913580246914,81,9.70212093140548,12035437,12361425,114,353,1e+06,0.2,20000,250000,FALSE,LOC101770906,SCAFFOLD_7,12291066,12299371,-,LOC101770906,protein_coding,NA,ABC transporter C family member 4,LD_interval,147715
2024_N120,number_of_tillers,MLM,SCAFFOLD_7_12143351,7,12143351,5.85946666647581e-08,7.23214191202757,5.8914535040598e-08,848687,0.0246913580246914,81,9.70212093140548,12035437,12361425,114,353,1e+06,0.2,20000,250000,FALSE,LOC111257939,SCAFFOLD_7,12310623,12311322,+,LOC111257939,protein_coding,NA,22 kDa alpha-zein 8-like,LD_interval,167272
2024_N120,number_of_tillers,MLM,SCAFFOLD_7_12143351,7,12143351,5.85946666647581e-08,7.23214191202757,5.8914535040598e-08,848687,0.0246913580246914,81,9.70212093140548,12035437,12361425,114,353,1e+06,0.2,20000,250000,FALSE,LOC101784513,SCAFFOLD_7,12322947,12327909,+,LOC101784513,protein_coding,NA,"GDT1-like protein 2, chloroplastic, transcript variant X1",LD_interval,179596
2024_N120,number_of_tillers,MLM,SCAFFOLD_7_12143351,7,12143351,5.85946666647581e-08,7.23214191202757,5.8914535040598e-08,848687,0.0246913580246914,81,9.70212093140548,12035437,12361425,114,353,1e+06,0.2,20000,250000,FALSE,LOC111257900,SCAFFOLD_7,12353191,12353754,+,LOC111257900,protein_coding,NA,uncharacterized LOC111257900,LD_interval,209840
2024_N120,protein_pct,BLINK,SCAFFOLD_1_14972328,1,14972328,6.84701833682614e-16,15.1644985090581,5.8914535040598e-08,848687,0.0522388059701493,67,4.42378329539991,14826411,14991715,83,581,1e+06,0.2,20000,250000,TRUE,LOC101783666,SCAFFOLD_1,14867339,14870449,-,LOC101783666,protein_coding,NA,"uncharacterized LOC101783666, transcript variant X2",LD_interval,101879
2024_N120,protein_pct,BLINK,SCAFFOLD_1_14972328,1,14972328,6.84701833682614e-16,15.1644985090581,5.8914535040598e-08,848687,0.0522388059701493,67,4.42378329539991,14826411,14991715,83,581,1e+06,0.2,20000,250000,TRUE,LOC101783280,SCAFFOLD_1,14873637,14877072,-,LOC101783280,protein_coding,NA,uncharacterized LOC101783280,LD_interval,95256
2024_N120,protein_pct,BLINK,SCAFFOLD_1_14972328,1,14972328,6.84701833682614e-16,15.1644985090581,5.8914535040598e-08,848687,0.0522388059701493,67,4.42378329539991,14826411,14991715,83,581,1e+06,0.2,20000,250000,TRUE,LOC101784090,SCAFFOLD_1,14970466,14971473,+,LOC101784090,protein_coding,NA,calphotin-like,LD_interval,855
2024_N120,protein_pct,BLINK,SCAFFOLD_8_14790106,8,14790106,8.19991296371243e-12,11.0861907573212,5.8914535040598e-08,848687,0.0671641791044776,67,2.62207938369489,14769810,15039971,87,480,1e+06,0.2,20000,250000,TRUE,LOC101755503,SCAFFOLD_8,14853878,14865843,-,LOC101755503,protein_coding,NA,"plant UBX domain-containing protein 11, transcript variant X1",LD_interval,63772
2024_N120,protein_pct,BLINK,SCAFFOLD_4_28479463,4,28479463,9.35525606060554e-12,11.0289443210249,5.8914535040598e-08,848687,0.156716417910448,67,-1.97456461929087,28479463,28479703,3,18,1e+06,0.2,20000,250000,TRUE,LOC101783109,SCAFFOLD_4,28523438,28525066,-,LOC101783109,protein_coding,NA,peroxidase P7,nearest_gene,43975
2024_N120,protein_pct,BLINK,SCAFFOLD_3_12586644,3,12586644,4.42935471781509e-10,9.35365953854092,5.8914535040598e-08,848687,0.111940298507463,67,-1.74620783291603,12586627,12586676,3,4,1e+06,0.2,20000,250000,TRUE,LOC101755103,SCAFFOLD_3,12588477,12589583,+,LOC101755103,protein_coding,NA,probable WRKY transcription factor 56,nearest_gene,1833
2024_N120,protein_pct,BLINK,SCAFFOLD_8_15103152,8,15103152,1.11837044513765e-08,7.95141431842532,5.8914535040598e-08,848687,0.0298507462686567,67,3.29561895791637,15097934,15104957,6,196,1e+06,0.2,20000,250000,FALSE,LOC101757522,SCAFFOLD_8,15181470,15182762,+,LOC101757522,protein_coding,NA,uncharacterized LOC101757522,nearest_gene,78318
2024_N120,protein_pct,FarmCPU,SCAFFOLD_6_28801701,6,28801701,5.57699435056582e-18,17.2535997954438,5.8914535040598e-08,848687,0.104477611940299,67,3.17470159464105,28801701,28801774,2,4,1e+06,0.2,20000,250000,TRUE,LOC101757483,SCAFFOLD_6,28802132,28803199,-,LOC101757483,protein_coding,NA,"keratin, type I cytoskeletal 9-like",nearest_gene,431
2024_N120,protein_pct,FarmCPU,SCAFFOLD_8_15103152,8,15103152,5.64939952791707e-13,12.2479977106887,5.8914535040598e-08,848687,0.0298507462686567,67,3.96397354744978,15097934,15104957,6,196,1e+06,0.2,20000,250000,FALSE,LOC101757522,SCAFFOLD_8,15181470,15182762,+,LOC101757522,protein_coding,NA,uncharacterized LOC101757522,nearest_gene,78318
2024_N120,protein_pct,FarmCPU,SCAFFOLD_4_9071367,4,9071367,2.13872815235489e-12,11.6698444138554,5.8914535040598e-08,848687,0.126865671641791,67,2.01283352047652,9070344,9071428,4,6,1e+06,0.2,20000,250000,TRUE,LOC101774053,SCAFFOLD_4,9075879,9080800,+,LOC101774053,protein_coding,NA,"L10-interacting MYB domain-containing protein, transcript variant X1",nearest_gene,4512
2024_N120,protein_pct,FarmCPU,SCAFFOLD_9_4627139,9,4627139,2.53411086367089e-09,8.59617438928395,5.8914535040598e-08,848687,0.0597014925373134,67,-1.71428393734604,4627139,4627164,2,3,1e+06,0.2,20000,250000,TRUE,LOC111255899,SCAFFOLD_9,4631629,4632305,+,LOC111255899,lncRNA,NA,"",nearest_gene,4490
2024_N120,protein_pct,FarmCPU,SCAFFOLD_5_18703201,5,18703201,3.45936230646084e-09,8.46100395100769,5.8914535040598e-08,848687,0.134328358208955,67,-1.55889799330196,18688548,18717181,24,160,1e+06,0.2,20000,250000,TRUE,LOC101775825,SCAFFOLD_5,18693529,18697207,+,LOC101775825,lncRNA,NA,"",LD_interval,5994
2024_N120,protein_pct,FarmCPU,SCAFFOLD_1_37889530,1,37889530,3.72220889642852e-08,7.42919925720729,5.8914535040598e-08,848687,0.0298507462686567,67,-2.16831133897061,37889530,37889530,1,1,1e+06,0.2,20000,250000,FALSE,LOC101785967,SCAFFOLD_1,37889975,37894240,-,LOC101785967,protein_coding,NA,probable mannan synthase 6,nearest_gene,445
2024_N40,days_to_harvest,BLINK,SCAFFOLD_2_30514256,2,30514256,1.72123941400156e-08,7.76415871773275,5.8914535040598e-08,848687,0.1625,80,12.6577476460307,30499459,30514356,9,147,1e+06,0.2,20000,250000,TRUE,LOC101777784,SCAFFOLD_2,30526110,30527957,+,LOC101777784,protein_coding,NA,myb-related protein 306-like,nearest_gene,11854
2024_N40,days_to_harvest,FarmCPU,SCAFFOLD_7_2121353,7,2121353,1.06755750542175e-31,30.9716087218161,5.8914535040598e-08,848687,0.06875,80,24.9905414130841,1902279,2138533,108,712,1e+06,0.2,20000,250000,TRUE,LOC101772911,SCAFFOLD_7,1903691,1905401,+,LOC101772911,protein_coding,NA,GDSL esterase/lipase At5g55050,LD_interval,215952
2024_N40,days_to_harvest,FarmCPU,SCAFFOLD_7_2121353,7,2121353,1.06755750542175e-31,30.9716087218161,5.8914535040598e-08,848687,0.06875,80,24.9905414130841,1902279,2138533,108,712,1e+06,0.2,20000,250000,TRUE,LOC111257914,SCAFFOLD_7,1905496,1905976,+,LOC111257914,protein_coding,NA,GDSL esterase/lipase At1g71250-like,LD_interval,215377
2024_N40,days_to_harvest,FarmCPU,SCAFFOLD_7_2121353,7,2121353,1.06755750542175e-31,30.9716087218161,5.8914535040598e-08,848687,0.06875,80,24.9905414130841,1902279,2138533,108,712,1e+06,0.2,20000,250000,TRUE,LOC101785033,SCAFFOLD_7,1960032,1965913,-,LOC101785033,protein_coding,NA,uncharacterized RNA-binding protein C17H9.04c,LD_interval,155440
2024_N40,days_to_harvest,FarmCPU,SCAFFOLD_7_2121353,7,2121353,1.06755750542175e-31,30.9716087218161,5.8914535040598e-08,848687,0.06875,80,24.9905414130841,1902279,2138533,108,712,1e+06,0.2,20000,250000,TRUE,LOC101773739,SCAFFOLD_7,1979863,1982766,-,LOC101773739,protein_coding,NA,disease resistance protein RPM1,LD_interval,138587
2024_N40,days_to_harvest,FarmCPU,SCAFFOLD_7_2121353,7,2121353,1.06755750542175e-31,30.9716087218161,5.8914535040598e-08,848687,0.06875,80,24.9905414130841,1902279,2138533,108,712,1e+06,0.2,20000,250000,TRUE,LOC101774147,SCAFFOLD_7,2004818,2015843,-,LOC101774147,protein_coding,NA,uncharacterized LOC101774147,LD_interval,105510
2024_N40,days_to_harvest,FarmCPU,SCAFFOLD_7_2121353,7,2121353,1.06755750542175e-31,30.9716087218161,5.8914535040598e-08,848687,0.06875,80,24.9905414130841,1902279,2138533,108,712,1e+06,0.2,20000,250000,TRUE,LOC101785436,SCAFFOLD_7,2027933,2032513,-,LOC101785436,protein_coding,NA,"ATP sulfurylase 2, transcript variant X2",LD_interval,88840
2024_N40,days_to_harvest,FarmCPU,SCAFFOLD_7_2121353,7,2121353,1.06755750542175e-31,30.9716087218161,5.8914535040598e-08,848687,0.06875,80,24.9905414130841,1902279,2138533,108,712,1e+06,0.2,20000,250000,TRUE,LOC101785985,SCAFFOLD_7,2043094,2050109,-,LOC101785985,protein_coding,NA,transcription factor E2FC,LD_interval,71244
2024_N40,days_to_harvest,FarmCPU,SCAFFOLD_7_2121353,7,2121353,1.06755750542175e-31,30.9716087218161,5.8914535040598e-08,848687,0.06875,80,24.9905414130841,1902279,2138533,108,712,1e+06,0.2,20000,250000,TRUE,LOC111257915,SCAFFOLD_7,2084586,2089604,+,LOC111257915,protein_coding,NA,protein MID1-COMPLEMENTING ACTIVITY 2-like,LD_interval,31749
2024_N40,days_to_harvest,FarmCPU,SCAFFOLD_7_2121353,7,2121353,1.06755750542175e-31,30.9716087218161,5.8914535040598e-08,848687,0.06875,80,24.9905414130841,1902279,2138533,108,712,1e+06,0.2,20000,250000,TRUE,LOC105914710,SCAFFOLD_7,2089797,2091013,+,LOC105914710,protein_coding,NA,receptor-like protein kinase HERK 1,LD_interval,30340
2024_N40,days_to_harvest,FarmCPU,SCAFFOLD_7_2121353,7,2121353,1.06755750542175e-31,30.9716087218161,5.8914535040598e-08,848687,0.06875,80,24.9905414130841,1902279,2138533,108,712,1e+06,0.2,20000,250000,TRUE,LOC101786391,SCAFFOLD_7,2096319,2098410,-,LOC101786391,protein_coding,NA,uncharacterized LOC101786391,LD_interval,22943
2024_N40,days_to_harvest,FarmCPU,SCAFFOLD_7_2121353,7,2121353,1.06755750542175e-31,30.9716087218161,5.8914535040598e-08,848687,0.06875,80,24.9905414130841,1902279,2138533,108,712,1e+06,0.2,20000,250000,TRUE,LOC101774941,SCAFFOLD_7,2121496,2134988,-,LOC101774941,protein_coding,NA,uncharacterized LOC101774941,LD_interval,143
2024_N40,days_to_harvest,FarmCPU,SCAFFOLD_2_1225639,2,1225639,8.42468256112904e-13,12.0744464542011,5.8914535040598e-08,848687,0.4875,80,-4.39746153757034,1189826,1258446,40,72,1e+06,0.2,20000,250000,TRUE,LOC101759655,SCAFFOLD_2,1191260,1193654,+,LOC101759655,protein_coding,NA,uncharacterized LOC101759655,LD_interval,31985
2024_N40,days_to_harvest,FarmCPU,SCAFFOLD_2_1225639,2,1225639,8.42468256112904e-13,12.0744464542011,5.8914535040598e-08,848687,0.4875,80,-4.39746153757034,1189826,1258446,40,72,1e+06,0.2,20000,250000,TRUE,LOC101760347,SCAFFOLD_2,1196119,1198275,-,LOC101760347,protein_coding,NA,"uncharacterized LOC101760347, transcript variant X2",LD_interval,27364
2024_N40,days_to_harvest,FarmCPU,SCAFFOLD_2_1225639,2,1225639,8.42468256112904e-13,12.0744464542011,5.8914535040598e-08,848687,0.4875,80,-4.39746153757034,1189826,1258446,40,72,1e+06,0.2,20000,250000,TRUE,LOC101763061,SCAFFOLD_2,1200389,1201825,+,LOC101763061,protein_coding,NA,putative disease resistance protein RGA1,LD_interval,23814
2024_N40,days_to_harvest,FarmCPU,SCAFFOLD_2_1225639,2,1225639,8.42468256112904e-13,12.0744464542011,5.8914535040598e-08,848687,0.4875,80,-4.39746153757034,1189826,1258446,40,72,1e+06,0.2,20000,250000,TRUE,LOC111256202,SCAFFOLD_2,1205672,1206952,-,LOC111256202,protein_coding,NA,uncharacterized LOC111256202,LD_interval,18687
2024_N40,days_to_harvest,FarmCPU,SCAFFOLD_2_1225639,2,1225639,8.42468256112904e-13,12.0744464542011,5.8914535040598e-08,848687,0.4875,80,-4.39746153757034,1189826,1258446,40,72,1e+06,0.2,20000,250000,TRUE,LOC111256273,SCAFFOLD_2,1207122,1210255,+,LOC111256273,lncRNA,NA,"",LD_interval,15384
2024_N40,days_to_harvest,FarmCPU,SCAFFOLD_2_1225639,2,1225639,8.42468256112904e-13,12.0744464542011,5.8914535040598e-08,848687,0.4875,80,-4.39746153757034,1189826,1258446,40,72,1e+06,0.2,20000,250000,TRUE,LOC105913703,SCAFFOLD_2,1210383,1212387,-,LOC105913703,protein_coding,NA,probable LRR receptor-like serine/threonine-protein kinase At3g47570,LD_interval,13252
2024_N40,days_to_harvest,FarmCPU,SCAFFOLD_2_1225639,2,1225639,8.42468256112904e-13,12.0744464542011,5.8914535040598e-08,848687,0.4875,80,-4.39746153757034,1189826,1258446,40,72,1e+06,0.2,20000,250000,TRUE,LOC111256307,SCAFFOLD_2,1214410,1217931,+,LOC111256307,protein_coding,NA,uncharacterized LOC111256307,LD_interval,7708
2024_N40,days_to_harvest,FarmCPU,SCAFFOLD_2_1225639,2,1225639,8.42468256112904e-13,12.0744464542011,5.8914535040598e-08,848687,0.4875,80,-4.39746153757034,1189826,1258446,40,72,1e+06,0.2,20000,250000,TRUE,LOC101763871,SCAFFOLD_2,1222896,1223411,-,LOC101763871,protein_coding,NA,E3 ubiquitin-protein ligase EL5-like,LD_interval,2228
2024_N40,days_to_harvest,FarmCPU,SCAFFOLD_2_1225639,2,1225639,8.42468256112904e-13,12.0744464542011,5.8914535040598e-08,848687,0.4875,80,-4.39746153757034,1189826,1258446,40,72,1e+06,0.2,20000,250000,TRUE,LOC111256226,SCAFFOLD_2,1244940,1245823,+,LOC111256226,lncRNA,NA,"",LD_interval,19301
2024_N40,days_to_harvest,FarmCPU,SCAFFOLD_2_1225639,2,1225639,8.42468256112904e-13,12.0744464542011,5.8914535040598e-08,848687,0.4875,80,-4.39746153757034,1189826,1258446,40,72,1e+06,0.2,20000,250000,TRUE,LOC101764271,SCAFFOLD_2,1245936,1249088,+,LOC101764271,protein_coding,NA,vesicle-associated protein 1-4-like,LD_interval,20297
2024_N40,days_to_harvest,FarmCPU,SCAFFOLD_2_1225639,2,1225639,8.42468256112904e-13,12.0744464542011,5.8914535040598e-08,848687,0.4875,80,-4.39746153757034,1189826,1258446,40,72,1e+06,0.2,20000,250000,TRUE,LOC105913876,SCAFFOLD_2,1249243,1249610,+,LOC105913876,lncRNA,NA,"",LD_interval,23604
2024_N40,days_to_harvest,FarmCPU,SCAFFOLD_2_14229303,2,14229303,2.07540240200511e-12,11.682897684963,5.8914535040598e-08,848687,0.4375,80,-6.20851072295423,14074235,14284684,97,518,1e+06,0.2,20000,250000,TRUE,LOC106804152,SCAFFOLD_2,14084902,14085303,-,LOC106804152,protein_coding,NA,uncharacterized LOC106804152,LD_interval,144000
2024_N40,days_to_harvest,FarmCPU,SCAFFOLD_2_14229303,2,14229303,2.07540240200511e-12,11.682897684963,5.8914535040598e-08,848687,0.4375,80,-6.20851072295423,14074235,14284684,97,518,1e+06,0.2,20000,250000,TRUE,LOC101759120,SCAFFOLD_2,14097407,14101019,+,LOC101759120,protein_coding,NA,atherin,LD_interval,128284
2024_N40,days_to_harvest,FarmCPU,SCAFFOLD_2_14229303,2,14229303,2.07540240200511e-12,11.682897684963,5.8914535040598e-08,848687,0.4375,80,-6.20851072295423,14074235,14284684,97,518,1e+06,0.2,20000,250000,TRUE,LOC101759527,SCAFFOLD_2,14101317,14102728,-,LOC101759527,protein_coding,NA,uncharacterized LOC101759527,LD_interval,126575
2024_N40,days_to_harvest,FarmCPU,SCAFFOLD_2_14229303,2,14229303,2.07540240200511e-12,11.682897684963,5.8914535040598e-08,848687,0.4375,80,-6.20851072295423,14074235,14284684,97,518,1e+06,0.2,20000,250000,TRUE,LOC101759936,SCAFFOLD_2,14130162,14135162,+,LOC101759936,protein_coding,NA,"heterogeneous nuclear ribonucleoprotein Q, transcript variant X1",LD_interval,94141
2024_N40,days_to_harvest,FarmCPU,SCAFFOLD_2_14229303,2,14229303,2.07540240200511e-12,11.682897684963,5.8914535040598e-08,848687,0.4375,80,-6.20851072295423,14074235,14284684,97,518,1e+06,0.2,20000,250000,TRUE,LOC101760618,SCAFFOLD_2,14157029,14162182,+,LOC101760618,protein_coding,NA,uncharacterized LOC101760618,LD_interval,67121
2024_N40,days_to_harvest,FarmCPU,SCAFFOLD_2_14229303,2,14229303,2.07540240200511e-12,11.682897684963,5.8914535040598e-08,848687,0.4375,80,-6.20851072295423,14074235,14284684,97,518,1e+06,0.2,20000,250000,TRUE,LOC101761021,SCAFFOLD_2,14175534,14195863,-,LOC101761021,protein_coding,NA,tetratricopeptide repeat protein 27 homolog,LD_interval,33440
2024_N40,days_to_harvest,FarmCPU,SCAFFOLD_2_14229303,2,14229303,2.07540240200511e-12,11.682897684963,5.8914535040598e-08,848687,0.4375,80,-6.20851072295423,14074235,14284684,97,518,1e+06,0.2,20000,250000,TRUE,LOC101756164,SCAFFOLD_2,14219228,14219572,-,LOC101756164,protein_coding,NA,uncharacterized LOC101756164,LD_interval,9731
2024_N40,days_to_harvest,FarmCPU,SCAFFOLD_2_14229303,2,14229303,2.07540240200511e-12,11.682897684963,5.8914535040598e-08,848687,0.4375,80,-6.20851072295423,14074235,14284684,97,518,1e+06,0.2,20000,250000,TRUE,LOC101756570,SCAFFOLD_2,14229163,14233552,+,LOC101756570,protein_coding,NA,uncharacterized LOC101756570,contains_lead_snp,0
2024_N40,days_to_harvest,FarmCPU,SCAFFOLD_2_14229303,2,14229303,2.07540240200511e-12,11.682897684963,5.8914535040598e-08,848687,0.4375,80,-6.20851072295423,14074235,14284684,97,518,1e+06,0.2,20000,250000,TRUE,LOC101761417,SCAFFOLD_2,14234594,14242768,+,LOC101761417,protein_coding,NA,prolyl endopeptidase,LD_interval,5291
2024_N40,days_to_harvest,FarmCPU,SCAFFOLD_2_14229303,2,14229303,2.07540240200511e-12,11.682897684963,5.8914535040598e-08,848687,0.4375,80,-6.20851072295423,14074235,14284684,97,518,1e+06,0.2,20000,250000,TRUE,TRNAP-CGG,SCAFFOLD_2,14244100,14244171,-,TRNAP-CGG,tRNA,NA,"",LD_interval,14797
2024_N40,days_to_harvest,FarmCPU,SCAFFOLD_2_14229303,2,14229303,2.07540240200511e-12,11.682897684963,5.8914535040598e-08,848687,0.4375,80,-6.20851072295423,14074235,14284684,97,518,1e+06,0.2,20000,250000,TRUE,TRNAP-CGG-2,SCAFFOLD_2,14244275,14244346,-,TRNAP-CGG,tRNA,NA,"",LD_interval,14972
2024_N40,days_to_harvest,FarmCPU,SCAFFOLD_2_14229303,2,14229303,2.07540240200511e-12,11.682897684963,5.8914535040598e-08,848687,0.4375,80,-6.20851072295423,14074235,14284684,97,518,1e+06,0.2,20000,250000,TRUE,LOC101761814,SCAFFOLD_2,14246218,14250046,-,LOC101761814,protein_coding,NA,"luc7-like protein 3, transcript variant X10",LD_interval,16915
2024_N40,days_to_harvest,FarmCPU,SCAFFOLD_2_14229303,2,14229303,2.07540240200511e-12,11.682897684963,5.8914535040598e-08,848687,0.4375,80,-6.20851072295423,14074235,14284684,97,518,1e+06,0.2,20000,250000,TRUE,LOC101763316,SCAFFOLD_2,14251809,14257445,-,LOC101763316,protein_coding,NA,"phosphatidylinositol/phosphatidylcholine transfer protein SFH11, transcript variant X6",LD_interval,22506
2024_N40,days_to_harvest,FarmCPU,SCAFFOLD_2_14229303,2,14229303,2.07540240200511e-12,11.682897684963,5.8914535040598e-08,848687,0.4375,80,-6.20851072295423,14074235,14284684,97,518,1e+06,0.2,20000,250000,TRUE,LOC101763983,SCAFFOLD_2,14259150,14266120,+,LOC101763983,protein_coding,NA,"uncharacterized LOC101763983, transcript variant X2",LD_interval,29847
2024_N40,days_to_harvest,FarmCPU,SCAFFOLD_2_14229303,2,14229303,2.07540240200511e-12,11.682897684963,5.8914535040598e-08,848687,0.4375,80,-6.20851072295423,14074235,14284684,97,518,1e+06,0.2,20000,250000,TRUE,LOC101764660,SCAFFOLD_2,14266367,14271830,+,LOC101764660,protein_coding,NA,"uncharacterized LOC101764660, transcript variant X3",LD_interval,37064
2024_N40,days_to_harvest,FarmCPU,SCAFFOLD_7_2206801,7,2206801,5.71306278393246e-12,11.2431310032166,5.8914535040598e-08,848687,0.0625,80,0.0670047603126522,2161297,2257061,38,736,1e+06,0.2,20000,250000,TRUE,LOC101752639,SCAFFOLD_7,2162890,2166654,+,LOC101752639,protein_coding,NA,uncharacterized LOC101752639,LD_interval,40147
2024_N40,days_to_harvest,FarmCPU,SCAFFOLD_7_2206801,7,2206801,5.71306278393246e-12,11.2431310032166,5.8914535040598e-08,848687,0.0625,80,0.0670047603126522,2161297,2257061,38,736,1e+06,0.2,20000,250000,TRUE,LOC101753048,SCAFFOLD_7,2230779,2234112,-,LOC101753048,protein_coding,NA,"WEB family protein At3g51220, transcript variant X1",LD_interval,23978
2024_N40,days_to_harvest,FarmCPU,SCAFFOLD_7_2206801,7,2206801,5.71306278393246e-12,11.2431310032166,5.8914535040598e-08,848687,0.0625,80,0.0670047603126522,2161297,2257061,38,736,1e+06,0.2,20000,250000,TRUE,LOC101753734,SCAFFOLD_7,2253104,2259726,+,LOC101753734,protein_coding,NA,CTD small phosphatase-like protein 2,LD_interval,46303
2024_N40,days_to_harvest,FarmCPU,SCAFFOLD_6_29456212,6,29456212,1.17728197308711e-09,8.92911950598463,5.8914535040598e-08,848687,0.3375,80,3.38641308149553,29446409,29462789,12,431,1e+06,0.2,20000,250000,TRUE,LOC101774112,SCAFFOLD_6,29440606,29445798,-,LOC101774112,protein_coding,NA,probable leucine-rich repeat receptor-like protein kinase At1g35710,nearest_gene,10414
2024_N40,days_to_harvest,FarmCPU,SCAFFOLD_7_7058098,7,7058098,6.89518671708139e-09,8.16145396892248,5.8914535040598e-08,848687,0.075,80,-7.91838182889837,7007081,7058675,15,198,1e+06,0.2,20000,250000,TRUE,LOC101756835,SCAFFOLD_7,7025243,7027680,+,LOC101756835,protein_coding,NA,skin secretory protein xP2-like,LD_interval,30418
2024_N40,days_to_harvest,FarmCPU,SCAFFOLD_7_7058098,7,7058098,6.89518671708139e-09,8.16145396892248,5.8914535040598e-08,848687,0.075,80,-7.91838182889837,7007081,7058675,15,198,1e+06,0.2,20000,250000,TRUE,LOC111257819,SCAFFOLD_7,7058424,7058803,+,LOC111257819,lncRNA,NA,"",LD_interval,326
2024_N40,dtf,BLINK,SCAFFOLD_2_30514256,2,30514256,7.2158074710364e-20,19.1417150629636,5.8914535040598e-08,848687,0.1625,80,11.5229734914716,30499459,30514356,9,147,1e+06,0.2,20000,250000,TRUE,LOC101777784,SCAFFOLD_2,30526110,30527957,+,LOC101777784,protein_coding,NA,myb-related protein 306-like,nearest_gene,11854
2024_N40,dtf,BLINK,SCAFFOLD_2_22584714,2,22584714,2.83862244717862e-17,16.5468923672525,5.8914535040598e-08,848687,0.04375,80,11.9682224198679,22553593,22584870,11,72,1e+06,0.2,20000,250000,FALSE,LOC101781946,SCAFFOLD_2,22607042,22617387,-,LOC101781946,protein_coding,NA,"DNA-directed RNA polymerase 1B, mitochondrial",nearest_gene,22328
2024_N40,dtf,BLINK,SCAFFOLD_8_3818991,8,3818991,3.97050414538513e-17,16.4011543462197,5.8914535040598e-08,848687,0.1125,80,12.5109535976376,3679391,3880445,163,414,1e+06,0.2,20000,250000,TRUE,LOC101771844,SCAFFOLD_8,3683168,3686630,-,LOC101771844,protein_coding,NA,uncharacterized LOC101771844,LD_interval,132361
2024_N40,dtf,BLINK,SCAFFOLD_8_3818991,8,3818991,3.97050414538513e-17,16.4011543462197,5.8914535040598e-08,848687,0.1125,80,12.5109535976376,3679391,3880445,163,414,1e+06,0.2,20000,250000,TRUE,LOC101753351,SCAFFOLD_8,3728383,3732767,-,LOC101753351,protein_coding,NA,"uncharacterized LOC101753351, transcript variant X3",LD_interval,86224
2024_N40,dtf,BLINK,SCAFFOLD_8_3818991,8,3818991,3.97050414538513e-17,16.4011543462197,5.8914535040598e-08,848687,0.1125,80,12.5109535976376,3679391,3880445,163,414,1e+06,0.2,20000,250000,TRUE,LOC101754827,SCAFFOLD_8,3836836,3838919,+,LOC101754827,protein_coding,NA,leucine-rich repeat receptor protein kinase MSL1,LD_interval,17845
2024_N40,dtf,BLINK,SCAFFOLD_1_22503775,1,22503775,8.09340256976435e-11,10.0918688570523,5.8914535040598e-08,848687,0.03125,80,17.2320191163238,22502203,22516010,22,111,1e+06,0.2,20000,250000,FALSE,LOC101783550,SCAFFOLD_1,22442740,22459115,+,LOC101783550,protein_coding,NA,importin beta-like SAD2,nearest_gene,44660
2024_N40,dtf,BLINK,SCAFFOLD_4_12203750,4,12203750,7.66923554209484e-10,9.11524792371672,5.8914535040598e-08,848687,0.1125,80,5.45384517218401,12189692,12204010,9,11,1e+06,0.2,20000,250000,TRUE,LOC101761749,SCAFFOLD_4,12210492,12216417,+,LOC101761749,protein_coding,NA,"aldehyde dehydrogenase family 2 member B7, mitochondrial",nearest_gene,6742
2024_N40,dtf,BLINK,SCAFFOLD_6_1024552,6,1024552,5.20918052433171e-08,7.28323059181618,5.8914535040598e-08,848687,0.25625,80,-1.97950862292951,1014796,1054776,39,170,1e+06,0.2,20000,250000,TRUE,LOC101785154,SCAFFOLD_6,1012802,1014902,-,LOC101785154,protein_coding,NA,"endo-1,3;1,4-beta-D-glucanase",LD_interval,9650
2024_N40,dtf,BLINK,SCAFFOLD_6_1024552,6,1024552,5.20918052433171e-08,7.28323059181618,5.8914535040598e-08,848687,0.25625,80,-1.97950862292951,1014796,1054776,39,170,1e+06,0.2,20000,250000,TRUE,LOC101785558,SCAFFOLD_6,1017698,1020335,-,LOC101785558,protein_coding,NA,"endo-1,3;1,4-beta-D-glucanase",LD_interval,4217
2024_N40,dtf,BLINK,SCAFFOLD_6_1024552,6,1024552,5.20918052433171e-08,7.28323059181618,5.8914535040598e-08,848687,0.25625,80,-1.97950862292951,1014796,1054776,39,170,1e+06,0.2,20000,250000,TRUE,LOC101786232,SCAFFOLD_6,1028897,1030167,+,LOC101786232,protein_coding,NA,xyloglucan endotransglycosylase/hydrolase protein 8,LD_interval,4345
2024_N40,dtf,BLINK,SCAFFOLD_6_1024552,6,1024552,5.20918052433171e-08,7.28323059181618,5.8914535040598e-08,848687,0.25625,80,-1.97950862292951,1014796,1054776,39,170,1e+06,0.2,20000,250000,TRUE,LOC101786626,SCAFFOLD_6,1037258,1038416,-,LOC101786626,protein_coding,NA,xyloglucan endotransglycosylase/hydrolase protein 8,LD_interval,12706
2024_N40,dtf,BLINK,SCAFFOLD_6_1024552,6,1024552,5.20918052433171e-08,7.28323059181618,5.8914535040598e-08,848687,0.25625,80,-1.97950862292951,1014796,1054776,39,170,1e+06,0.2,20000,250000,TRUE,LOC101752480,SCAFFOLD_6,1040740,1041938,+,LOC101752480,protein_coding,NA,xyloglucan endotransglycosylase/hydrolase protein 8,LD_interval,16188
2024_N40,dtf,BLINK,SCAFFOLD_6_1024552,6,1024552,5.20918052433171e-08,7.28323059181618,5.8914535040598e-08,848687,0.25625,80,-1.97950862292951,1014796,1054776,39,170,1e+06,0.2,20000,250000,TRUE,LOC101752890,SCAFFOLD_6,1052419,1053816,-,LOC101752890,protein_coding,NA,xyloglucan endotransglycosylase/hydrolase protein 8,LD_interval,27867
2024_N40,dtf,FarmCPU,SCAFFOLD_8_39105946,8,39105946,5.67829021135139e-15,14.2457824149155,5.8914535040598e-08,848687,0.14375,80,4.34042758188377,39006445,39112239,30,94,1e+06,0.2,20000,250000,TRUE,LOC101769304,SCAFFOLD_8,39041515,39051919,-,LOC101769304,protein_coding,NA,"beta-glucosidase-like SFR2, chloroplastic, transcript variant X4",LD_interval,54027
2024_N40,dtf,FarmCPU,SCAFFOLD_8_39105946,8,39105946,5.67829021135139e-15,14.2457824149155,5.8914535040598e-08,848687,0.14375,80,4.34042758188377,39006445,39112239,30,94,1e+06,0.2,20000,250000,TRUE,LOC101768894,SCAFFOLD_8,39045065,39045909,+,LOC101768894,protein_coding,NA,uncharacterized LOC101768894,LD_interval,60037
2024_N40,dtf,FarmCPU,SCAFFOLD_8_39105946,8,39105946,5.67829021135139e-15,14.2457824149155,5.8914535040598e-08,848687,0.14375,80,4.34042758188377,39006445,39112239,30,94,1e+06,0.2,20000,250000,TRUE,LOC101776455,SCAFFOLD_8,39052939,39054816,-,LOC101776455,protein_coding,NA,pectinesterase QRT1,LD_interval,51130
2024_N40,dtf,FarmCPU,SCAFFOLD_8_39105946,8,39105946,5.67829021135139e-15,14.2457824149155,5.8914535040598e-08,848687,0.14375,80,4.34042758188377,39006445,39112239,30,94,1e+06,0.2,20000,250000,TRUE,LOC101771445,SCAFFOLD_8,39057714,39060834,-,LOC101771445,protein_coding,NA,transcription factor JAMYB,LD_interval,45112
2024_N40,dtf,FarmCPU,SCAFFOLD_8_39105946,8,39105946,5.67829021135139e-15,14.2457824149155,5.8914535040598e-08,848687,0.14375,80,4.34042758188377,39006445,39112239,30,94,1e+06,0.2,20000,250000,TRUE,LOC111258205,SCAFFOLD_8,39075933,39078894,-,LOC111258205,protein_coding,NA,receptor-like protein 12,LD_interval,27052
2024_N40,dtf,FarmCPU,SCAFFOLD_8_39105946,8,39105946,5.67829021135139e-15,14.2457824149155,5.8914535040598e-08,848687,0.14375,80,4.34042758188377,39006445,39112239,30,94,1e+06,0.2,20000,250000,TRUE,LOC101773056,SCAFFOLD_8,39102123,39103147,+,LOC101773056,protein_coding,NA,ethylene-responsive transcription factor ERF094,LD_interval,2799
2024_N40,dtf,FarmCPU,SCAFFOLD_8_39105946,8,39105946,5.67829021135139e-15,14.2457824149155,5.8914535040598e-08,848687,0.14375,80,4.34042758188377,39006445,39112239,30,94,1e+06,0.2,20000,250000,TRUE,LOC101772654,SCAFFOLD_8,39108069,39110017,-,LOC101772654,protein_coding,NA,7-deoxyloganetin glucosyltransferase,LD_interval,2123
2024_N40,dtf,FarmCPU,SCAFFOLD_8_39105946,8,39105946,5.67829021135139e-15,14.2457824149155,5.8914535040598e-08,848687,0.14375,80,4.34042758188377,39006445,39112239,30,94,1e+06,0.2,20000,250000,TRUE,LOC101772253,SCAFFOLD_8,39109933,39114977,-,LOC101772253,protein_coding,NA,"putative disease resistance protein At1g50180, transcript variant X3",LD_interval,3987
2024_N40,dtf,FarmCPU,SCAFFOLD_8_3818991,8,3818991,1.97717987476597e-13,12.7039538187669,5.8914535040598e-08,848687,0.1125,80,10.0980724339946,3679391,3880445,163,414,1e+06,0.2,20000,250000,TRUE,LOC101771844,SCAFFOLD_8,3683168,3686630,-,LOC101771844,protein_coding,NA,uncharacterized LOC101771844,LD_interval,132361
2024_N40,dtf,FarmCPU,SCAFFOLD_8_3818991,8,3818991,1.97717987476597e-13,12.7039538187669,5.8914535040598e-08,848687,0.1125,80,10.0980724339946,3679391,3880445,163,414,1e+06,0.2,20000,250000,TRUE,LOC101753351,SCAFFOLD_8,3728383,3732767,-,LOC101753351,protein_coding,NA,"uncharacterized LOC101753351, transcript variant X3",LD_interval,86224
2024_N40,dtf,FarmCPU,SCAFFOLD_8_3818991,8,3818991,1.97717987476597e-13,12.7039538187669,5.8914535040598e-08,848687,0.1125,80,10.0980724339946,3679391,3880445,163,414,1e+06,0.2,20000,250000,TRUE,LOC101754827,SCAFFOLD_8,3836836,3838919,+,LOC101754827,protein_coding,NA,leucine-rich repeat receptor protein kinase MSL1,LD_interval,17845
2024_N40,dtf,FarmCPU,SCAFFOLD_1_22503775,1,22503775,5.57815318606796e-13,12.2535095634026,5.8914535040598e-08,848687,0.03125,80,19.3728635222505,22502203,22516010,22,111,1e+06,0.2,20000,250000,FALSE,LOC101783550,SCAFFOLD_1,22442740,22459115,+,LOC101783550,protein_coding,NA,importin beta-like SAD2,nearest_gene,44660
2024_N40,dtf,FarmCPU,SCAFFOLD_9_22255025,9,22255025,9.73514186968262e-13,12.0116577151484,5.8914535040598e-08,848687,0.15625,80,4.59236661263974,22235705,22274359,30,57,1e+06,0.2,20000,250000,TRUE,LOC101758370,SCAFFOLD_9,22239487,22248569,+,LOC101758370,protein_coding,NA,protein NETWORKED 1A,LD_interval,6456
2024_N40,dtf,FarmCPU,SCAFFOLD_9_22255025,9,22255025,9.73514186968262e-13,12.0116577151484,5.8914535040598e-08,848687,0.15625,80,4.59236661263974,22235705,22274359,30,57,1e+06,0.2,20000,250000,TRUE,LOC101768953,SCAFFOLD_9,22249685,22252129,-,LOC101768953,protein_coding,NA,protein IQ-DOMAIN 14,LD_interval,2896
2024_N40,dtf,FarmCPU,SCAFFOLD_7_1088019,7,1088019,5.66232947783281e-12,11.247004863646,5.8914535040598e-08,848687,0.35625,80,4.12947707550044,1001049,1153518,75,81,1e+06,0.2,20000,250000,TRUE,LOC101771282,SCAFFOLD_7,1004095,1007509,+,LOC101771282,protein_coding,NA,proline-rich protein HaeIII subfamily 1,LD_interval,80510
2024_N40,dtf,FarmCPU,SCAFFOLD_7_1088019,7,1088019,5.66232947783281e-12,11.247004863646,5.8914535040598e-08,848687,0.35625,80,4.12947707550044,1001049,1153518,75,81,1e+06,0.2,20000,250000,TRUE,LOC101771675,SCAFFOLD_7,1016739,1020343,+,LOC101771675,protein_coding,NA,probable glucuronosyltransferase Os04g0103100,LD_interval,67676
2024_N40,dtf,FarmCPU,SCAFFOLD_7_1088019,7,1088019,5.66232947783281e-12,11.247004863646,5.8914535040598e-08,848687,0.35625,80,4.12947707550044,1001049,1153518,75,81,1e+06,0.2,20000,250000,TRUE,LOC101772080,SCAFFOLD_7,1020801,1023729,-,LOC101772080,protein_coding,NA,eukaryotic translation initiation factor 3 subunit M,LD_interval,64290
2024_N40,dtf,FarmCPU,SCAFFOLD_7_1088019,7,1088019,5.66232947783281e-12,11.247004863646,5.8914535040598e-08,848687,0.35625,80,4.12947707550044,1001049,1153518,75,81,1e+06,0.2,20000,250000,TRUE,LOC101772488,SCAFFOLD_7,1024461,1027710,-,LOC101772488,protein_coding,NA,rhomboid-like protein 19,LD_interval,60309
2024_N40,dtf,FarmCPU,SCAFFOLD_7_1088019,7,1088019,5.66232947783281e-12,11.247004863646,5.8914535040598e-08,848687,0.35625,80,4.12947707550044,1001049,1153518,75,81,1e+06,0.2,20000,250000,TRUE,LOC101772891,SCAFFOLD_7,1040661,1043019,-,LOC101772891,protein_coding,NA,"glyoxylate/hydroxypyruvate reductase HPR3, transcript variant X2",LD_interval,45000
2024_N40,dtf,FarmCPU,SCAFFOLD_7_1088019,7,1088019,5.66232947783281e-12,11.247004863646,5.8914535040598e-08,848687,0.35625,80,4.12947707550044,1001049,1153518,75,81,1e+06,0.2,20000,250000,TRUE,LOC111257910,SCAFFOLD_7,1044673,1045878,-,LOC111257910,protein_coding,NA,L10-interacting MYB domain-containing protein-like,LD_interval,42141
2024_N40,dtf,FarmCPU,SCAFFOLD_7_1088019,7,1088019,5.66232947783281e-12,11.247004863646,5.8914535040598e-08,848687,0.35625,80,4.12947707550044,1001049,1153518,75,81,1e+06,0.2,20000,250000,TRUE,LOC111257911,SCAFFOLD_7,1049791,1052852,+,LOC111257911,protein_coding,NA,uncharacterized LOC111257911,LD_interval,35167
2024_N40,dtf,FarmCPU,SCAFFOLD_7_1088019,7,1088019,5.66232947783281e-12,11.247004863646,5.8914535040598e-08,848687,0.35625,80,4.12947707550044,1001049,1153518,75,81,1e+06,0.2,20000,250000,TRUE,LOC101761566,SCAFFOLD_7,1084643,1085266,+,LOC101761566,protein_coding,NA,BTB/POZ and MATH domain-containing protein 1,LD_interval,2753
2024_N40,dtf,FarmCPU,SCAFFOLD_7_1088019,7,1088019,5.66232947783281e-12,11.247004863646,5.8914535040598e-08,848687,0.35625,80,4.12947707550044,1001049,1153518,75,81,1e+06,0.2,20000,250000,TRUE,LOC101761973,SCAFFOLD_7,1098965,1103075,-,LOC101761973,protein_coding,NA,"uncharacterized LOC101761973, transcript variant X2",LD_interval,10946
2024_N40,dtf,FarmCPU,SCAFFOLD_7_1088019,7,1088019,5.66232947783281e-12,11.247004863646,5.8914535040598e-08,848687,0.35625,80,4.12947707550044,1001049,1153518,75,81,1e+06,0.2,20000,250000,TRUE,LOC101773719,SCAFFOLD_7,1114790,1118916,+,LOC101773719,protein_coding,NA,uncharacterized LOC101773719,LD_interval,26771
2024_N40,dtf,FarmCPU,SCAFFOLD_7_1088019,7,1088019,5.66232947783281e-12,11.247004863646,5.8914535040598e-08,848687,0.35625,80,4.12947707550044,1001049,1153518,75,81,1e+06,0.2,20000,250000,TRUE,LOC101774125,SCAFFOLD_7,1119488,1125647,+,LOC101774125,protein_coding,NA,zinc finger CCCH domain-containing protein 24,LD_interval,31469
2024_N40,dtf,FarmCPU,SCAFFOLD_7_1088019,7,1088019,5.66232947783281e-12,11.247004863646,5.8914535040598e-08,848687,0.35625,80,4.12947707550044,1001049,1153518,75,81,1e+06,0.2,20000,250000,TRUE,LOC101774528,SCAFFOLD_7,1131120,1134537,+,LOC101774528,protein_coding,NA,uncharacterized LOC101774528,LD_interval,43101
2024_N40,dtf,FarmCPU,SCAFFOLD_7_1088019,7,1088019,5.66232947783281e-12,11.247004863646,5.8914535040598e-08,848687,0.35625,80,4.12947707550044,1001049,1153518,75,81,1e+06,0.2,20000,250000,TRUE,LOC101775200,SCAFFOLD_7,1139819,1140540,+,LOC101775200,protein_coding,NA,uncharacterized LOC101775200,LD_interval,51800
2024_N40,dtf,FarmCPU,SCAFFOLD_7_1088019,7,1088019,5.66232947783281e-12,11.247004863646,5.8914535040598e-08,848687,0.35625,80,4.12947707550044,1001049,1153518,75,81,1e+06,0.2,20000,250000,TRUE,LOC101775601,SCAFFOLD_7,1144677,1146189,+,LOC101775601,protein_coding,NA,uncharacterized protein C594.04c,LD_interval,56658
2024_N40,dtf,FarmCPU,SCAFFOLD_7_1088019,7,1088019,5.66232947783281e-12,11.247004863646,5.8914535040598e-08,848687,0.35625,80,4.12947707550044,1001049,1153518,75,81,1e+06,0.2,20000,250000,TRUE,LOC101776007,SCAFFOLD_7,1153354,1157921,-,LOC101776007,protein_coding,NA,"uncharacterized LOC101776007, transcript variant X1",LD_interval,65335
2024_N40,dtf,FarmCPU,SCAFFOLD_1_23130690,1,23130690,1.33708700338345e-11,10.8738403325585,5.8914535040598e-08,848687,0.13125,80,5.40644247150062,23130690,23130690,1,20,1e+06,0.2,20000,250000,TRUE,LOC101756936,SCAFFOLD_1,23118187,23122463,-,LOC101756936,protein_coding,NA,70 kDa peptidyl-prolyl isomerase,nearest_gene,8227
2024_N40,dtf,FarmCPU,SCAFFOLD_1_22505166,1,22505166,3.00861691806632e-11,10.521633106697,5.8914535040598e-08,848687,0.03125,80,384,22502203,22516010,22,111,1e+06,0.2,20000,250000,FALSE,LOC101783550,SCAFFOLD_1,22442740,22459115,+,LOC101783550,protein_coding,NA,importin beta-like SAD2,nearest_gene,46051
2024_N40,dtf,FarmCPU,SCAFFOLD_2_30514256,2,30514256,1.00863306202355e-10,9.99626680018734,5.8914535040598e-08,848687,0.1625,80,6.12761034355501,30499459,30514356,9,147,1e+06,0.2,20000,250000,TRUE,LOC101777784,SCAFFOLD_2,30526110,30527957,+,LOC101777784,protein_coding,NA,myb-related protein 306-like,nearest_gene,11854
2024_N40,dtf,FarmCPU,SCAFFOLD_8_3815529,8,3815529,2.83210018579486e-10,9.54789138750477,5.8914535040598e-08,848687,0.05,80,4.12008907114667,3815359,3872207,24,312,1e+06,0.2,20000,250000,TRUE,LOC101754827,SCAFFOLD_8,3836836,3838919,+,LOC101754827,protein_coding,NA,leucine-rich repeat receptor protein kinase MSL1,LD_interval,21307
2024_N40,dtf,FarmCPU,SCAFFOLD_8_39142722,8,39142722,3.17440788572453e-09,8.49833727066931,5.8914535040598e-08,848687,0.06875,80,-0.393318076345784,39100914,39146124,16,130,1e+06,0.2,20000,250000,TRUE,LOC101773056,SCAFFOLD_8,39102123,39103147,+,LOC101773056,protein_coding,NA,ethylene-responsive transcription factor ERF094,LD_interval,39575
2024_N40,dtf,FarmCPU,SCAFFOLD_8_39142722,8,39142722,3.17440788572453e-09,8.49833727066931,5.8914535040598e-08,848687,0.06875,80,-0.393318076345784,39100914,39146124,16,130,1e+06,0.2,20000,250000,TRUE,LOC101772654,SCAFFOLD_8,39108069,39110017,-,LOC101772654,protein_coding,NA,7-deoxyloganetin glucosyltransferase,LD_interval,32705
2024_N40,dtf,FarmCPU,SCAFFOLD_8_39142722,8,39142722,3.17440788572453e-09,8.49833727066931,5.8914535040598e-08,848687,0.06875,80,-0.393318076345784,39100914,39146124,16,130,1e+06,0.2,20000,250000,TRUE,LOC101772253,SCAFFOLD_8,39109933,39114977,-,LOC101772253,protein_coding,NA,"putative disease resistance protein At1g50180, transcript variant X3",LD_interval,27745
2024_N40,dtf,FarmCPU,SCAFFOLD_8_39142722,8,39142722,3.17440788572453e-09,8.49833727066931,5.8914535040598e-08,848687,0.06875,80,-0.393318076345784,39100914,39146124,16,130,1e+06,0.2,20000,250000,TRUE,LOC101773463,SCAFFOLD_8,39115471,39117285,+,LOC101773463,protein_coding,NA,7-deoxyloganetin glucosyltransferase,LD_interval,25437
2024_N40,dtf,FarmCPU,SCAFFOLD_8_39142722,8,39142722,3.17440788572453e-09,8.49833727066931,5.8914535040598e-08,848687,0.06875,80,-0.393318076345784,39100914,39146124,16,130,1e+06,0.2,20000,250000,TRUE,LOC111258287,SCAFFOLD_8,39123493,39124905,+,LOC111258287,lncRNA,NA,"",LD_interval,17817
2024_N40,dtf,FarmCPU,SCAFFOLD_8_39142722,8,39142722,3.17440788572453e-09,8.49833727066931,5.8914535040598e-08,848687,0.06875,80,-0.393318076345784,39100914,39146124,16,130,1e+06,0.2,20000,250000,TRUE,LOC101773881,SCAFFOLD_8,39137618,39142749,+,LOC101773881,protein_coding,NA,uncharacterized LOC101773881,contains_lead_snp,0
2024_N40,dtf,FarmCPU,SCAFFOLD_9_22263195,9,22263195,2.45265423763399e-08,7.61036367204298,5.8914535040598e-08,848687,0.125,80,0.172262146795044,22254075,22373679,26,171,1e+06,0.2,20000,250000,TRUE,LOC101758778,SCAFFOLD_9,22298774,22301265,+,LOC101758778,protein_coding,NA,alpha-ketoglutarate-dependent dioxygenase alkB homolog 6,LD_interval,35579
2024_N40,dtf,FarmCPU,SCAFFOLD_9_22263195,9,22263195,2.45265423763399e-08,7.61036367204298,5.8914535040598e-08,848687,0.125,80,0.172262146795044,22254075,22373679,26,171,1e+06,0.2,20000,250000,TRUE,LOC101759591,SCAFFOLD_9,22339155,22341617,+,LOC101759591,protein_coding,NA,probable flavin-containing monooxygenase 1,LD_interval,75960
2024_N40,dtf,FarmCPU,SCAFFOLD_9_22263195,9,22263195,2.45265423763399e-08,7.61036367204298,5.8914535040598e-08,848687,0.125,80,0.172262146795044,22254075,22373679,26,171,1e+06,0.2,20000,250000,TRUE,LOC101771759,SCAFFOLD_9,22364350,22365469,+,LOC101771759,protein_coding,NA,neurogenic locus notch homolog protein 3,LD_interval,101155
2024_N40,dtf,FarmCPU,SCAFFOLD_9_22263195,9,22263195,2.45265423763399e-08,7.61036367204298,5.8914535040598e-08,848687,0.125,80,0.172262146795044,22254075,22373679,26,171,1e+06,0.2,20000,250000,TRUE,LOC101772160,SCAFFOLD_9,22368466,22369567,+,LOC101772160,protein_coding,NA,fibropellin-3-like,LD_interval,105271
2024_N40,height_cm,BLINK,SCAFFOLD_4_9295665,4,9295665,9.7413594508959e-11,10.0113804311271,5.8914535040598e-08,848687,0.0679012345679012,81,-12.8719047905809,9295611,9295665,4,8,1e+06,0.2,20000,250000,TRUE,LOC101776345,SCAFFOLD_4,9289021,9290695,-,LOC101776345,protein_coding,NA,protein ALTERED XYLOGLUCAN 4,nearest_gene,4970
2024_N40,height_cm,FarmCPU,SCAFFOLD_6_4177763,6,4177763,3.76822038249173e-22,21.42386370564,5.8914535040598e-08,848687,0.037037037037037,81,-17.0724213586664,4106902,4196134,18,50,1e+06,0.2,20000,250000,FALSE,TRNAS-GCU-7,SCAFFOLD_6,4122898,4122985,-,TRNAS-GCU,tRNA,NA,"",LD_interval,54778
2024_N40,height_cm,FarmCPU,SCAFFOLD_6_4177763,6,4177763,3.76822038249173e-22,21.42386370564,5.8914535040598e-08,848687,0.037037037037037,81,-17.0724213586664,4106902,4196134,18,50,1e+06,0.2,20000,250000,FALSE,LOC101754916,SCAFFOLD_6,4135778,4139213,-,LOC101754916,protein_coding,NA,uncharacterized LOC101754916,LD_interval,38550
2024_N40,height_cm,FarmCPU,SCAFFOLD_6_4177763,6,4177763,3.76822038249173e-22,21.42386370564,5.8914535040598e-08,848687,0.037037037037037,81,-17.0724213586664,4106902,4196134,18,50,1e+06,0.2,20000,250000,FALSE,LOC101773016,SCAFFOLD_6,4144876,4148096,-,LOC101773016,protein_coding,NA,uncharacterized LOC101773016,LD_interval,29667
2024_N40,height_cm,FarmCPU,SCAFFOLD_6_4177763,6,4177763,3.76822038249173e-22,21.42386370564,5.8914535040598e-08,848687,0.037037037037037,81,-17.0724213586664,4106902,4196134,18,50,1e+06,0.2,20000,250000,FALSE,LOC101755317,SCAFFOLD_6,4168387,4171568,-,LOC101755317,protein_coding,NA,uncharacterized LOC101755317,LD_interval,6195
2024_N40,height_cm,FarmCPU,SCAFFOLD_6_4177763,6,4177763,3.76822038249173e-22,21.42386370564,5.8914535040598e-08,848687,0.037037037037037,81,-17.0724213586664,4106902,4196134,18,50,1e+06,0.2,20000,250000,FALSE,LOC106804378,SCAFFOLD_6,4178807,4179304,+,LOC106804378,protein_coding,NA,uncharacterized mitochondrial protein AtMg00820-like,LD_interval,1044
2024_N40,height_cm,FarmCPU,SCAFFOLD_6_4177763,6,4177763,3.76822038249173e-22,21.42386370564,5.8914535040598e-08,848687,0.037037037037037,81,-17.0724213586664,4106902,4196134,18,50,1e+06,0.2,20000,250000,FALSE,LOC101755725,SCAFFOLD_6,4189343,4193506,-,LOC101755725,protein_coding,NA,"probable transcription factor KAN2, transcript variant X2",LD_interval,11580
2024_N40,height_cm,FarmCPU,SCAFFOLD_9_9021917,9,9021917,8.97393982836684e-22,21.0470168468038,5.8914535040598e-08,848687,0.0925925925925926,81,13.2966267813565,8954295,9097979,77,235,1e+06,0.2,20000,250000,TRUE,LOC101756237,SCAFFOLD_9,8955831,8957082,-,LOC101756237,protein_coding,NA,probable galacturonosyltransferase-like 1,LD_interval,64835
2024_N40,height_cm,FarmCPU,SCAFFOLD_9_9021917,9,9021917,8.97393982836684e-22,21.0470168468038,5.8914535040598e-08,848687,0.0925925925925926,81,13.2966267813565,8954295,9097979,77,235,1e+06,0.2,20000,250000,TRUE,LOC101761597,SCAFFOLD_9,8963801,8965937,-,LOC101761597,protein_coding,NA,E3 ubiquitin-protein ligase RNF185,LD_interval,55980
2024_N40,height_cm,FarmCPU,SCAFFOLD_9_9021917,9,9021917,8.97393982836684e-22,21.0470168468038,5.8914535040598e-08,848687,0.0925925925925926,81,13.2966267813565,8954295,9097979,77,235,1e+06,0.2,20000,250000,TRUE,LOC101756635,SCAFFOLD_9,8986700,8988195,+,LOC101756635,protein_coding,NA,1-aminocyclopropane-1-carboxylate oxidase homolog 4,LD_interval,33722
2024_N40,height_cm,FarmCPU,SCAFFOLD_9_9021917,9,9021917,8.97393982836684e-22,21.0470168468038,5.8914535040598e-08,848687,0.0925925925925926,81,13.2966267813565,8954295,9097979,77,235,1e+06,0.2,20000,250000,TRUE,LOC101757050,SCAFFOLD_9,8992565,8993546,+,LOC101757050,protein_coding,NA,protein ALP1-like,LD_interval,28371
2024_N40,height_cm,FarmCPU,SCAFFOLD_9_9021917,9,9021917,8.97393982836684e-22,21.0470168468038,5.8914535040598e-08,848687,0.0925925925925926,81,13.2966267813565,8954295,9097979,77,235,1e+06,0.2,20000,250000,TRUE,LOC101757445,SCAFFOLD_9,8994348,8995388,+,LOC101757445,protein_coding,NA,uncharacterized LOC101757445,LD_interval,26529
2024_N40,height_cm,FarmCPU,SCAFFOLD_9_9021917,9,9021917,8.97393982836684e-22,21.0470168468038,5.8914535040598e-08,848687,0.0925925925925926,81,13.2966267813565,8954295,9097979,77,235,1e+06,0.2,20000,250000,TRUE,LOC101757844,SCAFFOLD_9,9013217,9014140,+,LOC101757844,protein_coding,NA,uncharacterized LOC101757844,LD_interval,7777
2024_N40,height_cm,FarmCPU,SCAFFOLD_9_9021917,9,9021917,8.97393982836684e-22,21.0470168468038,5.8914535040598e-08,848687,0.0925925925925926,81,13.2966267813565,8954295,9097979,77,235,1e+06,0.2,20000,250000,TRUE,LOC101762011,SCAFFOLD_9,9014875,9016030,-,LOC101762011,protein_coding,NA,translation initiation factor IF-2,LD_interval,5887
2024_N40,height_cm,FarmCPU,SCAFFOLD_9_9021917,9,9021917,8.97393982836684e-22,21.0470168468038,5.8914535040598e-08,848687,0.0925925925925926,81,13.2966267813565,8954295,9097979,77,235,1e+06,0.2,20000,250000,TRUE,LOC101762430,SCAFFOLD_9,9018759,9022620,-,LOC101762430,protein_coding,NA,thymocyte nuclear protein 1,contains_lead_snp,0
2024_N40,height_cm,FarmCPU,SCAFFOLD_9_9021917,9,9021917,8.97393982836684e-22,21.0470168468038,5.8914535040598e-08,848687,0.0925925925925926,81,13.2966267813565,8954295,9097979,77,235,1e+06,0.2,20000,250000,TRUE,LOC101758259,SCAFFOLD_9,9034696,9035166,+,LOC101758259,protein_coding,NA,ocs element-binding factor 1,LD_interval,12779
2024_N40,height_cm,FarmCPU,SCAFFOLD_9_9021917,9,9021917,8.97393982836684e-22,21.0470168468038,5.8914535040598e-08,848687,0.0925925925925926,81,13.2966267813565,8954295,9097979,77,235,1e+06,0.2,20000,250000,TRUE,LOC101763093,SCAFFOLD_9,9041530,9043312,+,LOC101763093,protein_coding,NA,uncharacterized LOC101763093,LD_interval,19613
2024_N40,height_cm,FarmCPU,SCAFFOLD_9_9021917,9,9021917,8.97393982836684e-22,21.0470168468038,5.8914535040598e-08,848687,0.0925925925925926,81,13.2966267813565,8954295,9097979,77,235,1e+06,0.2,20000,250000,TRUE,LOC101763498,SCAFFOLD_9,9052586,9053606,-,LOC101763498,protein_coding,NA,translation initiation factor IF-2,LD_interval,30669
2024_N40,height_cm,FarmCPU,SCAFFOLD_9_9021917,9,9021917,8.97393982836684e-22,21.0470168468038,5.8914535040598e-08,848687,0.0925925925925926,81,13.2966267813565,8954295,9097979,77,235,1e+06,0.2,20000,250000,TRUE,LOC101758664,SCAFFOLD_9,9059256,9060602,+,LOC101758664,protein_coding,NA,exopolygalacturonase,LD_interval,37339
2024_N40,height_cm,FarmCPU,SCAFFOLD_9_9021917,9,9021917,8.97393982836684e-22,21.0470168468038,5.8914535040598e-08,848687,0.0925925925925926,81,13.2966267813565,8954295,9097979,77,235,1e+06,0.2,20000,250000,TRUE,LOC101763902,SCAFFOLD_9,9068812,9071655,-,LOC101763902,protein_coding,NA,growth-regulating factor 9,LD_interval,46895
2024_N40,height_cm,FarmCPU,SCAFFOLD_9_9021917,9,9021917,8.97393982836684e-22,21.0470168468038,5.8914535040598e-08,848687,0.0925925925925926,81,13.2966267813565,8954295,9097979,77,235,1e+06,0.2,20000,250000,TRUE,LOC101764310,SCAFFOLD_9,9079692,9085394,-,LOC101764310,protein_coding,NA,DUF21 domain-containing protein At2g14520,LD_interval,57775
2024_N40,height_cm,FarmCPU,SCAFFOLD_9_9021917,9,9021917,8.97393982836684e-22,21.0470168468038,5.8914535040598e-08,848687,0.0925925925925926,81,13.2966267813565,8954295,9097979,77,235,1e+06,0.2,20000,250000,TRUE,LOC101764716,SCAFFOLD_9,9090189,9097654,+,LOC101764716,protein_coding,NA,"CSC1-like protein RXW8, transcript variant X2",LD_interval,68272
2024_N40,height_cm,FarmCPU,SCAFFOLD_9_50524054,9,50524054,6.06611094359136e-09,8.21708965110598,5.8914535040598e-08,848687,0.0493827160493827,81,-8.94692628791847,50524054,50524110,2,4,1e+06,0.2,20000,250000,FALSE,LOC101769341,SCAFFOLD_9,50517162,50518772,+,LOC101769341,protein_coding,NA,uncharacterized LOC101769341,nearest_gene,5282
2024_N40,height_cm,FarmCPU,SCAFFOLD_9_9014711,9,9014711,9.50099147279939e-09,8.02223107169033,5.8914535040598e-08,848687,0.104938271604938,81,3.10515024439296,8938586,9097979,80,225,1e+06,0.2,20000,250000,TRUE,LOC101755834,SCAFFOLD_9,8938966,8941339,-,LOC101755834,protein_coding,NA,xyloglucan endotransglucosylase/hydrolase protein 31-like,LD_interval,73372
2024_N40,height_cm,FarmCPU,SCAFFOLD_9_9014711,9,9014711,9.50099147279939e-09,8.02223107169033,5.8914535040598e-08,848687,0.104938271604938,81,3.10515024439296,8938586,9097979,80,225,1e+06,0.2,20000,250000,TRUE,LOC101761078,SCAFFOLD_9,8942309,8948944,-,LOC101761078,protein_coding,NA,"phosphomethylpyrimidine synthase, chloroplastic, transcript variant X3",LD_interval,65767
2024_N40,height_cm,FarmCPU,SCAFFOLD_9_9014711,9,9014711,9.50099147279939e-09,8.02223107169033,5.8914535040598e-08,848687,0.104938271604938,81,3.10515024439296,8938586,9097979,80,225,1e+06,0.2,20000,250000,TRUE,LOC101756237,SCAFFOLD_9,8955831,8957082,-,LOC101756237,protein_coding,NA,probable galacturonosyltransferase-like 1,LD_interval,57629
2024_N40,height_cm,FarmCPU,SCAFFOLD_9_9014711,9,9014711,9.50099147279939e-09,8.02223107169033,5.8914535040598e-08,848687,0.104938271604938,81,3.10515024439296,8938586,9097979,80,225,1e+06,0.2,20000,250000,TRUE,LOC101761597,SCAFFOLD_9,8963801,8965937,-,LOC101761597,protein_coding,NA,E3 ubiquitin-protein ligase RNF185,LD_interval,48774
2024_N40,height_cm,FarmCPU,SCAFFOLD_9_9014711,9,9014711,9.50099147279939e-09,8.02223107169033,5.8914535040598e-08,848687,0.104938271604938,81,3.10515024439296,8938586,9097979,80,225,1e+06,0.2,20000,250000,TRUE,LOC101756635,SCAFFOLD_9,8986700,8988195,+,LOC101756635,protein_coding,NA,1-aminocyclopropane-1-carboxylate oxidase homolog 4,LD_interval,26516
2024_N40,height_cm,FarmCPU,SCAFFOLD_9_9014711,9,9014711,9.50099147279939e-09,8.02223107169033,5.8914535040598e-08,848687,0.104938271604938,81,3.10515024439296,8938586,9097979,80,225,1e+06,0.2,20000,250000,TRUE,LOC101757050,SCAFFOLD_9,8992565,8993546,+,LOC101757050,protein_coding,NA,protein ALP1-like,LD_interval,21165
2024_N40,height_cm,FarmCPU,SCAFFOLD_9_9014711,9,9014711,9.50099147279939e-09,8.02223107169033,5.8914535040598e-08,848687,0.104938271604938,81,3.10515024439296,8938586,9097979,80,225,1e+06,0.2,20000,250000,TRUE,LOC101757445,SCAFFOLD_9,8994348,8995388,+,LOC101757445,protein_coding,NA,uncharacterized LOC101757445,LD_interval,19323
2024_N40,height_cm,FarmCPU,SCAFFOLD_9_9014711,9,9014711,9.50099147279939e-09,8.02223107169033,5.8914535040598e-08,848687,0.104938271604938,81,3.10515024439296,8938586,9097979,80,225,1e+06,0.2,20000,250000,TRUE,LOC101757844,SCAFFOLD_9,9013217,9014140,+,LOC101757844,protein_coding,NA,uncharacterized LOC101757844,LD_interval,571
2024_N40,height_cm,FarmCPU,SCAFFOLD_9_9014711,9,9014711,9.50099147279939e-09,8.02223107169033,5.8914535040598e-08,848687,0.104938271604938,81,3.10515024439296,8938586,9097979,80,225,1e+06,0.2,20000,250000,TRUE,LOC101762011,SCAFFOLD_9,9014875,9016030,-,LOC101762011,protein_coding,NA,translation initiation factor IF-2,LD_interval,164
2024_N40,height_cm,FarmCPU,SCAFFOLD_9_9014711,9,9014711,9.50099147279939e-09,8.02223107169033,5.8914535040598e-08,848687,0.104938271604938,81,3.10515024439296,8938586,9097979,80,225,1e+06,0.2,20000,250000,TRUE,LOC101762430,SCAFFOLD_9,9018759,9022620,-,LOC101762430,protein_coding,NA,thymocyte nuclear protein 1,LD_interval,4048
2024_N40,height_cm,FarmCPU,SCAFFOLD_9_9014711,9,9014711,9.50099147279939e-09,8.02223107169033,5.8914535040598e-08,848687,0.104938271604938,81,3.10515024439296,8938586,9097979,80,225,1e+06,0.2,20000,250000,TRUE,LOC101758259,SCAFFOLD_9,9034696,9035166,+,LOC101758259,protein_coding,NA,ocs element-binding factor 1,LD_interval,19985
2024_N40,height_cm,FarmCPU,SCAFFOLD_9_9014711,9,9014711,9.50099147279939e-09,8.02223107169033,5.8914535040598e-08,848687,0.104938271604938,81,3.10515024439296,8938586,9097979,80,225,1e+06,0.2,20000,250000,TRUE,LOC101763093,SCAFFOLD_9,9041530,9043312,+,LOC101763093,protein_coding,NA,uncharacterized LOC101763093,LD_interval,26819
2024_N40,height_cm,FarmCPU,SCAFFOLD_9_9014711,9,9014711,9.50099147279939e-09,8.02223107169033,5.8914535040598e-08,848687,0.104938271604938,81,3.10515024439296,8938586,9097979,80,225,1e+06,0.2,20000,250000,TRUE,LOC101763498,SCAFFOLD_9,9052586,9053606,-,LOC101763498,protein_coding,NA,translation initiation factor IF-2,LD_interval,37875
2024_N40,height_cm,FarmCPU,SCAFFOLD_9_9014711,9,9014711,9.50099147279939e-09,8.02223107169033,5.8914535040598e-08,848687,0.104938271604938,81,3.10515024439296,8938586,9097979,80,225,1e+06,0.2,20000,250000,TRUE,LOC101758664,SCAFFOLD_9,9059256,9060602,+,LOC101758664,protein_coding,NA,exopolygalacturonase,LD_interval,44545
2024_N40,height_cm,FarmCPU,SCAFFOLD_9_9014711,9,9014711,9.50099147279939e-09,8.02223107169033,5.8914535040598e-08,848687,0.104938271604938,81,3.10515024439296,8938586,9097979,80,225,1e+06,0.2,20000,250000,TRUE,LOC101763902,SCAFFOLD_9,9068812,9071655,-,LOC101763902,protein_coding,NA,growth-regulating factor 9,LD_interval,54101
2024_N40,height_cm,FarmCPU,SCAFFOLD_9_9014711,9,9014711,9.50099147279939e-09,8.02223107169033,5.8914535040598e-08,848687,0.104938271604938,81,3.10515024439296,8938586,9097979,80,225,1e+06,0.2,20000,250000,TRUE,LOC101764310,SCAFFOLD_9,9079692,9085394,-,LOC101764310,protein_coding,NA,DUF21 domain-containing protein At2g14520,LD_interval,64981
2024_N40,height_cm,FarmCPU,SCAFFOLD_9_9014711,9,9014711,9.50099147279939e-09,8.02223107169033,5.8914535040598e-08,848687,0.104938271604938,81,3.10515024439296,8938586,9097979,80,225,1e+06,0.2,20000,250000,TRUE,LOC101764716,SCAFFOLD_9,9090189,9097654,+,LOC101764716,protein_coding,NA,"CSC1-like protein RXW8, transcript variant X2",LD_interval,75478
2024_N40,height_cm,FarmCPU,SCAFFOLD_3_32449754,3,32449754,1.89795466909857e-08,7.72171416450907,5.8914535040598e-08,848687,0.382716049382716,81,6.08736744191477,32447659,32449811,5,6,1e+06,0.2,20000,250000,TRUE,LOC101758481,SCAFFOLD_3,32455659,32458283,+,LOC101758481,protein_coding,NA,random slug protein 5,nearest_gene,5905
2024_N40,height_cm,FarmCPU,SCAFFOLD_9_34515616,9,34515616,3.35107974680938e-08,7.47481523698503,5.8914535040598e-08,848687,0.0617283950617284,81,5.81203933829209,34515616,34515666,2,3,1e+06,0.2,20000,250000,TRUE,LOC101775410,SCAFFOLD_9,34524101,34525098,+,LOC101775410,protein_coding,NA,probable plastidic glucose transporter 3,nearest_gene,8485
2024_N40,number_of_tillers,BLINK,SCAFFOLD_1_40696927,1,40696927,4.05996485083356e-09,8.39147772631323,5.8914535040598e-08,848687,0.0432098765432099,81,2.23398086749001,40696901,40696927,3,6,1e+06,0.2,20000,250000,FALSE,LOC101765064,SCAFFOLD_1,40695081,40698101,+,LOC101765064,protein_coding,NA,uncharacterized LOC101765064,contains_lead_snp,0
2024_N40,number_of_tillers,BLINK,SCAFFOLD_2_27461577,2,27461577,5.79667667323686e-09,8.23682092301118,5.8914535040598e-08,848687,0.12962962962963,81,1.55408341503414,27458357,27475774,51,63,1e+06,0.2,20000,250000,TRUE,LOC101767656,SCAFFOLD_2,27426760,27428379,-,LOC101767656,protein_coding,NA,uncharacterized LOC101767656,nearest_gene,33198
2024_N40,number_of_tillers,BLINK,SCAFFOLD_4_2129383,4,2129383,9.5048299176697e-09,8.02205565012715,5.8914535040598e-08,848687,0.277777777777778,81,-1.31981215577951,2051307,2175213,70,409,1e+06,0.2,20000,250000,TRUE,LOC101757682,SCAFFOLD_4,2052390,2056616,-,LOC101757682,protein_coding,NA,pre-mRNA splicing factor SR-like 1,LD_interval,72767
2024_N40,number_of_tillers,BLINK,SCAFFOLD_4_2129383,4,2129383,9.5048299176697e-09,8.02205565012715,5.8914535040598e-08,848687,0.277777777777778,81,-1.31981215577951,2051307,2175213,70,409,1e+06,0.2,20000,250000,TRUE,LOC101758505,SCAFFOLD_4,2057418,2061390,+,LOC101758505,protein_coding,NA,probable protein S-acyltransferase 1,LD_interval,67993
2024_N40,number_of_tillers,BLINK,SCAFFOLD_4_2129383,4,2129383,9.5048299176697e-09,8.02205565012715,5.8914535040598e-08,848687,0.277777777777778,81,-1.31981215577951,2051307,2175213,70,409,1e+06,0.2,20000,250000,TRUE,LOC101758091,SCAFFOLD_4,2061288,2062423,-,LOC101758091,protein_coding,NA,uncharacterized LOC101758091,LD_interval,66960
2024_N40,number_of_tillers,BLINK,SCAFFOLD_4_2129383,4,2129383,9.5048299176697e-09,8.02205565012715,5.8914535040598e-08,848687,0.277777777777778,81,-1.31981215577951,2051307,2175213,70,409,1e+06,0.2,20000,250000,TRUE,LOC101758912,SCAFFOLD_4,2062804,2067977,-,LOC101758912,protein_coding,NA,uncharacterized LOC101758912,LD_interval,61406
2024_N40,number_of_tillers,BLINK,SCAFFOLD_4_2129383,4,2129383,9.5048299176697e-09,8.02205565012715,5.8914535040598e-08,848687,0.277777777777778,81,-1.31981215577951,2051307,2175213,70,409,1e+06,0.2,20000,250000,TRUE,LOC106804256,SCAFFOLD_4,2087987,2089568,-,LOC106804256,protein_coding,NA,uncharacterized LOC106804256,LD_interval,39815
2024_N40,number_of_tillers,BLINK,SCAFFOLD_4_2129383,4,2129383,9.5048299176697e-09,8.02205565012715,5.8914535040598e-08,848687,0.277777777777778,81,-1.31981215577951,2051307,2175213,70,409,1e+06,0.2,20000,250000,TRUE,LOC101759308,SCAFFOLD_4,2094141,2097722,-,LOC101759308,protein_coding,NA,"cinnamoyl-CoA reductase 1, transcript variant X1",LD_interval,31661
2024_N40,number_of_tillers,BLINK,SCAFFOLD_4_2129383,4,2129383,9.5048299176697e-09,8.02205565012715,5.8914535040598e-08,848687,0.277777777777778,81,-1.31981215577951,2051307,2175213,70,409,1e+06,0.2,20000,250000,TRUE,LOC101759717,SCAFFOLD_4,2099180,2103187,-,LOC101759717,protein_coding,NA,DNA-repair protein XRCC1,LD_interval,26196
2024_N40,number_of_tillers,BLINK,SCAFFOLD_4_2129383,4,2129383,9.5048299176697e-09,8.02205565012715,5.8914535040598e-08,848687,0.277777777777778,81,-1.31981215577951,2051307,2175213,70,409,1e+06,0.2,20000,250000,TRUE,LOC101760125,SCAFFOLD_4,2103968,2112816,+,LOC101760125,protein_coding,NA,"coatomer subunit beta'-1, transcript variant X2",LD_interval,16567
2024_N40,number_of_tillers,BLINK,SCAFFOLD_4_2129383,4,2129383,9.5048299176697e-09,8.02205565012715,5.8914535040598e-08,848687,0.277777777777778,81,-1.31981215577951,2051307,2175213,70,409,1e+06,0.2,20000,250000,TRUE,LOC101760535,SCAFFOLD_4,2127060,2132380,-,LOC101760535,protein_coding,NA,probable sulfate transporter 3.4,contains_lead_snp,0
2024_N40,number_of_tillers,BLINK,SCAFFOLD_4_2129383,4,2129383,9.5048299176697e-09,8.02205565012715,5.8914535040598e-08,848687,0.277777777777778,81,-1.31981215577951,2051307,2175213,70,409,1e+06,0.2,20000,250000,TRUE,LOC111257104,SCAFFOLD_4,2149995,2151466,-,LOC111257104,protein_coding,NA,sulfated surface glycoprotein 185-like,LD_interval,20612
2024_N40,number_of_tillers,BLINK,SCAFFOLD_4_2129383,4,2129383,9.5048299176697e-09,8.02205565012715,5.8914535040598e-08,848687,0.277777777777778,81,-1.31981215577951,2051307,2175213,70,409,1e+06,0.2,20000,250000,TRUE,LOC101761219,SCAFFOLD_4,2152655,2154846,+,LOC101761219,protein_coding,NA,eukaryotic translation initiation factor 3 subunit G,LD_interval,23272
2024_N40,number_of_tillers,BLINK,SCAFFOLD_4_2129383,4,2129383,9.5048299176697e-09,8.02205565012715,5.8914535040598e-08,848687,0.277777777777778,81,-1.31981215577951,2051307,2175213,70,409,1e+06,0.2,20000,250000,TRUE,LOC101761607,SCAFFOLD_4,2158535,2161834,-,LOC101761607,protein_coding,NA,uridylate kinase,LD_interval,29152
2024_N40,number_of_tillers,BLINK,SCAFFOLD_4_2129383,4,2129383,9.5048299176697e-09,8.02205565012715,5.8914535040598e-08,848687,0.277777777777778,81,-1.31981215577951,2051307,2175213,70,409,1e+06,0.2,20000,250000,TRUE,LOC101762019,SCAFFOLD_4,2162178,2168896,-,LOC101762019,protein_coding,NA,"carboxypeptidase SOL1, transcript variant X1",LD_interval,32795
2024_N40,number_of_tillers,BLINK,SCAFFOLD_4_2129383,4,2129383,9.5048299176697e-09,8.02205565012715,5.8914535040598e-08,848687,0.277777777777778,81,-1.31981215577951,2051307,2175213,70,409,1e+06,0.2,20000,250000,TRUE,TRNAG-GCC-10,SCAFFOLD_4,2169006,2169076,+,TRNAG-GCC,tRNA,NA,"",LD_interval,39623
2024_N40,number_of_tillers,BLINK,SCAFFOLD_4_2129383,4,2129383,9.5048299176697e-09,8.02205565012715,5.8914535040598e-08,848687,0.277777777777778,81,-1.31981215577951,2051307,2175213,70,409,1e+06,0.2,20000,250000,TRUE,LOC101762438,SCAFFOLD_4,2169237,2174683,-,LOC101762438,protein_coding,NA,"translation factor GUF1 homolog, mitochondrial",LD_interval,39854
2024_N40,number_of_tillers,FarmCPU,SCAFFOLD_4_17280232,4,17280232,7.0051429959395e-53,52.1545829950372,5.8914535040598e-08,848687,0.0246913580246914,81,9.65060612719562,17261137,17280232,3,31,1e+06,0.2,20000,250000,FALSE,LOC101758782,SCAFFOLD_4,17284577,17288032,-,LOC101758782,protein_coding,NA,"uncharacterized LOC101758782, transcript variant X3",nearest_gene,4345
2024_N40,number_of_tillers,FarmCPU,SCAFFOLD_6_32361467,6,32361467,5.34971481471964e-19,18.2716693689498,5.8914535040598e-08,848687,0.0987654320987654,81,1.47971626764173,32358651,32363185,7,11,1e+06,0.2,20000,250000,TRUE,LOC111257656,SCAFFOLD_6,32359215,32360426,+,LOC111257656,protein_coding,NA,uncharacterized LOC111257656,LD_interval,1041
2024_N40,number_of_tillers,FarmCPU,SCAFFOLD_2_39210418,2,39210418,2.21523370672165e-14,13.6545804490412,5.8914535040598e-08,848687,0.0617283950617284,81,1.55679848185809,39191864,39269621,24,35,1e+06,0.2,20000,250000,TRUE,LOC101775207,SCAFFOLD_2,39192401,39195267,+,LOC101775207,protein_coding,NA,chitin elicitor-binding protein,LD_interval,15151
2024_N40,number_of_tillers,FarmCPU,SCAFFOLD_2_39210418,2,39210418,2.21523370672165e-14,13.6545804490412,5.8914535040598e-08,848687,0.0617283950617284,81,1.55679848185809,39191864,39269621,24,35,1e+06,0.2,20000,250000,TRUE,LOC101784271,SCAFFOLD_2,39215776,39220340,+,LOC101784271,protein_coding,NA,"protein DETOXIFICATION 45, chloroplastic",LD_interval,5358
2024_N40,number_of_tillers,FarmCPU,SCAFFOLD_2_39210418,2,39210418,2.21523370672165e-14,13.6545804490412,5.8914535040598e-08,848687,0.0617283950617284,81,1.55679848185809,39191864,39269621,24,35,1e+06,0.2,20000,250000,TRUE,LOC101775611,SCAFFOLD_2,39220431,39223294,-,LOC101775611,protein_coding,NA,probable flavin-containing monooxygenase 1,LD_interval,10013
2024_N40,number_of_tillers,FarmCPU,SCAFFOLD_2_39210418,2,39210418,2.21523370672165e-14,13.6545804490412,5.8914535040598e-08,848687,0.0617283950617284,81,1.55679848185809,39191864,39269621,24,35,1e+06,0.2,20000,250000,TRUE,LOC101776016,SCAFFOLD_2,39224347,39226565,-,LOC101776016,protein_coding,NA,"probable flavin-containing monooxygenase 1, transcript variant X2",LD_interval,13929
2024_N40,number_of_tillers,FarmCPU,SCAFFOLD_2_39210418,2,39210418,2.21523370672165e-14,13.6545804490412,5.8914535040598e-08,848687,0.0617283950617284,81,1.55679848185809,39191864,39269621,24,35,1e+06,0.2,20000,250000,TRUE,LOC101776689,SCAFFOLD_2,39228145,39236216,+,LOC101776689,protein_coding,NA,"uncharacterized LOC101776689, transcript variant X1",LD_interval,17727
2024_N40,number_of_tillers,FarmCPU,SCAFFOLD_2_39210418,2,39210418,2.21523370672165e-14,13.6545804490412,5.8914535040598e-08,848687,0.0617283950617284,81,1.55679848185809,39191864,39269621,24,35,1e+06,0.2,20000,250000,TRUE,LOC106804166,SCAFFOLD_2,39230900,39232753,-,LOC106804166,protein_coding,NA,uncharacterized LOC106804166,LD_interval,20482
2024_N40,number_of_tillers,FarmCPU,SCAFFOLD_2_39210418,2,39210418,2.21523370672165e-14,13.6545804490412,5.8914535040598e-08,848687,0.0617283950617284,81,1.55679848185809,39191864,39269621,24,35,1e+06,0.2,20000,250000,TRUE,LOC101777104,SCAFFOLD_2,39237978,39240084,-,LOC101777104,lncRNA,NA,"",LD_interval,27560
2024_N40,number_of_tillers,FarmCPU,SCAFFOLD_2_39210418,2,39210418,2.21523370672165e-14,13.6545804490412,5.8914535040598e-08,848687,0.0617283950617284,81,1.55679848185809,39191864,39269621,24,35,1e+06,0.2,20000,250000,TRUE,LOC101777377,SCAFFOLD_2,39240348,39245466,+,LOC101777377,protein_coding,NA,"protein NLP1, transcript variant X3",LD_interval,29930
2024_N40,number_of_tillers,FarmCPU,SCAFFOLD_2_39210418,2,39210418,2.21523370672165e-14,13.6545804490412,5.8914535040598e-08,848687,0.0617283950617284,81,1.55679848185809,39191864,39269621,24,35,1e+06,0.2,20000,250000,TRUE,LOC101778728,SCAFFOLD_2,39245569,39249464,-,LOC101778728,protein_coding,NA,U11/U12 small nuclear ribonucleoprotein 31 kDa protein,LD_interval,35151
2024_N40,number_of_tillers,FarmCPU,SCAFFOLD_2_39210418,2,39210418,2.21523370672165e-14,13.6545804490412,5.8914535040598e-08,848687,0.0617283950617284,81,1.55679848185809,39191864,39269621,24,35,1e+06,0.2,20000,250000,TRUE,LOC101778325,SCAFFOLD_2,39249475,39252404,-,LOC101778325,protein_coding,NA,uncharacterized LOC101778325,LD_interval,39057
2024_N40,number_of_tillers,FarmCPU,SCAFFOLD_2_39210418,2,39210418,2.21523370672165e-14,13.6545804490412,5.8914535040598e-08,848687,0.0617283950617284,81,1.55679848185809,39191864,39269621,24,35,1e+06,0.2,20000,250000,TRUE,LOC101779144,SCAFFOLD_2,39264878,39271022,-,LOC101779144,protein_coding,NA,bromodomain-containing protein 4B,LD_interval,54460
2024_N40,number_of_tillers,FarmCPU,SCAFFOLD_1_1463186,1,1463186,1.38988354721443e-11,10.8570215860199,5.8914535040598e-08,848687,0.111111111111111,81,0.922906887681308,1463186,1469575,5,77,1e+06,0.2,20000,250000,TRUE,LOC101757091,SCAFFOLD_1,1465442,1466089,+,LOC101757091,protein_coding,NA,RING-H2 finger protein ATL75,LD_interval,2256
2024_N40,number_of_tillers,FarmCPU,SCAFFOLD_4_17268080,4,17268080,2.01009417494686e-11,10.6967835949668,5.8914535040598e-08,848687,0.0493827160493827,81,0.277895136834076,17110050,17353104,110,507,1e+06,0.2,20000,250000,FALSE,LOC101757291,SCAFFOLD_4,17107976,17114715,+,LOC101757291,lncRNA,NA,"",LD_interval,153365
2024_N40,number_of_tillers,FarmCPU,SCAFFOLD_4_17268080,4,17268080,2.01009417494686e-11,10.6967835949668,5.8914535040598e-08,848687,0.0493827160493827,81,0.277895136834076,17110050,17353104,110,507,1e+06,0.2,20000,250000,FALSE,LOC101757565,SCAFFOLD_4,17115226,17118951,-,LOC101757565,protein_coding,NA,"uncharacterized LOC101757565, transcript variant X3",LD_interval,149129
2024_N40,number_of_tillers,FarmCPU,SCAFFOLD_4_17268080,4,17268080,2.01009417494686e-11,10.6967835949668,5.8914535040598e-08,848687,0.0493827160493827,81,0.277895136834076,17110050,17353104,110,507,1e+06,0.2,20000,250000,FALSE,LOC111257065,SCAFFOLD_4,17145545,17146384,+,LOC111257065,protein_coding,NA,uncharacterized LOC111257065,LD_interval,121696
2024_N40,number_of_tillers,FarmCPU,SCAFFOLD_4_17268080,4,17268080,2.01009417494686e-11,10.6967835949668,5.8914535040598e-08,848687,0.0493827160493827,81,0.277895136834076,17110050,17353104,110,507,1e+06,0.2,20000,250000,FALSE,LOC101757962,SCAFFOLD_4,17156858,17157641,+,LOC101757962,protein_coding,NA,uncharacterized LOC101757962,LD_interval,110439
2024_N40,number_of_tillers,FarmCPU,SCAFFOLD_4_17268080,4,17268080,2.01009417494686e-11,10.6967835949668,5.8914535040598e-08,848687,0.0493827160493827,81,0.277895136834076,17110050,17353104,110,507,1e+06,0.2,20000,250000,FALSE,LOC101758374,SCAFFOLD_4,17235180,17235760,+,LOC101758374,protein_coding,NA,10 kDa prolamin,LD_interval,32320
2024_N40,number_of_tillers,FarmCPU,SCAFFOLD_4_17268080,4,17268080,2.01009417494686e-11,10.6967835949668,5.8914535040598e-08,848687,0.0493827160493827,81,0.277895136834076,17110050,17353104,110,507,1e+06,0.2,20000,250000,FALSE,LOC101758782,SCAFFOLD_4,17284577,17288032,-,LOC101758782,protein_coding,NA,"uncharacterized LOC101758782, transcript variant X3",LD_interval,16497
2024_N40,number_of_tillers,FarmCPU,SCAFFOLD_4_17268080,4,17268080,2.01009417494686e-11,10.6967835949668,5.8914535040598e-08,848687,0.0493827160493827,81,0.277895136834076,17110050,17353104,110,507,1e+06,0.2,20000,250000,FALSE,LOC101759063,SCAFFOLD_4,17296049,17308769,-,LOC101759063,protein_coding,NA,uncharacterized LOC101759063,LD_interval,27969
2024_N40,number_of_tillers,FarmCPU,SCAFFOLD_4_17268080,4,17268080,2.01009417494686e-11,10.6967835949668,5.8914535040598e-08,848687,0.0493827160493827,81,0.277895136834076,17110050,17353104,110,507,1e+06,0.2,20000,250000,FALSE,LOC101762454,SCAFFOLD_4,17320419,17324348,+,LOC101762454,protein_coding,NA,protein MOTHER of FT and TFL1 homolog 1,LD_interval,52339
2024_N40,number_of_tillers,FarmCPU,SCAFFOLD_4_17236876,4,17236876,2.27778864694654e-09,8.642486576009,5.8914535040598e-08,848687,0.0246913580246914,81,-0.0154587367313794,17236876,17236876,1,31,1e+06,0.2,20000,250000,FALSE,LOC101758374,SCAFFOLD_4,17235180,17235760,+,LOC101758374,protein_coding,NA,10 kDa prolamin,nearest_gene,1116
2024_N40,number_of_tillers,FarmCPU,SCAFFOLD_1_1424104,1,1424104,2.39482290512866e-09,8.62072659672503,5.8914535040598e-08,848687,0.0246913580246914,81,0.109519128095967,1424104,1424104,1,58,1e+06,0.2,20000,250000,FALSE,LOC105913928,SCAFFOLD_1,1420042,1420548,+,LOC105913928,protein_coding,NA,uncharacterized LOC105913928,nearest_gene,3556
2024_N40,number_of_tillers,FarmCPU,SCAFFOLD_5_43797155,5,43797155,2.45875894950235e-09,8.60928404630498,5.8914535040598e-08,848687,0.290123456790123,81,0.592399436734585,43617317,43926229,139,453,1e+06,0.2,20000,250000,TRUE,LOC111257214,SCAFFOLD_5,43621029,43623132,-,LOC111257214,protein_coding,NA,uncharacterized LOC111257214,LD_interval,174023
2024_N40,number_of_tillers,FarmCPU,SCAFFOLD_5_43797155,5,43797155,2.45875894950235e-09,8.60928404630498,5.8914535040598e-08,848687,0.290123456790123,81,0.592399436734585,43617317,43926229,139,453,1e+06,0.2,20000,250000,TRUE,LOC101760986,SCAFFOLD_5,43622632,43626615,+,LOC101760986,lncRNA,NA,"",LD_interval,170540
2024_N40,number_of_tillers,FarmCPU,SCAFFOLD_5_43797155,5,43797155,2.45875894950235e-09,8.60928404630498,5.8914535040598e-08,848687,0.290123456790123,81,0.592399436734585,43617317,43926229,139,453,1e+06,0.2,20000,250000,TRUE,LOC101761253,SCAFFOLD_5,43630973,43635079,+,LOC101761253,protein_coding,NA,calreticulin-3,LD_interval,162076
2024_N40,number_of_tillers,FarmCPU,SCAFFOLD_5_43797155,5,43797155,2.45875894950235e-09,8.60928404630498,5.8914535040598e-08,848687,0.290123456790123,81,0.592399436734585,43617317,43926229,139,453,1e+06,0.2,20000,250000,TRUE,LOC101761645,SCAFFOLD_5,43635625,43637007,-,LOC101761645,protein_coding,NA,RHOMBOID-like protein 13,LD_interval,160148
2024_N40,number_of_tillers,FarmCPU,SCAFFOLD_5_43797155,5,43797155,2.45875894950235e-09,8.60928404630498,5.8914535040598e-08,848687,0.290123456790123,81,0.592399436734585,43617317,43926229,139,453,1e+06,0.2,20000,250000,TRUE,LOC101762056,SCAFFOLD_5,43637839,43641960,+,LOC101762056,protein_coding,NA,proteasome subunit beta type-7-A,LD_interval,155195
2024_N40,number_of_tillers,FarmCPU,SCAFFOLD_5_43797155,5,43797155,2.45875894950235e-09,8.60928404630498,5.8914535040598e-08,848687,0.290123456790123,81,0.592399436734585,43617317,43926229,139,453,1e+06,0.2,20000,250000,TRUE,LOC101769111,SCAFFOLD_5,43643956,43645604,-,LOC101769111,protein_coding,NA,cytochrome b561 and DOMON domain-containing protein At3g07570-like,LD_interval,151551
2024_N40,number_of_tillers,FarmCPU,SCAFFOLD_5_43797155,5,43797155,2.45875894950235e-09,8.60928404630498,5.8914535040598e-08,848687,0.290123456790123,81,0.592399436734585,43617317,43926229,139,453,1e+06,0.2,20000,250000,TRUE,LOC101762474,SCAFFOLD_5,43646645,43651254,+,LOC101762474,protein_coding,NA,"probable membrane-associated 30 kDa protein, chloroplastic",LD_interval,145901
2024_N40,number_of_tillers,FarmCPU,SCAFFOLD_5_43797155,5,43797155,2.45875894950235e-09,8.60928404630498,5.8914535040598e-08,848687,0.290123456790123,81,0.592399436734585,43617317,43926229,139,453,1e+06,0.2,20000,250000,TRUE,LOC101763287,SCAFFOLD_5,43656303,43659672,+,LOC101763287,protein_coding,NA,protein IQ-DOMAIN 14,LD_interval,137483
2024_N40,number_of_tillers,FarmCPU,SCAFFOLD_5_43797155,5,43797155,2.45875894950235e-09,8.60928404630498,5.8914535040598e-08,848687,0.290123456790123,81,0.592399436734585,43617317,43926229,139,453,1e+06,0.2,20000,250000,TRUE,LOC101769514,SCAFFOLD_5,43663530,43668220,+,LOC101769514,protein_coding,NA,chromatin assembly factor 1 subunit FSM,LD_interval,128935
2024_N40,number_of_tillers,FarmCPU,SCAFFOLD_5_43797155,5,43797155,2.45875894950235e-09,8.60928404630498,5.8914535040598e-08,848687,0.290123456790123,81,0.592399436734585,43617317,43926229,139,453,1e+06,0.2,20000,250000,TRUE,LOC101763693,SCAFFOLD_5,43669114,43669955,-,LOC101763693,protein_coding,NA,uncharacterized LOC101763693,LD_interval,127200
2024_N40,number_of_tillers,FarmCPU,SCAFFOLD_5_43797155,5,43797155,2.45875894950235e-09,8.60928404630498,5.8914535040598e-08,848687,0.290123456790123,81,0.592399436734585,43617317,43926229,139,453,1e+06,0.2,20000,250000,TRUE,LOC101764087,SCAFFOLD_5,43670554,43675197,-,LOC101764087,protein_coding,NA,uncharacterized LOC101764087,LD_interval,121958
2024_N40,number_of_tillers,FarmCPU,SCAFFOLD_5_43797155,5,43797155,2.45875894950235e-09,8.60928404630498,5.8914535040598e-08,848687,0.290123456790123,81,0.592399436734585,43617317,43926229,139,453,1e+06,0.2,20000,250000,TRUE,LOC101764495,SCAFFOLD_5,43684592,43687540,+,LOC101764495,protein_coding,NA,60S ribosomal protein L5-1,LD_interval,109615
2024_N40,number_of_tillers,FarmCPU,SCAFFOLD_5_43797155,5,43797155,2.45875894950235e-09,8.60928404630498,5.8914535040598e-08,848687,0.290123456790123,81,0.592399436734585,43617317,43926229,139,453,1e+06,0.2,20000,250000,TRUE,LOC101764908,SCAFFOLD_5,43693522,43697121,+,LOC101764908,protein_coding,NA,"uncharacterized LOC101764908, transcript variant X1",LD_interval,100034
2024_N40,number_of_tillers,FarmCPU,SCAFFOLD_5_43797155,5,43797155,2.45875894950235e-09,8.60928404630498,5.8914535040598e-08,848687,0.290123456790123,81,0.592399436734585,43617317,43926229,139,453,1e+06,0.2,20000,250000,TRUE,LOC101765985,SCAFFOLD_5,43697579,43701369,-,LOC101765985,protein_coding,NA,ribonuclease 2,LD_interval,95786
2024_N40,number_of_tillers,FarmCPU,SCAFFOLD_5_43797155,5,43797155,2.45875894950235e-09,8.60928404630498,5.8914535040598e-08,848687,0.290123456790123,81,0.592399436734585,43617317,43926229,139,453,1e+06,0.2,20000,250000,TRUE,LOC101765571,SCAFFOLD_5,43701564,43705042,-,LOC101765571,protein_coding,NA,ribonuclease 2,LD_interval,92113
2024_N40,number_of_tillers,FarmCPU,SCAFFOLD_5_43797155,5,43797155,2.45875894950235e-09,8.60928404630498,5.8914535040598e-08,848687,0.290123456790123,81,0.592399436734585,43617317,43926229,139,453,1e+06,0.2,20000,250000,TRUE,LOC101766393,SCAFFOLD_5,43714649,43716691,+,LOC101766393,protein_coding,NA,"transcription termination factor MTERF6, chloroplastic/mitochondrial, transcript variant X2",LD_interval,80464
2024_N40,number_of_tillers,FarmCPU,SCAFFOLD_5_43797155,5,43797155,2.45875894950235e-09,8.60928404630498,5.8914535040598e-08,848687,0.290123456790123,81,0.592399436734585,43617317,43926229,139,453,1e+06,0.2,20000,250000,TRUE,LOC101767351,SCAFFOLD_5,43724646,43727499,+,LOC101767351,protein_coding,NA,50S ribosomal protein L13,LD_interval,69656
2024_N40,number_of_tillers,FarmCPU,SCAFFOLD_5_43797155,5,43797155,2.45875894950235e-09,8.60928404630498,5.8914535040598e-08,848687,0.290123456790123,81,0.592399436734585,43617317,43926229,139,453,1e+06,0.2,20000,250000,TRUE,LOC101767748,SCAFFOLD_5,43727998,43732910,+,LOC101767748,protein_coding,NA,"pentatricopeptide repeat-containing protein At3g02650, mitochondrial, transcript variant X2",LD_interval,64245
2024_N40,number_of_tillers,FarmCPU,SCAFFOLD_5_43797155,5,43797155,2.45875894950235e-09,8.60928404630498,5.8914535040598e-08,848687,0.290123456790123,81,0.592399436734585,43617317,43926229,139,453,1e+06,0.2,20000,250000,TRUE,LOC101768820,SCAFFOLD_5,43733923,43740635,+,LOC101768820,protein_coding,NA,beta-glucosidase 4,LD_interval,56520
2024_N40,number_of_tillers,FarmCPU,SCAFFOLD_5_43797155,5,43797155,2.45875894950235e-09,8.60928404630498,5.8914535040598e-08,848687,0.290123456790123,81,0.592399436734585,43617317,43926229,139,453,1e+06,0.2,20000,250000,TRUE,LOC101768419,SCAFFOLD_5,43743512,43747617,-,LOC101768419,protein_coding,NA,formin-like protein 1,LD_interval,49538
2024_N40,number_of_tillers,FarmCPU,SCAFFOLD_5_43797155,5,43797155,2.45875894950235e-09,8.60928404630498,5.8914535040598e-08,848687,0.290123456790123,81,0.592399436734585,43617317,43926229,139,453,1e+06,0.2,20000,250000,TRUE,LOC101769240,SCAFFOLD_5,43760089,43768132,-,LOC101769240,protein_coding,NA,sister chromatid cohesion 1 protein 4,LD_interval,29023
2024_N40,number_of_tillers,FarmCPU,SCAFFOLD_5_43797155,5,43797155,2.45875894950235e-09,8.60928404630498,5.8914535040598e-08,848687,0.290123456790123,81,0.592399436734585,43617317,43926229,139,453,1e+06,0.2,20000,250000,TRUE,LOC105913490,SCAFFOLD_5,43771766,43775050,-,LOC105913490,protein_coding,NA,uncharacterized LOC105913490,LD_interval,22105
2024_N40,number_of_tillers,FarmCPU,SCAFFOLD_5_43797155,5,43797155,2.45875894950235e-09,8.60928404630498,5.8914535040598e-08,848687,0.290123456790123,81,0.592399436734585,43617317,43926229,139,453,1e+06,0.2,20000,250000,TRUE,LOC101769911,SCAFFOLD_5,43787389,43794532,+,LOC101769911,protein_coding,NA,"uncharacterized LOC101769911, transcript variant X1",LD_interval,2623
2024_N40,number_of_tillers,FarmCPU,SCAFFOLD_5_43797155,5,43797155,2.45875894950235e-09,8.60928404630498,5.8914535040598e-08,848687,0.290123456790123,81,0.592399436734585,43617317,43926229,139,453,1e+06,0.2,20000,250000,TRUE,LOC101771120,SCAFFOLD_5,43795552,43799950,+,LOC101771120,protein_coding,NA,"patatin-like protein 1, transcript variant X1",contains_lead_snp,0
2024_N40,number_of_tillers,FarmCPU,SCAFFOLD_5_43797155,5,43797155,2.45875894950235e-09,8.60928404630498,5.8914535040598e-08,848687,0.290123456790123,81,0.592399436734585,43617317,43926229,139,453,1e+06,0.2,20000,250000,TRUE,LOC101772047,SCAFFOLD_5,43804407,43806869,+,LOC101772047,protein_coding,NA,uncharacterized LOC101772047,LD_interval,7252
2024_N40,number_of_tillers,FarmCPU,SCAFFOLD_5_43797155,5,43797155,2.45875894950235e-09,8.60928404630498,5.8914535040598e-08,848687,0.290123456790123,81,0.592399436734585,43617317,43926229,139,453,1e+06,0.2,20000,250000,TRUE,LOC101772454,SCAFFOLD_5,43808070,43814346,+,LOC101772454,protein_coding,NA,"CMP-sialic acid transporter 3, transcript variant X4",LD_interval,10915
2024_N40,number_of_tillers,FarmCPU,SCAFFOLD_5_43797155,5,43797155,2.45875894950235e-09,8.60928404630498,5.8914535040598e-08,848687,0.290123456790123,81,0.592399436734585,43617317,43926229,139,453,1e+06,0.2,20000,250000,TRUE,LOC101773397,SCAFFOLD_5,43814658,43819078,-,LOC101773397,protein_coding,NA,"PTI1-like tyrosine-protein kinase 1, transcript variant X3",LD_interval,17503
2024_N40,number_of_tillers,FarmCPU,SCAFFOLD_5_43797155,5,43797155,2.45875894950235e-09,8.60928404630498,5.8914535040598e-08,848687,0.290123456790123,81,0.592399436734585,43617317,43926229,139,453,1e+06,0.2,20000,250000,TRUE,LOC101771920,SCAFFOLD_5,43820104,43824093,-,LOC101771920,protein_coding,NA,probable methyltransferase PMT19,LD_interval,22949
2024_N40,number_of_tillers,FarmCPU,SCAFFOLD_5_43797155,5,43797155,2.45875894950235e-09,8.60928404630498,5.8914535040598e-08,848687,0.290123456790123,81,0.592399436734585,43617317,43926229,139,453,1e+06,0.2,20000,250000,TRUE,LOC101774896,SCAFFOLD_5,43825814,43831434,-,LOC101774896,protein_coding,NA,"uncharacterized protein At3g49140, transcript variant X4",LD_interval,28659
2024_N40,number_of_tillers,FarmCPU,SCAFFOLD_5_43797155,5,43797155,2.45875894950235e-09,8.60928404630498,5.8914535040598e-08,848687,0.290123456790123,81,0.592399436734585,43617317,43926229,139,453,1e+06,0.2,20000,250000,TRUE,LOC101775833,SCAFFOLD_5,43833572,43835619,-,LOC101775833,protein_coding,NA,extensin-2,LD_interval,36417
2024_N40,number_of_tillers,FarmCPU,SCAFFOLD_5_43797155,5,43797155,2.45875894950235e-09,8.60928404630498,5.8914535040598e-08,848687,0.290123456790123,81,0.592399436734585,43617317,43926229,139,453,1e+06,0.2,20000,250000,TRUE,LOC111257211,SCAFFOLD_5,43835481,43836266,+,LOC111257211,lncRNA,NA,"",LD_interval,38326
2024_N40,number_of_tillers,FarmCPU,SCAFFOLD_5_43797155,5,43797155,2.45875894950235e-09,8.60928404630498,5.8914535040598e-08,848687,0.290123456790123,81,0.592399436734585,43617317,43926229,139,453,1e+06,0.2,20000,250000,TRUE,LOC101776233,SCAFFOLD_5,43836462,43840716,-,LOC101776233,protein_coding,NA,AP2-like ethylene-responsive transcription factor BBM2,LD_interval,39307
2024_N40,number_of_tillers,FarmCPU,SCAFFOLD_5_43797155,5,43797155,2.45875894950235e-09,8.60928404630498,5.8914535040598e-08,848687,0.290123456790123,81,0.592399436734585,43617317,43926229,139,453,1e+06,0.2,20000,250000,TRUE,LOC101776635,SCAFFOLD_5,43851571,43858183,+,LOC101776635,protein_coding,NA,"uncharacterized LOC101776635, transcript variant X1",LD_interval,54416
2024_N40,number_of_tillers,FarmCPU,SCAFFOLD_5_43797155,5,43797155,2.45875894950235e-09,8.60928404630498,5.8914535040598e-08,848687,0.290123456790123,81,0.592399436734585,43617317,43926229,139,453,1e+06,0.2,20000,250000,TRUE,LOC101772736,SCAFFOLD_5,43884740,43886329,+,LOC101772736,protein_coding,NA,"phospholipase A1 EG1, chloroplastic/mitochondrial",LD_interval,87585
2024_N40,number_of_tillers,FarmCPU,SCAFFOLD_5_43797155,5,43797155,2.45875894950235e-09,8.60928404630498,5.8914535040598e-08,848687,0.290123456790123,81,0.592399436734585,43617317,43926229,139,453,1e+06,0.2,20000,250000,TRUE,LOC101773147,SCAFFOLD_5,43899846,43901396,+,LOC101773147,protein_coding,NA,"phospholipase A1 EG1, chloroplastic/mitochondrial",LD_interval,102691
2024_N40,number_of_tillers,FarmCPU,SCAFFOLD_5_43797155,5,43797155,2.45875894950235e-09,8.60928404630498,5.8914535040598e-08,848687,0.290123456790123,81,0.592399436734585,43617317,43926229,139,453,1e+06,0.2,20000,250000,TRUE,LOC101777326,SCAFFOLD_5,43912798,43916592,+,LOC101777326,protein_coding,NA,transcription factor bHLH128,LD_interval,115643
2024_N40,number_of_tillers,FarmCPU,SCAFFOLD_5_43797155,5,43797155,2.45875894950235e-09,8.60928404630498,5.8914535040598e-08,848687,0.290123456790123,81,0.592399436734585,43617317,43926229,139,453,1e+06,0.2,20000,250000,TRUE,LOC101777741,SCAFFOLD_5,43916734,43918872,-,LOC101777741,protein_coding,NA,OTU domain-containing protein At3g57810,LD_interval,119579
2024_N40,number_of_tillers,FarmCPU,SCAFFOLD_9_51027105,9,51027105,1.69010219090244e-08,7.77208703526605,5.8914535040598e-08,848687,0.0987654320987654,81,0.685220794225531,51016123,51063881,16,68,1e+06,0.2,20000,250000,TRUE,LOC101753252,SCAFFOLD_9,51015981,51018303,-,LOC101753252,protein_coding,NA,patatin-like protein 7,LD_interval,8802
2024_N40,number_of_tillers,FarmCPU,SCAFFOLD_9_51027105,9,51027105,1.69010219090244e-08,7.77208703526605,5.8914535040598e-08,848687,0.0987654320987654,81,0.685220794225531,51016123,51063881,16,68,1e+06,0.2,20000,250000,TRUE,LOC101753663,SCAFFOLD_9,51024256,51026318,-,LOC101753663,lncRNA,NA,"",LD_interval,787
2024_N40,number_of_tillers,FarmCPU,SCAFFOLD_9_51027105,9,51027105,1.69010219090244e-08,7.77208703526605,5.8914535040598e-08,848687,0.0987654320987654,81,0.685220794225531,51016123,51063881,16,68,1e+06,0.2,20000,250000,TRUE,LOC101753931,SCAFFOLD_9,51031344,51035315,-,LOC101753931,protein_coding,NA,uncharacterized LOC101753931,LD_interval,4239
2024_N40,number_of_tillers,FarmCPU,SCAFFOLD_9_51027105,9,51027105,1.69010219090244e-08,7.77208703526605,5.8914535040598e-08,848687,0.0987654320987654,81,0.685220794225531,51016123,51063881,16,68,1e+06,0.2,20000,250000,TRUE,LOC101754328,SCAFFOLD_9,51039663,51043646,+,LOC101754328,protein_coding,NA,disease resistance protein RPS2,LD_interval,12558
2024_N40,number_of_tillers,FarmCPU,SCAFFOLD_9_51027105,9,51027105,1.69010219090244e-08,7.77208703526605,5.8914535040598e-08,848687,0.0987654320987654,81,0.685220794225531,51016123,51063881,16,68,1e+06,0.2,20000,250000,TRUE,LOC101754730,SCAFFOLD_9,51044092,51050813,+,LOC101754730,protein_coding,NA,"probable mitochondrial import inner membrane translocase subunit TIM21, transcript variant X2",LD_interval,16987
2024_N40,number_of_tillers,FarmCPU,SCAFFOLD_9_51027105,9,51027105,1.69010219090244e-08,7.77208703526605,5.8914535040598e-08,848687,0.0987654320987654,81,0.685220794225531,51016123,51063881,16,68,1e+06,0.2,20000,250000,TRUE,LOC101755137,SCAFFOLD_9,51054691,51056167,+,LOC101755137,protein_coding,NA,uncharacterized LOC101755137,LD_interval,27586
2024_N40,number_of_tillers,FarmCPU,SCAFFOLD_9_51027105,9,51027105,1.69010219090244e-08,7.77208703526605,5.8914535040598e-08,848687,0.0987654320987654,81,0.685220794225531,51016123,51063881,16,68,1e+06,0.2,20000,250000,TRUE,LOC101767336,SCAFFOLD_9,51058667,51059944,+,LOC101767336,protein_coding,NA,protein MOS2,LD_interval,31562
2024_N40,number_of_tillers,FarmCPU,SCAFFOLD_9_51027105,9,51027105,1.69010219090244e-08,7.77208703526605,5.8914535040598e-08,848687,0.0987654320987654,81,0.685220794225531,51016123,51063881,16,68,1e+06,0.2,20000,250000,TRUE,LOC101755541,SCAFFOLD_9,51062338,51063233,-,LOC101755541,protein_coding,NA,ubiquitin-fold modifier-conjugating enzyme 1,LD_interval,35233
2024_N40,number_of_tillers,FarmCPU,SCAFFOLD_9_51027105,9,51027105,1.69010219090244e-08,7.77208703526605,5.8914535040598e-08,848687,0.0987654320987654,81,0.685220794225531,51016123,51063881,16,68,1e+06,0.2,20000,250000,TRUE,LOC101755946,SCAFFOLD_9,51063397,51067718,+,LOC101755946,protein_coding,NA,"protein MOS2, transcript variant X1",LD_interval,36292
2024_N40,number_of_tillers,FarmCPU,SCAFFOLD_2_15559387,2,15559387,5.34762428071983e-08,7.27183911347852,5.8914535040598e-08,848687,0.148148148148148,81,0.510822975265718,15328649,15809387,130,568,1e+06,0.2,20000,250000,TRUE,LOC101754395,SCAFFOLD_2,15330671,15345043,-,LOC101754395,protein_coding,NA,uncharacterized LOC101754395,LD_interval,214344
2024_N40,number_of_tillers,FarmCPU,SCAFFOLD_2_15559387,2,15559387,5.34762428071983e-08,7.27183911347852,5.8914535040598e-08,848687,0.148148148148148,81,0.510822975265718,15328649,15809387,130,568,1e+06,0.2,20000,250000,TRUE,LOC101754795,SCAFFOLD_2,15352766,15353806,-,LOC101754795,protein_coding,NA,uncharacterized LOC101754795,LD_interval,205581
2024_N40,number_of_tillers,FarmCPU,SCAFFOLD_2_15559387,2,15559387,5.34762428071983e-08,7.27183911347852,5.8914535040598e-08,848687,0.148148148148148,81,0.510822975265718,15328649,15809387,130,568,1e+06,0.2,20000,250000,TRUE,LOC101755195,SCAFFOLD_2,15356938,15361581,+,LOC101755195,protein_coding,NA,"biotin synthase, mitochondrial",LD_interval,197806
2024_N40,number_of_tillers,FarmCPU,SCAFFOLD_2_15559387,2,15559387,5.34762428071983e-08,7.27183911347852,5.8914535040598e-08,848687,0.148148148148148,81,0.510822975265718,15328649,15809387,130,568,1e+06,0.2,20000,250000,TRUE,LOC101755607,SCAFFOLD_2,15389947,15394454,+,LOC101755607,protein_coding,NA,"ERI1 exoribonuclease 2, transcript variant X2",LD_interval,164933
2024_N40,number_of_tillers,FarmCPU,SCAFFOLD_2_15559387,2,15559387,5.34762428071983e-08,7.27183911347852,5.8914535040598e-08,848687,0.148148148148148,81,0.510822975265718,15328649,15809387,130,568,1e+06,0.2,20000,250000,TRUE,LOC101756689,SCAFFOLD_2,15407295,15411479,+,LOC101756689,protein_coding,NA,monodehydroascorbate reductase,LD_interval,147908
2024_N40,number_of_tillers,FarmCPU,SCAFFOLD_2_15559387,2,15559387,5.34762428071983e-08,7.27183911347852,5.8914535040598e-08,848687,0.148148148148148,81,0.510822975265718,15328649,15809387,130,568,1e+06,0.2,20000,250000,TRUE,LOC101756010,SCAFFOLD_2,15411518,15415364,+,LOC101756010,protein_coding,NA,"flagellar radial spoke protein 5, transcript variant X1",LD_interval,144023
2024_N40,number_of_tillers,FarmCPU,SCAFFOLD_2_15559387,2,15559387,5.34762428071983e-08,7.27183911347852,5.8914535040598e-08,848687,0.148148148148148,81,0.510822975265718,15328649,15809387,130,568,1e+06,0.2,20000,250000,TRUE,LOC111256210,SCAFFOLD_2,15417447,15417941,-,LOC111256210,lncRNA,NA,"",LD_interval,141446
2024_N40,number_of_tillers,FarmCPU,SCAFFOLD_2_15559387,2,15559387,5.34762428071983e-08,7.27183911347852,5.8914535040598e-08,848687,0.148148148148148,81,0.510822975265718,15328649,15809387,130,568,1e+06,0.2,20000,250000,TRUE,LOC101757107,SCAFFOLD_2,15417800,15420848,+,LOC101757107,protein_coding,NA,histidine-containing phosphotransfer protein 2,LD_interval,138539
2024_N40,number_of_tillers,FarmCPU,SCAFFOLD_2_15559387,2,15559387,5.34762428071983e-08,7.27183911347852,5.8914535040598e-08,848687,0.148148148148148,81,0.510822975265718,15328649,15809387,130,568,1e+06,0.2,20000,250000,TRUE,LOC101757496,SCAFFOLD_2,15426761,15432820,+,LOC101757496,protein_coding,NA,fatty acyl-CoA reductase 1,LD_interval,126567
2024_N40,number_of_tillers,FarmCPU,SCAFFOLD_2_15559387,2,15559387,5.34762428071983e-08,7.27183911347852,5.8914535040598e-08,848687,0.148148148148148,81,0.510822975265718,15328649,15809387,130,568,1e+06,0.2,20000,250000,TRUE,LOC101757891,SCAFFOLD_2,15434361,15439953,+,LOC101757891,protein_coding,NA,"protein HIRA, transcript variant X2",LD_interval,119434
2024_N40,number_of_tillers,FarmCPU,SCAFFOLD_2_15559387,2,15559387,5.34762428071983e-08,7.27183911347852,5.8914535040598e-08,848687,0.148148148148148,81,0.510822975265718,15328649,15809387,130,568,1e+06,0.2,20000,250000,TRUE,LOC101758586,SCAFFOLD_2,15440079,15444559,-,LOC101758586,protein_coding,NA,GDSL esterase/lipase At5g03600,LD_interval,114828
2024_N40,number_of_tillers,FarmCPU,SCAFFOLD_2_15559387,2,15559387,5.34762428071983e-08,7.27183911347852,5.8914535040598e-08,848687,0.148148148148148,81,0.510822975265718,15328649,15809387,130,568,1e+06,0.2,20000,250000,TRUE,LOC101758995,SCAFFOLD_2,15446200,15449701,-,LOC101758995,protein_coding,NA,probable uridine nucleosidase 2,LD_interval,109686
2024_N40,number_of_tillers,FarmCPU,SCAFFOLD_2_15559387,2,15559387,5.34762428071983e-08,7.27183911347852,5.8914535040598e-08,848687,0.148148148148148,81,0.510822975265718,15328649,15809387,130,568,1e+06,0.2,20000,250000,TRUE,LOC101759799,SCAFFOLD_2,15453753,15461844,+,LOC101759799,protein_coding,NA,R3H domain-containing protein 1,LD_interval,97543
2024_N40,number_of_tillers,FarmCPU,SCAFFOLD_2_15559387,2,15559387,5.34762428071983e-08,7.27183911347852,5.8914535040598e-08,848687,0.148148148148148,81,0.510822975265718,15328649,15809387,130,568,1e+06,0.2,20000,250000,TRUE,LOC101760212,SCAFFOLD_2,15462470,15464923,+,LOC101760212,protein_coding,NA,uncharacterized LOC101760212,LD_interval,94464
2024_N40,number_of_tillers,FarmCPU,SCAFFOLD_2_15559387,2,15559387,5.34762428071983e-08,7.27183911347852,5.8914535040598e-08,848687,0.148148148148148,81,0.510822975265718,15328649,15809387,130,568,1e+06,0.2,20000,250000,TRUE,LOC101760620,SCAFFOLD_2,15465385,15467349,-,LOC101760620,protein_coding,NA,DNA polymerase epsilon subunit 3,LD_interval,92038
2024_N40,number_of_tillers,FarmCPU,SCAFFOLD_2_15559387,2,15559387,5.34762428071983e-08,7.27183911347852,5.8914535040598e-08,848687,0.148148148148148,81,0.510822975265718,15328649,15809387,130,568,1e+06,0.2,20000,250000,TRUE,TRNAP-CGG-3,SCAFFOLD_2,15469319,15469390,-,TRNAP-CGG,tRNA,NA,"",LD_interval,89997
2024_N40,number_of_tillers,FarmCPU,SCAFFOLD_2_15559387,2,15559387,5.34762428071983e-08,7.27183911347852,5.8914535040598e-08,848687,0.148148148148148,81,0.510822975265718,15328649,15809387,130,568,1e+06,0.2,20000,250000,TRUE,LOC101761023,SCAFFOLD_2,15469541,15471799,+,LOC101761023,protein_coding,NA,ubiquitin-60S ribosomal protein L40-2,LD_interval,87588
2024_N40,number_of_tillers,FarmCPU,SCAFFOLD_2_15559387,2,15559387,5.34762428071983e-08,7.27183911347852,5.8914535040598e-08,848687,0.148148148148148,81,0.510822975265718,15328649,15809387,130,568,1e+06,0.2,20000,250000,TRUE,LOC101761419,SCAFFOLD_2,15473451,15474405,-,LOC101761419,protein_coding,NA,germin-like protein 9-1,LD_interval,84982
2024_N40,number_of_tillers,FarmCPU,SCAFFOLD_2_15559387,2,15559387,5.34762428071983e-08,7.27183911347852,5.8914535040598e-08,848687,0.148148148148148,81,0.510822975265718,15328649,15809387,130,568,1e+06,0.2,20000,250000,TRUE,LOC101761816,SCAFFOLD_2,15476239,15477117,-,LOC101761816,protein_coding,NA,germin-like protein 9-3,LD_interval,82270
2024_N40,number_of_tillers,FarmCPU,SCAFFOLD_2_15559387,2,15559387,5.34762428071983e-08,7.27183911347852,5.8914535040598e-08,848687,0.148148148148148,81,0.510822975265718,15328649,15809387,130,568,1e+06,0.2,20000,250000,TRUE,LOC101762233,SCAFFOLD_2,15486399,15488190,-,LOC101762233,protein_coding,NA,40S ribosomal protein S25-4,LD_interval,71197
2024_N40,number_of_tillers,FarmCPU,SCAFFOLD_2_15559387,2,15559387,5.34762428071983e-08,7.27183911347852,5.8914535040598e-08,848687,0.148148148148148,81,0.510822975265718,15328649,15809387,130,568,1e+06,0.2,20000,250000,TRUE,LOC101762629,SCAFFOLD_2,15488463,15492288,+,LOC101762629,protein_coding,NA,"uncharacterized protein At2g27730, mitochondrial",LD_interval,67099
2024_N40,number_of_tillers,FarmCPU,SCAFFOLD_2_15559387,2,15559387,5.34762428071983e-08,7.27183911347852,5.8914535040598e-08,848687,0.148148148148148,81,0.510822975265718,15328649,15809387,130,568,1e+06,0.2,20000,250000,TRUE,LOC111256374,SCAFFOLD_2,15494736,15496692,+,LOC111256374,protein_coding,NA,uncharacterized LOC111256374,LD_interval,62695
2024_N40,number_of_tillers,FarmCPU,SCAFFOLD_2_15559387,2,15559387,5.34762428071983e-08,7.27183911347852,5.8914535040598e-08,848687,0.148148148148148,81,0.510822975265718,15328649,15809387,130,568,1e+06,0.2,20000,250000,TRUE,LOC101763039,SCAFFOLD_2,15502529,15503920,+,LOC101763039,protein_coding,NA,chlorophyllase-1,LD_interval,55467
2024_N40,number_of_tillers,FarmCPU,SCAFFOLD_2_15559387,2,15559387,5.34762428071983e-08,7.27183911347852,5.8914535040598e-08,848687,0.148148148148148,81,0.510822975265718,15328649,15809387,130,568,1e+06,0.2,20000,250000,TRUE,LOC101763446,SCAFFOLD_2,15513050,15515027,+,LOC101763446,protein_coding,NA,"5-amino-6-(5-phospho-D-ribitylamino)uracil phosphatase, chloroplastic, transcript variant X1",LD_interval,44360
2024_N40,number_of_tillers,FarmCPU,SCAFFOLD_2_15559387,2,15559387,5.34762428071983e-08,7.27183911347852,5.8914535040598e-08,848687,0.148148148148148,81,0.510822975265718,15328649,15809387,130,568,1e+06,0.2,20000,250000,TRUE,LOC101776829,SCAFFOLD_2,15516949,15521282,+,LOC101776829,protein_coding,NA,"beta-amylase 2, chloroplastic",LD_interval,38105
2024_N40,number_of_tillers,FarmCPU,SCAFFOLD_2_15559387,2,15559387,5.34762428071983e-08,7.27183911347852,5.8914535040598e-08,848687,0.148148148148148,81,0.510822975265718,15328649,15809387,130,568,1e+06,0.2,20000,250000,TRUE,LOC101764121,SCAFFOLD_2,15521625,15525263,-,LOC101764121,protein_coding,NA,uncharacterized LOC101764121,LD_interval,34124
2024_N40,number_of_tillers,FarmCPU,SCAFFOLD_2_15559387,2,15559387,5.34762428071983e-08,7.27183911347852,5.8914535040598e-08,848687,0.148148148148148,81,0.510822975265718,15328649,15809387,130,568,1e+06,0.2,20000,250000,TRUE,LOC101764527,SCAFFOLD_2,15525555,15533417,-,LOC101764527,protein_coding,NA,cleavage and polyadenylation specificity factor subunit 2,LD_interval,25970
2024_N40,number_of_tillers,FarmCPU,SCAFFOLD_2_15559387,2,15559387,5.34762428071983e-08,7.27183911347852,5.8914535040598e-08,848687,0.148148148148148,81,0.510822975265718,15328649,15809387,130,568,1e+06,0.2,20000,250000,TRUE,LOC101764938,SCAFFOLD_2,15533482,15535375,+,LOC101764938,protein_coding,NA,"uncharacterized LOC101764938, transcript variant X3",LD_interval,24012
2024_N40,number_of_tillers,FarmCPU,SCAFFOLD_2_15559387,2,15559387,5.34762428071983e-08,7.27183911347852,5.8914535040598e-08,848687,0.148148148148148,81,0.510822975265718,15328649,15809387,130,568,1e+06,0.2,20000,250000,TRUE,LOC101766566,SCAFFOLD_2,15544774,15545360,-,LOC101766566,protein_coding,NA,LYR motif-containing protein At3g19508,LD_interval,14027
2024_N40,number_of_tillers,FarmCPU,SCAFFOLD_2_15559387,2,15559387,5.34762428071983e-08,7.27183911347852,5.8914535040598e-08,848687,0.148148148148148,81,0.510822975265718,15328649,15809387,130,568,1e+06,0.2,20000,250000,TRUE,LOC111256375,SCAFFOLD_2,15559749,15562347,-,LOC111256375,protein_coding,NA,uncharacterized LOC111256375,LD_interval,362
2024_N40,number_of_tillers,FarmCPU,SCAFFOLD_2_15559387,2,15559387,5.34762428071983e-08,7.27183911347852,5.8914535040598e-08,848687,0.148148148148148,81,0.510822975265718,15328649,15809387,130,568,1e+06,0.2,20000,250000,TRUE,LOC105913679,SCAFFOLD_2,15565129,15565972,-,LOC105913679,lncRNA,NA,"",LD_interval,5742
2024_N40,number_of_tillers,FarmCPU,SCAFFOLD_2_15559387,2,15559387,5.34762428071983e-08,7.27183911347852,5.8914535040598e-08,848687,0.148148148148148,81,0.510822975265718,15328649,15809387,130,568,1e+06,0.2,20000,250000,TRUE,LOC101767654,SCAFFOLD_2,15565835,15571411,+,LOC101767654,protein_coding,NA,U-box domain-containing protein 33,LD_interval,6448
2024_N40,number_of_tillers,FarmCPU,SCAFFOLD_2_15559387,2,15559387,5.34762428071983e-08,7.27183911347852,5.8914535040598e-08,848687,0.148148148148148,81,0.510822975265718,15328649,15809387,130,568,1e+06,0.2,20000,250000,TRUE,LOC101768608,SCAFFOLD_2,15580916,15585866,+,LOC101768608,protein_coding,NA,U-box domain-containing protein 33,LD_interval,21529
2024_N40,number_of_tillers,FarmCPU,SCAFFOLD_2_15559387,2,15559387,5.34762428071983e-08,7.27183911347852,5.8914535040598e-08,848687,0.148148148148148,81,0.510822975265718,15328649,15809387,130,568,1e+06,0.2,20000,250000,TRUE,LOC111256201,SCAFFOLD_2,15586146,15587283,-,LOC111256201,lncRNA,NA,"",LD_interval,26759
2024_N40,number_of_tillers,FarmCPU,SCAFFOLD_2_15559387,2,15559387,5.34762428071983e-08,7.27183911347852,5.8914535040598e-08,848687,0.148148148148148,81,0.510822975265718,15328649,15809387,130,568,1e+06,0.2,20000,250000,TRUE,LOC101769816,SCAFFOLD_2,15587435,15592251,+,LOC101769816,protein_coding,NA,"U-box domain-containing protein 33, transcript variant X2",LD_interval,28048
2024_N40,number_of_tillers,FarmCPU,SCAFFOLD_2_15559387,2,15559387,5.34762428071983e-08,7.27183911347852,5.8914535040598e-08,848687,0.148148148148148,81,0.510822975265718,15328649,15809387,130,568,1e+06,0.2,20000,250000,TRUE,LOC101770765,SCAFFOLD_2,15592839,15604302,+,LOC101770765,protein_coding,NA,uncharacterized LOC101770765,LD_interval,33452
2024_N40,number_of_tillers,FarmCPU,SCAFFOLD_2_15559387,2,15559387,5.34762428071983e-08,7.27183911347852,5.8914535040598e-08,848687,0.148148148148148,81,0.510822975265718,15328649,15809387,130,568,1e+06,0.2,20000,250000,TRUE,LOC101771551,SCAFFOLD_2,15604626,15608896,+,LOC101771551,protein_coding,NA,"probable anion transporter 4, chloroplastic",LD_interval,45239
2024_N40,number_of_tillers,FarmCPU,SCAFFOLD_2_15559387,2,15559387,5.34762428071983e-08,7.27183911347852,5.8914535040598e-08,848687,0.148148148148148,81,0.510822975265718,15328649,15809387,130,568,1e+06,0.2,20000,250000,TRUE,LOC101772616,SCAFFOLD_2,15621127,15631874,+,LOC101772616,protein_coding,NA,uncharacterized LOC101772616,LD_interval,61740
2024_N40,number_of_tillers,FarmCPU,SCAFFOLD_2_15559387,2,15559387,5.34762428071983e-08,7.27183911347852,5.8914535040598e-08,848687,0.148148148148148,81,0.510822975265718,15328649,15809387,130,568,1e+06,0.2,20000,250000,TRUE,LOC101773021,SCAFFOLD_2,15687616,15690416,+,LOC101773021,protein_coding,NA,protein DMR6-LIKE OXYGENASE 1,LD_interval,128229
2024_N40,number_of_tillers,FarmCPU,SCAFFOLD_2_15559387,2,15559387,5.34762428071983e-08,7.27183911347852,5.8914535040598e-08,848687,0.148148148148148,81,0.510822975265718,15328649,15809387,130,568,1e+06,0.2,20000,250000,TRUE,LOC101778477,SCAFFOLD_2,15694169,15695349,-,LOC101778477,protein_coding,NA,histone H2B.9,LD_interval,134782
2024_N40,number_of_tillers,FarmCPU,SCAFFOLD_2_15559387,2,15559387,5.34762428071983e-08,7.27183911347852,5.8914535040598e-08,848687,0.148148148148148,81,0.510822975265718,15328649,15809387,130,568,1e+06,0.2,20000,250000,TRUE,LOC101773426,SCAFFOLD_2,15698008,15701034,-,LOC101773426,protein_coding,NA,ACT domain-containing protein ACR10,LD_interval,138621
2024_N40,number_of_tillers,FarmCPU,SCAFFOLD_2_15559387,2,15559387,5.34762428071983e-08,7.27183911347852,5.8914535040598e-08,848687,0.148148148148148,81,0.510822975265718,15328649,15809387,130,568,1e+06,0.2,20000,250000,TRUE,LOC105913898,SCAFFOLD_2,15702357,15703712,-,LOC105913898,lncRNA,NA,"",LD_interval,142970
2024_N40,number_of_tillers,FarmCPU,SCAFFOLD_2_15559387,2,15559387,5.34762428071983e-08,7.27183911347852,5.8914535040598e-08,848687,0.148148148148148,81,0.510822975265718,15328649,15809387,130,568,1e+06,0.2,20000,250000,TRUE,LOC101773847,SCAFFOLD_2,15703802,15706644,+,LOC101773847,protein_coding,NA,"cell wall protein RBR3, transcript variant X1",LD_interval,144415
2024_N40,number_of_tillers,FarmCPU,SCAFFOLD_2_15559387,2,15559387,5.34762428071983e-08,7.27183911347852,5.8914535040598e-08,848687,0.148148148148148,81,0.510822975265718,15328649,15809387,130,568,1e+06,0.2,20000,250000,TRUE,LOC101775329,SCAFFOLD_2,15708321,15710109,-,LOC101775329,protein_coding,NA,uncharacterized LOC101775329,LD_interval,148934
2024_N40,number_of_tillers,FarmCPU,SCAFFOLD_2_15559387,2,15559387,5.34762428071983e-08,7.27183911347852,5.8914535040598e-08,848687,0.148148148148148,81,0.510822975265718,15328649,15809387,130,568,1e+06,0.2,20000,250000,TRUE,LOC101775740,SCAFFOLD_2,15714982,15719070,+,LOC101775740,protein_coding,NA,"malate dehydrogenase [NADP] 1, chloroplastic",LD_interval,155595
2024_N40,number_of_tillers,FarmCPU,SCAFFOLD_2_15559387,2,15559387,5.34762428071983e-08,7.27183911347852,5.8914535040598e-08,848687,0.148148148148148,81,0.510822975265718,15328649,15809387,130,568,1e+06,0.2,20000,250000,TRUE,LOC101778715,SCAFFOLD_2,15720303,15722607,+,LOC101778715,protein_coding,NA,probable pectinesterase 15,LD_interval,160916
2024_N40,number_of_tillers,FarmCPU,SCAFFOLD_2_15559387,2,15559387,5.34762428071983e-08,7.27183911347852,5.8914535040598e-08,848687,0.148148148148148,81,0.510822975265718,15328649,15809387,130,568,1e+06,0.2,20000,250000,TRUE,LOC101776138,SCAFFOLD_2,15722498,15727600,-,LOC101776138,protein_coding,NA,"uncharacterized protein At1g76660, transcript variant X3",LD_interval,163111
2024_N40,number_of_tillers,FarmCPU,SCAFFOLD_2_15559387,2,15559387,5.34762428071983e-08,7.27183911347852,5.8914535040598e-08,848687,0.148148148148148,81,0.510822975265718,15328649,15809387,130,568,1e+06,0.2,20000,250000,TRUE,LOC101779132,SCAFFOLD_2,15729803,15731107,-,LOC101779132,protein_coding,NA,protein SRC2 homolog,LD_interval,170416
2024_N40,number_of_tillers,FarmCPU,SCAFFOLD_2_15559387,2,15559387,5.34762428071983e-08,7.27183911347852,5.8914535040598e-08,848687,0.148148148148148,81,0.510822975265718,15328649,15809387,130,568,1e+06,0.2,20000,250000,TRUE,LOC111256488,SCAFFOLD_2,15736284,15739518,+,LOC111256488,lncRNA,NA,"",LD_interval,176897
2024_N40,number_of_tillers,FarmCPU,SCAFFOLD_2_15559387,2,15559387,5.34762428071983e-08,7.27183911347852,5.8914535040598e-08,848687,0.148148148148148,81,0.510822975265718,15328649,15809387,130,568,1e+06,0.2,20000,250000,TRUE,LOC101779536,SCAFFOLD_2,15770816,15772597,-,LOC101779536,protein_coding,NA,"AT-hook motif nuclear-localized protein 20, transcript variant X2",LD_interval,211429
2024_N40,number_of_tillers,FarmCPU,SCAFFOLD_2_15559387,2,15559387,5.34762428071983e-08,7.27183911347852,5.8914535040598e-08,848687,0.148148148148148,81,0.510822975265718,15328649,15809387,130,568,1e+06,0.2,20000,250000,TRUE,LOC111256376,SCAFFOLD_2,15784334,15785820,-,LOC111256376,protein_coding,NA,uncharacterized LOC111256376,LD_interval,224947
2024_N40,number_of_tillers,MLM,SCAFFOLD_4_17280232,4,17280232,3.32842897419806e-09,8.47776070608289,5.8914535040598e-08,848687,0.0246913580246914,81,9.667063358204,17261137,17280232,3,31,1e+06,0.2,20000,250000,FALSE,LOC101758782,SCAFFOLD_4,17284577,17288032,-,LOC101758782,protein_coding,NA,"uncharacterized LOC101758782, transcript variant X3",nearest_gene,4345
2024_N40,number_of_tillers,MLM,SCAFFOLD_1_37787594,1,37787594,3.15512968869186e-08,7.50098278477938,5.8914535040598e-08,848687,0.037037037037037,81,6.86727069012314,37787594,37787594,1,30,1e+06,0.2,20000,250000,FALSE,LOC101755181,SCAFFOLD_1,37780150,37782180,+,LOC101755181,protein_coding,NA,RING-H2 finger protein ATL46,nearest_gene,5414
2024_N40,number_of_tillers,MLM,SCAFFOLD_3_6349843,3,6349843,3.15512968869186e-08,7.50098278477938,5.8914535040598e-08,848687,0.037037037037037,81,6.86727069012314,6340208,6436785,34,43,1e+06,0.2,20000,250000,FALSE,LOC101773054,SCAFFOLD_3,6338466,6343692,+,LOC101773054,protein_coding,NA,serine carboxypeptidase 1,LD_interval,6151
2024_N40,number_of_tillers,MLM,SCAFFOLD_3_6349843,3,6349843,3.15512968869186e-08,7.50098278477938,5.8914535040598e-08,848687,0.037037037037037,81,6.86727069012314,6340208,6436785,34,43,1e+06,0.2,20000,250000,FALSE,LOC101773461,SCAFFOLD_3,6353116,6356862,+,LOC101773461,protein_coding,NA,PHD finger protein ALFIN-LIKE 8,LD_interval,3273
2024_N40,number_of_tillers,MLM,SCAFFOLD_3_6349843,3,6349843,3.15512968869186e-08,7.50098278477938,5.8914535040598e-08,848687,0.037037037037037,81,6.86727069012314,6340208,6436785,34,43,1e+06,0.2,20000,250000,FALSE,LOC101773879,SCAFFOLD_3,6358218,6366621,+,LOC101773879,protein_coding,NA,"protein STICHEL, transcript variant X1",LD_interval,8375
2024_N40,number_of_tillers,MLM,SCAFFOLD_3_6349843,3,6349843,3.15512968869186e-08,7.50098278477938,5.8914535040598e-08,848687,0.037037037037037,81,6.86727069012314,6340208,6436785,34,43,1e+06,0.2,20000,250000,FALSE,LOC101774279,SCAFFOLD_3,6380290,6382586,-,LOC101774279,protein_coding,NA,B-box zinc finger protein 20,LD_interval,30447
2024_N40,number_of_tillers,MLM,SCAFFOLD_3_6349843,3,6349843,3.15512968869186e-08,7.50098278477938,5.8914535040598e-08,848687,0.037037037037037,81,6.86727069012314,6340208,6436785,34,43,1e+06,0.2,20000,250000,FALSE,LOC101774686,SCAFFOLD_3,6384713,6389231,+,LOC101774686,protein_coding,NA,"AP-2 complex subunit sigma, transcript variant X2",LD_interval,34870
2024_N40,number_of_tillers,MLM,SCAFFOLD_3_6349843,3,6349843,3.15512968869186e-08,7.50098278477938,5.8914535040598e-08,848687,0.037037037037037,81,6.86727069012314,6340208,6436785,34,43,1e+06,0.2,20000,250000,FALSE,LOC101775363,SCAFFOLD_3,6394639,6397183,+,LOC101775363,protein_coding,NA,zinc-finger homeodomain protein 3-like,LD_interval,44796
2024_N40,number_of_tillers,MLM,SCAFFOLD_3_6349843,3,6349843,3.15512968869186e-08,7.50098278477938,5.8914535040598e-08,848687,0.037037037037037,81,6.86727069012314,6340208,6436785,34,43,1e+06,0.2,20000,250000,FALSE,LOC101775766,SCAFFOLD_3,6401029,6405898,-,LOC101775766,protein_coding,NA,uncharacterized protein ycf45,LD_interval,51186
2024_N40,number_of_tillers,MLM,SCAFFOLD_3_6349843,3,6349843,3.15512968869186e-08,7.50098278477938,5.8914535040598e-08,848687,0.037037037037037,81,6.86727069012314,6340208,6436785,34,43,1e+06,0.2,20000,250000,FALSE,LOC101776166,SCAFFOLD_3,6406214,6408935,-,LOC101776166,protein_coding,NA,"L10-interacting MYB domain-containing protein, transcript variant X1",LD_interval,56371
2024_N40,number_of_tillers,MLM,SCAFFOLD_3_6349843,3,6349843,3.15512968869186e-08,7.50098278477938,5.8914535040598e-08,848687,0.037037037037037,81,6.86727069012314,6340208,6436785,34,43,1e+06,0.2,20000,250000,FALSE,LOC101776842,SCAFFOLD_3,6410567,6415386,-,LOC101776842,protein_coding,NA,MADS-box transcription factor 13,LD_interval,60724
2024_N40,number_of_tillers,MLM,SCAFFOLD_3_6349843,3,6349843,3.15512968869186e-08,7.50098278477938,5.8914535040598e-08,848687,0.037037037037037,81,6.86727069012314,6340208,6436785,34,43,1e+06,0.2,20000,250000,FALSE,LOC101777671,SCAFFOLD_3,6425009,6429875,-,LOC101777671,protein_coding,NA,"uncharacterized LOC101777671, transcript variant X2",LD_interval,75166
2024_N40,number_of_tillers,MLM,SCAFFOLD_3_6349843,3,6349843,3.15512968869186e-08,7.50098278477938,5.8914535040598e-08,848687,0.037037037037037,81,6.86727069012314,6340208,6436785,34,43,1e+06,0.2,20000,250000,FALSE,LOC101777250,SCAFFOLD_3,6425413,6428843,+,LOC101777250,protein_coding,NA,"MADS-box transcription factor 33, transcript variant X1",LD_interval,75570
2024_N40,number_of_tillers,MLM,SCAFFOLD_3_6349843,3,6349843,3.15512968869186e-08,7.50098278477938,5.8914535040598e-08,848687,0.037037037037037,81,6.86727069012314,6340208,6436785,34,43,1e+06,0.2,20000,250000,FALSE,LOC101783092,SCAFFOLD_3,6430208,6431834,-,LOC101783092,protein_coding,NA,glucuronoxylan 4-O-methyltransferase 1,LD_interval,80365
2024_N40,number_of_tillers,MLM,SCAFFOLD_3_6349843,3,6349843,3.15512968869186e-08,7.50098278477938,5.8914535040598e-08,848687,0.037037037037037,81,6.86727069012314,6340208,6436785,34,43,1e+06,0.2,20000,250000,FALSE,LOC105913946,SCAFFOLD_3,6435348,6435785,-,LOC105913946,protein_coding,NA,"keratin, type II cytoskeletal 1-like",LD_interval,85505
2024_N40,number_of_tillers,MLM,SCAFFOLD_3_49554206,3,49554206,3.15512968869186e-08,7.50098278477938,5.8914535040598e-08,848687,0.037037037037037,81,6.86727069012314,49546766,49678662,30,144,1e+06,0.2,20000,250000,FALSE,LOC101781583,SCAFFOLD_3,49566838,49570271,-,LOC101781583,protein_coding,NA,isoflavone reductase homolog,LD_interval,12632
2024_N40,number_of_tillers,MLM,SCAFFOLD_3_49554206,3,49554206,3.15512968869186e-08,7.50098278477938,5.8914535040598e-08,848687,0.037037037037037,81,6.86727069012314,49546766,49678662,30,144,1e+06,0.2,20000,250000,FALSE,LOC101781994,SCAFFOLD_3,49589893,49591773,-,LOC101781994,protein_coding,NA,"protein LURP-one-related 10-like, transcript variant X2",LD_interval,35687
2024_N40,number_of_tillers,MLM,SCAFFOLD_3_49554206,3,49554206,3.15512968869186e-08,7.50098278477938,5.8914535040598e-08,848687,0.037037037037037,81,6.86727069012314,49546766,49678662,30,144,1e+06,0.2,20000,250000,FALSE,LOC101782399,SCAFFOLD_3,49603623,49615656,+,LOC101782399,protein_coding,NA,histone-lysine N-methyltransferase ATXR7,LD_interval,49417
2024_N40,number_of_tillers,MLM,SCAFFOLD_3_49554206,3,49554206,3.15512968869186e-08,7.50098278477938,5.8914535040598e-08,848687,0.037037037037037,81,6.86727069012314,49546766,49678662,30,144,1e+06,0.2,20000,250000,FALSE,LOC101786838,SCAFFOLD_3,49616317,49618273,+,LOC101786838,protein_coding,NA,cationic amino acid transporter 1,LD_interval,62111
2024_N40,number_of_tillers,MLM,SCAFFOLD_3_49554206,3,49554206,3.15512968869186e-08,7.50098278477938,5.8914535040598e-08,848687,0.037037037037037,81,6.86727069012314,49546766,49678662,30,144,1e+06,0.2,20000,250000,FALSE,LOC101783892,SCAFFOLD_3,49620934,49625500,+,LOC101783892,protein_coding,NA,nuclear transcription factor Y subunit A-7,LD_interval,66728
2024_N40,number_of_tillers,MLM,SCAFFOLD_3_49554206,3,49554206,3.15512968869186e-08,7.50098278477938,5.8914535040598e-08,848687,0.037037037037037,81,6.86727069012314,49546766,49678662,30,144,1e+06,0.2,20000,250000,FALSE,LOC101784301,SCAFFOLD_3,49639630,49646092,+,LOC101784301,protein_coding,NA,homeobox-leucine zipper protein HOX33,LD_interval,85424
2024_N40,number_of_tillers,MLM,SCAFFOLD_3_49554206,3,49554206,3.15512968869186e-08,7.50098278477938,5.8914535040598e-08,848687,0.037037037037037,81,6.86727069012314,49546766,49678662,30,144,1e+06,0.2,20000,250000,FALSE,LOC101752690,SCAFFOLD_3,49647060,49650104,+,LOC101752690,protein_coding,NA,release factor glutamine methyltransferase,LD_interval,92854
2024_N40,number_of_tillers,MLM,SCAFFOLD_3_49554206,3,49554206,3.15512968869186e-08,7.50098278477938,5.8914535040598e-08,848687,0.037037037037037,81,6.86727069012314,49546766,49678662,30,144,1e+06,0.2,20000,250000,FALSE,LOC101784694,SCAFFOLD_3,49653030,49658595,+,LOC101784694,protein_coding,NA,uncharacterized LOC101784694,LD_interval,98824
2024_N40,number_of_tillers,MLM,SCAFFOLD_3_49554206,3,49554206,3.15512968869186e-08,7.50098278477938,5.8914535040598e-08,848687,0.037037037037037,81,6.86727069012314,49546766,49678662,30,144,1e+06,0.2,20000,250000,FALSE,LOC101785083,SCAFFOLD_3,49663979,49667903,+,LOC101785083,protein_coding,NA,"diphosphomevalonate decarboxylase MVD2, peroxisomal",LD_interval,109773
2024_N40,number_of_tillers,MLM,SCAFFOLD_3_49554206,3,49554206,3.15512968869186e-08,7.50098278477938,5.8914535040598e-08,848687,0.037037037037037,81,6.86727069012314,49546766,49678662,30,144,1e+06,0.2,20000,250000,FALSE,LOC101785485,SCAFFOLD_3,49669629,49673659,+,LOC101785485,protein_coding,NA,WPP domain-associated protein,LD_interval,115423
2024_N40,number_of_tillers,MLM,SCAFFOLD_3_49554206,3,49554206,3.15512968869186e-08,7.50098278477938,5.8914535040598e-08,848687,0.037037037037037,81,6.86727069012314,49546766,49678662,30,144,1e+06,0.2,20000,250000,FALSE,LOC101785895,SCAFFOLD_3,49674258,49678948,+,LOC101785895,protein_coding,NA,"GDP-L-galactose phosphorylase 1, transcript variant X2",LD_interval,120052
2024_N40,number_of_tillers,MLM,SCAFFOLD_5_9988392,5,9988392,3.15512968869186e-08,7.50098278477938,5.8914535040598e-08,848687,0.037037037037037,81,6.86727069012314,9979566,10002682,7,208,1e+06,0.2,20000,250000,FALSE,LOC101760975,SCAFFOLD_5,9982347,9985031,-,LOC101760975,protein_coding,NA,60S ribosomal protein L17,LD_interval,3361
2024_N40,number_of_tillers,MLM,SCAFFOLD_5_9988392,5,9988392,3.15512968869186e-08,7.50098278477938,5.8914535040598e-08,848687,0.037037037037037,81,6.86727069012314,9979566,10002682,7,208,1e+06,0.2,20000,250000,FALSE,LOC101761379,SCAFFOLD_5,10000134,10002436,-,LOC101761379,protein_coding,NA,LOB domain-containing protein 4,LD_interval,11742
2024_N40,number_of_tillers,MLM,SCAFFOLD_5_10249384,5,10249384,3.15512968869186e-08,7.50098278477938,5.8914535040598e-08,848687,0.037037037037037,81,6.86727069012314,10211339,10291635,13,246,1e+06,0.2,20000,250000,FALSE,LOC101771638,SCAFFOLD_5,10212813,10216776,-,LOC101771638,protein_coding,phospholipase D alpha 1-like,"phospholipase D alpha 1-like, transcript variant X1",LD_interval,32608
2024_N40,number_of_tillers,MLM,SCAFFOLD_5_10249384,5,10249384,3.15512968869186e-08,7.50098278477938,5.8914535040598e-08,848687,0.037037037037037,81,6.86727069012314,10211339,10291635,13,246,1e+06,0.2,20000,250000,FALSE,LOC101783947,SCAFFOLD_5,10218948,10219367,-,LOC101783947,protein_coding,NA,formin-like protein 16,LD_interval,30017
2024_N40,number_of_tillers,MLM,SCAFFOLD_5_10249384,5,10249384,3.15512968869186e-08,7.50098278477938,5.8914535040598e-08,848687,0.037037037037037,81,6.86727069012314,10211339,10291635,13,246,1e+06,0.2,20000,250000,FALSE,LOC101772567,SCAFFOLD_5,10221936,10223726,+,LOC101772567,protein_coding,NA,peroxidase 25,LD_interval,25658
2024_N40,number_of_tillers,MLM,SCAFFOLD_5_10249384,5,10249384,3.15512968869186e-08,7.50098278477938,5.8914535040598e-08,848687,0.037037037037037,81,6.86727069012314,10211339,10291635,13,246,1e+06,0.2,20000,250000,FALSE,TRNAP-AGG-6,SCAFFOLD_5,10223818,10223889,+,TRNAP-AGG,tRNA,NA,"",LD_interval,25495
2024_N40,number_of_tillers,MLM,SCAFFOLD_5_10249384,5,10249384,3.15512968869186e-08,7.50098278477938,5.8914535040598e-08,848687,0.037037037037037,81,6.86727069012314,10211339,10291635,13,246,1e+06,0.2,20000,250000,FALSE,LOC101772974,SCAFFOLD_5,10224376,10225489,+,LOC101772974,protein_coding,NA,embryo-specific protein ATS3A,LD_interval,23895
2024_N40,number_of_tillers,MLM,SCAFFOLD_5_10249384,5,10249384,3.15512968869186e-08,7.50098278477938,5.8914535040598e-08,848687,0.037037037037037,81,6.86727069012314,10211339,10291635,13,246,1e+06,0.2,20000,250000,FALSE,LOC101773384,SCAFFOLD_5,10226299,10229826,-,LOC101773384,protein_coding,NA,"DCC family protein At1g52590, chloroplastic, transcript variant X2",LD_interval,19558
2024_N40,number_of_tillers,MLM,SCAFFOLD_5_10249384,5,10249384,3.15512968869186e-08,7.50098278477938,5.8914535040598e-08,848687,0.037037037037037,81,6.86727069012314,10211339,10291635,13,246,1e+06,0.2,20000,250000,FALSE,LOC101775291,SCAFFOLD_5,10230271,10232295,-,LOC101775291,protein_coding,NA,uncharacterized protein At2g34160,LD_interval,17089
2024_N40,number_of_tillers,MLM,SCAFFOLD_5_10249384,5,10249384,3.15512968869186e-08,7.50098278477938,5.8914535040598e-08,848687,0.037037037037037,81,6.86727069012314,10211339,10291635,13,246,1e+06,0.2,20000,250000,FALSE,LOC101776223,SCAFFOLD_5,10237669,10239988,+,LOC101776223,protein_coding,NA,uncharacterized LOC101776223,LD_interval,9396
2024_N40,number_of_tillers,MLM,SCAFFOLD_5_10249384,5,10249384,3.15512968869186e-08,7.50098278477938,5.8914535040598e-08,848687,0.037037037037037,81,6.86727069012314,10211339,10291635,13,246,1e+06,0.2,20000,250000,FALSE,LOC101776624,SCAFFOLD_5,10241176,10247938,-,LOC101776624,protein_coding,NA,"uncharacterized LOC101776624, transcript variant X2",LD_interval,1446
2024_N40,number_of_tillers,MLM,SCAFFOLD_5_10249384,5,10249384,3.15512968869186e-08,7.50098278477938,5.8914535040598e-08,848687,0.037037037037037,81,6.86727069012314,10211339,10291635,13,246,1e+06,0.2,20000,250000,FALSE,LOC101777315,SCAFFOLD_5,10250434,10257370,-,LOC101777315,protein_coding,NA,probable cellulose synthase A catalytic subunit 1 [UDP-forming],LD_interval,1050
2024_N40,number_of_tillers,MLM,SCAFFOLD_5_10249384,5,10249384,3.15512968869186e-08,7.50098278477938,5.8914535040598e-08,848687,0.037037037037037,81,6.86727069012314,10211339,10291635,13,246,1e+06,0.2,20000,250000,FALSE,LOC101777732,SCAFFOLD_5,10271779,10277894,+,LOC101777732,protein_coding,NA,ABC transporter C family member 3,LD_interval,22395
2024_N40,number_of_tillers,MLM,SCAFFOLD_5_10249384,5,10249384,3.15512968869186e-08,7.50098278477938,5.8914535040598e-08,848687,0.037037037037037,81,6.86727069012314,10211339,10291635,13,246,1e+06,0.2,20000,250000,FALSE,LOC101778144,SCAFFOLD_5,10278137,10279943,-,LOC101778144,protein_coding,NA,transcription factor HY5,LD_interval,28753
2024_N40,number_of_tillers,MLM,SCAFFOLD_5_10249384,5,10249384,3.15512968869186e-08,7.50098278477938,5.8914535040598e-08,848687,0.037037037037037,81,6.86727069012314,10211339,10291635,13,246,1e+06,0.2,20000,250000,FALSE,LOC101779088,SCAFFOLD_5,10281216,10284559,-,LOC101779088,protein_coding,NA,MAPK kinase substrate protein At1g80180,LD_interval,31832
2024_N40,number_of_tillers,MLM,SCAFFOLD_5_10249384,5,10249384,3.15512968869186e-08,7.50098278477938,5.8914535040598e-08,848687,0.037037037037037,81,6.86727069012314,10211339,10291635,13,246,1e+06,0.2,20000,250000,FALSE,LOC101779615,SCAFFOLD_5,10285793,10290392,-,LOC101779615,protein_coding,NA,NADH-cytochrome b5 reductase-like protein,LD_interval,36409
2024_N40,number_of_tillers,MLM,SCAFFOLD_5_10356519,5,10356519,3.15512968869186e-08,7.50098278477938,5.8914535040598e-08,848687,0.037037037037037,81,6.86727069012314,10356519,10494705,17,254,1e+06,0.2,20000,250000,FALSE,LOC111257383,SCAFFOLD_5,10356932,10363053,+,LOC111257383,lncRNA,NA,"",LD_interval,413
2024_N40,number_of_tillers,MLM,SCAFFOLD_5_10356519,5,10356519,3.15512968869186e-08,7.50098278477938,5.8914535040598e-08,848687,0.037037037037037,81,6.86727069012314,10356519,10494705,17,254,1e+06,0.2,20000,250000,FALSE,LOC101781904,SCAFFOLD_5,10363253,10366434,-,LOC101781904,protein_coding,NA,cytochrome P450 734A6,LD_interval,6734
2024_N40,number_of_tillers,MLM,SCAFFOLD_5_10356519,5,10356519,3.15512968869186e-08,7.50098278477938,5.8914535040598e-08,848687,0.037037037037037,81,6.86727069012314,10356519,10494705,17,254,1e+06,0.2,20000,250000,FALSE,LOC101782571,SCAFFOLD_5,10391085,10391882,-,LOC101782571,protein_coding,NA,uncharacterized LOC101782571,LD_interval,34566
2024_N40,number_of_tillers,MLM,SCAFFOLD_5_10356519,5,10356519,3.15512968869186e-08,7.50098278477938,5.8914535040598e-08,848687,0.037037037037037,81,6.86727069012314,10356519,10494705,17,254,1e+06,0.2,20000,250000,FALSE,LOC101782982,SCAFFOLD_5,10395925,10402135,-,LOC101782982,protein_coding,NA,boron transporter 4,LD_interval,39406
2024_N40,number_of_tillers,MLM,SCAFFOLD_5_10356519,5,10356519,3.15512968869186e-08,7.50098278477938,5.8914535040598e-08,848687,0.037037037037037,81,6.86727069012314,10356519,10494705,17,254,1e+06,0.2,20000,250000,FALSE,LOC101784599,SCAFFOLD_5,10407520,10409576,-,LOC101784599,protein_coding,NA,UDP-glycosyltransferase 73C5,LD_interval,51001
2024_N40,number_of_tillers,MLM,SCAFFOLD_5_10356519,5,10356519,3.15512968869186e-08,7.50098278477938,5.8914535040598e-08,848687,0.037037037037037,81,6.86727069012314,10356519,10494705,17,254,1e+06,0.2,20000,250000,FALSE,LOC101784753,SCAFFOLD_5,10409964,10416830,-,LOC101784753,protein_coding,NA,"putative pentatricopeptide repeat-containing protein At3g15930, transcript variant X2",LD_interval,53445
2024_N40,number_of_tillers,MLM,SCAFFOLD_5_10356519,5,10356519,3.15512968869186e-08,7.50098278477938,5.8914535040598e-08,848687,0.037037037037037,81,6.86727069012314,10356519,10494705,17,254,1e+06,0.2,20000,250000,FALSE,LOC101784200,SCAFFOLD_5,10411343,10413555,+,LOC101784200,protein_coding,NA,UDP-glycosyltransferase 73C6,LD_interval,54824
2024_N40,number_of_tillers,MLM,SCAFFOLD_5_10356519,5,10356519,3.15512968869186e-08,7.50098278477938,5.8914535040598e-08,848687,0.037037037037037,81,6.86727069012314,10356519,10494705,17,254,1e+06,0.2,20000,250000,FALSE,LOC101784995,SCAFFOLD_5,10419435,10423098,+,LOC101784995,protein_coding,NA,coleoptile phototropism protein 1,LD_interval,62916
2024_N40,number_of_tillers,MLM,SCAFFOLD_5_10356519,5,10356519,3.15512968869186e-08,7.50098278477938,5.8914535040598e-08,848687,0.037037037037037,81,6.86727069012314,10356519,10494705,17,254,1e+06,0.2,20000,250000,FALSE,LOC101785396,SCAFFOLD_5,10423205,10426705,-,LOC101785396,protein_coding,NA,uncharacterized LOC101785396,LD_interval,66686
2024_N40,number_of_tillers,MLM,SCAFFOLD_5_10356519,5,10356519,3.15512968869186e-08,7.50098278477938,5.8914535040598e-08,848687,0.037037037037037,81,6.86727069012314,10356519,10494705,17,254,1e+06,0.2,20000,250000,FALSE,LOC111257318,SCAFFOLD_5,10434642,10437148,-,LOC111257318,protein_coding,NA,uncharacterized LOC111257318,LD_interval,78123
2024_N40,number_of_tillers,MLM,SCAFFOLD_5_10356519,5,10356519,3.15512968869186e-08,7.50098278477938,5.8914535040598e-08,848687,0.037037037037037,81,6.86727069012314,10356519,10494705,17,254,1e+06,0.2,20000,250000,FALSE,LOC111257319,SCAFFOLD_5,10441255,10446713,-,LOC111257319,protein_coding,NA,uncharacterized LOC111257319,LD_interval,84736
2024_N40,number_of_tillers,MLM,SCAFFOLD_5_10356519,5,10356519,3.15512968869186e-08,7.50098278477938,5.8914535040598e-08,848687,0.037037037037037,81,6.86727069012314,10356519,10494705,17,254,1e+06,0.2,20000,250000,FALSE,LOC101785804,SCAFFOLD_5,10456753,10459688,+,LOC101785804,protein_coding,NA,transcription factor NIGTH1,LD_interval,100234
2024_N40,number_of_tillers,MLM,SCAFFOLD_5_10356519,5,10356519,3.15512968869186e-08,7.50098278477938,5.8914535040598e-08,848687,0.037037037037037,81,6.86727069012314,10356519,10494705,17,254,1e+06,0.2,20000,250000,FALSE,LOC101786211,SCAFFOLD_5,10460617,10464668,+,LOC101786211,protein_coding,NA,"uncharacterized LOC101786211, transcript variant X2",LD_interval,104098
2024_N40,number_of_tillers,MLM,SCAFFOLD_5_10356519,5,10356519,3.15512968869186e-08,7.50098278477938,5.8914535040598e-08,848687,0.037037037037037,81,6.86727069012314,10356519,10494705,17,254,1e+06,0.2,20000,250000,FALSE,LOC101785551,SCAFFOLD_5,10464918,10465812,-,LOC101785551,protein_coding,NA,protein BZR1 homolog 3-like,LD_interval,108399
2024_N40,number_of_tillers,MLM,SCAFFOLD_5_10356519,5,10356519,3.15512968869186e-08,7.50098278477938,5.8914535040598e-08,848687,0.037037037037037,81,6.86727069012314,10356519,10494705,17,254,1e+06,0.2,20000,250000,FALSE,LOC101786606,SCAFFOLD_5,10479407,10485634,-,LOC101786606,protein_coding,NA,"protein CHROMATIN REMODELING 24, transcript variant X5",LD_interval,122888
2024_N40,number_of_tillers,MLM,SCAFFOLD_5_10356519,5,10356519,3.15512968869186e-08,7.50098278477938,5.8914535040598e-08,848687,0.037037037037037,81,6.86727069012314,10356519,10494705,17,254,1e+06,0.2,20000,250000,FALSE,LOC101785959,SCAFFOLD_5,10485518,10489920,-,LOC101785959,protein_coding,NA,protein CHROMATIN REMODELING 24-like,LD_interval,128999
2024_N40,number_of_tillers,MLM,SCAFFOLD_5_10441991,5,10441991,3.15512968869186e-08,7.50098278477938,5.8914535040598e-08,848687,0.037037037037037,81,6.86727069012314,10356519,10494705,17,264,1e+06,0.2,20000,250000,FALSE,LOC111257383,SCAFFOLD_5,10356932,10363053,+,LOC111257383,lncRNA,NA,"",LD_interval,78938
2024_N40,number_of_tillers,MLM,SCAFFOLD_5_10441991,5,10441991,3.15512968869186e-08,7.50098278477938,5.8914535040598e-08,848687,0.037037037037037,81,6.86727069012314,10356519,10494705,17,264,1e+06,0.2,20000,250000,FALSE,LOC101781904,SCAFFOLD_5,10363253,10366434,-,LOC101781904,protein_coding,NA,cytochrome P450 734A6,LD_interval,75557
2024_N40,number_of_tillers,MLM,SCAFFOLD_5_10441991,5,10441991,3.15512968869186e-08,7.50098278477938,5.8914535040598e-08,848687,0.037037037037037,81,6.86727069012314,10356519,10494705,17,264,1e+06,0.2,20000,250000,FALSE,LOC101782571,SCAFFOLD_5,10391085,10391882,-,LOC101782571,protein_coding,NA,uncharacterized LOC101782571,LD_interval,50109
2024_N40,number_of_tillers,MLM,SCAFFOLD_5_10441991,5,10441991,3.15512968869186e-08,7.50098278477938,5.8914535040598e-08,848687,0.037037037037037,81,6.86727069012314,10356519,10494705,17,264,1e+06,0.2,20000,250000,FALSE,LOC101782982,SCAFFOLD_5,10395925,10402135,-,LOC101782982,protein_coding,NA,boron transporter 4,LD_interval,39856
2024_N40,number_of_tillers,MLM,SCAFFOLD_5_10441991,5,10441991,3.15512968869186e-08,7.50098278477938,5.8914535040598e-08,848687,0.037037037037037,81,6.86727069012314,10356519,10494705,17,264,1e+06,0.2,20000,250000,FALSE,LOC101784599,SCAFFOLD_5,10407520,10409576,-,LOC101784599,protein_coding,NA,UDP-glycosyltransferase 73C5,LD_interval,32415
2024_N40,number_of_tillers,MLM,SCAFFOLD_5_10441991,5,10441991,3.15512968869186e-08,7.50098278477938,5.8914535040598e-08,848687,0.037037037037037,81,6.86727069012314,10356519,10494705,17,264,1e+06,0.2,20000,250000,FALSE,LOC101784753,SCAFFOLD_5,10409964,10416830,-,LOC101784753,protein_coding,NA,"putative pentatricopeptide repeat-containing protein At3g15930, transcript variant X2",LD_interval,25161
2024_N40,number_of_tillers,MLM,SCAFFOLD_5_10441991,5,10441991,3.15512968869186e-08,7.50098278477938,5.8914535040598e-08,848687,0.037037037037037,81,6.86727069012314,10356519,10494705,17,264,1e+06,0.2,20000,250000,FALSE,LOC101784200,SCAFFOLD_5,10411343,10413555,+,LOC101784200,protein_coding,NA,UDP-glycosyltransferase 73C6,LD_interval,28436
2024_N40,number_of_tillers,MLM,SCAFFOLD_5_10441991,5,10441991,3.15512968869186e-08,7.50098278477938,5.8914535040598e-08,848687,0.037037037037037,81,6.86727069012314,10356519,10494705,17,264,1e+06,0.2,20000,250000,FALSE,LOC101784995,SCAFFOLD_5,10419435,10423098,+,LOC101784995,protein_coding,NA,coleoptile phototropism protein 1,LD_interval,18893
2024_N40,number_of_tillers,MLM,SCAFFOLD_5_10441991,5,10441991,3.15512968869186e-08,7.50098278477938,5.8914535040598e-08,848687,0.037037037037037,81,6.86727069012314,10356519,10494705,17,264,1e+06,0.2,20000,250000,FALSE,LOC101785396,SCAFFOLD_5,10423205,10426705,-,LOC101785396,protein_coding,NA,uncharacterized LOC101785396,LD_interval,15286
2024_N40,number_of_tillers,MLM,SCAFFOLD_5_10441991,5,10441991,3.15512968869186e-08,7.50098278477938,5.8914535040598e-08,848687,0.037037037037037,81,6.86727069012314,10356519,10494705,17,264,1e+06,0.2,20000,250000,FALSE,LOC111257318,SCAFFOLD_5,10434642,10437148,-,LOC111257318,protein_coding,NA,uncharacterized LOC111257318,LD_interval,4843
2024_N40,number_of_tillers,MLM,SCAFFOLD_5_10441991,5,10441991,3.15512968869186e-08,7.50098278477938,5.8914535040598e-08,848687,0.037037037037037,81,6.86727069012314,10356519,10494705,17,264,1e+06,0.2,20000,250000,FALSE,LOC111257319,SCAFFOLD_5,10441255,10446713,-,LOC111257319,protein_coding,NA,uncharacterized LOC111257319,contains_lead_snp,0
2024_N40,number_of_tillers,MLM,SCAFFOLD_5_10441991,5,10441991,3.15512968869186e-08,7.50098278477938,5.8914535040598e-08,848687,0.037037037037037,81,6.86727069012314,10356519,10494705,17,264,1e+06,0.2,20000,250000,FALSE,LOC101785804,SCAFFOLD_5,10456753,10459688,+,LOC101785804,protein_coding,NA,transcription factor NIGTH1,LD_interval,14762
2024_N40,number_of_tillers,MLM,SCAFFOLD_5_10441991,5,10441991,3.15512968869186e-08,7.50098278477938,5.8914535040598e-08,848687,0.037037037037037,81,6.86727069012314,10356519,10494705,17,264,1e+06,0.2,20000,250000,FALSE,LOC101786211,SCAFFOLD_5,10460617,10464668,+,LOC101786211,protein_coding,NA,"uncharacterized LOC101786211, transcript variant X2",LD_interval,18626
2024_N40,number_of_tillers,MLM,SCAFFOLD_5_10441991,5,10441991,3.15512968869186e-08,7.50098278477938,5.8914535040598e-08,848687,0.037037037037037,81,6.86727069012314,10356519,10494705,17,264,1e+06,0.2,20000,250000,FALSE,LOC101785551,SCAFFOLD_5,10464918,10465812,-,LOC101785551,protein_coding,NA,protein BZR1 homolog 3-like,LD_interval,22927
2024_N40,number_of_tillers,MLM,SCAFFOLD_5_10441991,5,10441991,3.15512968869186e-08,7.50098278477938,5.8914535040598e-08,848687,0.037037037037037,81,6.86727069012314,10356519,10494705,17,264,1e+06,0.2,20000,250000,FALSE,LOC101786606,SCAFFOLD_5,10479407,10485634,-,LOC101786606,protein_coding,NA,"protein CHROMATIN REMODELING 24, transcript variant X5",LD_interval,37416
2024_N40,number_of_tillers,MLM,SCAFFOLD_5_10441991,5,10441991,3.15512968869186e-08,7.50098278477938,5.8914535040598e-08,848687,0.037037037037037,81,6.86727069012314,10356519,10494705,17,264,1e+06,0.2,20000,250000,FALSE,LOC101785959,SCAFFOLD_5,10485518,10489920,-,LOC101785959,protein_coding,NA,protein CHROMATIN REMODELING 24-like,LD_interval,43527
2024_N40,number_of_tillers,MLM,SCAFFOLD_5_11953030,5,11953030,3.15512968869186e-08,7.50098278477938,5.8914535040598e-08,848687,0.037037037037037,81,6.86727069012314,11774290,12042975,90,242,1e+06,0.2,20000,250000,FALSE,LOC101755562,SCAFFOLD_5,11782896,11788702,-,LOC101755562,protein_coding,NA,"uncharacterized LOC101755562, transcript variant X7",LD_interval,164328
2024_N40,number_of_tillers,MLM,SCAFFOLD_5_11953030,5,11953030,3.15512968869186e-08,7.50098278477938,5.8914535040598e-08,848687,0.037037037037037,81,6.86727069012314,11774290,12042975,90,242,1e+06,0.2,20000,250000,FALSE,LOC101756506,SCAFFOLD_5,11806565,11812224,+,LOC101756506,protein_coding,NA,mitochondrial-processing peptidase subunit alpha,LD_interval,140806
2024_N40,number_of_tillers,MLM,SCAFFOLD_5_11953030,5,11953030,3.15512968869186e-08,7.50098278477938,5.8914535040598e-08,848687,0.037037037037037,81,6.86727069012314,11774290,12042975,90,242,1e+06,0.2,20000,250000,FALSE,LOC105914383,SCAFFOLD_5,11817109,11818359,-,LOC105914383,protein_coding,NA,uncharacterized LOC105914383,LD_interval,134671
2024_N40,number_of_tillers,MLM,SCAFFOLD_5_11953030,5,11953030,3.15512968869186e-08,7.50098278477938,5.8914535040598e-08,848687,0.037037037037037,81,6.86727069012314,11774290,12042975,90,242,1e+06,0.2,20000,250000,FALSE,LOC101756917,SCAFFOLD_5,11824231,11827826,+,LOC101756917,protein_coding,NA,"ATP-dependent 6-phosphofructokinase 6, transcript variant X1",LD_interval,125204
2024_N40,number_of_tillers,MLM,SCAFFOLD_5_11953030,5,11953030,3.15512968869186e-08,7.50098278477938,5.8914535040598e-08,848687,0.037037037037037,81,6.86727069012314,11774290,12042975,90,242,1e+06,0.2,20000,250000,FALSE,LOC101757314,SCAFFOLD_5,11828008,11831623,-,LOC101757314,protein_coding,NA,serine/threonine-protein kinase Aurora-2,LD_interval,121407
2024_N40,number_of_tillers,MLM,SCAFFOLD_5_11953030,5,11953030,3.15512968869186e-08,7.50098278477938,5.8914535040598e-08,848687,0.037037037037037,81,6.86727069012314,11774290,12042975,90,242,1e+06,0.2,20000,250000,FALSE,LOC101757717,SCAFFOLD_5,11847658,11849272,-,LOC101757717,protein_coding,NA,transcription factor RAX2,LD_interval,103758
2024_N40,number_of_tillers,MLM,SCAFFOLD_5_11953030,5,11953030,3.15512968869186e-08,7.50098278477938,5.8914535040598e-08,848687,0.037037037037037,81,6.86727069012314,11774290,12042975,90,242,1e+06,0.2,20000,250000,FALSE,LOC101763957,SCAFFOLD_5,11862183,11864083,-,LOC101763957,protein_coding,NA,zinc finger CCCH domain-containing protein 2-like,LD_interval,88947
2024_N40,number_of_tillers,MLM,SCAFFOLD_5_11953030,5,11953030,3.15512968869186e-08,7.50098278477938,5.8914535040598e-08,848687,0.037037037037037,81,6.86727069012314,11774290,12042975,90,242,1e+06,0.2,20000,250000,FALSE,LOC101758129,SCAFFOLD_5,11877555,11879290,-,LOC101758129,protein_coding,NA,transcription factor MYBS3,LD_interval,73740
2024_N40,number_of_tillers,MLM,SCAFFOLD_5_11953030,5,11953030,3.15512968869186e-08,7.50098278477938,5.8914535040598e-08,848687,0.037037037037037,81,6.86727069012314,11774290,12042975,90,242,1e+06,0.2,20000,250000,FALSE,LOC101758542,SCAFFOLD_5,11891503,11896260,+,LOC101758542,protein_coding,NA,MAR-binding filament-like protein 1-1,LD_interval,56770
2024_N40,number_of_tillers,MLM,SCAFFOLD_5_11953030,5,11953030,3.15512968869186e-08,7.50098278477938,5.8914535040598e-08,848687,0.037037037037037,81,6.86727069012314,11774290,12042975,90,242,1e+06,0.2,20000,250000,FALSE,LOC101758948,SCAFFOLD_5,11896599,11899615,-,LOC101758948,protein_coding,NA,pollen-specific protein SF21,LD_interval,53415
2024_N40,number_of_tillers,MLM,SCAFFOLD_5_11953030,5,11953030,3.15512968869186e-08,7.50098278477938,5.8914535040598e-08,848687,0.037037037037037,81,6.86727069012314,11774290,12042975,90,242,1e+06,0.2,20000,250000,FALSE,LOC101759620,SCAFFOLD_5,11928211,11930134,-,LOC101759620,protein_coding,NA,1-aminocyclopropane-1-carboxylate synthase 7,LD_interval,22896
2024_N40,number_of_tillers,MLM,SCAFFOLD_5_11953030,5,11953030,3.15512968869186e-08,7.50098278477938,5.8914535040598e-08,848687,0.037037037037037,81,6.86727069012314,11774290,12042975,90,242,1e+06,0.2,20000,250000,FALSE,LOC101764368,SCAFFOLD_5,11966143,11967236,+,LOC101764368,protein_coding,NA,dof zinc finger protein DOF1.7,LD_interval,13113
2024_N40,number_of_tillers,MLM,SCAFFOLD_5_11953030,5,11953030,3.15512968869186e-08,7.50098278477938,5.8914535040598e-08,848687,0.037037037037037,81,6.86727069012314,11774290,12042975,90,242,1e+06,0.2,20000,250000,FALSE,LOC101764771,SCAFFOLD_5,11968692,11970118,+,LOC101764771,protein_coding,NA,fibrous sheath CABYR-binding protein,LD_interval,15662
2024_N40,number_of_tillers,MLM,SCAFFOLD_5_11953030,5,11953030,3.15512968869186e-08,7.50098278477938,5.8914535040598e-08,848687,0.037037037037037,81,6.86727069012314,11774290,12042975,90,242,1e+06,0.2,20000,250000,FALSE,LOC101760311,SCAFFOLD_5,11970656,11973078,-,LOC101760311,protein_coding,NA,F-box/LRR-repeat protein At4g29420,LD_interval,17626
2024_N40,number_of_tillers,MLM,SCAFFOLD_5_11953030,5,11953030,3.15512968869186e-08,7.50098278477938,5.8914535040598e-08,848687,0.037037037037037,81,6.86727069012314,11774290,12042975,90,242,1e+06,0.2,20000,250000,FALSE,LOC101760714,SCAFFOLD_5,11983546,11992903,-,LOC101760714,protein_coding,NA,uncharacterized RNA methyltransferase BH0687,LD_interval,30516
2024_N40,number_of_tillers,MLM,SCAFFOLD_5_11953030,5,11953030,3.15512968869186e-08,7.50098278477938,5.8914535040598e-08,848687,0.037037037037037,81,6.86727069012314,11774290,12042975,90,242,1e+06,0.2,20000,250000,FALSE,LOC101761243,SCAFFOLD_5,11993237,12001863,+,LOC101761243,protein_coding,NA,protein ALWAYS EARLY 2,LD_interval,40207
2024_N40,number_of_tillers,MLM,SCAFFOLD_5_11953030,5,11953030,3.15512968869186e-08,7.50098278477938,5.8914535040598e-08,848687,0.037037037037037,81,6.86727069012314,11774290,12042975,90,242,1e+06,0.2,20000,250000,FALSE,LOC101761634,SCAFFOLD_5,12002062,12006010,-,LOC101761634,protein_coding,NA,uncharacterized LOC101761634,LD_interval,49032
2024_N40,number_of_tillers,MLM,SCAFFOLD_5_11953030,5,11953030,3.15512968869186e-08,7.50098278477938,5.8914535040598e-08,848687,0.037037037037037,81,6.86727069012314,11774290,12042975,90,242,1e+06,0.2,20000,250000,FALSE,LOC101762047,SCAFFOLD_5,12020434,12023383,-,LOC101762047,protein_coding,NA,protein IQ-DOMAIN 1,LD_interval,67404
2024_N40,number_of_tillers,MLM,SCAFFOLD_5_11953030,5,11953030,3.15512968869186e-08,7.50098278477938,5.8914535040598e-08,848687,0.037037037037037,81,6.86727069012314,11774290,12042975,90,242,1e+06,0.2,20000,250000,FALSE,LOC101765992,SCAFFOLD_5,12028940,12030027,-,LOC101765992,protein_coding,NA,EPIDERMAL PATTERNING FACTOR-like protein 3,LD_interval,75910
2024_N40,number_of_tillers,MLM,SCAFFOLD_5_11953030,5,11953030,3.15512968869186e-08,7.50098278477938,5.8914535040598e-08,848687,0.037037037037037,81,6.86727069012314,11774290,12042975,90,242,1e+06,0.2,20000,250000,FALSE,LOC101762464,SCAFFOLD_5,12030615,12034836,-,LOC101762464,protein_coding,NA,BTB/POZ domain and ankyrin repeat-containing protein NPR1,LD_interval,77585
2024_N40,number_of_tillers,MLM,SCAFFOLD_5_26335027,5,26335027,3.15512968869186e-08,7.50098278477938,5.8914535040598e-08,848687,0.037037037037037,81,6.86727069012314,26325166,26432755,31,186,1e+06,0.2,20000,250000,FALSE,LOC101767072,SCAFFOLD_5,26333683,26336061,+,LOC101767072,protein_coding,NA,transcription factor bHLH87,contains_lead_snp,0
2024_N40,number_of_tillers,MLM,SCAFFOLD_5_26335027,5,26335027,3.15512968869186e-08,7.50098278477938,5.8914535040598e-08,848687,0.037037037037037,81,6.86727069012314,26325166,26432755,31,186,1e+06,0.2,20000,250000,FALSE,LOC101767477,SCAFFOLD_5,26353440,26359691,+,LOC101767477,protein_coding,NA,"protein HEADING DATE 3B, transcript variant X2",LD_interval,18413
2024_N40,number_of_tillers,MLM,SCAFFOLD_5_26335027,5,26335027,3.15512968869186e-08,7.50098278477938,5.8914535040598e-08,848687,0.037037037037037,81,6.86727069012314,26325166,26432755,31,186,1e+06,0.2,20000,250000,FALSE,LOC101773549,SCAFFOLD_5,26363331,26364542,+,LOC101773549,protein_coding,NA,uncharacterized LOC101773549,LD_interval,28304
2024_N40,number_of_tillers,MLM,SCAFFOLD_5_26335027,5,26335027,3.15512968869186e-08,7.50098278477938,5.8914535040598e-08,848687,0.037037037037037,81,6.86727069012314,26325166,26432755,31,186,1e+06,0.2,20000,250000,FALSE,LOC101768686,SCAFFOLD_5,26367583,26369140,-,LOC101768686,lncRNA,NA,"",LD_interval,32556
2024_N40,number_of_tillers,MLM,SCAFFOLD_5_26335027,5,26335027,3.15512968869186e-08,7.50098278477938,5.8914535040598e-08,848687,0.037037037037037,81,6.86727069012314,26325166,26432755,31,186,1e+06,0.2,20000,250000,FALSE,LOC101769091,SCAFFOLD_5,26369615,26376636,+,LOC101769091,protein_coding,NA,uncharacterized protein At5g01610,LD_interval,34588
2024_N40,number_of_tillers,MLM,SCAFFOLD_5_26335027,5,26335027,3.15512968869186e-08,7.50098278477938,5.8914535040598e-08,848687,0.037037037037037,81,6.86727069012314,26325166,26432755,31,186,1e+06,0.2,20000,250000,FALSE,LOC101769501,SCAFFOLD_5,26383500,26384444,+,LOC101769501,protein_coding,NA,uncharacterized LOC101769501,LD_interval,48473
2024_N40,number_of_tillers,MLM,SCAFFOLD_5_26335027,5,26335027,3.15512968869186e-08,7.50098278477938,5.8914535040598e-08,848687,0.037037037037037,81,6.86727069012314,26325166,26432755,31,186,1e+06,0.2,20000,250000,FALSE,LOC101769905,SCAFFOLD_5,26387669,26391588,+,LOC101769905,protein_coding,NA,UPF0587 protein C1orf123 homolog,LD_interval,52642
2024_N40,number_of_tillers,MLM,SCAFFOLD_5_26335027,5,26335027,3.15512968869186e-08,7.50098278477938,5.8914535040598e-08,848687,0.037037037037037,81,6.86727069012314,26325166,26432755,31,186,1e+06,0.2,20000,250000,FALSE,LOC101770313,SCAFFOLD_5,26394832,26398288,-,LOC101770313,protein_coding,NA,vesicle transport v-SNARE 13,LD_interval,59805
2024_N40,number_of_tillers,MLM,SCAFFOLD_5_26335027,5,26335027,3.15512968869186e-08,7.50098278477938,5.8914535040598e-08,848687,0.037037037037037,81,6.86727069012314,26325166,26432755,31,186,1e+06,0.2,20000,250000,FALSE,LOC101770977,SCAFFOLD_5,26401548,26405325,+,LOC101770977,protein_coding,NA,IAA-amino acid hydrolase ILR1-like 1,LD_interval,66521
2024_N40,number_of_tillers,MLM,SCAFFOLD_5_26335027,5,26335027,3.15512968869186e-08,7.50098278477938,5.8914535040598e-08,848687,0.037037037037037,81,6.86727069012314,26325166,26432755,31,186,1e+06,0.2,20000,250000,FALSE,LOC111257338,SCAFFOLD_5,26407375,26407983,+,LOC111257338,protein_coding,NA,zinc finger protein GIS3-like,LD_interval,72348
2024_N40,number_of_tillers,MLM,SCAFFOLD_5_26335027,5,26335027,3.15512968869186e-08,7.50098278477938,5.8914535040598e-08,848687,0.037037037037037,81,6.86727069012314,26325166,26432755,31,186,1e+06,0.2,20000,250000,FALSE,LOC101775169,SCAFFOLD_5,26409327,26415787,-,LOC101775169,protein_coding,NA,cysteine-rich receptor-like protein kinase 25,LD_interval,74300
2024_N40,number_of_tillers,MLM,SCAFFOLD_5_26335027,5,26335027,3.15512968869186e-08,7.50098278477938,5.8914535040598e-08,848687,0.037037037037037,81,6.86727069012314,26325166,26432755,31,186,1e+06,0.2,20000,250000,FALSE,LOC101771373,SCAFFOLD_5,26418385,26422966,-,LOC101771373,protein_coding,NA,casein kinase I,LD_interval,83358
2024_N40,number_of_tillers,MLM,SCAFFOLD_6_12036542,6,12036542,3.15512968869186e-08,7.50098278477938,5.8914535040598e-08,848687,0.0185185185185185,81,13.7345413802463,12036542,12036542,1,1,1e+06,0.2,20000,250000,FALSE,LOC101768583,SCAFFOLD_6,12066098,12069730,+,LOC101768583,protein_coding,NA,"nuclear nucleic acid-binding protein C1D, transcript variant X2",nearest_gene,29556
2024_N40,number_of_tillers,MLM,SCAFFOLD_7_25243676,7,25243676,3.15512968869186e-08,7.50098278477938,5.8914535040598e-08,848687,0.0185185185185185,81,13.7345413802463,25236962,25247263,8,49,1e+06,0.2,20000,250000,FALSE,LOC101764403,SCAFFOLD_7,25230726,25231451,+,LOC101764403,protein_coding,NA,defensin Tk-AMP-D2,nearest_gene,12225
2024_N40,number_of_tillers,MLM,SCAFFOLD_5_34344687,5,34344687,3.5516227160217e-08,7.4495731749465,5.8914535040598e-08,848687,0.037037037037037,81,7.33422084132001,34326683,34382773,9,65,1e+06,0.2,20000,250000,FALSE,LOC101755030,SCAFFOLD_5,34322898,34328497,+,LOC101755030,protein_coding,NA,"transcription initiation factor TFIID subunit 1, transcript variant X1",LD_interval,16190
2024_N40,number_of_tillers,MLM,SCAFFOLD_5_34344687,5,34344687,3.5516227160217e-08,7.4495731749465,5.8914535040598e-08,848687,0.037037037037037,81,7.33422084132001,34326683,34382773,9,65,1e+06,0.2,20000,250000,FALSE,LOC105914506,SCAFFOLD_5,34329095,34333606,+,LOC105914506,protein_coding,NA,"zinc finger BED domain-containing protein RICESLEEPER 1, transcript variant X1",LD_interval,11081
2024_N40,number_of_tillers,MLM,SCAFFOLD_5_34344687,5,34344687,3.5516227160217e-08,7.4495731749465,5.8914535040598e-08,848687,0.037037037037037,81,7.33422084132001,34326683,34382773,9,65,1e+06,0.2,20000,250000,FALSE,LOC111257263,SCAFFOLD_5,34334322,34339841,-,LOC111257263,lncRNA,NA,"",LD_interval,4846
2024_N40,number_of_tillers,MLM,SCAFFOLD_5_34344687,5,34344687,3.5516227160217e-08,7.4495731749465,5.8914535040598e-08,848687,0.037037037037037,81,7.33422084132001,34326683,34382773,9,65,1e+06,0.2,20000,250000,FALSE,LOC101772734,SCAFFOLD_5,34343668,34344199,-,LOC101772734,protein_coding,NA,L10-interacting MYB domain-containing protein,LD_interval,488
2024_N40,number_of_tillers,MLM,SCAFFOLD_5_34344687,5,34344687,3.5516227160217e-08,7.4495731749465,5.8914535040598e-08,848687,0.037037037037037,81,7.33422084132001,34326683,34382773,9,65,1e+06,0.2,20000,250000,FALSE,LOC101773145,SCAFFOLD_5,34353136,34357788,+,LOC101773145,protein_coding,NA,mitogen-activated protein kinase kinase kinase 18,LD_interval,8449
2024_N40,number_of_tillers,MLM,SCAFFOLD_5_34344687,5,34344687,3.5516227160217e-08,7.4495731749465,5.8914535040598e-08,848687,0.037037037037037,81,7.33422084132001,34326683,34382773,9,65,1e+06,0.2,20000,250000,FALSE,LOC101773550,SCAFFOLD_5,34364057,34365574,+,LOC101773550,protein_coding,NA,mitogen-activated protein kinase kinase kinase 18,LD_interval,19370
2024_N40,number_of_tillers,MLM,SCAFFOLD_5_34344687,5,34344687,3.5516227160217e-08,7.4495731749465,5.8914535040598e-08,848687,0.037037037037037,81,7.33422084132001,34326683,34382773,9,65,1e+06,0.2,20000,250000,FALSE,LOC101773963,SCAFFOLD_5,34377277,34379029,-,LOC101773963,protein_coding,NA,mitogen-activated protein kinase kinase kinase 18,LD_interval,32590
2024_N40,number_of_tillers,MLM,SCAFFOLD_1_15964788,1,15964788,4.00216028180729e-08,7.39770552236884,5.8914535040598e-08,848687,0.0308641975308642,81,7.91611004184881,15964788,15968114,2,93,1e+06,0.2,20000,250000,FALSE,LOC111257888,SCAFFOLD_1,15948162,15949463,-,LOC111257888,protein_coding,NA,uncharacterized LOC111257888,nearest_gene,15325
2024_N40,number_of_tillers,MLM,SCAFFOLD_9_45521896,9,45521896,5.28009531570994e-08,7.27735823755838,5.8914535040598e-08,848687,0.0185185185185185,81,8.13602797033758,45494350,45544428,11,15,1e+06,0.2,20000,250000,FALSE,LOC101752573,SCAFFOLD_9,45497800,45502207,+,LOC101752573,protein_coding,NA,novel plant SNARE 13,LD_interval,19689
2024_N40,number_of_tillers,MLM,SCAFFOLD_9_45521896,9,45521896,5.28009531570994e-08,7.27735823755838,5.8914535040598e-08,848687,0.0185185185185185,81,8.13602797033758,45494350,45544428,11,15,1e+06,0.2,20000,250000,FALSE,LOC101769221,SCAFFOLD_9,45502169,45504014,-,LOC101769221,protein_coding,NA,"pentatricopeptide repeat-containing protein At1g28690, mitochondrial",LD_interval,17882
2024_N40,number_of_tillers,MLM,SCAFFOLD_9_45521896,9,45521896,5.28009531570994e-08,7.27735823755838,5.8914535040598e-08,848687,0.0185185185185185,81,8.13602797033758,45494350,45544428,11,15,1e+06,0.2,20000,250000,FALSE,LOC101770030,SCAFFOLD_9,45514969,45515997,-,LOC101770030,protein_coding,NA,protein STRICTOSIDINE SYNTHASE-LIKE 10,LD_interval,5899
2024_N40,number_of_tillers,MLM,SCAFFOLD_9_45521896,9,45521896,5.28009531570994e-08,7.27735823755838,5.8914535040598e-08,848687,0.0185185185185185,81,8.13602797033758,45494350,45544428,11,15,1e+06,0.2,20000,250000,FALSE,LOC101752987,SCAFFOLD_9,45519519,45521183,+,LOC101752987,protein_coding,NA,cytochrome P450 89A2,LD_interval,713
2024_N40,number_of_tillers,MLM,SCAFFOLD_9_45521896,9,45521896,5.28009531570994e-08,7.27735823755838,5.8914535040598e-08,848687,0.0185185185185185,81,8.13602797033758,45494350,45544428,11,15,1e+06,0.2,20000,250000,FALSE,LOC101753387,SCAFFOLD_9,45526551,45527870,-,LOC101753387,protein_coding,NA,peroxidase 2,LD_interval,4655
2024_N40,number_of_tillers,MLM,SCAFFOLD_9_45521896,9,45521896,5.28009531570994e-08,7.27735823755838,5.8914535040598e-08,848687,0.0185185185185185,81,8.13602797033758,45494350,45544428,11,15,1e+06,0.2,20000,250000,FALSE,LOC101753799,SCAFFOLD_9,45542226,45543766,-,LOC101753799,protein_coding,NA,peroxidase 2,LD_interval,20330
2024_N40,protein_pct,BLINK,SCAFFOLD_4_15902894,4,15902894,1.87813917410972e-14,13.7262722287321,5.8914535040598e-08,848687,0.0526315789473684,57,5.87440210512722,15902894,15902894,1,21,1e+06,0.2,20000,250000,TRUE,LOC101784575,SCAFFOLD_4,15883014,15884483,+,LOC101784575,protein_coding,NA,"chlorophyll a-b binding protein 1B-21, chloroplastic",nearest_gene,18411
2024_N40,protein_pct,FarmCPU,SCAFFOLD_4_15902894,4,15902894,5.38251435561799e-16,15.2690148032031,5.8914535040598e-08,848687,0.0526315789473684,57,3.72842901014646,15902894,15902894,1,21,1e+06,0.2,20000,250000,TRUE,LOC101784575,SCAFFOLD_4,15883014,15884483,+,LOC101784575,protein_coding,NA,"chlorophyll a-b binding protein 1B-21, chloroplastic",nearest_gene,18411
2024_N40,protein_pct,FarmCPU,SCAFFOLD_9_37989786,9,37989786,6.95498827353989e-12,11.1577035979137,5.8914535040598e-08,848687,0.0701754385964912,57,1.98686457358401,37985705,37994296,6,11,1e+06,0.2,20000,250000,TRUE,LOC101760538,SCAFFOLD_9,38000379,38005575,+,LOC101760538,protein_coding,NA,ARF guanine-nucleotide exchange factor GNOM,nearest_gene,10593
2024_N40,protein_pct,FarmCPU,SCAFFOLD_3_4622247,3,4622247,6.09115367643149e-11,10.2153004433513,5.8914535040598e-08,848687,0.043859649122807,57,-2.33435391714655,4622247,4622247,1,1,1e+06,0.2,20000,250000,FALSE,LOC101767547,SCAFFOLD_3,4614962,4623428,-,LOC101767547,protein_coding,NA,MADS-box transcription factor 58,contains_lead_snp,0
2024_N40,protein_pct,FarmCPU,SCAFFOLD_6_6013001,6,6013001,2.52534967933823e-08,7.59767847762753,5.8914535040598e-08,848687,0.0263157894736842,57,-2.15533225822398,6003109,6039689,30,61,1e+06,0.2,20000,250000,FALSE,LOC101769930,SCAFFOLD_6,6024401,6040393,+,LOC101769930,protein_coding,NA,"coatomer subunit beta'-like, transcript variant X1",LD_interval,11400
