gene_id,gene_symbol,product,scaffold,gene_start,gene_end,association_count,unique_lead_snps,datasets,traits,models,minimum_p,maf05_associations,lead_snps_inside_gene,minimum_distance_to_lead_bp,evidence_score
LOC101769304,LOC101769304,"beta-glucosidase-like SFR2, chloroplastic, transcript variant X4",SCAFFOLD_8,39041515,39051919,3,3,2024_N120;2024_N40,dtf;number_of_tillers,FarmCPU;MLM,5.67829021135139e-15,1,2,0,9
LOC101762430,LOC101762430,thymocyte nuclear protein 1,SCAFFOLD_9,9018759,9022620,3,2,2024_N120;2024_N40,height_cm,FarmCPU,8.97393982836684e-22,3,2,0,8
LOC101768894,LOC101768894,uncharacterized LOC101768894,SCAFFOLD_8,39045065,39045909,3,3,2024_N120;2024_N40,dtf;number_of_tillers,FarmCPU;MLM,5.67829021135139e-15,1,0,1687,7
LOC101776455,LOC101776455,pectinesterase QRT1,SCAFFOLD_8,39052939,39054816,3,3,2024_N120;2024_N40,dtf;number_of_tillers,FarmCPU;MLM,5.67829021135139e-15,1,0,2790,7
LOC101771445,LOC101771445,transcription factor JAMYB,SCAFFOLD_8,39057714,39060834,3,3,2024_N120;2024_N40,dtf;number_of_tillers,FarmCPU;MLM,5.67829021135139e-15,1,0,7565,7
LOC101754827,LOC101754827,leucine-rich repeat receptor protein kinase MSL1,SCAFFOLD_8,3836836,3838919,5,2,2024_N120;2024_N40,dtf,BLINK;FarmCPU,1.02319891921624e-20,5,0,17845,7
LOC101771844,LOC101771844,uncharacterized LOC101771844,SCAFFOLD_8,3683168,3686630,4,1,2024_N120;2024_N40,dtf,BLINK;FarmCPU,1.02319891921624e-20,4,0,132361,7
LOC101753351,LOC101753351,"uncharacterized LOC101753351, transcript variant X3",SCAFFOLD_8,3728383,3732767,4,1,2024_N120;2024_N40,dtf,BLINK;FarmCPU,1.02319891921624e-20,4,0,86224,7
LOC101775105,LOC101775105,adenine phosphoribosyltransferase 1,SCAFFOLD_3,47451270,47453805,10,10,2023,panicle_length_cm,BLINK,3.90473028399145e-15,10,1,0,6
LOC101773056,LOC101773056,ethylene-responsive transcription factor ERF094,SCAFFOLD_8,39102123,39103147,3,3,2024_N120;2024_N40,dtf,FarmCPU,5.67829021135139e-15,3,0,2799,6
LOC101783550,LOC101783550,importin beta-like SAD2,SCAFFOLD_1,22442740,22459115,7,2,2024_N120;2024_N40,days_to_harvest;dtf,BLINK;FarmCPU,2.83546784505742e-29,0,0,44660,6
LOC101756237,LOC101756237,probable galacturonosyltransferase-like 1,SCAFFOLD_9,8955831,8957082,3,2,2024_N120;2024_N40,height_cm,FarmCPU,8.97393982836684e-22,3,0,57629,6
LOC101761597,LOC101761597,E3 ubiquitin-protein ligase RNF185,SCAFFOLD_9,8963801,8965937,3,2,2024_N120;2024_N40,height_cm,FarmCPU,8.97393982836684e-22,3,0,48774,6
LOC101756635,LOC101756635,1-aminocyclopropane-1-carboxylate oxidase homolog 4,SCAFFOLD_9,8986700,8988195,3,2,2024_N120;2024_N40,height_cm,FarmCPU,8.97393982836684e-22,3,0,26516,6
LOC101757050,LOC101757050,protein ALP1-like,SCAFFOLD_9,8992565,8993546,3,2,2024_N120;2024_N40,height_cm,FarmCPU,8.97393982836684e-22,3,0,21165,6
LOC101757445,LOC101757445,uncharacterized LOC101757445,SCAFFOLD_9,8994348,8995388,3,2,2024_N120;2024_N40,height_cm,FarmCPU,8.97393982836684e-22,3,0,19323,6
LOC101757844,LOC101757844,uncharacterized LOC101757844,SCAFFOLD_9,9013217,9014140,3,2,2024_N120;2024_N40,height_cm,FarmCPU,8.97393982836684e-22,3,0,571,6
LOC101762011,LOC101762011,translation initiation factor IF-2,SCAFFOLD_9,9014875,9016030,3,2,2024_N120;2024_N40,height_cm,FarmCPU,8.97393982836684e-22,3,0,164,6
LOC101758259,LOC101758259,ocs element-binding factor 1,SCAFFOLD_9,9034696,9035166,3,2,2024_N120;2024_N40,height_cm,FarmCPU,8.97393982836684e-22,3,0,12779,6
LOC101763093,LOC101763093,uncharacterized LOC101763093,SCAFFOLD_9,9041530,9043312,3,2,2024_N120;2024_N40,height_cm,FarmCPU,8.97393982836684e-22,3,0,19613,6
LOC101763498,LOC101763498,translation initiation factor IF-2,SCAFFOLD_9,9052586,9053606,3,2,2024_N120;2024_N40,height_cm,FarmCPU,8.97393982836684e-22,3,0,30669,6
LOC101758664,LOC101758664,exopolygalacturonase,SCAFFOLD_9,9059256,9060602,3,2,2024_N120;2024_N40,height_cm,FarmCPU,8.97393982836684e-22,3,0,37339,6
LOC101763902,LOC101763902,growth-regulating factor 9,SCAFFOLD_9,9068812,9071655,3,2,2024_N120;2024_N40,height_cm,FarmCPU,8.97393982836684e-22,3,0,46895,6
LOC101764310,LOC101764310,DUF21 domain-containing protein At2g14520,SCAFFOLD_9,9079692,9085394,3,2,2024_N120;2024_N40,height_cm,FarmCPU,8.97393982836684e-22,3,0,57775,6
LOC101764716,LOC101764716,"CSC1-like protein RXW8, transcript variant X2",SCAFFOLD_9,9090189,9097654,3,2,2024_N120;2024_N40,height_cm,FarmCPU,8.97393982836684e-22,3,0,68272,6
LOC101763710,LOC101763710,"",SCAFFOLD_6,11122531,11126455,1,1,2024_N120,dtf,FarmCPU,2.61351786009307e-15,1,1,0,6
LOC101765238,LOC101765238,uncharacterized LOC101765238,SCAFFOLD_8,30155031,30161015,1,1,2024_N120,days_to_harvest,FarmCPU,1.15854557082629e-12,1,1,0,6
LOC101756570,LOC101756570,uncharacterized LOC101756570,SCAFFOLD_2,14229163,14233552,1,1,2024_N40,days_to_harvest,FarmCPU,2.07540240200511e-12,1,1,0,6
LOC101771120,LOC101771120,"patatin-like protein 1, transcript variant X1",SCAFFOLD_5,43795552,43799950,1,1,2024_N40,number_of_tillers,FarmCPU,2.45875894950235e-09,1,1,0,6
LOC101773881,LOC101773881,uncharacterized LOC101773881,SCAFFOLD_8,39137618,39142749,1,1,2024_N40,dtf,FarmCPU,3.17440788572453e-09,1,1,0,6
LOC101760535,LOC101760535,probable sulfate transporter 3.4,SCAFFOLD_4,2127060,2132380,1,1,2024_N40,number_of_tillers,BLINK,9.5048299176697e-09,1,1,0,6
LOC101765021,LOC101765021,uncharacterized protein DDB_G0271670,SCAFFOLD_4,6233223,6234917,1,1,2023,thousand_seed_weight_g,BLINK,1.34365699085726e-08,1,1,0,6
LOC101769809,LOC101769809,uncharacterized LOC101769809,SCAFFOLD_2,2983620,2992239,1,1,2023,dtf,FarmCPU,2.28263920605663e-08,1,1,0,6
LOC101772527,LOC101772527,"",SCAFFOLD_3,38267748,38288238,1,1,2024_N120,height_cm,FarmCPU,2.32335572846408e-08,1,1,0,6
LOC101755199,LOC101755199,uncharacterized protein At3g27210,SCAFFOLD_7,17073335,17076143,4,3,2023,dtf,BLINK;FarmCPU,2.65867197566936e-23,3,0,21125,5
LOC101756014,LOC101756014,"F-box/kelch-repeat protein At1g67480, transcript variant X2",SCAFFOLD_7,17085122,17088167,4,3,2023,dtf,BLINK;FarmCPU,2.65867197566936e-23,3,0,9101,5
LOC101762524,LOC101762524,"",SCAFFOLD_7,17122919,17127291,4,3,2023,dtf,BLINK;FarmCPU,2.65867197566936e-23,3,0,8713,5
LOC101756691,LOC101756691,"",SCAFFOLD_7,17191092,17193270,4,3,2023,dtf,BLINK;FarmCPU,2.65867197566936e-23,3,0,54815,5
LOC111258059,LOC111258059,"",SCAFFOLD_7,17211206,17211857,4,3,2023,dtf,BLINK;FarmCPU,2.65867197566936e-23,3,0,74929,5
LOC111257892,LOC111257892,"",SCAFFOLD_7,17229816,17235694,4,3,2023,dtf,BLINK;FarmCPU,2.65867197566936e-23,3,0,93539,5
LOC101753172,LOC101753172,methyltransferase-like protein 13,SCAFFOLD_7,17002444,17011830,3,2,2023,dtf,BLINK;FarmCPU,2.65867197566936e-23,3,0,124174,5
LOC101753580,LOC101753580,RPM1-interacting protein 4,SCAFFOLD_7,17021745,17024912,3,2,2023,dtf,BLINK;FarmCPU,2.65867197566936e-23,3,0,111092,5
LOC101754003,LOC101754003,"violaxanthin de-epoxidase, chloroplastic",SCAFFOLD_7,17025225,17027968,3,2,2023,dtf,BLINK;FarmCPU,2.65867197566936e-23,3,0,108036,5
LOC101754398,LOC101754398,uncharacterized LOC101754398,SCAFFOLD_7,17028139,17035694,3,2,2023,dtf,BLINK;FarmCPU,2.65867197566936e-23,3,0,100310,5
LOC101754797,LOC101754797,"stearoyl-[acyl-carrier-protein] 9-desaturase 5, chloroplastic",SCAFFOLD_7,17035960,17039310,3,2,2023,dtf,BLINK;FarmCPU,2.65867197566936e-23,3,0,96694,5
LOC101761309,LOC101761309,uncharacterized LOC101761309,SCAFFOLD_7,17055372,17061889,3,2,2023,dtf,BLINK;FarmCPU,2.65867197566936e-23,3,0,74115,5
LOC101761697,LOC101761697,"acyl-acyl carrier protein thioesterase ATL4, chloroplastic",SCAFFOLD_7,17063900,17065569,3,2,2023,dtf,BLINK;FarmCPU,2.65867197566936e-23,3,0,70435,5
LOC111257319,LOC111257319,uncharacterized LOC111257319,SCAFFOLD_5,10441255,10446713,2,2,2024_N40,number_of_tillers,MLM,3.15512968869186e-08,0,1,0,5
LOC101764327,LOC101764327,phosphate transporter PHO1-3,SCAFFOLD_4,17828718,17833891,3,1,2024_N120,number_of_tillers,BLINK;FarmCPU;MLM,1.63417130364314e-49,0,0,35369,5
LOC101777784,LOC101777784,myb-related protein 306-like,SCAFFOLD_2,30526110,30527957,3,1,2024_N40,days_to_harvest;dtf,BLINK;FarmCPU,7.2158074710364e-20,3,0,11854,5
LOC101784575,LOC101784575,"chlorophyll a-b binding protein 1B-21, chloroplastic",SCAFFOLD_4,15883014,15884483,2,1,2024_N40,protein_pct,BLINK;FarmCPU,5.38251435561799e-16,2,0,18411,5
LOC101784670,LOC101784670,serine/threonine-protein kinase WNK4,SCAFFOLD_8,7136279,7139313,2,1,2024_N120,dtf,BLINK;FarmCPU,8.11317106104102e-14,2,0,203412,5
LOC101784679,LOC101784679,F-box/FBD/LRR-repeat protein At5g56420-like,SCAFFOLD_8,7258460,7259112,2,1,2024_N120,dtf,BLINK;FarmCPU,8.11317106104102e-14,2,0,83613,5
LOC101785063,LOC101785063,"protein ZINC INDUCED FACILITATOR-LIKE 1, transcript variant X1",SCAFFOLD_8,7283577,7290873,2,1,2024_N120,dtf,BLINK;FarmCPU,8.11317106104102e-14,2,0,51852,5
LOC111258309,LOC111258309,F-box/LRR-repeat protein At3g58940-like,SCAFFOLD_8,7325131,7336924,2,1,2024_N120,dtf,BLINK;FarmCPU,8.11317106104102e-14,2,0,5801,5
LOC101752543,LOC101752543,putative F-box/LRR-repeat protein At4g13960,SCAFFOLD_8,7343455,7344063,2,1,2024_N120,dtf,BLINK;FarmCPU,8.11317106104102e-14,2,0,730,5
LOC101753363,LOC101753363,uncharacterized LOC101753363,SCAFFOLD_8,7354530,7363301,2,1,2024_N120,dtf,BLINK;FarmCPU,8.11317106104102e-14,2,0,11805,5
LOC101753770,LOC101753770,receptor-like protein kinase HSL1,SCAFFOLD_8,7380725,7383797,2,1,2024_N120,dtf,BLINK;FarmCPU,8.11317106104102e-14,2,0,38000,5
LOC101754171,LOC101754171,F-box/FBD/LRR-repeat protein At5g22660,SCAFFOLD_8,7387784,7389035,2,1,2024_N120,dtf,BLINK;FarmCPU,8.11317106104102e-14,2,0,45059,5
LOC101785873,LOC101785873,10 kDa prolamin,SCAFFOLD_8,7413270,7413828,2,1,2024_N120,dtf,BLINK;FarmCPU,8.11317106104102e-14,2,0,70545,5
LOC105915031,LOC105915031,"",SCAFFOLD_8,7416163,7422963,2,1,2024_N120,dtf,BLINK;FarmCPU,8.11317106104102e-14,2,0,73438,5
LOC101755507,LOC101755507,putative disease resistance RPP13-like protein 3,SCAFFOLD_8,33903022,33907072,2,1,2024_N120,height_cm,BLINK;FarmCPU,8.78768972686888e-13,2,0,7715,5
LOC101756584,LOC101756584,(S)-beta-bisabolene synthase,SCAFFOLD_8,33919100,33922131,2,1,2024_N120,height_cm,BLINK;FarmCPU,8.78768972686888e-13,2,0,4313,5
LOC101767547,LOC101767547,MADS-box transcription factor 58,SCAFFOLD_3,4614962,4623428,1,1,2024_N40,protein_pct,FarmCPU,6.09115367643149e-11,0,1,0,5
LOC105914608,LOC105914608,uncharacterized LOC105914608,SCAFFOLD_6,30719436,30721091,1,1,2023,pedicel_length_cm,FarmCPU,6.59104772413302e-11,0,1,0,5
LOC101765064,LOC101765064,uncharacterized LOC101765064,SCAFFOLD_1,40695081,40698101,1,1,2024_N40,number_of_tillers,BLINK,4.05996485083356e-09,0,1,0,5
LOC101767072,LOC101767072,transcription factor bHLH87,SCAFFOLD_5,26333683,26336061,1,1,2024_N40,number_of_tillers,MLM,3.15512968869186e-08,0,1,0,5
LOC101765778,LOC101765778,uncharacterized LOC101765778,SCAFFOLD_3,11989311,11991483,1,1,2024_N120,number_of_tillers,BLINK,3.44282954680653e-08,0,1,0,5
LOC101778059,LOC101778059,"probable RNA-dependent RNA polymerase 3, transcript variant X1",SCAFFOLD_7,3867708,3899316,1,1,2023,pedicel_length_cm,MLM,4.79401412104381e-08,0,1,0,5
LOC101772666,LOC101772666,putative disease resistance protein At5g47280,SCAFFOLD_3,47382158,47386329,10,10,2023,panicle_length_cm,BLINK,3.90473028399145e-15,10,0,33871,4
LOC101772001,LOC101772001,serine/threonine-protein kinase SAPK9,SCAFFOLD_3,47386658,47389672,10,10,2023,panicle_length_cm,BLINK,3.90473028399145e-15,10,0,30528,4
LOC101773071,LOC101773071,transcription factor HHO3,SCAFFOLD_3,47403151,47405476,10,10,2023,panicle_length_cm,BLINK,3.90473028399145e-15,10,0,14724,4
LOC101773476,LOC101773476,protein misato homolog 1,SCAFFOLD_3,47406396,47410720,10,10,2023,panicle_length_cm,BLINK,3.90473028399145e-15,10,0,9480,4
LOC101773894,LOC101773894,"calcium-transporting ATPase 10, plasma membrane-type",SCAFFOLD_3,47414642,47420159,10,10,2023,panicle_length_cm,BLINK,3.90473028399145e-15,10,0,41,4
LOC101774293,LOC101774293,cyclin-D5-2,SCAFFOLD_3,47428147,47430458,10,10,2023,panicle_length_cm,BLINK,3.90473028399145e-15,10,0,101,4
LOC101774702,LOC101774702,"cytoplasmic tRNA 2-thiolation protein 2, transcript variant X2",SCAFFOLD_3,47435787,47438784,10,10,2023,panicle_length_cm,BLINK,3.90473028399145e-15,10,0,1273,4
LOC101780927,LOC101780927,transcription factor bHLH139,SCAFFOLD_3,47440689,47441789,10,10,2023,panicle_length_cm,BLINK,3.90473028399145e-15,10,0,378,4
LOC101781333,LOC101781333,"kinesin-like protein KIN-12F, transcript variant X2",SCAFFOLD_3,47455409,47469599,10,10,2023,panicle_length_cm,BLINK,3.90473028399145e-15,10,0,1663,4
LOC101770129,LOC101770129,zinc finger protein 1,SCAFFOLD_3,47216420,47217914,9,9,2023,panicle_length_cm,BLINK,3.90473028399145e-15,9,0,202286,4
LOC101770523,LOC101770523,"nucleobase-ascorbate transporter 3, transcript variant X1",SCAFFOLD_3,47224999,47230906,9,9,2023,panicle_length_cm,BLINK,3.90473028399145e-15,9,0,189294,4
LOC105913931,LOC105913931,"",SCAFFOLD_3,47232424,47238455,9,9,2023,panicle_length_cm,BLINK,3.90473028399145e-15,9,0,181745,4
LOC111256590,LOC111256590,uncharacterized LOC111256590,SCAFFOLD_3,47333098,47334967,9,9,2023,panicle_length_cm,BLINK,3.90473028399145e-15,9,0,85233,4
LOC101769457,LOC101769457,BTB/POZ domain-containing protein NPY4,SCAFFOLD_3,47203563,47208214,8,8,2023,panicle_length_cm,BLINK,3.90473028399145e-15,8,0,213373,4
LOC111256850,LOC111256850,pectinesterase/pectinesterase inhibitor PPE8B-like,SCAFFOLD_3,47475285,47476830,8,8,2023,panicle_length_cm,BLINK,3.90473028399145e-15,8,0,21539,4
LOC101782128,LOC101782128,"",SCAFFOLD_3,47477505,47486098,8,8,2023,panicle_length_cm,BLINK,3.90473028399145e-15,8,0,23759,4
LOC101780522,LOC101780522,uncharacterized LOC101780522,SCAFFOLD_3,47195836,47197418,7,7,2023,panicle_length_cm,BLINK,3.90473028399145e-15,7,0,224169,4
LOC101769051,LOC101769051,"GDP-Man:Man(3)GlcNAc(2)-PP-Dol alpha-1,2-mannosyltransferase",SCAFFOLD_3,47197548,47201585,7,7,2023,panicle_length_cm,BLINK,3.90473028399145e-15,7,0,220002,4
LOC101768369,LOC101768369,"CSC1-like protein HYP1, transcript variant X2",SCAFFOLD_3,47185798,47191677,6,6,2023,panicle_length_cm,BLINK,3.90473028399145e-15,6,0,229910,4
LOC101767968,LOC101767968,isoflavone 3'-hydroxylase,SCAFFOLD_3,47179414,47181780,3,3,2023,panicle_length_cm,BLINK,9.96406801989656e-11,3,0,239807,4
LOC101758782,LOC101758782,"uncharacterized LOC101758782, transcript variant X3",SCAFFOLD_4,17284577,17288032,3,2,2024_N40,number_of_tillers,FarmCPU;MLM,7.0051429959395e-53,0,0,4345,4
LOC101756052,LOC101756052,probable WRKY transcription factor 63,SCAFFOLD_8,33522591,33524654,3,2,2024_N120,number_of_tillers,BLINK;MLM,9.05515169402991e-21,0,0,4656,4
LOC101782920,LOC101782920,probable LRR receptor-like serine/threonine-protein kinase At3g47570,SCAFFOLD_8,33535056,33538039,3,2,2024_N120,number_of_tillers,BLINK;MLM,9.05515169402991e-21,0,0,17121,4
LOC111258293,LOC111258293,"",SCAFFOLD_8,33553753,33554601,3,2,2024_N120,number_of_tillers,BLINK;MLM,9.05515169402991e-21,0,0,35818,4
LOC101772654,LOC101772654,7-deoxyloganetin glucosyltransferase,SCAFFOLD_8,39108069,39110017,2,2,2024_N40,dtf,FarmCPU,5.67829021135139e-15,2,0,2123,4
LOC101772253,LOC101772253,"putative disease resistance protein At1g50180, transcript variant X3",SCAFFOLD_8,39109933,39114977,2,2,2024_N40,dtf,FarmCPU,5.67829021135139e-15,2,0,3987,4
LOC101783472,LOC101783472,"",SCAFFOLD_8,36830538,36832793,2,2,2023,pedicel_length_cm,FarmCPU,1.88832244808864e-14,1,0,12821,4
LOC101777819,LOC101777819,protein FAR1-RELATED SEQUENCE 5-like,SCAFFOLD_8,36833050,36836002,2,2,2023,pedicel_length_cm,FarmCPU,1.88832244808864e-14,1,0,9612,4
LOC101783735,LOC101783735,dirigent protein 1,SCAFFOLD_8,36841673,36842449,2,2,2023,pedicel_length_cm,FarmCPU,1.88832244808864e-14,1,0,3165,4
LOC101784145,LOC101784145,"nodulin homeobox, transcript variant X1",SCAFFOLD_8,36848699,36856033,2,2,2023,pedicel_length_cm,FarmCPU,1.88832244808864e-14,1,0,3085,4
TRNAN-GUU-9,TRNAN-GUU,"",SCAFFOLD_8,36856130,36856203,2,2,2023,pedicel_length_cm,FarmCPU,1.88832244808864e-14,1,0,10516,4
LOC101784816,LOC101784816,"sister-chromatid cohesion protein 3, transcript variant X3",SCAFFOLD_8,36856512,36865072,2,2,2023,pedicel_length_cm,FarmCPU,1.88832244808864e-14,1,0,10898,4
LOC101785745,LOC101785745,sodium/hydrogen exchanger 2,SCAFFOLD_8,36866134,36870610,2,2,2023,pedicel_length_cm,FarmCPU,1.88832244808864e-14,1,0,20520,4
LOC101786151,LOC101786151,"kinesin-like protein KIN-14O, transcript variant X1",SCAFFOLD_8,36873495,36877495,2,2,2023,pedicel_length_cm,FarmCPU,1.88832244808864e-14,1,0,27881,4
LOC101765631,LOC101765631,"uncharacterized LOC101765631, transcript variant X4",SCAFFOLD_8,5914548,5918795,2,2,2023,dtf,FarmCPU,1.66315558985363e-13,2,0,158934,4
LOC111258304,LOC111258304,WD repeat-containing protein 44-like,SCAFFOLD_8,5926525,5930191,2,2,2023,dtf,FarmCPU,1.66315558985363e-13,2,0,147538,4
LOC101766733,LOC101766733,1-aminocyclopropane-1-carboxylate oxidase,SCAFFOLD_8,5932165,5934109,2,2,2023,dtf,FarmCPU,1.66315558985363e-13,2,0,143620,4
LOC101767145,LOC101767145,"",SCAFFOLD_8,5974177,5977069,2,2,2023,dtf,FarmCPU,1.66315558985363e-13,2,0,100660,4
LOC101767409,LOC101767409,DNA topoisomerase 2-binding protein 1,SCAFFOLD_8,5996391,6004566,2,2,2023,dtf,FarmCPU,1.66315558985363e-13,2,0,73163,4
LOC101767810,LOC101767810,"probable NAD kinase 2, chloroplastic",SCAFFOLD_8,6016649,6022131,2,2,2023,dtf,FarmCPU,1.66315558985363e-13,2,0,55598,4
LOC101766461,LOC101766461,wall-associated receptor kinase 2,SCAFFOLD_8,6033221,6045411,2,2,2023,dtf,FarmCPU,1.66315558985363e-13,2,0,32318,4
LOC101766879,LOC101766879,wall-associated receptor kinase 2,SCAFFOLD_8,6055190,6061962,2,2,2023,dtf,FarmCPU,1.66315558985363e-13,2,0,15767,4
LOC101767290,LOC101767290,wall-associated receptor kinase 2,SCAFFOLD_8,6088046,6092622,2,2,2023,dtf,FarmCPU,1.66315558985363e-13,2,0,7887,4
LOC101767687,LOC101767687,F-box/LRR-repeat protein At4g14103,SCAFFOLD_8,6097342,6099359,2,2,2023,dtf,FarmCPU,1.66315558985363e-13,2,0,17183,4
LOC101768486,LOC101768486,"DNA-directed RNA polymerases I, II, and III subunit RPABC5",SCAFFOLD_8,6103688,6106734,2,2,2023,dtf,FarmCPU,1.66315558985363e-13,2,0,23529,4
LOC101768884,LOC101768884,probable receptor-like serine/threonine-protein kinase At5g57670,SCAFFOLD_8,6107557,6111922,2,2,2023,dtf,FarmCPU,1.66315558985363e-13,2,0,27398,4
LOC101784956,LOC101784956,CBL-interacting protein kinase 22,SCAFFOLD_3,26687667,26689244,2,2,2023,pedicel_length_cm,FarmCPU,3.09072587452664e-11,2,0,29813,4
LOC101768714,LOC101768714,"uncharacterized LOC101768714, transcript variant X2",SCAFFOLD_6,17567772,17573205,2,2,2023,dtf,FarmCPU,6.74497524262364e-11,2,0,1641,4
LOC101772911,LOC101772911,GDSL esterase/lipase At5g55050,SCAFFOLD_7,1903691,1905401,1,1,2024_N40,days_to_harvest,FarmCPU,1.06755750542175e-31,1,0,215952,4
LOC111257914,LOC111257914,GDSL esterase/lipase At1g71250-like,SCAFFOLD_7,1905496,1905976,1,1,2024_N40,days_to_harvest,FarmCPU,1.06755750542175e-31,1,0,215377,4
LOC101785033,LOC101785033,uncharacterized RNA-binding protein C17H9.04c,SCAFFOLD_7,1960032,1965913,1,1,2024_N40,days_to_harvest,FarmCPU,1.06755750542175e-31,1,0,155440,4
LOC101773739,LOC101773739,disease resistance protein RPM1,SCAFFOLD_7,1979863,1982766,1,1,2024_N40,days_to_harvest,FarmCPU,1.06755750542175e-31,1,0,138587,4
LOC101774147,LOC101774147,uncharacterized LOC101774147,SCAFFOLD_7,2004818,2015843,1,1,2024_N40,days_to_harvest,FarmCPU,1.06755750542175e-31,1,0,105510,4
LOC101785436,LOC101785436,"ATP sulfurylase 2, transcript variant X2",SCAFFOLD_7,2027933,2032513,1,1,2024_N40,days_to_harvest,FarmCPU,1.06755750542175e-31,1,0,88840,4
LOC101785985,LOC101785985,transcription factor E2FC,SCAFFOLD_7,2043094,2050109,1,1,2024_N40,days_to_harvest,FarmCPU,1.06755750542175e-31,1,0,71244,4
LOC111257915,LOC111257915,protein MID1-COMPLEMENTING ACTIVITY 2-like,SCAFFOLD_7,2084586,2089604,1,1,2024_N40,days_to_harvest,FarmCPU,1.06755750542175e-31,1,0,31749,4
LOC105914710,LOC105914710,receptor-like protein kinase HERK 1,SCAFFOLD_7,2089797,2091013,1,1,2024_N40,days_to_harvest,FarmCPU,1.06755750542175e-31,1,0,30340,4
LOC101786391,LOC101786391,uncharacterized LOC101786391,SCAFFOLD_7,2096319,2098410,1,1,2024_N40,days_to_harvest,FarmCPU,1.06755750542175e-31,1,0,22943,4
LOC101774941,LOC101774941,uncharacterized LOC101774941,SCAFFOLD_7,2121496,2134988,1,1,2024_N40,days_to_harvest,FarmCPU,1.06755750542175e-31,1,0,143,4
LOC101770253,LOC101770253,ras-related protein Rab7,SCAFFOLD_3,12084287,12086611,2,1,2024_N120,number_of_tillers,BLINK;MLM,8.35266514350729e-20,0,0,2159,4
LOC111257656,LOC111257656,uncharacterized LOC111257656,SCAFFOLD_6,32359215,32360426,1,1,2024_N40,number_of_tillers,FarmCPU,5.34971481471964e-19,1,0,1041,4
LOC101757483,LOC101757483,"keratin, type I cytoskeletal 9-like",SCAFFOLD_6,28802132,28803199,1,1,2024_N120,protein_pct,FarmCPU,5.57699435056582e-18,1,0,431,4
LOC101783666,LOC101783666,"uncharacterized LOC101783666, transcript variant X2",SCAFFOLD_1,14867339,14870449,1,1,2024_N120,protein_pct,BLINK,6.84701833682614e-16,1,0,101879,4
LOC101783280,LOC101783280,uncharacterized LOC101783280,SCAFFOLD_1,14873637,14877072,1,1,2024_N120,protein_pct,BLINK,6.84701833682614e-16,1,0,95256,4
LOC101784090,LOC101784090,calphotin-like,SCAFFOLD_1,14970466,14971473,1,1,2024_N120,protein_pct,BLINK,6.84701833682614e-16,1,0,855,4
LOC111258205,LOC111258205,receptor-like protein 12,SCAFFOLD_8,39075933,39078894,1,1,2024_N40,dtf,FarmCPU,5.67829021135139e-15,1,0,27052,4
LOC101775207,LOC101775207,chitin elicitor-binding protein,SCAFFOLD_2,39192401,39195267,1,1,2024_N40,number_of_tillers,FarmCPU,2.21523370672165e-14,1,0,15151,4
LOC101784271,LOC101784271,"protein DETOXIFICATION 45, chloroplastic",SCAFFOLD_2,39215776,39220340,1,1,2024_N40,number_of_tillers,FarmCPU,2.21523370672165e-14,1,0,5358,4
LOC101775611,LOC101775611,probable flavin-containing monooxygenase 1,SCAFFOLD_2,39220431,39223294,1,1,2024_N40,number_of_tillers,FarmCPU,2.21523370672165e-14,1,0,10013,4
LOC101776016,LOC101776016,"probable flavin-containing monooxygenase 1, transcript variant X2",SCAFFOLD_2,39224347,39226565,1,1,2024_N40,number_of_tillers,FarmCPU,2.21523370672165e-14,1,0,13929,4
LOC101776689,LOC101776689,"uncharacterized LOC101776689, transcript variant X1",SCAFFOLD_2,39228145,39236216,1,1,2024_N40,number_of_tillers,FarmCPU,2.21523370672165e-14,1,0,17727,4
LOC106804166,LOC106804166,uncharacterized LOC106804166,SCAFFOLD_2,39230900,39232753,1,1,2024_N40,number_of_tillers,FarmCPU,2.21523370672165e-14,1,0,20482,4
LOC101777104,LOC101777104,"",SCAFFOLD_2,39237978,39240084,1,1,2024_N40,number_of_tillers,FarmCPU,2.21523370672165e-14,1,0,27560,4
LOC101777377,LOC101777377,"protein NLP1, transcript variant X3",SCAFFOLD_2,39240348,39245466,1,1,2024_N40,number_of_tillers,FarmCPU,2.21523370672165e-14,1,0,29930,4
LOC101778728,LOC101778728,U11/U12 small nuclear ribonucleoprotein 31 kDa protein,SCAFFOLD_2,39245569,39249464,1,1,2024_N40,number_of_tillers,FarmCPU,2.21523370672165e-14,1,0,35151,4
LOC101778325,LOC101778325,uncharacterized LOC101778325,SCAFFOLD_2,39249475,39252404,1,1,2024_N40,number_of_tillers,FarmCPU,2.21523370672165e-14,1,0,39057,4
LOC101779144,LOC101779144,bromodomain-containing protein 4B,SCAFFOLD_2,39264878,39271022,1,1,2024_N40,number_of_tillers,FarmCPU,2.21523370672165e-14,1,0,54460,4
LOC101765223,LOC101765223,DNA polymerase delta catalytic subunit,SCAFFOLD_8,5892626,5903105,1,1,2023,dtf,FarmCPU,1.66315558985363e-13,1,0,177054,4
LOC101757522,LOC101757522,uncharacterized LOC101757522,SCAFFOLD_8,15181470,15182762,2,1,2024_N120,protein_pct,BLINK;FarmCPU,5.64939952791707e-13,0,0,78318,4
LOC101759655,LOC101759655,uncharacterized LOC101759655,SCAFFOLD_2,1191260,1193654,1,1,2024_N40,days_to_harvest,FarmCPU,8.42468256112904e-13,1,0,31985,4
LOC101760347,LOC101760347,"uncharacterized LOC101760347, transcript variant X2",SCAFFOLD_2,1196119,1198275,1,1,2024_N40,days_to_harvest,FarmCPU,8.42468256112904e-13,1,0,27364,4
LOC101763061,LOC101763061,putative disease resistance protein RGA1,SCAFFOLD_2,1200389,1201825,1,1,2024_N40,days_to_harvest,FarmCPU,8.42468256112904e-13,1,0,23814,4
LOC111256202,LOC111256202,uncharacterized LOC111256202,SCAFFOLD_2,1205672,1206952,1,1,2024_N40,days_to_harvest,FarmCPU,8.42468256112904e-13,1,0,18687,4
LOC111256273,LOC111256273,"",SCAFFOLD_2,1207122,1210255,1,1,2024_N40,days_to_harvest,FarmCPU,8.42468256112904e-13,1,0,15384,4
LOC105913703,LOC105913703,probable LRR receptor-like serine/threonine-protein kinase At3g47570,SCAFFOLD_2,1210383,1212387,1,1,2024_N40,days_to_harvest,FarmCPU,8.42468256112904e-13,1,0,13252,4
LOC111256307,LOC111256307,uncharacterized LOC111256307,SCAFFOLD_2,1214410,1217931,1,1,2024_N40,days_to_harvest,FarmCPU,8.42468256112904e-13,1,0,7708,4
LOC101763871,LOC101763871,E3 ubiquitin-protein ligase EL5-like,SCAFFOLD_2,1222896,1223411,1,1,2024_N40,days_to_harvest,FarmCPU,8.42468256112904e-13,1,0,2228,4
LOC111256226,LOC111256226,"",SCAFFOLD_2,1244940,1245823,1,1,2024_N40,days_to_harvest,FarmCPU,8.42468256112904e-13,1,0,19301,4
LOC101764271,LOC101764271,vesicle-associated protein 1-4-like,SCAFFOLD_2,1245936,1249088,1,1,2024_N40,days_to_harvest,FarmCPU,8.42468256112904e-13,1,0,20297,4
LOC105913876,LOC105913876,"",SCAFFOLD_2,1249243,1249610,1,1,2024_N40,days_to_harvest,FarmCPU,8.42468256112904e-13,1,0,23604,4
LOC101758370,LOC101758370,protein NETWORKED 1A,SCAFFOLD_9,22239487,22248569,1,1,2024_N40,dtf,FarmCPU,9.73514186968262e-13,1,0,6456,4
LOC101768953,LOC101768953,protein IQ-DOMAIN 14,SCAFFOLD_9,22249685,22252129,1,1,2024_N40,dtf,FarmCPU,9.73514186968262e-13,1,0,2896,4
LOC101762815,LOC101762815,DNA repair helicase XPD-like,SCAFFOLD_8,30020706,30021101,1,1,2024_N120,days_to_harvest,FarmCPU,1.15854557082629e-12,1,0,134638,4
LOC101756176,LOC101756176,"",SCAFFOLD_8,30025218,30028554,1,1,2024_N120,days_to_harvest,FarmCPU,1.15854557082629e-12,1,0,127185,4
LOC101763224,LOC101763224,probable F-box protein At4g22060,SCAFFOLD_8,30029064,30030374,1,1,2024_N120,days_to_harvest,FarmCPU,1.15854557082629e-12,1,0,125365,4
LOC101755783,LOC101755783,DNA-binding protein HEXBP,SCAFFOLD_8,30038206,30039545,1,1,2024_N120,days_to_harvest,FarmCPU,1.15854557082629e-12,1,0,116194,4
LOC101763631,LOC101763631,uncharacterized LOC101763631,SCAFFOLD_8,30060742,30061490,1,1,2024_N120,days_to_harvest,FarmCPU,1.15854557082629e-12,1,0,94249,4
LOC101754686,LOC101754686,"uncharacterized LOC101754686, transcript variant X1",SCAFFOLD_8,30084187,30096027,1,1,2024_N120,days_to_harvest,FarmCPU,1.15854557082629e-12,1,0,59712,4
LOC101764031,LOC101764031,zinc finger MYM-type protein 1-like,SCAFFOLD_8,30097079,30099886,1,1,2024_N120,days_to_harvest,FarmCPU,1.15854557082629e-12,1,0,55853,4
LOC101752950,LOC101752950,"protein ALWAYS EARLY 2, transcript variant X2",SCAFFOLD_8,30112396,30124971,1,1,2024_N120,days_to_harvest,FarmCPU,1.15854557082629e-12,1,0,30768,4
LOC101764842,LOC101764842,transcription factor IIIB 90 kDa subunit-like,SCAFFOLD_8,30139521,30153944,1,1,2024_N120,days_to_harvest,FarmCPU,1.15854557082629e-12,1,0,1795,4
LOC106804152,LOC106804152,uncharacterized LOC106804152,SCAFFOLD_2,14084902,14085303,1,1,2024_N40,days_to_harvest,FarmCPU,2.07540240200511e-12,1,0,144000,4
LOC101759120,LOC101759120,atherin,SCAFFOLD_2,14097407,14101019,1,1,2024_N40,days_to_harvest,FarmCPU,2.07540240200511e-12,1,0,128284,4
LOC101759527,LOC101759527,uncharacterized LOC101759527,SCAFFOLD_2,14101317,14102728,1,1,2024_N40,days_to_harvest,FarmCPU,2.07540240200511e-12,1,0,126575,4
LOC101759936,LOC101759936,"heterogeneous nuclear ribonucleoprotein Q, transcript variant X1",SCAFFOLD_2,14130162,14135162,1,1,2024_N40,days_to_harvest,FarmCPU,2.07540240200511e-12,1,0,94141,4
LOC101760618,LOC101760618,uncharacterized LOC101760618,SCAFFOLD_2,14157029,14162182,1,1,2024_N40,days_to_harvest,FarmCPU,2.07540240200511e-12,1,0,67121,4
LOC101761021,LOC101761021,tetratricopeptide repeat protein 27 homolog,SCAFFOLD_2,14175534,14195863,1,1,2024_N40,days_to_harvest,FarmCPU,2.07540240200511e-12,1,0,33440,4
LOC101756164,LOC101756164,uncharacterized LOC101756164,SCAFFOLD_2,14219228,14219572,1,1,2024_N40,days_to_harvest,FarmCPU,2.07540240200511e-12,1,0,9731,4
LOC101761417,LOC101761417,prolyl endopeptidase,SCAFFOLD_2,14234594,14242768,1,1,2024_N40,days_to_harvest,FarmCPU,2.07540240200511e-12,1,0,5291,4
TRNAP-CGG,TRNAP-CGG,"",SCAFFOLD_2,14244100,14244171,1,1,2024_N40,days_to_harvest,FarmCPU,2.07540240200511e-12,1,0,14797,4
TRNAP-CGG-2,TRNAP-CGG,"",SCAFFOLD_2,14244275,14244346,1,1,2024_N40,days_to_harvest,FarmCPU,2.07540240200511e-12,1,0,14972,4
LOC101761814,LOC101761814,"luc7-like protein 3, transcript variant X10",SCAFFOLD_2,14246218,14250046,1,1,2024_N40,days_to_harvest,FarmCPU,2.07540240200511e-12,1,0,16915,4
LOC101763316,LOC101763316,"phosphatidylinositol/phosphatidylcholine transfer protein SFH11, transcript variant X6",SCAFFOLD_2,14251809,14257445,1,1,2024_N40,days_to_harvest,FarmCPU,2.07540240200511e-12,1,0,22506,4
LOC101763983,LOC101763983,"uncharacterized LOC101763983, transcript variant X2",SCAFFOLD_2,14259150,14266120,1,1,2024_N40,days_to_harvest,FarmCPU,2.07540240200511e-12,1,0,29847,4
LOC101764660,LOC101764660,"uncharacterized LOC101764660, transcript variant X3",SCAFFOLD_2,14266367,14271830,1,1,2024_N40,days_to_harvest,FarmCPU,2.07540240200511e-12,1,0,37064,4
LOC101774053,LOC101774053,"L10-interacting MYB domain-containing protein, transcript variant X1",SCAFFOLD_4,9075879,9080800,1,1,2024_N120,protein_pct,FarmCPU,2.13872815235489e-12,1,0,4512,4
LOC101761527,LOC101761527,"pentatricopeptide repeat-containing protein At1g73400, mitochondrial, transcript variant X1",SCAFFOLD_1,38766621,38771429,1,1,2023,height_cm,BLINK,2.96505397234618e-12,1,0,5408,4
LOC101762209,LOC101762209,F-box protein FBX14,SCAFFOLD_1,38773009,38776447,1,1,2023,height_cm,BLINK,2.96505397234618e-12,1,0,11796,4
LOC101771282,LOC101771282,proline-rich protein HaeIII subfamily 1,SCAFFOLD_7,1004095,1007509,1,1,2024_N40,dtf,FarmCPU,5.66232947783281e-12,1,0,80510,4
LOC101771675,LOC101771675,probable glucuronosyltransferase Os04g0103100,SCAFFOLD_7,1016739,1020343,1,1,2024_N40,dtf,FarmCPU,5.66232947783281e-12,1,0,67676,4
LOC101772080,LOC101772080,eukaryotic translation initiation factor 3 subunit M,SCAFFOLD_7,1020801,1023729,1,1,2024_N40,dtf,FarmCPU,5.66232947783281e-12,1,0,64290,4
LOC101772488,LOC101772488,rhomboid-like protein 19,SCAFFOLD_7,1024461,1027710,1,1,2024_N40,dtf,FarmCPU,5.66232947783281e-12,1,0,60309,4
LOC101772891,LOC101772891,"glyoxylate/hydroxypyruvate reductase HPR3, transcript variant X2",SCAFFOLD_7,1040661,1043019,1,1,2024_N40,dtf,FarmCPU,5.66232947783281e-12,1,0,45000,4
LOC111257910,LOC111257910,L10-interacting MYB domain-containing protein-like,SCAFFOLD_7,1044673,1045878,1,1,2024_N40,dtf,FarmCPU,5.66232947783281e-12,1,0,42141,4
LOC111257911,LOC111257911,uncharacterized LOC111257911,SCAFFOLD_7,1049791,1052852,1,1,2024_N40,dtf,FarmCPU,5.66232947783281e-12,1,0,35167,4
LOC101761566,LOC101761566,BTB/POZ and MATH domain-containing protein 1,SCAFFOLD_7,1084643,1085266,1,1,2024_N40,dtf,FarmCPU,5.66232947783281e-12,1,0,2753,4
LOC101761973,LOC101761973,"uncharacterized LOC101761973, transcript variant X2",SCAFFOLD_7,1098965,1103075,1,1,2024_N40,dtf,FarmCPU,5.66232947783281e-12,1,0,10946,4
LOC101773719,LOC101773719,uncharacterized LOC101773719,SCAFFOLD_7,1114790,1118916,1,1,2024_N40,dtf,FarmCPU,5.66232947783281e-12,1,0,26771,4
LOC101774125,LOC101774125,zinc finger CCCH domain-containing protein 24,SCAFFOLD_7,1119488,1125647,1,1,2024_N40,dtf,FarmCPU,5.66232947783281e-12,1,0,31469,4
LOC101774528,LOC101774528,uncharacterized LOC101774528,SCAFFOLD_7,1131120,1134537,1,1,2024_N40,dtf,FarmCPU,5.66232947783281e-12,1,0,43101,4
LOC101775200,LOC101775200,uncharacterized LOC101775200,SCAFFOLD_7,1139819,1140540,1,1,2024_N40,dtf,FarmCPU,5.66232947783281e-12,1,0,51800,4
LOC101775601,LOC101775601,uncharacterized protein C594.04c,SCAFFOLD_7,1144677,1146189,1,1,2024_N40,dtf,FarmCPU,5.66232947783281e-12,1,0,56658,4
LOC101776007,LOC101776007,"uncharacterized LOC101776007, transcript variant X1",SCAFFOLD_7,1153354,1157921,1,1,2024_N40,dtf,FarmCPU,5.66232947783281e-12,1,0,65335,4
LOC101752639,LOC101752639,uncharacterized LOC101752639,SCAFFOLD_7,2162890,2166654,1,1,2024_N40,days_to_harvest,FarmCPU,5.71306278393246e-12,1,0,40147,4
LOC101753048,LOC101753048,"WEB family protein At3g51220, transcript variant X1",SCAFFOLD_7,2230779,2234112,1,1,2024_N40,days_to_harvest,FarmCPU,5.71306278393246e-12,1,0,23978,4
LOC101753734,LOC101753734,CTD small phosphatase-like protein 2,SCAFFOLD_7,2253104,2259726,1,1,2024_N40,days_to_harvest,FarmCPU,5.71306278393246e-12,1,0,46303,4
LOC101760538,LOC101760538,ARF guanine-nucleotide exchange factor GNOM,SCAFFOLD_9,38000379,38005575,1,1,2024_N40,protein_pct,FarmCPU,6.95498827353989e-12,1,0,10593,4
LOC101755503,LOC101755503,"plant UBX domain-containing protein 11, transcript variant X1",SCAFFOLD_8,14853878,14865843,1,1,2024_N120,protein_pct,BLINK,8.19991296371243e-12,1,0,63772,4
LOC101760245,LOC101760245,60S ribosomal protein L18a,SCAFFOLD_8,10294827,10296487,1,1,2023,pedicel_length_cm,BLINK,9.14433418319857e-12,1,0,4597,4
LOC101783109,LOC101783109,peroxidase P7,SCAFFOLD_4,28523438,28525066,1,1,2024_N120,protein_pct,BLINK,9.35525606060554e-12,1,0,43975,4
LOC101756936,LOC101756936,70 kDa peptidyl-prolyl isomerase,SCAFFOLD_1,23118187,23122463,1,1,2024_N40,dtf,FarmCPU,1.33708700338345e-11,1,0,8227,4
LOC101757091,LOC101757091,RING-H2 finger protein ATL75,SCAFFOLD_1,1465442,1466089,1,1,2024_N40,number_of_tillers,FarmCPU,1.38988354721443e-11,1,0,2256,4
LOC101781478,LOC101781478,"protein ABHD17C, transcript variant X2",SCAFFOLD_4,32558706,32563622,1,1,2024_N120,height_cm,FarmCPU,3.06129879734198e-11,1,0,686,4
LOC101781453,LOC101781453,protein NRT1/ PTR FAMILY 2.7,SCAFFOLD_3,26566158,26578892,1,1,2023,pedicel_length_cm,FarmCPU,3.09072587452664e-11,1,0,239067,4
LOC101781856,LOC101781856,uncharacterized LOC101781856,SCAFFOLD_3,26595819,26598239,1,1,2023,pedicel_length_cm,FarmCPU,3.09072587452664e-11,1,0,219720,4
LOC101782258,LOC101782258,uncharacterized LOC101782258,SCAFFOLD_3,26607929,26609383,1,1,2023,pedicel_length_cm,FarmCPU,3.09072587452664e-11,1,0,208576,4
LOC101782665,LOC101782665,"ruBisCO large subunit-binding protein subunit alpha, chloroplastic",SCAFFOLD_3,26620061,26625050,1,1,2023,pedicel_length_cm,FarmCPU,3.09072587452664e-11,1,0,192909,4
LOC101773228,LOC101773228,protein NRT1/ PTR FAMILY 5.1,SCAFFOLD_3,26649153,26650903,1,1,2023,pedicel_length_cm,FarmCPU,3.09072587452664e-11,1,0,167056,4
LOC101783082,LOC101783082,"cell wall protein RBR3, transcript variant X2",SCAFFOLD_3,26655541,26656762,1,1,2023,pedicel_length_cm,FarmCPU,3.09072587452664e-11,1,0,161197,4
LOC111256588,LOC111256588,"",SCAFFOLD_3,26672479,26674379,1,1,2023,pedicel_length_cm,FarmCPU,3.09072587452664e-11,1,0,143580,4
LOC101783742,LOC101783742,"prosaposin, transcript variant X6",SCAFFOLD_3,26679729,26685419,1,1,2023,pedicel_length_cm,FarmCPU,3.09072587452664e-11,1,0,132540,4
LOC101786556,LOC101786556,adenine/guanine permease AZG1,SCAFFOLD_3,26768178,26770357,1,1,2023,pedicel_length_cm,FarmCPU,3.09072587452664e-11,1,0,47602,4
LOC101774849,LOC101774849,"NADP-dependent malic enzyme, chloroplastic, transcript variant X3",SCAFFOLD_3,26805879,26815599,1,1,2023,pedicel_length_cm,FarmCPU,3.09072587452664e-11,1,0,2360,4
LOC101786950,LOC101786950,CBL-interacting protein kinase 18,SCAFFOLD_3,26830792,26835574,1,1,2023,pedicel_length_cm,FarmCPU,3.09072587452664e-11,1,0,12833,4
LOC101753090,LOC101753090,"",SCAFFOLD_3,26859465,26860154,1,1,2023,pedicel_length_cm,FarmCPU,3.09072587452664e-11,1,0,41506,4
LOC111256819,LOC111256819,uncharacterized LOC111256819,SCAFFOLD_3,26873868,26877141,1,1,2023,pedicel_length_cm,FarmCPU,3.09072587452664e-11,1,0,55909,4
LOC101765535,LOC101765535,uncharacterized LOC101765535,SCAFFOLD_9,32033210,32034419,1,1,2024_N120,dtf,FarmCPU,3.92039816639039e-11,1,0,184735,4
LOC101765946,LOC101765946,"",SCAFFOLD_9,32041004,32043962,1,1,2024_N120,dtf,FarmCPU,3.92039816639039e-11,1,0,175192,4
LOC101766217,LOC101766217,"",SCAFFOLD_9,32044504,32046723,1,1,2024_N120,dtf,FarmCPU,3.92039816639039e-11,1,0,172431,4
LOC106804544,LOC106804544,"",SCAFFOLD_9,32047059,32047775,1,1,2024_N120,dtf,FarmCPU,3.92039816639039e-11,1,0,171379,4
LOC101766625,LOC101766625,proline-rich protein 4,SCAFFOLD_9,32054341,32056218,1,1,2024_N120,dtf,FarmCPU,3.92039816639039e-11,1,0,162936,4
LOC101767038,LOC101767038,proline-rich protein 4,SCAFFOLD_9,32084875,32086037,1,1,2024_N120,dtf,FarmCPU,3.92039816639039e-11,1,0,133117,4
LOC101767446,LOC101767446,proline-rich protein 4,SCAFFOLD_9,32101332,32102611,1,1,2024_N120,dtf,FarmCPU,3.92039816639039e-11,1,0,116543,4
LOC101767848,LOC101767848,proline-rich protein 4,SCAFFOLD_9,32108053,32109367,1,1,2024_N120,dtf,FarmCPU,3.92039816639039e-11,1,0,109787,4
LOC101768255,LOC101768255,uncharacterized LOC101768255,SCAFFOLD_9,32140690,32143105,1,1,2024_N120,dtf,FarmCPU,3.92039816639039e-11,1,0,76049,4
LOC101768660,LOC101768660,uncharacterized LOC101768660,SCAFFOLD_9,32146210,32147400,1,1,2024_N120,dtf,FarmCPU,3.92039816639039e-11,1,0,71754,4
LOC101769066,LOC101769066,uncharacterized LOC101769066,SCAFFOLD_9,32193865,32194775,1,1,2024_N120,dtf,FarmCPU,3.92039816639039e-11,1,0,24379,4
LOC101769472,LOC101769472,"uncharacterized LOC101769472, transcript variant X1",SCAFFOLD_9,32196321,32197559,1,1,2024_N120,dtf,FarmCPU,3.92039816639039e-11,1,0,21595,4
LOC101770275,LOC101770275,auxin transporter-like protein 3,SCAFFOLD_9,32200795,32205874,1,1,2024_N120,dtf,FarmCPU,3.92039816639039e-11,1,0,13280,4
LOC101770679,LOC101770679,thaumatin-like protein 1b,SCAFFOLD_9,32257956,32260076,1,1,2024_N120,dtf,FarmCPU,3.92039816639039e-11,1,0,38802,4
LOC101771079,LOC101771079,thaumatin-like protein 1b,SCAFFOLD_9,32359188,32361556,1,1,2024_N120,dtf,FarmCPU,3.92039816639039e-11,1,0,140034,4
LOC101771470,LOC101771470,uncharacterized LOC101771470,SCAFFOLD_9,32389943,32391631,1,1,2024_N120,dtf,FarmCPU,3.92039816639039e-11,1,0,170789,4
LOC101771863,LOC101771863,cytochrome P450 76M5,SCAFFOLD_9,32426850,32428481,1,1,2024_N120,dtf,FarmCPU,3.92039816639039e-11,1,0,207696,4
LOC101757340,LOC101757340,cytochrome P450 709B2,SCAFFOLD_1,33448347,33450533,1,1,2023,thousand_seed_weight_g,BLINK,4.62548432451453e-11,1,0,1761,4
LOC101760163,LOC101760163,"uncharacterized LOC101760163, transcript variant X2",SCAFFOLD_5,21985324,21989217,1,1,2023,dtf,FarmCPU,9.38262612233007e-11,1,0,72607,4
LOC101760568,LOC101760568,"nicotinamide adenine dinucleotide transporter 2, mitochondrial",SCAFFOLD_5,22015787,22024529,1,1,2023,dtf,FarmCPU,9.38262612233007e-11,1,0,37295,4
LOC101786371,LOC101786371,uncharacterized LOC101786371,SCAFFOLD_5,22110608,22115206,1,1,2023,dtf,FarmCPU,9.38262612233007e-11,1,0,48784,4
LOC101753000,LOC101753000,"",SCAFFOLD_4,19583268,19584466,1,1,2023,dtf,FarmCPU,9.52332922075218e-11,1,0,3576,4
LOC101776345,LOC101776345,protein ALTERED XYLOGLUCAN 4,SCAFFOLD_4,9289021,9290695,1,1,2024_N40,height_cm,BLINK,9.7413594508959e-11,1,0,4970,4
LOC101770406,LOC101770406,"protein UPSTREAM OF FLC, transcript variant X3",SCAFFOLD_9,8316127,8320925,1,1,2023,panicle_length_cm,BLINK,1.39303308110261e-10,1,0,121296,4
LOC101784727,LOC101784727,uncharacterized LOC101784727,SCAFFOLD_9,8321667,8322485,1,1,2023,panicle_length_cm,BLINK,1.39303308110261e-10,1,0,119736,4
LOC101771328,LOC101771328,UDP-glycosyltransferase 91D1,SCAFFOLD_9,8324777,8326476,1,1,2023,panicle_length_cm,BLINK,1.39303308110261e-10,1,0,115745,4
LOC101771723,LOC101771723,CLAVATA3/ESR (CLE)-related protein 25,SCAFFOLD_9,8330139,8331721,1,1,2023,panicle_length_cm,BLINK,1.39303308110261e-10,1,0,110500,4
LOC111255747,LOC111255747,"",SCAFFOLD_9,8331414,8332552,1,1,2023,panicle_length_cm,BLINK,1.39303308110261e-10,1,0,109669,4
LOC101772128,LOC101772128,beta-glucuronosyltransferase GlcAT14B,SCAFFOLD_9,8340348,8343328,1,1,2023,panicle_length_cm,BLINK,1.39303308110261e-10,1,0,98893,4
LOC101785119,LOC101785119,HIPL1 protein,SCAFFOLD_9,8345029,8350609,1,1,2023,panicle_length_cm,BLINK,1.39303308110261e-10,1,0,91612,4
LOC101772534,LOC101772534,uncharacterized protein At4g38062,SCAFFOLD_9,8357694,8361509,1,1,2023,panicle_length_cm,BLINK,1.39303308110261e-10,1,0,80712,4
LOC101772939,LOC101772939,"1,4-dihydroxy-2-naphthoyl-CoA thioesterase 1, transcript variant X1",SCAFFOLD_9,8367075,8373673,1,1,2023,panicle_length_cm,BLINK,1.39303308110261e-10,1,0,68548,4
LOC101773638,LOC101773638,uncharacterized LOC101773638,SCAFFOLD_9,8407821,8408336,1,1,2023,panicle_length_cm,BLINK,1.39303308110261e-10,1,0,33885,4
LOC101774043,LOC101774043,costars family protein,SCAFFOLD_9,8416471,8419040,1,1,2023,panicle_length_cm,BLINK,1.39303308110261e-10,1,0,23181,4
LOC101774452,LOC101774452,tetratricopeptide repeat protein 38,SCAFFOLD_9,8423699,8428653,1,1,2023,panicle_length_cm,BLINK,1.39303308110261e-10,1,0,13568,4
LOC101774847,LOC101774847,polygalacturonate 4-alpha-galacturonosyltransferase-like,SCAFFOLD_9,8429594,8434818,1,1,2023,panicle_length_cm,BLINK,1.39303308110261e-10,1,0,7403,4
LOC111258419,LOC111258419,uncharacterized LOC111258419,SCAFFOLD_9,8444889,8448892,1,1,2023,panicle_length_cm,BLINK,1.39303308110261e-10,1,0,2668,4
LOC101775251,LOC101775251,uncharacterized LOC101775251,SCAFFOLD_9,8451772,8459979,1,1,2023,panicle_length_cm,BLINK,1.39303308110261e-10,1,0,9551,4
LOC101776335,LOC101776335,putative disease resistance RPP13-like protein 1,SCAFFOLD_9,8460441,8466547,1,1,2023,panicle_length_cm,BLINK,1.39303308110261e-10,1,0,18220,4
LOC101777828,LOC101777828,"putative disease resistance RPP13-like protein 1, transcript variant X1",SCAFFOLD_9,8481409,8488407,1,1,2023,panicle_length_cm,BLINK,1.39303308110261e-10,1,0,39188,4
LOC111255903,LOC111255903,"",SCAFFOLD_9,8508039,8509121,1,1,2023,panicle_length_cm,BLINK,1.39303308110261e-10,1,0,65818,4
LOC111258420,LOC111258420,putative disease resistance protein RGA3,SCAFFOLD_9,8509773,8510387,1,1,2023,panicle_length_cm,BLINK,1.39303308110261e-10,1,0,67552,4
LOC111258421,LOC111258421,uncharacterized LOC111258421,SCAFFOLD_9,8524096,8525300,1,1,2023,panicle_length_cm,BLINK,1.39303308110261e-10,1,0,81875,4
LOC101777150,LOC101777150,"putative disease resistance RPP13-like protein 1, transcript variant X3",SCAFFOLD_9,8525297,8540812,1,1,2023,panicle_length_cm,BLINK,1.39303308110261e-10,1,0,83076,4
LOC111255902,LOC111255902,"",SCAFFOLD_9,8540938,8547758,1,1,2023,panicle_length_cm,BLINK,1.39303308110261e-10,1,0,98717,4
LOC101778509,LOC101778509,plasma membrane ATPase 1,SCAFFOLD_9,8548207,8555362,1,1,2023,panicle_length_cm,BLINK,1.39303308110261e-10,1,0,105986,4
LOC101778915,LOC101778915,"inositol hexakisphosphate and diphosphoinositol-pentakisphosphate kinase VIP2, transcript variant X2",SCAFFOLD_9,8559092,8576603,1,1,2023,panicle_length_cm,BLINK,1.39303308110261e-10,1,0,116871,4
LOC101779325,LOC101779325,embryonic stem cell-specific 5-hydroxymethylcytosine-binding protein,SCAFFOLD_9,8582525,8589433,1,1,2023,panicle_length_cm,BLINK,1.39303308110261e-10,1,0,140304,4
LOC111255946,LOC111255946,uncharacterized LOC111255946,SCAFFOLD_9,8589993,8591388,1,1,2023,panicle_length_cm,BLINK,1.39303308110261e-10,1,0,147772,4
LOC101779715,LOC101779715,calcium-dependent protein kinase 9,SCAFFOLD_9,8599269,8603404,1,1,2023,panicle_length_cm,BLINK,1.39303308110261e-10,1,0,157048,4
LOC101780116,LOC101780116,"glycine, alanine and asparagine-rich protein",SCAFFOLD_9,8605264,8610351,1,1,2023,panicle_length_cm,BLINK,1.39303308110261e-10,1,0,163043,4
LOC101752586,LOC101752586,cell division control protein 2 homolog 3,SCAFFOLD_9,8612005,8612472,1,1,2023,panicle_length_cm,BLINK,1.39303308110261e-10,1,0,169784,4
LOC101781060,LOC101781060,formin-like protein 14,SCAFFOLD_9,8615838,8620659,1,1,2023,panicle_length_cm,BLINK,1.39303308110261e-10,1,0,173617,4
LOC101780516,LOC101780516,"uncharacterized LOC101780516, transcript variant X3",SCAFFOLD_9,8620979,8623953,1,1,2023,panicle_length_cm,BLINK,1.39303308110261e-10,1,0,178758,4
LOC101764451,LOC101764451,cytochrome P450 89A2,SCAFFOLD_9,13656216,13658375,1,1,2024_N120,dtf,BLINK,4.07854522353028e-10,1,0,11456,4
LOC101755103,LOC101755103,probable WRKY transcription factor 56,SCAFFOLD_3,12588477,12589583,1,1,2024_N120,protein_pct,BLINK,4.42935471781509e-10,1,0,1833,4
LOC101759939,LOC101759939,"uncharacterized LOC101759939, transcript variant X1",SCAFFOLD_2,23093439,23100825,1,1,2023,dtf,FarmCPU,5.39319018122598e-10,1,0,2824,4
LOC101755538,LOC101755538,ankyrin repeat-containing protein NPR4,SCAFFOLD_4,22442531,22446657,1,1,2024_N120,number_of_tillers,BLINK,6.33251257556116e-10,1,0,85488,4
LOC101756095,LOC101756095,"ABC transporter G family member 25, transcript variant X1",SCAFFOLD_9,18591424,18601641,1,1,2024_N120,days_to_harvest,FarmCPU,6.7843992501043e-10,1,0,6233,4
LOC101769915,LOC101769915,"tRNA pseudouridine synthase A 1, transcript variant X1",SCAFFOLD_1,21712242,21719935,1,1,2024_N120,height_cm,FarmCPU,7.47934117675004e-10,1,0,5044,4
LOC101761749,LOC101761749,"aldehyde dehydrogenase family 2 member B7, mitochondrial",SCAFFOLD_4,12210492,12216417,1,1,2024_N40,dtf,BLINK,7.66923554209484e-10,1,0,6742,4
LOC101769328,LOC101769328,uncharacterized LOC101769328,SCAFFOLD_3,34133868,34135397,1,1,2024_N120,height_cm,FarmCPU,9.80814871945326e-10,1,0,45575,4
LOC105914083,LOC105914083,"",SCAFFOLD_3,34135397,34137699,1,1,2024_N120,height_cm,FarmCPU,9.80814871945326e-10,1,0,43273,4
LOC105914090,LOC105914090,cell number regulator 6-like,SCAFFOLD_3,34140163,34140973,1,1,2024_N120,height_cm,FarmCPU,9.80814871945326e-10,1,0,39999,4
LOC101768103,LOC101768103,sulfite oxidase,SCAFFOLD_3,34160651,34163895,1,1,2024_N120,height_cm,FarmCPU,9.80814871945326e-10,1,0,17077,4
LOC101768505,LOC101768505,uncharacterized LOC101768505,SCAFFOLD_3,34190166,34195216,1,1,2024_N120,height_cm,FarmCPU,9.80814871945326e-10,1,0,9194,4
LOC101768903,LOC101768903,cytochrome P450 94B3,SCAFFOLD_3,34210441,34212279,1,1,2024_N120,height_cm,FarmCPU,9.80814871945326e-10,1,0,29469,4
LOC101769315,LOC101769315,"proline--tRNA ligase, cytoplasmic",SCAFFOLD_3,34217542,34225716,1,1,2024_N120,height_cm,FarmCPU,9.80814871945326e-10,1,0,36570,4
LOC101770140,LOC101770140,wall-associated receptor kinase 4,SCAFFOLD_3,34238077,34242291,1,1,2024_N120,height_cm,FarmCPU,9.80814871945326e-10,1,0,57105,4
LOC101769719,LOC101769719,"wall-associated receptor kinase 2, transcript variant X2",SCAFFOLD_3,34264025,34268020,1,1,2024_N120,height_cm,FarmCPU,9.80814871945326e-10,1,0,83053,4
LOC101770520,LOC101770520,"ATPase family AAA domain-containing protein FIGL1, transcript variant X4",SCAFFOLD_3,34275864,34283619,1,1,2024_N120,height_cm,FarmCPU,9.80814871945326e-10,1,0,94892,4
LOC101770127,LOC101770127,disease resistance protein RGA2,SCAFFOLD_3,34290621,34292374,1,1,2024_N120,height_cm,FarmCPU,9.80814871945326e-10,1,0,109649,4
LOC101770930,LOC101770930,"uncharacterized LOC101770930, transcript variant X2",SCAFFOLD_3,34292631,34296478,1,1,2024_N120,height_cm,FarmCPU,9.80814871945326e-10,1,0,111659,4
LOC111256625,LOC111256625,"",SCAFFOLD_3,34303567,34304472,1,1,2024_N120,height_cm,FarmCPU,9.80814871945326e-10,1,0,122595,4
LOC101771320,LOC101771320,chloride channel protein CLC-a,SCAFFOLD_3,34305380,34308584,1,1,2024_N120,height_cm,FarmCPU,9.80814871945326e-10,1,0,124408,4
LOC101771998,LOC101771998,probable signal peptidase complex subunit 1,SCAFFOLD_3,34326922,34327798,1,1,2024_N120,height_cm,FarmCPU,9.80814871945326e-10,1,0,145950,4
LOC101772400,LOC101772400,"polygalacturonase At1g48100, transcript variant X2",SCAFFOLD_3,34365379,34367751,1,1,2024_N120,height_cm,FarmCPU,9.80814871945326e-10,1,0,184407,4
LOC101772805,LOC101772805,"",SCAFFOLD_3,34367982,34370807,1,1,2024_N120,height_cm,FarmCPU,9.80814871945326e-10,1,0,187010,4
LOC101774112,LOC101774112,probable leucine-rich repeat receptor-like protein kinase At1g35710,SCAFFOLD_6,29440606,29445798,1,1,2024_N40,days_to_harvest,FarmCPU,1.17728197308711e-09,1,0,10414,4
LOC101777572,LOC101777572,uncharacterized LOC101777572,SCAFFOLD_4,19612929,19637516,1,1,2023,dtf,FarmCPU,2.36437354586344e-09,1,0,16025,4
LOC111257214,LOC111257214,uncharacterized LOC111257214,SCAFFOLD_5,43621029,43623132,1,1,2024_N40,number_of_tillers,FarmCPU,2.45875894950235e-09,1,0,174023,4
LOC101760986,LOC101760986,"",SCAFFOLD_5,43622632,43626615,1,1,2024_N40,number_of_tillers,FarmCPU,2.45875894950235e-09,1,0,170540,4
LOC101761253,LOC101761253,calreticulin-3,SCAFFOLD_5,43630973,43635079,1,1,2024_N40,number_of_tillers,FarmCPU,2.45875894950235e-09,1,0,162076,4
LOC101761645,LOC101761645,RHOMBOID-like protein 13,SCAFFOLD_5,43635625,43637007,1,1,2024_N40,number_of_tillers,FarmCPU,2.45875894950235e-09,1,0,160148,4
LOC101762056,LOC101762056,proteasome subunit beta type-7-A,SCAFFOLD_5,43637839,43641960,1,1,2024_N40,number_of_tillers,FarmCPU,2.45875894950235e-09,1,0,155195,4
LOC101769111,LOC101769111,cytochrome b561 and DOMON domain-containing protein At3g07570-like,SCAFFOLD_5,43643956,43645604,1,1,2024_N40,number_of_tillers,FarmCPU,2.45875894950235e-09,1,0,151551,4
LOC101762474,LOC101762474,"probable membrane-associated 30 kDa protein, chloroplastic",SCAFFOLD_5,43646645,43651254,1,1,2024_N40,number_of_tillers,FarmCPU,2.45875894950235e-09,1,0,145901,4
LOC101763287,LOC101763287,protein IQ-DOMAIN 14,SCAFFOLD_5,43656303,43659672,1,1,2024_N40,number_of_tillers,FarmCPU,2.45875894950235e-09,1,0,137483,4
LOC101769514,LOC101769514,chromatin assembly factor 1 subunit FSM,SCAFFOLD_5,43663530,43668220,1,1,2024_N40,number_of_tillers,FarmCPU,2.45875894950235e-09,1,0,128935,4
LOC101763693,LOC101763693,uncharacterized LOC101763693,SCAFFOLD_5,43669114,43669955,1,1,2024_N40,number_of_tillers,FarmCPU,2.45875894950235e-09,1,0,127200,4
LOC101764087,LOC101764087,uncharacterized LOC101764087,SCAFFOLD_5,43670554,43675197,1,1,2024_N40,number_of_tillers,FarmCPU,2.45875894950235e-09,1,0,121958,4
LOC101764495,LOC101764495,60S ribosomal protein L5-1,SCAFFOLD_5,43684592,43687540,1,1,2024_N40,number_of_tillers,FarmCPU,2.45875894950235e-09,1,0,109615,4
LOC101764908,LOC101764908,"uncharacterized LOC101764908, transcript variant X1",SCAFFOLD_5,43693522,43697121,1,1,2024_N40,number_of_tillers,FarmCPU,2.45875894950235e-09,1,0,100034,4
LOC101765985,LOC101765985,ribonuclease 2,SCAFFOLD_5,43697579,43701369,1,1,2024_N40,number_of_tillers,FarmCPU,2.45875894950235e-09,1,0,95786,4
LOC101765571,LOC101765571,ribonuclease 2,SCAFFOLD_5,43701564,43705042,1,1,2024_N40,number_of_tillers,FarmCPU,2.45875894950235e-09,1,0,92113,4
LOC101766393,LOC101766393,"transcription termination factor MTERF6, chloroplastic/mitochondrial, transcript variant X2",SCAFFOLD_5,43714649,43716691,1,1,2024_N40,number_of_tillers,FarmCPU,2.45875894950235e-09,1,0,80464,4
LOC101767351,LOC101767351,50S ribosomal protein L13,SCAFFOLD_5,43724646,43727499,1,1,2024_N40,number_of_tillers,FarmCPU,2.45875894950235e-09,1,0,69656,4
LOC101767748,LOC101767748,"pentatricopeptide repeat-containing protein At3g02650, mitochondrial, transcript variant X2",SCAFFOLD_5,43727998,43732910,1,1,2024_N40,number_of_tillers,FarmCPU,2.45875894950235e-09,1,0,64245,4
LOC101768820,LOC101768820,beta-glucosidase 4,SCAFFOLD_5,43733923,43740635,1,1,2024_N40,number_of_tillers,FarmCPU,2.45875894950235e-09,1,0,56520,4
LOC101768419,LOC101768419,formin-like protein 1,SCAFFOLD_5,43743512,43747617,1,1,2024_N40,number_of_tillers,FarmCPU,2.45875894950235e-09,1,0,49538,4
LOC101769240,LOC101769240,sister chromatid cohesion 1 protein 4,SCAFFOLD_5,43760089,43768132,1,1,2024_N40,number_of_tillers,FarmCPU,2.45875894950235e-09,1,0,29023,4
LOC105913490,LOC105913490,uncharacterized LOC105913490,SCAFFOLD_5,43771766,43775050,1,1,2024_N40,number_of_tillers,FarmCPU,2.45875894950235e-09,1,0,22105,4
LOC101769911,LOC101769911,"uncharacterized LOC101769911, transcript variant X1",SCAFFOLD_5,43787389,43794532,1,1,2024_N40,number_of_tillers,FarmCPU,2.45875894950235e-09,1,0,2623,4
LOC101772047,LOC101772047,uncharacterized LOC101772047,SCAFFOLD_5,43804407,43806869,1,1,2024_N40,number_of_tillers,FarmCPU,2.45875894950235e-09,1,0,7252,4
LOC101772454,LOC101772454,"CMP-sialic acid transporter 3, transcript variant X4",SCAFFOLD_5,43808070,43814346,1,1,2024_N40,number_of_tillers,FarmCPU,2.45875894950235e-09,1,0,10915,4
LOC101773397,LOC101773397,"PTI1-like tyrosine-protein kinase 1, transcript variant X3",SCAFFOLD_5,43814658,43819078,1,1,2024_N40,number_of_tillers,FarmCPU,2.45875894950235e-09,1,0,17503,4
LOC101771920,LOC101771920,probable methyltransferase PMT19,SCAFFOLD_5,43820104,43824093,1,1,2024_N40,number_of_tillers,FarmCPU,2.45875894950235e-09,1,0,22949,4
LOC101774896,LOC101774896,"uncharacterized protein At3g49140, transcript variant X4",SCAFFOLD_5,43825814,43831434,1,1,2024_N40,number_of_tillers,FarmCPU,2.45875894950235e-09,1,0,28659,4
LOC101775833,LOC101775833,extensin-2,SCAFFOLD_5,43833572,43835619,1,1,2024_N40,number_of_tillers,FarmCPU,2.45875894950235e-09,1,0,36417,4
LOC111257211,LOC111257211,"",SCAFFOLD_5,43835481,43836266,1,1,2024_N40,number_of_tillers,FarmCPU,2.45875894950235e-09,1,0,38326,4
LOC101776233,LOC101776233,AP2-like ethylene-responsive transcription factor BBM2,SCAFFOLD_5,43836462,43840716,1,1,2024_N40,number_of_tillers,FarmCPU,2.45875894950235e-09,1,0,39307,4
LOC101776635,LOC101776635,"uncharacterized LOC101776635, transcript variant X1",SCAFFOLD_5,43851571,43858183,1,1,2024_N40,number_of_tillers,FarmCPU,2.45875894950235e-09,1,0,54416,4
LOC101772736,LOC101772736,"phospholipase A1 EG1, chloroplastic/mitochondrial",SCAFFOLD_5,43884740,43886329,1,1,2024_N40,number_of_tillers,FarmCPU,2.45875894950235e-09,1,0,87585,4
LOC101773147,LOC101773147,"phospholipase A1 EG1, chloroplastic/mitochondrial",SCAFFOLD_5,43899846,43901396,1,1,2024_N40,number_of_tillers,FarmCPU,2.45875894950235e-09,1,0,102691,4
LOC101777326,LOC101777326,transcription factor bHLH128,SCAFFOLD_5,43912798,43916592,1,1,2024_N40,number_of_tillers,FarmCPU,2.45875894950235e-09,1,0,115643,4
LOC101777741,LOC101777741,OTU domain-containing protein At3g57810,SCAFFOLD_5,43916734,43918872,1,1,2024_N40,number_of_tillers,FarmCPU,2.45875894950235e-09,1,0,119579,4
LOC111255899,LOC111255899,"",SCAFFOLD_9,4631629,4632305,1,1,2024_N120,protein_pct,FarmCPU,2.53411086367089e-09,1,0,4490,4
LOC101773463,LOC101773463,7-deoxyloganetin glucosyltransferase,SCAFFOLD_8,39115471,39117285,1,1,2024_N40,dtf,FarmCPU,3.17440788572453e-09,1,0,25437,4
LOC111258287,LOC111258287,"",SCAFFOLD_8,39123493,39124905,1,1,2024_N40,dtf,FarmCPU,3.17440788572453e-09,1,0,17817,4
LOC101775825,LOC101775825,"",SCAFFOLD_5,18693529,18697207,1,1,2024_N120,protein_pct,FarmCPU,3.45936230646084e-09,1,0,5994,4
LOC101785510,LOC101785510,probable galacturonosyltransferase 14,SCAFFOLD_9,53160494,53166160,1,1,2024_N120,number_of_tillers,FarmCPU,3.642800865761e-09,1,0,8930,4
LOC101785921,LOC101785921,"heparanase-like protein 1, transcript variant X2",SCAFFOLD_9,53166966,53171646,1,1,2024_N120,number_of_tillers,FarmCPU,3.642800865761e-09,1,0,3444,4
LOC101760090,LOC101760090,dehydrin DHN1,SCAFFOLD_8,21292717,21293731,1,1,2024_N120,number_of_tillers,BLINK,4.8342189664801e-09,1,0,13276,4
LOC111257680,LOC111257680,"",SCAFFOLD_6,30794678,30795663,1,1,2023,pedicel_length_cm,FarmCPU,4.84041346027644e-09,1,0,3625,4
LOC101773407,LOC101773407,protein DOG1-like 2,SCAFFOLD_5,37464108,37465150,1,1,2023,dtf,FarmCPU,5.27609509624112e-09,1,0,20088,4
LOC101768415,LOC101768415,CBL-interacting protein kinase 30,SCAFFOLD_5,37487888,37489870,1,1,2023,dtf,FarmCPU,5.27609509624112e-09,1,0,2650,4
LOC101767656,LOC101767656,uncharacterized LOC101767656,SCAFFOLD_2,27426760,27428379,1,1,2024_N40,number_of_tillers,BLINK,5.79667667323686e-09,1,0,33198,4
LOC101756835,LOC101756835,skin secretory protein xP2-like,SCAFFOLD_7,7025243,7027680,1,1,2024_N40,days_to_harvest,FarmCPU,6.89518671708139e-09,1,0,30418,4
LOC111257819,LOC111257819,"",SCAFFOLD_7,7058424,7058803,1,1,2024_N40,days_to_harvest,FarmCPU,6.89518671708139e-09,1,0,326,4
LOC101755834,LOC101755834,xyloglucan endotransglucosylase/hydrolase protein 31-like,SCAFFOLD_9,8938966,8941339,1,1,2024_N40,height_cm,FarmCPU,9.50099147279939e-09,1,0,73372,4
LOC101761078,LOC101761078,"phosphomethylpyrimidine synthase, chloroplastic, transcript variant X3",SCAFFOLD_9,8942309,8948944,1,1,2024_N40,height_cm,FarmCPU,9.50099147279939e-09,1,0,65767,4
LOC101757682,LOC101757682,pre-mRNA splicing factor SR-like 1,SCAFFOLD_4,2052390,2056616,1,1,2024_N40,number_of_tillers,BLINK,9.5048299176697e-09,1,0,72767,4
LOC101758505,LOC101758505,probable protein S-acyltransferase 1,SCAFFOLD_4,2057418,2061390,1,1,2024_N40,number_of_tillers,BLINK,9.5048299176697e-09,1,0,67993,4
LOC101758091,LOC101758091,uncharacterized LOC101758091,SCAFFOLD_4,2061288,2062423,1,1,2024_N40,number_of_tillers,BLINK,9.5048299176697e-09,1,0,66960,4
LOC101758912,LOC101758912,uncharacterized LOC101758912,SCAFFOLD_4,2062804,2067977,1,1,2024_N40,number_of_tillers,BLINK,9.5048299176697e-09,1,0,61406,4
LOC106804256,LOC106804256,uncharacterized LOC106804256,SCAFFOLD_4,2087987,2089568,1,1,2024_N40,number_of_tillers,BLINK,9.5048299176697e-09,1,0,39815,4
LOC101759308,LOC101759308,"cinnamoyl-CoA reductase 1, transcript variant X1",SCAFFOLD_4,2094141,2097722,1,1,2024_N40,number_of_tillers,BLINK,9.5048299176697e-09,1,0,31661,4
LOC101759717,LOC101759717,DNA-repair protein XRCC1,SCAFFOLD_4,2099180,2103187,1,1,2024_N40,number_of_tillers,BLINK,9.5048299176697e-09,1,0,26196,4
LOC101760125,LOC101760125,"coatomer subunit beta'-1, transcript variant X2",SCAFFOLD_4,2103968,2112816,1,1,2024_N40,number_of_tillers,BLINK,9.5048299176697e-09,1,0,16567,4
LOC111257104,LOC111257104,sulfated surface glycoprotein 185-like,SCAFFOLD_4,2149995,2151466,1,1,2024_N40,number_of_tillers,BLINK,9.5048299176697e-09,1,0,20612,4
LOC101761219,LOC101761219,eukaryotic translation initiation factor 3 subunit G,SCAFFOLD_4,2152655,2154846,1,1,2024_N40,number_of_tillers,BLINK,9.5048299176697e-09,1,0,23272,4
LOC101761607,LOC101761607,uridylate kinase,SCAFFOLD_4,2158535,2161834,1,1,2024_N40,number_of_tillers,BLINK,9.5048299176697e-09,1,0,29152,4
LOC101762019,LOC101762019,"carboxypeptidase SOL1, transcript variant X1",SCAFFOLD_4,2162178,2168896,1,1,2024_N40,number_of_tillers,BLINK,9.5048299176697e-09,1,0,32795,4
TRNAG-GCC-10,TRNAG-GCC,"",SCAFFOLD_4,2169006,2169076,1,1,2024_N40,number_of_tillers,BLINK,9.5048299176697e-09,1,0,39623,4
LOC101762438,LOC101762438,"translation factor GUF1 homolog, mitochondrial",SCAFFOLD_4,2169237,2174683,1,1,2024_N40,number_of_tillers,BLINK,9.5048299176697e-09,1,0,39854,4
LOC101766628,LOC101766628,uncharacterized LOC101766628,SCAFFOLD_4,6193737,6195357,1,1,2023,thousand_seed_weight_g,BLINK,1.34365699085726e-08,1,0,38977,4
LOC101767448,LOC101767448,"alternative NAD(P)H-ubiquinone oxidoreductase C1, chloroplastic/mitochondrial, transcript variant X1",SCAFFOLD_4,6199897,6207306,1,1,2023,thousand_seed_weight_g,BLINK,1.34365699085726e-08,1,0,27028,4
LOC101767040,LOC101767040,2-hydroxyisoflavanone dehydratase,SCAFFOLD_4,6207539,6208870,1,1,2023,thousand_seed_weight_g,BLINK,1.34365699085726e-08,1,0,25464,4
LOC101768124,LOC101768124,"tuliposide A-converting enzyme 1, chloroplastic",SCAFFOLD_4,6213957,6215120,1,1,2023,thousand_seed_weight_g,BLINK,1.34365699085726e-08,1,0,19214,4
LOC101768527,LOC101768527,2-hydroxyisoflavanone dehydratase,SCAFFOLD_4,6218410,6219604,1,1,2023,thousand_seed_weight_g,BLINK,1.34365699085726e-08,1,0,14730,4
LOC101768926,LOC101768926,probable carboxylesterase 7,SCAFFOLD_4,6220775,6222684,1,1,2023,thousand_seed_weight_g,BLINK,1.34365699085726e-08,1,0,11650,4
LOC101769338,LOC101769338,"tuliposide A-converting enzyme 1, chloroplastic",SCAFFOLD_4,6227268,6228661,1,1,2023,thousand_seed_weight_g,BLINK,1.34365699085726e-08,1,0,5673,4
LOC101769739,LOC101769739,"26.2 kDa heat shock protein, mitochondrial",SCAFFOLD_4,6236642,6237890,1,1,2023,thousand_seed_weight_g,BLINK,1.34365699085726e-08,1,0,2308,4
LOC101770149,LOC101770149,"uncharacterized LOC101770149, transcript variant X2",SCAFFOLD_4,6238577,6243097,1,1,2023,thousand_seed_weight_g,BLINK,1.34365699085726e-08,1,0,4243,4
LOC101770830,LOC101770830,uncharacterized LOC101770830,SCAFFOLD_4,6248213,6248895,1,1,2023,thousand_seed_weight_g,BLINK,1.34365699085726e-08,1,0,13879,4
LOC101771217,LOC101771217,cyclin-dependent kinase inhibitor 1,SCAFFOLD_4,6278426,6280112,1,1,2023,thousand_seed_weight_g,BLINK,1.34365699085726e-08,1,0,44092,4
LOC101771616,LOC101771616,uncharacterized LOC101771616,SCAFFOLD_4,6285645,6290272,1,1,2023,thousand_seed_weight_g,BLINK,1.34365699085726e-08,1,0,51311,4
LOC101772020,LOC101772020,uncharacterized LOC101772020,SCAFFOLD_4,6293017,6293668,1,1,2023,thousand_seed_weight_g,BLINK,1.34365699085726e-08,1,0,58683,4
LOC101765414,LOC101765414,glutathione S-transferase T3-like,SCAFFOLD_4,6296153,6297673,1,1,2023,thousand_seed_weight_g,BLINK,1.34365699085726e-08,1,0,61819,4
LOC101772423,LOC101772423,uncharacterized LOC101772423,SCAFFOLD_4,6309164,6309740,1,1,2023,thousand_seed_weight_g,BLINK,1.34365699085726e-08,1,0,74830,4
LOC101765814,LOC101765814,protein FAR1-RELATED SEQUENCE 5,SCAFFOLD_4,6316541,6319769,1,1,2023,thousand_seed_weight_g,BLINK,1.34365699085726e-08,1,0,82207,4
LOC101772825,LOC101772825,trafficking protein particle complex II-specific subunit 130 homolog,SCAFFOLD_4,6338601,6348550,1,1,2023,thousand_seed_weight_g,BLINK,1.34365699085726e-08,1,0,104267,4
LOC101773237,LOC101773237,"protein TIC 22, chloroplastic",SCAFFOLD_4,6362660,6366728,1,1,2023,thousand_seed_weight_g,BLINK,1.34365699085726e-08,1,0,128326,4
LOC101766641,LOC101766641,probable fucosyltransferase 7,SCAFFOLD_4,6366891,6369708,1,1,2023,thousand_seed_weight_g,BLINK,1.34365699085726e-08,1,0,132557,4
LOC101773647,LOC101773647,galactoside 2-alpha-L-fucosyltransferase,SCAFFOLD_4,6373323,6375193,1,1,2023,thousand_seed_weight_g,BLINK,1.34365699085726e-08,1,0,138989,4
LOC101767055,LOC101767055,probable fucosyltransferase 7,SCAFFOLD_4,6382700,6384619,1,1,2023,thousand_seed_weight_g,BLINK,1.34365699085726e-08,1,0,148366,4
LOC101767463,LOC101767463,galactoside 2-alpha-L-fucosyltransferase,SCAFFOLD_4,6390475,6393045,1,1,2023,thousand_seed_weight_g,BLINK,1.34365699085726e-08,1,0,156141,4
LOC101785265,LOC101785265,ABC transporter G family member 36,SCAFFOLD_5,28156007,28163277,1,1,2024_N120,dtf,FarmCPU,1.39073375893927e-08,1,0,6556,4
LOC111257755,LOC111257755,"",SCAFFOLD_6,14328650,14329427,1,1,2024_N120,dtf,FarmCPU,1.39239515773239e-08,1,0,37255,4
LOC111257402,LOC111257402,"",SCAFFOLD_1,3694312,3700461,1,1,2024_N120,days_to_harvest,FarmCPU,1.46299187422321e-08,1,0,3366,4
LOC101782393,LOC101782393,putative mediator of RNA polymerase II transcription subunit 26,SCAFFOLD_3,39192608,39197261,1,1,2023,pedicel_length_cm,BLINK,1.564704752813e-08,1,0,75173,4
LOC101759715,LOC101759715,pectate lyase,SCAFFOLD_3,39250817,39252765,1,1,2023,pedicel_length_cm,BLINK,1.564704752813e-08,1,0,19669,4
LOC101760532,LOC101760532,"putative disease resistance RPP13-like protein 3, transcript variant X2",SCAFFOLD_3,39275414,39285331,1,1,2023,pedicel_length_cm,BLINK,1.564704752813e-08,1,0,2980,4
LOC101783486,LOC101783486,putative E3 ubiquitin-protein ligase SINA-like 9,SCAFFOLD_3,39299050,39302513,1,1,2023,pedicel_length_cm,BLINK,1.564704752813e-08,1,0,26616,4
LOC101784557,LOC101784557,ABC transporter F family member 1,SCAFFOLD_3,39341506,39345233,1,1,2023,pedicel_length_cm,BLINK,1.564704752813e-08,1,0,69072,4
LOC101785354,LOC101785354,"wall-associated receptor kinase 2-like, transcript variant X1",SCAFFOLD_3,39347924,39365108,1,1,2023,pedicel_length_cm,BLINK,1.564704752813e-08,1,0,75490,4
LOC101760949,LOC101760949,putative cyclin-dependent kinase F-2,SCAFFOLD_3,39423703,39424743,1,1,2023,pedicel_length_cm,BLINK,1.564704752813e-08,1,0,151269,4
LOC105914094,LOC105914094,"",SCAFFOLD_3,38332774,38334238,1,1,2024_N120,height_cm,FarmCPU,1.65758644658829e-08,1,0,7073,4
LOC101773891,LOC101773891,"uncharacterized LOC101773891, transcript variant X2",SCAFFOLD_3,38359656,38364300,1,1,2024_N120,height_cm,FarmCPU,1.65758644658829e-08,1,0,18345,4
LOC101782944,LOC101782944,"ent-kaur-16-ene synthase, chloroplastic-like",SCAFFOLD_3,38442953,38446903,1,1,2024_N120,height_cm,FarmCPU,1.65758644658829e-08,1,0,101642,4
LOC111256835,LOC111256835,"",SCAFFOLD_3,38487434,38488350,1,1,2024_N120,height_cm,FarmCPU,1.65758644658829e-08,1,0,146123,4
LOC111256656,LOC111256656,"",SCAFFOLD_3,38501053,38502536,1,1,2024_N120,height_cm,FarmCPU,1.65758644658829e-08,1,0,159742,4
LOC105914131,LOC105914131,zinc finger BED domain-containing protein RICESLEEPER 2-like,SCAFFOLD_3,38510780,38516102,1,1,2024_N120,height_cm,FarmCPU,1.65758644658829e-08,1,0,169469,4
LOC111256679,LOC111256679,"",SCAFFOLD_3,38538851,38540493,1,1,2024_N120,height_cm,FarmCPU,1.65758644658829e-08,1,0,197540,4
LOC101753252,LOC101753252,patatin-like protein 7,SCAFFOLD_9,51015981,51018303,1,1,2024_N40,number_of_tillers,FarmCPU,1.69010219090244e-08,1,0,8802,4
LOC101753663,LOC101753663,"",SCAFFOLD_9,51024256,51026318,1,1,2024_N40,number_of_tillers,FarmCPU,1.69010219090244e-08,1,0,787,4
LOC101753931,LOC101753931,uncharacterized LOC101753931,SCAFFOLD_9,51031344,51035315,1,1,2024_N40,number_of_tillers,FarmCPU,1.69010219090244e-08,1,0,4239,4
LOC101754328,LOC101754328,disease resistance protein RPS2,SCAFFOLD_9,51039663,51043646,1,1,2024_N40,number_of_tillers,FarmCPU,1.69010219090244e-08,1,0,12558,4
LOC101754730,LOC101754730,"probable mitochondrial import inner membrane translocase subunit TIM21, transcript variant X2",SCAFFOLD_9,51044092,51050813,1,1,2024_N40,number_of_tillers,FarmCPU,1.69010219090244e-08,1,0,16987,4
LOC101755137,LOC101755137,uncharacterized LOC101755137,SCAFFOLD_9,51054691,51056167,1,1,2024_N40,number_of_tillers,FarmCPU,1.69010219090244e-08,1,0,27586,4
LOC101767336,LOC101767336,protein MOS2,SCAFFOLD_9,51058667,51059944,1,1,2024_N40,number_of_tillers,FarmCPU,1.69010219090244e-08,1,0,31562,4
LOC101755541,LOC101755541,ubiquitin-fold modifier-conjugating enzyme 1,SCAFFOLD_9,51062338,51063233,1,1,2024_N40,number_of_tillers,FarmCPU,1.69010219090244e-08,1,0,35233,4
LOC101755946,LOC101755946,"protein MOS2, transcript variant X1",SCAFFOLD_9,51063397,51067718,1,1,2024_N40,number_of_tillers,FarmCPU,1.69010219090244e-08,1,0,36292,4
LOC111258280,LOC111258280,"",SCAFFOLD_8,1904501,1908364,1,1,2023,pedicel_length_cm,BLINK,1.7226761195921e-08,1,0,5907,4
LOC101782925,LOC101782925,seipin-1,SCAFFOLD_8,1910199,1912260,1,1,2023,pedicel_length_cm,BLINK,1.7226761195921e-08,1,0,2011,4
LOC101776565,LOC101776565,phytosulfokines 5,SCAFFOLD_8,1918199,1919089,1,1,2023,pedicel_length_cm,BLINK,1.7226761195921e-08,1,0,3928,4
LOC101768523,LOC101768523,NADH dehydrogenase [ubiquinone] 1 beta subcomplex subunit 10-A,SCAFFOLD_9,35701492,35703846,1,1,2024_N120,height_cm,BLINK,1.79086618956535e-08,1,0,2536,4
LOC101758481,LOC101758481,random slug protein 5,SCAFFOLD_3,32455659,32458283,1,1,2024_N40,height_cm,FarmCPU,1.89795466909857e-08,1,0,5905,4
LOC101758778,LOC101758778,alpha-ketoglutarate-dependent dioxygenase alkB homolog 6,SCAFFOLD_9,22298774,22301265,1,1,2024_N40,dtf,FarmCPU,2.45265423763399e-08,1,0,35579,4
LOC101759591,LOC101759591,probable flavin-containing monooxygenase 1,SCAFFOLD_9,22339155,22341617,1,1,2024_N40,dtf,FarmCPU,2.45265423763399e-08,1,0,75960,4
LOC101771759,LOC101771759,neurogenic locus notch homolog protein 3,SCAFFOLD_9,22364350,22365469,1,1,2024_N40,dtf,FarmCPU,2.45265423763399e-08,1,0,101155,4
LOC101772160,LOC101772160,fibropellin-3-like,SCAFFOLD_9,22368466,22369567,1,1,2024_N40,dtf,FarmCPU,2.45265423763399e-08,1,0,105271,4
LOC101775410,LOC101775410,probable plastidic glucose transporter 3,SCAFFOLD_9,34524101,34525098,1,1,2024_N40,height_cm,FarmCPU,3.35107974680938e-08,1,0,8485,4
LOC101764846,LOC101764846,"isoflavone reductase homolog, transcript variant X2",SCAFFOLD_3,33204003,33218345,1,1,2024_N120,number_of_tillers,MLM,3.61304546747966e-08,1,0,115623,4
LOC101785154,LOC101785154,"endo-1,3;1,4-beta-D-glucanase",SCAFFOLD_6,1012802,1014902,1,1,2024_N40,dtf,BLINK,5.20918052433171e-08,1,0,9650,4
LOC101785558,LOC101785558,"endo-1,3;1,4-beta-D-glucanase",SCAFFOLD_6,1017698,1020335,1,1,2024_N40,dtf,BLINK,5.20918052433171e-08,1,0,4217,4
LOC101786232,LOC101786232,xyloglucan endotransglycosylase/hydrolase protein 8,SCAFFOLD_6,1028897,1030167,1,1,2024_N40,dtf,BLINK,5.20918052433171e-08,1,0,4345,4
LOC101786626,LOC101786626,xyloglucan endotransglycosylase/hydrolase protein 8,SCAFFOLD_6,1037258,1038416,1,1,2024_N40,dtf,BLINK,5.20918052433171e-08,1,0,12706,4
LOC101752480,LOC101752480,xyloglucan endotransglycosylase/hydrolase protein 8,SCAFFOLD_6,1040740,1041938,1,1,2024_N40,dtf,BLINK,5.20918052433171e-08,1,0,16188,4
LOC101752890,LOC101752890,xyloglucan endotransglycosylase/hydrolase protein 8,SCAFFOLD_6,1052419,1053816,1,1,2024_N40,dtf,BLINK,5.20918052433171e-08,1,0,27867,4
LOC101754395,LOC101754395,uncharacterized LOC101754395,SCAFFOLD_2,15330671,15345043,1,1,2024_N40,number_of_tillers,FarmCPU,5.34762428071983e-08,1,0,214344,4
LOC101754795,LOC101754795,uncharacterized LOC101754795,SCAFFOLD_2,15352766,15353806,1,1,2024_N40,number_of_tillers,FarmCPU,5.34762428071983e-08,1,0,205581,4
LOC101755195,LOC101755195,"biotin synthase, mitochondrial",SCAFFOLD_2,15356938,15361581,1,1,2024_N40,number_of_tillers,FarmCPU,5.34762428071983e-08,1,0,197806,4
LOC101755607,LOC101755607,"ERI1 exoribonuclease 2, transcript variant X2",SCAFFOLD_2,15389947,15394454,1,1,2024_N40,number_of_tillers,FarmCPU,5.34762428071983e-08,1,0,164933,4
LOC101756689,LOC101756689,monodehydroascorbate reductase,SCAFFOLD_2,15407295,15411479,1,1,2024_N40,number_of_tillers,FarmCPU,5.34762428071983e-08,1,0,147908,4
LOC101756010,LOC101756010,"flagellar radial spoke protein 5, transcript variant X1",SCAFFOLD_2,15411518,15415364,1,1,2024_N40,number_of_tillers,FarmCPU,5.34762428071983e-08,1,0,144023,4
LOC111256210,LOC111256210,"",SCAFFOLD_2,15417447,15417941,1,1,2024_N40,number_of_tillers,FarmCPU,5.34762428071983e-08,1,0,141446,4
LOC101757107,LOC101757107,histidine-containing phosphotransfer protein 2,SCAFFOLD_2,15417800,15420848,1,1,2024_N40,number_of_tillers,FarmCPU,5.34762428071983e-08,1,0,138539,4
LOC101757496,LOC101757496,fatty acyl-CoA reductase 1,SCAFFOLD_2,15426761,15432820,1,1,2024_N40,number_of_tillers,FarmCPU,5.34762428071983e-08,1,0,126567,4
LOC101757891,LOC101757891,"protein HIRA, transcript variant X2",SCAFFOLD_2,15434361,15439953,1,1,2024_N40,number_of_tillers,FarmCPU,5.34762428071983e-08,1,0,119434,4
LOC101758586,LOC101758586,GDSL esterase/lipase At5g03600,SCAFFOLD_2,15440079,15444559,1,1,2024_N40,number_of_tillers,FarmCPU,5.34762428071983e-08,1,0,114828,4
LOC101758995,LOC101758995,probable uridine nucleosidase 2,SCAFFOLD_2,15446200,15449701,1,1,2024_N40,number_of_tillers,FarmCPU,5.34762428071983e-08,1,0,109686,4
LOC101759799,LOC101759799,R3H domain-containing protein 1,SCAFFOLD_2,15453753,15461844,1,1,2024_N40,number_of_tillers,FarmCPU,5.34762428071983e-08,1,0,97543,4
LOC101760212,LOC101760212,uncharacterized LOC101760212,SCAFFOLD_2,15462470,15464923,1,1,2024_N40,number_of_tillers,FarmCPU,5.34762428071983e-08,1,0,94464,4
LOC101760620,LOC101760620,DNA polymerase epsilon subunit 3,SCAFFOLD_2,15465385,15467349,1,1,2024_N40,number_of_tillers,FarmCPU,5.34762428071983e-08,1,0,92038,4
TRNAP-CGG-3,TRNAP-CGG,"",SCAFFOLD_2,15469319,15469390,1,1,2024_N40,number_of_tillers,FarmCPU,5.34762428071983e-08,1,0,89997,4
LOC101761023,LOC101761023,ubiquitin-60S ribosomal protein L40-2,SCAFFOLD_2,15469541,15471799,1,1,2024_N40,number_of_tillers,FarmCPU,5.34762428071983e-08,1,0,87588,4
LOC101761419,LOC101761419,germin-like protein 9-1,SCAFFOLD_2,15473451,15474405,1,1,2024_N40,number_of_tillers,FarmCPU,5.34762428071983e-08,1,0,84982,4
LOC101761816,LOC101761816,germin-like protein 9-3,SCAFFOLD_2,15476239,15477117,1,1,2024_N40,number_of_tillers,FarmCPU,5.34762428071983e-08,1,0,82270,4
LOC101762233,LOC101762233,40S ribosomal protein S25-4,SCAFFOLD_2,15486399,15488190,1,1,2024_N40,number_of_tillers,FarmCPU,5.34762428071983e-08,1,0,71197,4
LOC101762629,LOC101762629,"uncharacterized protein At2g27730, mitochondrial",SCAFFOLD_2,15488463,15492288,1,1,2024_N40,number_of_tillers,FarmCPU,5.34762428071983e-08,1,0,67099,4
LOC111256374,LOC111256374,uncharacterized LOC111256374,SCAFFOLD_2,15494736,15496692,1,1,2024_N40,number_of_tillers,FarmCPU,5.34762428071983e-08,1,0,62695,4
LOC101763039,LOC101763039,chlorophyllase-1,SCAFFOLD_2,15502529,15503920,1,1,2024_N40,number_of_tillers,FarmCPU,5.34762428071983e-08,1,0,55467,4
LOC101763446,LOC101763446,"5-amino-6-(5-phospho-D-ribitylamino)uracil phosphatase, chloroplastic, transcript variant X1",SCAFFOLD_2,15513050,15515027,1,1,2024_N40,number_of_tillers,FarmCPU,5.34762428071983e-08,1,0,44360,4
LOC101776829,LOC101776829,"beta-amylase 2, chloroplastic",SCAFFOLD_2,15516949,15521282,1,1,2024_N40,number_of_tillers,FarmCPU,5.34762428071983e-08,1,0,38105,4
LOC101764121,LOC101764121,uncharacterized LOC101764121,SCAFFOLD_2,15521625,15525263,1,1,2024_N40,number_of_tillers,FarmCPU,5.34762428071983e-08,1,0,34124,4
LOC101764527,LOC101764527,cleavage and polyadenylation specificity factor subunit 2,SCAFFOLD_2,15525555,15533417,1,1,2024_N40,number_of_tillers,FarmCPU,5.34762428071983e-08,1,0,25970,4
LOC101764938,LOC101764938,"uncharacterized LOC101764938, transcript variant X3",SCAFFOLD_2,15533482,15535375,1,1,2024_N40,number_of_tillers,FarmCPU,5.34762428071983e-08,1,0,24012,4
LOC101766566,LOC101766566,LYR motif-containing protein At3g19508,SCAFFOLD_2,15544774,15545360,1,1,2024_N40,number_of_tillers,FarmCPU,5.34762428071983e-08,1,0,14027,4
LOC111256375,LOC111256375,uncharacterized LOC111256375,SCAFFOLD_2,15559749,15562347,1,1,2024_N40,number_of_tillers,FarmCPU,5.34762428071983e-08,1,0,362,4
LOC105913679,LOC105913679,"",SCAFFOLD_2,15565129,15565972,1,1,2024_N40,number_of_tillers,FarmCPU,5.34762428071983e-08,1,0,5742,4
LOC101767654,LOC101767654,U-box domain-containing protein 33,SCAFFOLD_2,15565835,15571411,1,1,2024_N40,number_of_tillers,FarmCPU,5.34762428071983e-08,1,0,6448,4
LOC101768608,LOC101768608,U-box domain-containing protein 33,SCAFFOLD_2,15580916,15585866,1,1,2024_N40,number_of_tillers,FarmCPU,5.34762428071983e-08,1,0,21529,4
LOC111256201,LOC111256201,"",SCAFFOLD_2,15586146,15587283,1,1,2024_N40,number_of_tillers,FarmCPU,5.34762428071983e-08,1,0,26759,4
LOC101769816,LOC101769816,"U-box domain-containing protein 33, transcript variant X2",SCAFFOLD_2,15587435,15592251,1,1,2024_N40,number_of_tillers,FarmCPU,5.34762428071983e-08,1,0,28048,4
LOC101770765,LOC101770765,uncharacterized LOC101770765,SCAFFOLD_2,15592839,15604302,1,1,2024_N40,number_of_tillers,FarmCPU,5.34762428071983e-08,1,0,33452,4
LOC101771551,LOC101771551,"probable anion transporter 4, chloroplastic",SCAFFOLD_2,15604626,15608896,1,1,2024_N40,number_of_tillers,FarmCPU,5.34762428071983e-08,1,0,45239,4
LOC101772616,LOC101772616,uncharacterized LOC101772616,SCAFFOLD_2,15621127,15631874,1,1,2024_N40,number_of_tillers,FarmCPU,5.34762428071983e-08,1,0,61740,4
LOC101773021,LOC101773021,protein DMR6-LIKE OXYGENASE 1,SCAFFOLD_2,15687616,15690416,1,1,2024_N40,number_of_tillers,FarmCPU,5.34762428071983e-08,1,0,128229,4
LOC101778477,LOC101778477,histone H2B.9,SCAFFOLD_2,15694169,15695349,1,1,2024_N40,number_of_tillers,FarmCPU,5.34762428071983e-08,1,0,134782,4
LOC101773426,LOC101773426,ACT domain-containing protein ACR10,SCAFFOLD_2,15698008,15701034,1,1,2024_N40,number_of_tillers,FarmCPU,5.34762428071983e-08,1,0,138621,4
LOC105913898,LOC105913898,"",SCAFFOLD_2,15702357,15703712,1,1,2024_N40,number_of_tillers,FarmCPU,5.34762428071983e-08,1,0,142970,4
LOC101773847,LOC101773847,"cell wall protein RBR3, transcript variant X1",SCAFFOLD_2,15703802,15706644,1,1,2024_N40,number_of_tillers,FarmCPU,5.34762428071983e-08,1,0,144415,4
LOC101775329,LOC101775329,uncharacterized LOC101775329,SCAFFOLD_2,15708321,15710109,1,1,2024_N40,number_of_tillers,FarmCPU,5.34762428071983e-08,1,0,148934,4
LOC101775740,LOC101775740,"malate dehydrogenase [NADP] 1, chloroplastic",SCAFFOLD_2,15714982,15719070,1,1,2024_N40,number_of_tillers,FarmCPU,5.34762428071983e-08,1,0,155595,4
LOC101778715,LOC101778715,probable pectinesterase 15,SCAFFOLD_2,15720303,15722607,1,1,2024_N40,number_of_tillers,FarmCPU,5.34762428071983e-08,1,0,160916,4
LOC101776138,LOC101776138,"uncharacterized protein At1g76660, transcript variant X3",SCAFFOLD_2,15722498,15727600,1,1,2024_N40,number_of_tillers,FarmCPU,5.34762428071983e-08,1,0,163111,4
LOC101779132,LOC101779132,protein SRC2 homolog,SCAFFOLD_2,15729803,15731107,1,1,2024_N40,number_of_tillers,FarmCPU,5.34762428071983e-08,1,0,170416,4
LOC111256488,LOC111256488,"",SCAFFOLD_2,15736284,15739518,1,1,2024_N40,number_of_tillers,FarmCPU,5.34762428071983e-08,1,0,176897,4
LOC101779536,LOC101779536,"AT-hook motif nuclear-localized protein 20, transcript variant X2",SCAFFOLD_2,15770816,15772597,1,1,2024_N40,number_of_tillers,FarmCPU,5.34762428071983e-08,1,0,211429,4
LOC111256376,LOC111256376,uncharacterized LOC111256376,SCAFFOLD_2,15784334,15785820,1,1,2024_N40,number_of_tillers,FarmCPU,5.34762428071983e-08,1,0,224947,4
LOC101756883,LOC101756883,"cell number regulator 4-like, transcript variant X2",SCAFFOLD_9,34064430,34069425,1,1,2024_N120,days_to_harvest,FarmCPU,5.41457961054495e-08,1,0,384,4
LOC101758374,LOC101758374,10 kDa prolamin,SCAFFOLD_4,17235180,17235760,2,2,2024_N40,number_of_tillers,FarmCPU,2.01009417494686e-11,0,0,1116,3
LOC111257383,LOC111257383,"",SCAFFOLD_5,10356932,10363053,2,2,2024_N40,number_of_tillers,MLM,3.15512968869186e-08,0,0,413,3
LOC101781904,LOC101781904,cytochrome P450 734A6,SCAFFOLD_5,10363253,10366434,2,2,2024_N40,number_of_tillers,MLM,3.15512968869186e-08,0,0,6734,3
LOC101782571,LOC101782571,uncharacterized LOC101782571,SCAFFOLD_5,10391085,10391882,2,2,2024_N40,number_of_tillers,MLM,3.15512968869186e-08,0,0,34566,3
LOC101782982,LOC101782982,boron transporter 4,SCAFFOLD_5,10395925,10402135,2,2,2024_N40,number_of_tillers,MLM,3.15512968869186e-08,0,0,39406,3
LOC101784599,LOC101784599,UDP-glycosyltransferase 73C5,SCAFFOLD_5,10407520,10409576,2,2,2024_N40,number_of_tillers,MLM,3.15512968869186e-08,0,0,32415,3
LOC101784753,LOC101784753,"putative pentatricopeptide repeat-containing protein At3g15930, transcript variant X2",SCAFFOLD_5,10409964,10416830,2,2,2024_N40,number_of_tillers,MLM,3.15512968869186e-08,0,0,25161,3
LOC101784200,LOC101784200,UDP-glycosyltransferase 73C6,SCAFFOLD_5,10411343,10413555,2,2,2024_N40,number_of_tillers,MLM,3.15512968869186e-08,0,0,28436,3
LOC101784995,LOC101784995,coleoptile phototropism protein 1,SCAFFOLD_5,10419435,10423098,2,2,2024_N40,number_of_tillers,MLM,3.15512968869186e-08,0,0,18893,3
LOC101785396,LOC101785396,uncharacterized LOC101785396,SCAFFOLD_5,10423205,10426705,2,2,2024_N40,number_of_tillers,MLM,3.15512968869186e-08,0,0,15286,3
LOC111257318,LOC111257318,uncharacterized LOC111257318,SCAFFOLD_5,10434642,10437148,2,2,2024_N40,number_of_tillers,MLM,3.15512968869186e-08,0,0,4843,3
LOC101785804,LOC101785804,transcription factor NIGTH1,SCAFFOLD_5,10456753,10459688,2,2,2024_N40,number_of_tillers,MLM,3.15512968869186e-08,0,0,14762,3
LOC101786211,LOC101786211,"uncharacterized LOC101786211, transcript variant X2",SCAFFOLD_5,10460617,10464668,2,2,2024_N40,number_of_tillers,MLM,3.15512968869186e-08,0,0,18626,3
LOC101785551,LOC101785551,protein BZR1 homolog 3-like,SCAFFOLD_5,10464918,10465812,2,2,2024_N40,number_of_tillers,MLM,3.15512968869186e-08,0,0,22927,3
LOC101786606,LOC101786606,"protein CHROMATIN REMODELING 24, transcript variant X5",SCAFFOLD_5,10479407,10485634,2,2,2024_N40,number_of_tillers,MLM,3.15512968869186e-08,0,0,37416,3
LOC101785959,LOC101785959,protein CHROMATIN REMODELING 24-like,SCAFFOLD_5,10485518,10489920,2,2,2024_N40,number_of_tillers,MLM,3.15512968869186e-08,0,0,43527,3
TRNAS-GCU-7,TRNAS-GCU,"",SCAFFOLD_6,4122898,4122985,1,1,2024_N40,height_cm,FarmCPU,3.76822038249173e-22,0,0,54778,3
LOC101754916,LOC101754916,uncharacterized LOC101754916,SCAFFOLD_6,4135778,4139213,1,1,2024_N40,height_cm,FarmCPU,3.76822038249173e-22,0,0,38550,3
LOC101773016,LOC101773016,uncharacterized LOC101773016,SCAFFOLD_6,4144876,4148096,1,1,2024_N40,height_cm,FarmCPU,3.76822038249173e-22,0,0,29667,3
LOC101755317,LOC101755317,uncharacterized LOC101755317,SCAFFOLD_6,4168387,4171568,1,1,2024_N40,height_cm,FarmCPU,3.76822038249173e-22,0,0,6195,3
LOC106804378,LOC106804378,uncharacterized mitochondrial protein AtMg00820-like,SCAFFOLD_6,4178807,4179304,1,1,2024_N40,height_cm,FarmCPU,3.76822038249173e-22,0,0,1044,3
LOC101755725,LOC101755725,"probable transcription factor KAN2, transcript variant X2",SCAFFOLD_6,4189343,4193506,1,1,2024_N40,height_cm,FarmCPU,3.76822038249173e-22,0,0,11580,3
LOC101781946,LOC101781946,"DNA-directed RNA polymerase 1B, mitochondrial",SCAFFOLD_2,22607042,22617387,1,1,2024_N40,dtf,BLINK,2.83862244717862e-17,0,0,22328,3
LOC101779041,LOC101779041,CASP-like protein 1U1,SCAFFOLD_8,36937164,36937764,1,1,2023,pedicel_length_cm,FarmCPU,1.88832244808864e-14,0,0,1210,3
LOC101752801,LOC101752801,CASP-like protein 1U3,SCAFFOLD_8,36939817,36940380,1,1,2023,pedicel_length_cm,FarmCPU,1.88832244808864e-14,0,0,3863,3
LOC101753215,LOC101753215,CASP-like protein 1U3,SCAFFOLD_8,36942611,36943183,1,1,2023,pedicel_length_cm,FarmCPU,1.88832244808864e-14,0,0,6657,3
LOC101779447,LOC101779447,CASP-like protein 1U4,SCAFFOLD_8,36944100,36944708,1,1,2023,pedicel_length_cm,FarmCPU,1.88832244808864e-14,0,0,8146,3
LOC101753624,LOC101753624,tropinone reductase homolog At2g29170,SCAFFOLD_8,36945503,36947617,1,1,2023,pedicel_length_cm,FarmCPU,1.88832244808864e-14,0,0,9549,3
LOC101754434,LOC101754434,tropinone reductase homolog At5g06060,SCAFFOLD_8,36957183,36959677,1,1,2023,pedicel_length_cm,FarmCPU,1.88832244808864e-14,0,0,21229,3
LOC101784904,LOC101784904,"RPM1-interacting protein 4, transcript variant X2",SCAFFOLD_6,33488724,33491477,1,1,2023,pedicel_length_cm,BLINK,1.0261087790926e-13,0,0,19149,3
LOC101786099,LOC101786099,"ankyrin repeat and SAM domain-containing protein 6, transcript variant X1",SCAFFOLD_6,33498788,33502473,1,1,2023,pedicel_length_cm,BLINK,1.0261087790926e-13,0,0,8153,3
LOC101786768,LOC101786768,"UBX domain-containing protein 1, transcript variant X3",SCAFFOLD_6,33503989,33510295,1,1,2023,pedicel_length_cm,BLINK,1.0261087790926e-13,0,0,331,3
LOC101774392,LOC101774392,"uncharacterized protein C227.17c, transcript variant X4",SCAFFOLD_2,32546370,32553573,1,1,2023,pedicel_length_cm,FarmCPU,1.42724071690479e-12,0,0,11493,3
LOC101780095,LOC101780095,phospholipase A1-II 6,SCAFFOLD_3,9578801,9580223,1,1,2024_N120,number_of_tillers,FarmCPU,1.75623217694629e-12,0,0,57464,3
LOC101780499,LOC101780499,"protein CHUP1, chloroplastic",SCAFFOLD_3,9583347,9587891,1,1,2024_N120,number_of_tillers,FarmCPU,1.75623217694629e-12,0,0,49796,3
LOC101780901,LOC101780901,uncharacterized LOC101780901,SCAFFOLD_3,9606618,9607706,1,1,2024_N120,number_of_tillers,FarmCPU,1.75623217694629e-12,0,0,29981,3
LOC101781570,LOC101781570,"ketol-acid reductoisomerase, chloroplastic",SCAFFOLD_3,9612062,9615825,1,1,2024_N120,number_of_tillers,FarmCPU,1.75623217694629e-12,0,0,21862,3
LOC101764731,LOC101764731,"",SCAFFOLD_4,17933472,17937454,1,1,2024_N120,number_of_tillers,FarmCPU,2.03847646573543e-12,0,0,29550,3
LOC101771556,LOC101771556,transmembrane protein 45B,SCAFFOLD_2,32504709,32506077,1,1,2023,pedicel_length_cm,FarmCPU,6.08158339400653e-12,0,0,24858,3
LOC101780933,LOC101780933,"uncharacterized LOC101780933, transcript variant X1",SCAFFOLD_9,41161561,41166091,1,1,2024_N120,number_of_tillers,FarmCPU,6.48851767253128e-12,0,0,14223,3
LOC101757291,LOC101757291,"",SCAFFOLD_4,17107976,17114715,1,1,2024_N40,number_of_tillers,FarmCPU,2.01009417494686e-11,0,0,153365,3
LOC101757565,LOC101757565,"uncharacterized LOC101757565, transcript variant X3",SCAFFOLD_4,17115226,17118951,1,1,2024_N40,number_of_tillers,FarmCPU,2.01009417494686e-11,0,0,149129,3
LOC111257065,LOC111257065,uncharacterized LOC111257065,SCAFFOLD_4,17145545,17146384,1,1,2024_N40,number_of_tillers,FarmCPU,2.01009417494686e-11,0,0,121696,3
LOC101757962,LOC101757962,uncharacterized LOC101757962,SCAFFOLD_4,17156858,17157641,1,1,2024_N40,number_of_tillers,FarmCPU,2.01009417494686e-11,0,0,110439,3
LOC101759063,LOC101759063,uncharacterized LOC101759063,SCAFFOLD_4,17296049,17308769,1,1,2024_N40,number_of_tillers,FarmCPU,2.01009417494686e-11,0,0,27969,3
LOC101762454,LOC101762454,protein MOTHER of FT and TFL1 homolog 1,SCAFFOLD_4,17320419,17324348,1,1,2024_N40,number_of_tillers,FarmCPU,2.01009417494686e-11,0,0,52339,3
LOC106804396,LOC106804396,uncharacterized mitochondrial protein AtMg00810-like,SCAFFOLD_6,30724561,30725681,1,1,2023,pedicel_length_cm,FarmCPU,6.59104772413302e-11,0,0,4685,3
LOC101773428,LOC101773428,"serine/threonine-protein phosphatase 2A 65 kDa regulatory subunit A beta isoform, transcript variant X1",SCAFFOLD_2,21704034,21710002,1,1,2024_N120,height_cm,BLINK,2.90781700547809e-10,0,0,33619,3
LOC101770300,LOC101770300,uncharacterized LOC101770300,SCAFFOLD_4,35202256,35204430,1,1,2023,thousand_seed_weight_g,BLINK,1.37593641069106e-09,0,0,12268,3
LOC105913928,LOC105913928,uncharacterized LOC105913928,SCAFFOLD_1,1420042,1420548,1,1,2024_N40,number_of_tillers,FarmCPU,2.39482290512866e-09,0,0,3556,3
LOC101755221,LOC101755221,wall-associated receptor kinase 2,SCAFFOLD_7,16526635,16529450,1,1,2024_N120,number_of_tillers,MLM,3.30916179084518e-09,0,0,16385,3
LOC101777781,LOC101777781,"mitochondrial inner membrane protein OXA1-like, transcript variant X1",SCAFFOLD_7,16558246,16564635,1,1,2024_N120,number_of_tillers,MLM,3.30916179084518e-09,0,0,12411,3
LOC101778190,LOC101778190,"short-chain dehydrogenase/reductase 2b, transcript variant X2",SCAFFOLD_7,16611519,16613393,1,1,2024_N120,number_of_tillers,MLM,3.30916179084518e-09,0,0,65684,3
LOC111257891,LOC111257891,"",SCAFFOLD_7,16613048,16614081,1,1,2024_N120,number_of_tillers,MLM,3.30916179084518e-09,0,0,67213,3
LOC101778589,LOC101778589,chloroplast envelope quinone oxidoreductase homolog,SCAFFOLD_7,16621963,16625126,1,1,2024_N120,number_of_tillers,MLM,3.30916179084518e-09,0,0,76128,3
LOC101779004,LOC101779004,ras GTPase-activating protein-binding protein 1,SCAFFOLD_7,16626243,16632847,1,1,2024_N120,number_of_tillers,MLM,3.30916179084518e-09,0,0,80408,3
LOC101779410,LOC101779410,uncharacterized LOC101779410,SCAFFOLD_7,16653915,16657541,1,1,2024_N120,number_of_tillers,MLM,3.30916179084518e-09,0,0,108080,3
LOC101779798,LOC101779798,protein DETOXIFICATION 16,SCAFFOLD_7,16662756,16668212,1,1,2024_N120,number_of_tillers,MLM,3.30916179084518e-09,0,0,116921,3
LOC101780210,LOC101780210,protein DETOXIFICATION 16,SCAFFOLD_7,16673880,16676390,1,1,2024_N120,number_of_tillers,MLM,3.30916179084518e-09,0,0,128045,3
LOC101756437,LOC101756437,protein FAR1-RELATED SEQUENCE 5-like,SCAFFOLD_7,16700177,16703233,1,1,2024_N120,number_of_tillers,MLM,3.30916179084518e-09,0,0,154342,3
LOC101755968,LOC101755968,cysteine-rich receptor-like protein kinase 6,SCAFFOLD_5,25984307,25987424,1,1,2024_N120,number_of_tillers,MLM,5.07546698428468e-09,0,0,6789,3
LOC101769341,LOC101769341,uncharacterized LOC101769341,SCAFFOLD_9,50517162,50518772,1,1,2024_N40,height_cm,FarmCPU,6.06611094359136e-09,0,0,5282,3
LOC101776642,LOC101776642,L-gulonolactone oxidase 3,SCAFFOLD_1,11373908,11376988,1,1,2024_N120,number_of_tillers,MLM,6.12178736902759e-09,0,0,5385,3
LOC101779394,LOC101779394,serine/threonine-protein kinase AGC1-5,SCAFFOLD_1,11378052,11380211,1,1,2024_N120,number_of_tillers,MLM,6.12178736902759e-09,0,0,2162,3
LOC101770340,LOC101770340,"uncharacterized LOC101770340, transcript variant X5",SCAFFOLD_6,8695578,8699722,1,1,2024_N120,number_of_tillers,MLM,6.12178736902759e-09,0,0,59564,3
LOC101770744,LOC101770744,"uncharacterized LOC101770744, transcript variant X2",SCAFFOLD_6,8699860,8702783,1,1,2024_N120,number_of_tillers,MLM,6.12178736902759e-09,0,0,63846,3
LOC101771267,LOC101771267,disease resistance protein RPM1,SCAFFOLD_6,8704585,8711322,1,1,2024_N120,number_of_tillers,MLM,6.12178736902759e-09,0,0,68571,3
LOC101785178,LOC101785178,"vacuolar protein sorting-associated protein 54, chloroplastic, transcript variant X2",SCAFFOLD_7,12393087,12408782,1,1,2024_N120,number_of_tillers,MLM,6.12178736902759e-09,0,0,39530,3
LOC101785584,LOC101785584,"thylakoid lumenal 15.0 kDa protein 2, chloroplastic",SCAFFOLD_7,12409897,12413394,1,1,2024_N120,number_of_tillers,MLM,6.12178736902759e-09,0,0,34918,3
LOC101785986,LOC101785986,putative cyclin-dependent kinase F-2,SCAFFOLD_7,12413614,12414543,1,1,2024_N120,number_of_tillers,MLM,6.12178736902759e-09,0,0,33769,3
LOC101786392,LOC101786392,uncharacterized LOC101786392,SCAFFOLD_7,12440625,12444336,1,1,2024_N120,number_of_tillers,MLM,6.12178736902759e-09,0,0,3976,3
LOC101782784,LOC101782784,probable methyltransferase At1g27930,SCAFFOLD_8,23276898,23278459,1,1,2024_N120,number_of_tillers,MLM,6.12178736902759e-09,0,0,55457,3
LOC101753061,LOC101753061,"Holliday junction resolvase MOC1, chloroplastic-like",SCAFFOLD_7,10663507,10664241,1,1,2023,pedicel_length_cm,BLINK,6.26604398641777e-09,0,0,657,3
LOC101762368,LOC101762368,"",SCAFFOLD_7,10679559,10680313,1,1,2023,pedicel_length_cm,BLINK,6.26604398641777e-09,0,0,14661,3
LOC101760487,LOC101760487,UDP-glycosyltransferase 92A1,SCAFFOLD_7,16947871,16949464,1,1,2024_N120,number_of_tillers,MLM,2.22720573090551e-08,0,0,1241,3
LOC101757893,LOC101757893,pentatricopeptide repeat-containing protein At4g33990-like,SCAFFOLD_7,13071654,13076096,1,1,2024_N120,number_of_tillers,MLM,2.3122107509007e-08,0,0,5629,3
LOC101778605,LOC101778605,probable L-type lectin-domain containing receptor kinase S.5,SCAFFOLD_7,13088410,13093419,1,1,2024_N120,number_of_tillers,MLM,2.3122107509007e-08,0,0,6685,3
LOC101758311,LOC101758311,nucleotide pyrophosphatase/phosphodiesterase,SCAFFOLD_7,13104900,13110364,1,1,2024_N120,number_of_tillers,MLM,2.3122107509007e-08,0,0,23175,3
LOC101779424,LOC101779424,MADS-box transcription factor 47-like,SCAFFOLD_7,13110839,13111750,1,1,2024_N120,number_of_tillers,MLM,2.3122107509007e-08,0,0,29114,3
LOC101758719,LOC101758719,L-type lectin-domain containing receptor kinase IX.1,SCAFFOLD_7,13115150,13118770,1,1,2024_N120,number_of_tillers,MLM,2.3122107509007e-08,0,0,33425,3
LOC101759122,LOC101759122,WRKY transcription factor WRKY51,SCAFFOLD_7,13130741,13132211,1,1,2024_N120,number_of_tillers,MLM,2.3122107509007e-08,0,0,49016,3
LOC101763043,LOC101763043,"disease resistance protein RGA2, transcript variant X2",SCAFFOLD_7,13143814,13148851,1,1,2024_N120,number_of_tillers,MLM,2.3122107509007e-08,0,0,62089,3
LOC101762631,LOC101762631,pathogenesis-related protein 1A,SCAFFOLD_7,13150636,13151542,1,1,2024_N120,number_of_tillers,MLM,2.3122107509007e-08,0,0,68911,3
LOC101780224,LOC101780224,pathogenesis-related protein 1C,SCAFFOLD_7,13162319,13162861,1,1,2024_N120,number_of_tillers,MLM,2.3122107509007e-08,0,0,80594,3
LOC101762235,LOC101762235,"protein root UVB sensitive 1, chloroplastic",SCAFFOLD_7,13163496,13168541,1,1,2024_N120,number_of_tillers,MLM,2.3122107509007e-08,0,0,81771,3
LOC101761951,LOC101761951,"",SCAFFOLD_7,13168695,13170136,1,1,2024_N120,number_of_tillers,MLM,2.3122107509007e-08,0,0,86970,3
LOC101780622,LOC101780622,"short-chain dehydrogenase TIC 32, chloroplastic, transcript variant X3",SCAFFOLD_7,13173384,13177707,1,1,2024_N120,number_of_tillers,MLM,2.3122107509007e-08,0,0,91659,3
LOC101769930,LOC101769930,"coatomer subunit beta'-like, transcript variant X1",SCAFFOLD_6,6024401,6040393,1,1,2024_N40,protein_pct,FarmCPU,2.52534967933823e-08,0,0,11400,3
LOC101755181,LOC101755181,RING-H2 finger protein ATL46,SCAFFOLD_1,37780150,37782180,1,1,2024_N40,number_of_tillers,MLM,3.15512968869186e-08,0,0,5414,3
LOC101773054,LOC101773054,serine carboxypeptidase 1,SCAFFOLD_3,6338466,6343692,1,1,2024_N40,number_of_tillers,MLM,3.15512968869186e-08,0,0,6151,3
LOC101773461,LOC101773461,PHD finger protein ALFIN-LIKE 8,SCAFFOLD_3,6353116,6356862,1,1,2024_N40,number_of_tillers,MLM,3.15512968869186e-08,0,0,3273,3
LOC101773879,LOC101773879,"protein STICHEL, transcript variant X1",SCAFFOLD_3,6358218,6366621,1,1,2024_N40,number_of_tillers,MLM,3.15512968869186e-08,0,0,8375,3
LOC101774279,LOC101774279,B-box zinc finger protein 20,SCAFFOLD_3,6380290,6382586,1,1,2024_N40,number_of_tillers,MLM,3.15512968869186e-08,0,0,30447,3
LOC101774686,LOC101774686,"AP-2 complex subunit sigma, transcript variant X2",SCAFFOLD_3,6384713,6389231,1,1,2024_N40,number_of_tillers,MLM,3.15512968869186e-08,0,0,34870,3
LOC101775363,LOC101775363,zinc-finger homeodomain protein 3-like,SCAFFOLD_3,6394639,6397183,1,1,2024_N40,number_of_tillers,MLM,3.15512968869186e-08,0,0,44796,3
LOC101775766,LOC101775766,uncharacterized protein ycf45,SCAFFOLD_3,6401029,6405898,1,1,2024_N40,number_of_tillers,MLM,3.15512968869186e-08,0,0,51186,3
LOC101776166,LOC101776166,"L10-interacting MYB domain-containing protein, transcript variant X1",SCAFFOLD_3,6406214,6408935,1,1,2024_N40,number_of_tillers,MLM,3.15512968869186e-08,0,0,56371,3
LOC101776842,LOC101776842,MADS-box transcription factor 13,SCAFFOLD_3,6410567,6415386,1,1,2024_N40,number_of_tillers,MLM,3.15512968869186e-08,0,0,60724,3
LOC101777671,LOC101777671,"uncharacterized LOC101777671, transcript variant X2",SCAFFOLD_3,6425009,6429875,1,1,2024_N40,number_of_tillers,MLM,3.15512968869186e-08,0,0,75166,3
LOC101777250,LOC101777250,"MADS-box transcription factor 33, transcript variant X1",SCAFFOLD_3,6425413,6428843,1,1,2024_N40,number_of_tillers,MLM,3.15512968869186e-08,0,0,75570,3
LOC101783092,LOC101783092,glucuronoxylan 4-O-methyltransferase 1,SCAFFOLD_3,6430208,6431834,1,1,2024_N40,number_of_tillers,MLM,3.15512968869186e-08,0,0,80365,3
LOC105913946,LOC105913946,"keratin, type II cytoskeletal 1-like",SCAFFOLD_3,6435348,6435785,1,1,2024_N40,number_of_tillers,MLM,3.15512968869186e-08,0,0,85505,3
LOC101781583,LOC101781583,isoflavone reductase homolog,SCAFFOLD_3,49566838,49570271,1,1,2024_N40,number_of_tillers,MLM,3.15512968869186e-08,0,0,12632,3
LOC101781994,LOC101781994,"protein LURP-one-related 10-like, transcript variant X2",SCAFFOLD_3,49589893,49591773,1,1,2024_N40,number_of_tillers,MLM,3.15512968869186e-08,0,0,35687,3
LOC101782399,LOC101782399,histone-lysine N-methyltransferase ATXR7,SCAFFOLD_3,49603623,49615656,1,1,2024_N40,number_of_tillers,MLM,3.15512968869186e-08,0,0,49417,3
LOC101786838,LOC101786838,cationic amino acid transporter 1,SCAFFOLD_3,49616317,49618273,1,1,2024_N40,number_of_tillers,MLM,3.15512968869186e-08,0,0,62111,3
LOC101783892,LOC101783892,nuclear transcription factor Y subunit A-7,SCAFFOLD_3,49620934,49625500,1,1,2024_N40,number_of_tillers,MLM,3.15512968869186e-08,0,0,66728,3
LOC101784301,LOC101784301,homeobox-leucine zipper protein HOX33,SCAFFOLD_3,49639630,49646092,1,1,2024_N40,number_of_tillers,MLM,3.15512968869186e-08,0,0,85424,3
LOC101752690,LOC101752690,release factor glutamine methyltransferase,SCAFFOLD_3,49647060,49650104,1,1,2024_N40,number_of_tillers,MLM,3.15512968869186e-08,0,0,92854,3
LOC101784694,LOC101784694,uncharacterized LOC101784694,SCAFFOLD_3,49653030,49658595,1,1,2024_N40,number_of_tillers,MLM,3.15512968869186e-08,0,0,98824,3
LOC101785083,LOC101785083,"diphosphomevalonate decarboxylase MVD2, peroxisomal",SCAFFOLD_3,49663979,49667903,1,1,2024_N40,number_of_tillers,MLM,3.15512968869186e-08,0,0,109773,3
LOC101785485,LOC101785485,WPP domain-associated protein,SCAFFOLD_3,49669629,49673659,1,1,2024_N40,number_of_tillers,MLM,3.15512968869186e-08,0,0,115423,3
LOC101785895,LOC101785895,"GDP-L-galactose phosphorylase 1, transcript variant X2",SCAFFOLD_3,49674258,49678948,1,1,2024_N40,number_of_tillers,MLM,3.15512968869186e-08,0,0,120052,3
LOC101760975,LOC101760975,60S ribosomal protein L17,SCAFFOLD_5,9982347,9985031,1,1,2024_N40,number_of_tillers,MLM,3.15512968869186e-08,0,0,3361,3
LOC101761379,LOC101761379,LOB domain-containing protein 4,SCAFFOLD_5,10000134,10002436,1,1,2024_N40,number_of_tillers,MLM,3.15512968869186e-08,0,0,11742,3
LOC101771638,LOC101771638,"phospholipase D alpha 1-like, transcript variant X1",SCAFFOLD_5,10212813,10216776,1,1,2024_N40,number_of_tillers,MLM,3.15512968869186e-08,0,0,32608,3
LOC101783947,LOC101783947,formin-like protein 16,SCAFFOLD_5,10218948,10219367,1,1,2024_N40,number_of_tillers,MLM,3.15512968869186e-08,0,0,30017,3
LOC101772567,LOC101772567,peroxidase 25,SCAFFOLD_5,10221936,10223726,1,1,2024_N40,number_of_tillers,MLM,3.15512968869186e-08,0,0,25658,3
TRNAP-AGG-6,TRNAP-AGG,"",SCAFFOLD_5,10223818,10223889,1,1,2024_N40,number_of_tillers,MLM,3.15512968869186e-08,0,0,25495,3
LOC101772974,LOC101772974,embryo-specific protein ATS3A,SCAFFOLD_5,10224376,10225489,1,1,2024_N40,number_of_tillers,MLM,3.15512968869186e-08,0,0,23895,3
LOC101773384,LOC101773384,"DCC family protein At1g52590, chloroplastic, transcript variant X2",SCAFFOLD_5,10226299,10229826,1,1,2024_N40,number_of_tillers,MLM,3.15512968869186e-08,0,0,19558,3
LOC101775291,LOC101775291,uncharacterized protein At2g34160,SCAFFOLD_5,10230271,10232295,1,1,2024_N40,number_of_tillers,MLM,3.15512968869186e-08,0,0,17089,3
LOC101776223,LOC101776223,uncharacterized LOC101776223,SCAFFOLD_5,10237669,10239988,1,1,2024_N40,number_of_tillers,MLM,3.15512968869186e-08,0,0,9396,3
LOC101776624,LOC101776624,"uncharacterized LOC101776624, transcript variant X2",SCAFFOLD_5,10241176,10247938,1,1,2024_N40,number_of_tillers,MLM,3.15512968869186e-08,0,0,1446,3
LOC101777315,LOC101777315,probable cellulose synthase A catalytic subunit 1 [UDP-forming],SCAFFOLD_5,10250434,10257370,1,1,2024_N40,number_of_tillers,MLM,3.15512968869186e-08,0,0,1050,3
LOC101777732,LOC101777732,ABC transporter C family member 3,SCAFFOLD_5,10271779,10277894,1,1,2024_N40,number_of_tillers,MLM,3.15512968869186e-08,0,0,22395,3
LOC101778144,LOC101778144,transcription factor HY5,SCAFFOLD_5,10278137,10279943,1,1,2024_N40,number_of_tillers,MLM,3.15512968869186e-08,0,0,28753,3
LOC101779088,LOC101779088,MAPK kinase substrate protein At1g80180,SCAFFOLD_5,10281216,10284559,1,1,2024_N40,number_of_tillers,MLM,3.15512968869186e-08,0,0,31832,3
LOC101779615,LOC101779615,NADH-cytochrome b5 reductase-like protein,SCAFFOLD_5,10285793,10290392,1,1,2024_N40,number_of_tillers,MLM,3.15512968869186e-08,0,0,36409,3
LOC101755562,LOC101755562,"uncharacterized LOC101755562, transcript variant X7",SCAFFOLD_5,11782896,11788702,1,1,2024_N40,number_of_tillers,MLM,3.15512968869186e-08,0,0,164328,3
LOC101756506,LOC101756506,mitochondrial-processing peptidase subunit alpha,SCAFFOLD_5,11806565,11812224,1,1,2024_N40,number_of_tillers,MLM,3.15512968869186e-08,0,0,140806,3
LOC105914383,LOC105914383,uncharacterized LOC105914383,SCAFFOLD_5,11817109,11818359,1,1,2024_N40,number_of_tillers,MLM,3.15512968869186e-08,0,0,134671,3
LOC101756917,LOC101756917,"ATP-dependent 6-phosphofructokinase 6, transcript variant X1",SCAFFOLD_5,11824231,11827826,1,1,2024_N40,number_of_tillers,MLM,3.15512968869186e-08,0,0,125204,3
LOC101757314,LOC101757314,serine/threonine-protein kinase Aurora-2,SCAFFOLD_5,11828008,11831623,1,1,2024_N40,number_of_tillers,MLM,3.15512968869186e-08,0,0,121407,3
LOC101757717,LOC101757717,transcription factor RAX2,SCAFFOLD_5,11847658,11849272,1,1,2024_N40,number_of_tillers,MLM,3.15512968869186e-08,0,0,103758,3
LOC101763957,LOC101763957,zinc finger CCCH domain-containing protein 2-like,SCAFFOLD_5,11862183,11864083,1,1,2024_N40,number_of_tillers,MLM,3.15512968869186e-08,0,0,88947,3
LOC101758129,LOC101758129,transcription factor MYBS3,SCAFFOLD_5,11877555,11879290,1,1,2024_N40,number_of_tillers,MLM,3.15512968869186e-08,0,0,73740,3
LOC101758542,LOC101758542,MAR-binding filament-like protein 1-1,SCAFFOLD_5,11891503,11896260,1,1,2024_N40,number_of_tillers,MLM,3.15512968869186e-08,0,0,56770,3
LOC101758948,LOC101758948,pollen-specific protein SF21,SCAFFOLD_5,11896599,11899615,1,1,2024_N40,number_of_tillers,MLM,3.15512968869186e-08,0,0,53415,3
LOC101759620,LOC101759620,1-aminocyclopropane-1-carboxylate synthase 7,SCAFFOLD_5,11928211,11930134,1,1,2024_N40,number_of_tillers,MLM,3.15512968869186e-08,0,0,22896,3
LOC101764368,LOC101764368,dof zinc finger protein DOF1.7,SCAFFOLD_5,11966143,11967236,1,1,2024_N40,number_of_tillers,MLM,3.15512968869186e-08,0,0,13113,3
LOC101764771,LOC101764771,fibrous sheath CABYR-binding protein,SCAFFOLD_5,11968692,11970118,1,1,2024_N40,number_of_tillers,MLM,3.15512968869186e-08,0,0,15662,3
LOC101760311,LOC101760311,F-box/LRR-repeat protein At4g29420,SCAFFOLD_5,11970656,11973078,1,1,2024_N40,number_of_tillers,MLM,3.15512968869186e-08,0,0,17626,3
LOC101760714,LOC101760714,uncharacterized RNA methyltransferase BH0687,SCAFFOLD_5,11983546,11992903,1,1,2024_N40,number_of_tillers,MLM,3.15512968869186e-08,0,0,30516,3
LOC101761243,LOC101761243,protein ALWAYS EARLY 2,SCAFFOLD_5,11993237,12001863,1,1,2024_N40,number_of_tillers,MLM,3.15512968869186e-08,0,0,40207,3
LOC101761634,LOC101761634,uncharacterized LOC101761634,SCAFFOLD_5,12002062,12006010,1,1,2024_N40,number_of_tillers,MLM,3.15512968869186e-08,0,0,49032,3
LOC101762047,LOC101762047,protein IQ-DOMAIN 1,SCAFFOLD_5,12020434,12023383,1,1,2024_N40,number_of_tillers,MLM,3.15512968869186e-08,0,0,67404,3
LOC101765992,LOC101765992,EPIDERMAL PATTERNING FACTOR-like protein 3,SCAFFOLD_5,12028940,12030027,1,1,2024_N40,number_of_tillers,MLM,3.15512968869186e-08,0,0,75910,3
LOC101762464,LOC101762464,BTB/POZ domain and ankyrin repeat-containing protein NPR1,SCAFFOLD_5,12030615,12034836,1,1,2024_N40,number_of_tillers,MLM,3.15512968869186e-08,0,0,77585,3
LOC101767477,LOC101767477,"protein HEADING DATE 3B, transcript variant X2",SCAFFOLD_5,26353440,26359691,1,1,2024_N40,number_of_tillers,MLM,3.15512968869186e-08,0,0,18413,3
LOC101773549,LOC101773549,uncharacterized LOC101773549,SCAFFOLD_5,26363331,26364542,1,1,2024_N40,number_of_tillers,MLM,3.15512968869186e-08,0,0,28304,3
LOC101768686,LOC101768686,"",SCAFFOLD_5,26367583,26369140,1,1,2024_N40,number_of_tillers,MLM,3.15512968869186e-08,0,0,32556,3
LOC101769091,LOC101769091,uncharacterized protein At5g01610,SCAFFOLD_5,26369615,26376636,1,1,2024_N40,number_of_tillers,MLM,3.15512968869186e-08,0,0,34588,3
LOC101769501,LOC101769501,uncharacterized LOC101769501,SCAFFOLD_5,26383500,26384444,1,1,2024_N40,number_of_tillers,MLM,3.15512968869186e-08,0,0,48473,3
LOC101769905,LOC101769905,UPF0587 protein C1orf123 homolog,SCAFFOLD_5,26387669,26391588,1,1,2024_N40,number_of_tillers,MLM,3.15512968869186e-08,0,0,52642,3
LOC101770313,LOC101770313,vesicle transport v-SNARE 13,SCAFFOLD_5,26394832,26398288,1,1,2024_N40,number_of_tillers,MLM,3.15512968869186e-08,0,0,59805,3
LOC101770977,LOC101770977,IAA-amino acid hydrolase ILR1-like 1,SCAFFOLD_5,26401548,26405325,1,1,2024_N40,number_of_tillers,MLM,3.15512968869186e-08,0,0,66521,3
LOC111257338,LOC111257338,zinc finger protein GIS3-like,SCAFFOLD_5,26407375,26407983,1,1,2024_N40,number_of_tillers,MLM,3.15512968869186e-08,0,0,72348,3
LOC101775169,LOC101775169,cysteine-rich receptor-like protein kinase 25,SCAFFOLD_5,26409327,26415787,1,1,2024_N40,number_of_tillers,MLM,3.15512968869186e-08,0,0,74300,3
LOC101771373,LOC101771373,casein kinase I,SCAFFOLD_5,26418385,26422966,1,1,2024_N40,number_of_tillers,MLM,3.15512968869186e-08,0,0,83358,3
LOC101768583,LOC101768583,"nuclear nucleic acid-binding protein C1D, transcript variant X2",SCAFFOLD_6,12066098,12069730,1,1,2024_N40,number_of_tillers,MLM,3.15512968869186e-08,0,0,29556,3
LOC101764403,LOC101764403,defensin Tk-AMP-D2,SCAFFOLD_7,25230726,25231451,1,1,2024_N40,number_of_tillers,MLM,3.15512968869186e-08,0,0,12225,3
LOC101755421,LOC101755421,E3 ubiquitin-protein ligase RHA2A,SCAFFOLD_4,19838434,19838904,1,1,2024_N120,number_of_tillers,MLM,3.41489993702308e-08,0,0,79506,3
LOC101766197,LOC101766197,"protein REVERSION-TO-ETHYLENE SENSITIVITY1, transcript variant X1",SCAFFOLD_3,11993993,11997219,1,1,2024_N120,number_of_tillers,BLINK,3.44282954680653e-08,0,0,2962,3
LOC101755030,LOC101755030,"transcription initiation factor TFIID subunit 1, transcript variant X1",SCAFFOLD_5,34322898,34328497,1,1,2024_N40,number_of_tillers,MLM,3.5516227160217e-08,0,0,16190,3
LOC105914506,LOC105914506,"zinc finger BED domain-containing protein RICESLEEPER 1, transcript variant X1",SCAFFOLD_5,34329095,34333606,1,1,2024_N40,number_of_tillers,MLM,3.5516227160217e-08,0,0,11081,3
LOC111257263,LOC111257263,"",SCAFFOLD_5,34334322,34339841,1,1,2024_N40,number_of_tillers,MLM,3.5516227160217e-08,0,0,4846,3
LOC101772734,LOC101772734,L10-interacting MYB domain-containing protein,SCAFFOLD_5,34343668,34344199,1,1,2024_N40,number_of_tillers,MLM,3.5516227160217e-08,0,0,488,3
LOC101773145,LOC101773145,mitogen-activated protein kinase kinase kinase 18,SCAFFOLD_5,34353136,34357788,1,1,2024_N40,number_of_tillers,MLM,3.5516227160217e-08,0,0,8449,3
LOC101773550,LOC101773550,mitogen-activated protein kinase kinase kinase 18,SCAFFOLD_5,34364057,34365574,1,1,2024_N40,number_of_tillers,MLM,3.5516227160217e-08,0,0,19370,3
LOC101773963,LOC101773963,mitogen-activated protein kinase kinase kinase 18,SCAFFOLD_5,34377277,34379029,1,1,2024_N40,number_of_tillers,MLM,3.5516227160217e-08,0,0,32590,3
LOC101785967,LOC101785967,probable mannan synthase 6,SCAFFOLD_1,37889975,37894240,1,1,2024_N120,protein_pct,FarmCPU,3.72220889642852e-08,0,0,445,3
LOC101752913,LOC101752913,uncharacterized LOC101752913,SCAFFOLD_7,12730699,12738680,1,1,2024_N120,number_of_tillers,MLM,3.74406753253041e-08,0,0,69632,3
LOC111257940,LOC111257940,uncharacterized LOC111257940,SCAFFOLD_7,12795348,12796243,1,1,2024_N120,number_of_tillers,MLM,3.74406753253041e-08,0,0,12069,3
LOC101754002,LOC101754002,"uncharacterized LOC101754002, transcript variant X7",SCAFFOLD_7,12815152,12823059,1,1,2024_N120,number_of_tillers,MLM,3.74406753253041e-08,0,0,6840,3
LOC101754652,LOC101754652,"proteoglycan 4, transcript variant X1",SCAFFOLD_7,12823539,12826125,1,1,2024_N120,number_of_tillers,MLM,3.74406753253041e-08,0,0,15227,3
LOC101755336,LOC101755336,"",SCAFFOLD_7,12853525,12858079,1,1,2024_N120,number_of_tillers,MLM,3.74406753253041e-08,0,0,45213,3
LOC101755742,LOC101755742,general transcription factor 3C polypeptide 5,SCAFFOLD_7,12865052,12876871,1,1,2024_N120,number_of_tillers,MLM,3.74406753253041e-08,0,0,56740,3
TRNAH-GUG-8,TRNAH-GUG,"",SCAFFOLD_7,12877659,12877730,1,1,2024_N120,number_of_tillers,MLM,3.74406753253041e-08,0,0,69347,3
LOC111257888,LOC111257888,uncharacterized LOC111257888,SCAFFOLD_1,15948162,15949463,1,1,2024_N40,number_of_tillers,MLM,4.00216028180729e-08,0,0,15325,3
LOC101754635,LOC101754635,O-methyltransferase ZRP4,SCAFFOLD_6,7896861,7898378,1,1,2024_N120,number_of_tillers,MLM,4.11459421045932e-08,0,0,142829,3
LOC101754244,LOC101754244,"uncharacterized LOC101754244, transcript variant X4",SCAFFOLD_6,7917835,7920746,1,1,2024_N120,number_of_tillers,MLM,4.11459421045932e-08,0,0,120461,3
LOC101753849,LOC101753849,molybdate-anion transporter,SCAFFOLD_6,7922609,7926909,1,1,2024_N120,number_of_tillers,MLM,4.11459421045932e-08,0,0,114298,3
LOC101760607,LOC101760607,uncharacterized LOC101760607,SCAFFOLD_6,7927278,7932666,1,1,2024_N120,number_of_tillers,MLM,4.11459421045932e-08,0,0,108541,3
LOC101753434,LOC101753434,uncharacterized LOC101753434,SCAFFOLD_6,7933014,7933790,1,1,2024_N120,number_of_tillers,MLM,4.11459421045932e-08,0,0,107417,3
LOC111257552,LOC111257552,uncharacterized LOC111257552,SCAFFOLD_6,7934844,7935479,1,1,2024_N120,number_of_tillers,MLM,4.11459421045932e-08,0,0,105728,3
LOC101752896,LOC101752896,"beta-carotene isomerase D27, chloroplastic",SCAFFOLD_6,7946846,7948610,1,1,2024_N120,number_of_tillers,MLM,4.11459421045932e-08,0,0,92597,3
LOC111257742,LOC111257742,3'-N-debenzoyl-2'-deoxytaxol N-benzoyltransferase-like,SCAFFOLD_6,7962669,7964443,1,1,2024_N120,number_of_tillers,MLM,4.11459421045932e-08,0,0,76764,3
LOC101752485,LOC101752485,NAC domain-containing protein 35,SCAFFOLD_6,7981859,7984857,1,1,2024_N120,number_of_tillers,MLM,4.11459421045932e-08,0,0,56350,3
LOC101758976,LOC101758976,uncharacterized LOC101758976,SCAFFOLD_6,8000110,8001697,1,1,2024_N120,number_of_tillers,MLM,4.11459421045932e-08,0,0,39510,3
LOC101759375,LOC101759375,cytochrome P450 88A1,SCAFFOLD_6,8003182,8007288,1,1,2024_N120,number_of_tillers,MLM,4.11459421045932e-08,0,0,33919,3
LOC105914519,LOC105914519,"",SCAFFOLD_6,8015146,8019533,1,1,2024_N120,number_of_tillers,MLM,4.11459421045932e-08,0,0,21674,3
LOC101763033,LOC101763033,uncharacterized LOC101763033,SCAFFOLD_6,8019680,8021987,1,1,2024_N120,number_of_tillers,MLM,4.11459421045932e-08,0,0,19220,3
LOC101760049,LOC101760049,"E3 ubiquitin-protein ligase CHIP, transcript variant X2",SCAFFOLD_6,8022938,8027673,1,1,2024_N120,number_of_tillers,MLM,4.11459421045932e-08,0,0,13534,3
LOC101760451,LOC101760451,squamous cell carcinoma antigen recognized by T-cells 3,SCAFFOLD_6,8028572,8036397,1,1,2024_N120,number_of_tillers,MLM,4.11459421045932e-08,0,0,4810,3
LOC101761142,LOC101761142,fructokinase-2,SCAFFOLD_6,8036939,8039933,1,1,2024_N120,number_of_tillers,MLM,4.11459421045932e-08,0,0,1274,3
LOC101761528,LOC101761528,peroxidase 47,SCAFFOLD_6,8051872,8053311,1,1,2024_N120,number_of_tillers,MLM,4.11459421045932e-08,0,0,10665,3
LOC101761930,LOC101761930,GDSL esterase/lipase At1g71691,SCAFFOLD_6,8062881,8070160,1,1,2024_N120,number_of_tillers,MLM,4.11459421045932e-08,0,0,21674,3
LOC101763844,LOC101763844,SPX and EXS domain-containing protein 3-like,SCAFFOLD_6,8071104,8074598,1,1,2024_N120,number_of_tillers,MLM,4.11459421045932e-08,0,0,29897,3
LOC101762348,LOC101762348,agmatine coumaroyltransferase-2,SCAFFOLD_6,8074369,8076036,1,1,2024_N120,number_of_tillers,MLM,4.11459421045932e-08,0,0,33162,3
LOC101763479,LOC101763479,receptor protein kinase-like protein ZAR1,SCAFFOLD_8,16065145,16080841,1,1,2024_N120,number_of_tillers,MLM,4.34591794648809e-08,0,0,3600,3
TRNAG-GCC-4,TRNAG-GCC,"",SCAFFOLD_1,26526973,26527043,1,1,2023,pedicel_length_cm,MLM,4.79401412104381e-08,0,0,8320,3
LOC101757999,LOC101757999,NDR1/HIN1-like protein 1,SCAFFOLD_1,26536110,26537206,1,1,2023,pedicel_length_cm,MLM,4.79401412104381e-08,0,0,17457,3
LOC101778188,LOC101778188,"glucose-6-phosphate 1-dehydrogenase 2, chloroplastic",SCAFFOLD_7,8314270,8320598,1,1,2023,pedicel_length_cm,MLM,4.79401412104381e-08,0,0,19606,3
LOC101767936,LOC101767936,"pheophytinase, chloroplastic",SCAFFOLD_7,31445174,31449258,1,1,2023,pedicel_length_cm,MLM,4.79401412104381e-08,0,0,32231,3
LOC105914789,LOC105914789,uncharacterized LOC105914789,SCAFFOLD_7,31449395,31450860,1,1,2023,pedicel_length_cm,MLM,4.79401412104381e-08,0,0,30629,3
LOC101768338,LOC101768338,uncharacterized vacuolar membrane protein YML018C,SCAFFOLD_7,31450968,31454221,1,1,2023,pedicel_length_cm,MLM,4.79401412104381e-08,0,0,27268,3
LOC101760490,LOC101760490,ubiquitin carboxyl-terminal hydrolase 22,SCAFFOLD_7,31458521,31461994,1,1,2023,pedicel_length_cm,MLM,4.79401412104381e-08,0,0,19495,3
LOC111258028,LOC111258028,"",SCAFFOLD_7,31475872,31476527,1,1,2023,pedicel_length_cm,MLM,4.79401412104381e-08,0,0,4962,3
LOC101769024,LOC101769024,glycerol kinase,SCAFFOLD_7,31477259,31481034,1,1,2023,pedicel_length_cm,MLM,4.79401412104381e-08,0,0,455,3
LOC105914790,LOC105914790,uncharacterized LOC105914790,SCAFFOLD_7,31483224,31486041,1,1,2023,pedicel_length_cm,MLM,4.79401412104381e-08,0,0,1735,3
LOC101769423,LOC101769423,putative leucine-rich repeat receptor-like serine/threonine-protein kinase At2g24130,SCAFFOLD_7,31489670,31491364,1,1,2023,pedicel_length_cm,MLM,4.79401412104381e-08,0,0,8181,3
LOC105914791,LOC105914791,polygalacturonase inhibitor 1-like,SCAFFOLD_7,31492038,31494580,1,1,2023,pedicel_length_cm,MLM,4.79401412104381e-08,0,0,10549,3
LOC101769826,LOC101769826,"BRCA1-associated protein, transcript variant X2",SCAFFOLD_7,31496077,31501143,1,1,2023,pedicel_length_cm,MLM,4.79401412104381e-08,0,0,14588,3
LOC101770369,LOC101770369,uncharacterized LOC101770369,SCAFFOLD_7,31502732,31503828,1,1,2023,pedicel_length_cm,MLM,4.79401412104381e-08,0,0,21243,3
LOC101770783,LOC101770783,crossover junction endonuclease EME1,SCAFFOLD_7,31506918,31512244,1,1,2023,pedicel_length_cm,MLM,4.79401412104381e-08,0,0,25429,3
LOC101752573,LOC101752573,novel plant SNARE 13,SCAFFOLD_9,45497800,45502207,1,1,2024_N40,number_of_tillers,MLM,5.28009531570994e-08,0,0,19689,3
LOC101769221,LOC101769221,"pentatricopeptide repeat-containing protein At1g28690, mitochondrial",SCAFFOLD_9,45502169,45504014,1,1,2024_N40,number_of_tillers,MLM,5.28009531570994e-08,0,0,17882,3
LOC101770030,LOC101770030,protein STRICTOSIDINE SYNTHASE-LIKE 10,SCAFFOLD_9,45514969,45515997,1,1,2024_N40,number_of_tillers,MLM,5.28009531570994e-08,0,0,5899,3
LOC101752987,LOC101752987,cytochrome P450 89A2,SCAFFOLD_9,45519519,45521183,1,1,2024_N40,number_of_tillers,MLM,5.28009531570994e-08,0,0,713,3
LOC101753387,LOC101753387,peroxidase 2,SCAFFOLD_9,45526551,45527870,1,1,2024_N40,number_of_tillers,MLM,5.28009531570994e-08,0,0,4655,3
LOC101753799,LOC101753799,peroxidase 2,SCAFFOLD_9,45542226,45543766,1,1,2024_N40,number_of_tillers,MLM,5.28009531570994e-08,0,0,20330,3
LOC101762927,LOC101762927,dynamin-related protein 3A,SCAFFOLD_7,17261301,17272546,1,1,2023,dtf,BLINK,5.73947763578339e-08,0,0,164033,3
LOC101763334,LOC101763334,protein FLOWERING LOCUS T,SCAFFOLD_7,17286296,17289073,1,1,2023,dtf,BLINK,5.73947763578339e-08,0,0,189028,3
LOC101756967,LOC101756967,"uncharacterized LOC101756967, transcript variant X2",SCAFFOLD_7,17310479,17314952,1,1,2023,dtf,BLINK,5.73947763578339e-08,0,0,213211,3
LOC101757625,LOC101757625,60S ribosomal protein L37a-1,SCAFFOLD_7,17315430,17317488,1,1,2023,dtf,BLINK,5.73947763578339e-08,0,0,218162,3
LOC101756143,LOC101756143,"achilleol B synthase, transcript variant X4",SCAFFOLD_7,12986800,13015190,1,1,2024_N120,number_of_tillers,MLM,5.80502984063689e-08,0,0,1899,3
LOC111257923,LOC111257923,"",SCAFFOLD_7,12999803,13003125,1,1,2024_N120,number_of_tillers,MLM,5.80502984063689e-08,0,0,14902,3
LOC101757110,LOC101757110,"kinesin-like protein KIN-14F, transcript variant X5",SCAFFOLD_7,13016940,13027101,1,1,2024_N120,number_of_tillers,MLM,5.80502984063689e-08,0,0,32039,3
LOC101766036,LOC101766036,FBD-associated F-box protein At5g56370,SCAFFOLD_7,12037896,12039626,1,1,2024_N120,number_of_tillers,MLM,5.85946666647581e-08,0,0,103725,3
LOC101766445,LOC101766445,putative F-box/FBD/LRR-repeat protein At1g78760,SCAFFOLD_7,12043769,12045824,1,1,2024_N120,number_of_tillers,MLM,5.85946666647581e-08,0,0,97527,3
LOC105914748,LOC105914748,loricrin-like,SCAFFOLD_7,12061825,12063248,1,1,2024_N120,number_of_tillers,MLM,5.85946666647581e-08,0,0,80103,3
LOC101783835,LOC101783835,F-box/LRR-repeat protein 13,SCAFFOLD_7,12078727,12080861,1,1,2024_N120,number_of_tillers,MLM,5.85946666647581e-08,0,0,62490,3
LOC101767671,LOC101767671,probable FBD-associated F-box protein At1g32375,SCAFFOLD_7,12086575,12088474,1,1,2024_N120,number_of_tillers,MLM,5.85946666647581e-08,0,0,54877,3
LOC101783573,LOC101783573,"",SCAFFOLD_7,12106271,12113511,1,1,2024_N120,number_of_tillers,MLM,5.85946666647581e-08,0,0,29840,3
LOC101768475,LOC101768475,L10-interacting MYB domain-containing protein,SCAFFOLD_7,12115757,12117149,1,1,2024_N120,number_of_tillers,MLM,5.85946666647581e-08,0,0,26202,3
LOC111257938,LOC111257938,putative nuclease HARBI1,SCAFFOLD_7,12117099,12118725,1,1,2024_N120,number_of_tillers,MLM,5.85946666647581e-08,0,0,24626,3
LOC101768874,LOC101768874,binding partner of ACD11 1,SCAFFOLD_7,12120039,12120872,1,1,2024_N120,number_of_tillers,MLM,5.85946666647581e-08,0,0,22479,3
LOC101782887,LOC101782887,"ABC transporter C family member 4, transcript variant X1",SCAFFOLD_7,12124840,12133623,1,1,2024_N120,number_of_tillers,MLM,5.85946666647581e-08,0,0,9728,3
LOC111257806,LOC111257806,"",SCAFFOLD_7,12137824,12139302,1,1,2024_N120,number_of_tillers,MLM,5.85946666647581e-08,0,0,4049,3
LOC111257817,LOC111257817,"",SCAFFOLD_7,12141806,12142023,1,1,2024_N120,number_of_tillers,MLM,5.85946666647581e-08,0,0,1328,3
LOC101769695,LOC101769695,ABC transporter C family member 4,SCAFFOLD_7,12166972,12174818,1,1,2024_N120,number_of_tillers,MLM,5.85946666647581e-08,0,0,23621,3
LOC101780865,LOC101780865,"uncharacterized LOC101780865, transcript variant X5",SCAFFOLD_7,12190288,12209961,1,1,2024_N120,number_of_tillers,MLM,5.85946666647581e-08,0,0,46937,3
LOC101770100,LOC101770100,uncharacterized LOC101770100,SCAFFOLD_7,12258654,12259061,1,1,2024_N120,number_of_tillers,MLM,5.85946666647581e-08,0,0,115303,3
LOC101770906,LOC101770906,ABC transporter C family member 4,SCAFFOLD_7,12291066,12299371,1,1,2024_N120,number_of_tillers,MLM,5.85946666647581e-08,0,0,147715,3
LOC111257939,LOC111257939,22 kDa alpha-zein 8-like,SCAFFOLD_7,12310623,12311322,1,1,2024_N120,number_of_tillers,MLM,5.85946666647581e-08,0,0,167272,3
LOC101784513,LOC101784513,"GDT1-like protein 2, chloroplastic, transcript variant X1",SCAFFOLD_7,12322947,12327909,1,1,2024_N120,number_of_tillers,MLM,5.85946666647581e-08,0,0,179596,3
LOC111257900,LOC111257900,uncharacterized LOC111257900,SCAFFOLD_7,12353191,12353754,1,1,2024_N120,number_of_tillers,MLM,5.85946666647581e-08,0,0,209840,3
